:0200000460009A
:100000004643464200000156000000000103030081
:1000100000000000000000000000000000000000E0
:1000200000000000000000000000000000000000D0
:1000300000000000000000000000000000000000C0
:1000400000000000010408000000000000000000A3
:100050000000200000000000000000000000000080
:100060000000000000000000000000000000000090
:100070000000000000000000000000000000000080
:10008000EB04180A063204260000000000000000FD
:10009000050404240000000000000000000000002F
:1000A0000000000000000000000000000000000050
:1000B0000604000000000000000000000000000036
:1000C0000000000000000000000000000000000030
:1000D00020041808000000000000000000000000DC
:1000E0000000000000000000000000000000000010
:1000F0000000000000000000000000000000000000
:10010000D8041808000000000000000000000000F3
:100110000204180804200000000000000000000095
:1001200000000000000000000000000000000000CF
:10013000600400000000000000000000000000005B
:1001400000000000000000000000000000000000AF
:10015000000000000000000000000000000000009F
:10016000000000000000000000000000000000008F
:10017000000000000000000000000000000000007F
:10018000000000000000000000000000000000006F
:10019000000000000000000000000000000000005F
:1001A000000000000000000000000000000000004F
:1001B000000000000000000000000000000000003F
:1001C000000100000010000001000000000000001D
:1001D000000001000000000000000000000000001E
:1001E000000000000000000000000000000000000F
:1001F00000000000000000000000000000000000FF
:10020000FFFFFFFFFFFFFFFFFFFFFFFFFFFFFFFFFE
:10021000FFFFFFFFFFFFFFFFFFFFFFFFFFFFFFFFEE
:10022000FFFFFFFFFFFFFFFFFFFFFFFFFFFFFFFFDE
:10023000FFFFFFFFFFFFFFFFFFFFFFFFFFFFFFFFCE
:10024000FFFFFFFFFFFFFFFFFFFFFFFFFFFFFFFFBE
:10025000FFFFFFFFFFFFFFFFFFFFFFFFFFFFFFFFAE
:10026000FFFFFFFFFFFFFFFFFFFFFFFFFFFFFFFF9E
:10027000FFFFFFFFFFFFFFFFFFFFFFFFFFFFFFFF8E
:10028000FFFFFFFFFFFFFFFFFFFFFFFFFFFFFFFF7E
:10029000FFFFFFFFFFFFFFFFFFFFFFFFFFFFFFFF6E
:1002A000FFFFFFFFFFFFFFFFFFFFFFFFFFFFFFFF5E
:1002B000FFFFFFFFFFFFFFFFFFFFFFFFFFFFFFFF4E
:1002C000FFFFFFFFFFFFFFFFFFFFFFFFFFFFFFFF3E
:1002D000FFFFFFFFFFFFFFFFFFFFFFFFFFFFFFFF2E
:1002E000FFFFFFFFFFFFFFFFFFFFFFFFFFFFFFFF1E
:1002F000FFFFFFFFFFFFFFFFFFFFFFFFFFFFFFFF0E
:10030000FFFFFFFFFFFFFFFFFFFFFFFFFFFFFFFFFD
:10031000FFFFFFFFFFFFFFFFFFFFFFFFFFFFFFFFED
:10032000FFFFFFFFFFFFFFFFFFFFFFFFFFFFFFFFDD
:10033000FFFFFFFFFFFFFFFFFFFFFFFFFFFFFFFFCD
:10034000FFFFFFFFFFFFFFFFFFFFFFFFFFFFFFFFBD
:10035000FFFFFFFFFFFFFFFFFFFFFFFFFFFFFFFFAD
:10036000FFFFFFFFFFFFFFFFFFFFFFFFFFFFFFFF9D
:10037000FFFFFFFFFFFFFFFFFFFFFFFFFFFFFFFF8D
:10038000FFFFFFFFFFFFFFFFFFFFFFFFFFFFFFFF7D
:10039000FFFFFFFFFFFFFFFFFFFFFFFFFFFFFFFF6D
:1003A000FFFFFFFFFFFFFFFFFFFFFFFFFFFFFFFF5D
:1003B000FFFFFFFFFFFFFFFFFFFFFFFFFFFFFFFF4D
:1003C000FFFFFFFFFFFFFFFFFFFFFFFFFFFFFFFF3D
:1003D000FFFFFFFFFFFFFFFFFFFFFFFFFFFFFFFF2D
:1003E000FFFFFFFFFFFFFFFFFFFFFFFFFFFFFFFF1D
:1003F000FFFFFFFFFFFFFFFFFFFFFFFFFFFFFFFF0D
:10040000FFFFFFFFFFFFFFFFFFFFFFFFFFFFFFFFFC
:10041000FFFFFFFFFFFFFFFFFFFFFFFFFFFFFFFFEC
:10042000FFFFFFFFFFFFFFFFFFFFFFFFFFFFFFFFDC
:10043000FFFFFFFFFFFFFFFFFFFFFFFFFFFFFFFFCC
:10044000FFFFFFFFFFFFFFFFFFFFFFFFFFFFFFFFBC
:10045000FFFFFFFFFFFFFFFFFFFFFFFFFFFFFFFFAC
:10046000FFFFFFFFFFFFFFFFFFFFFFFFFFFFFFFF9C
:10047000FFFFFFFFFFFFFFFFFFFFFFFFFFFFFFFF8C
:10048000FFFFFFFFFFFFFFFFFFFFFFFFFFFFFFFF7C
:10049000FFFFFFFFFFFFFFFFFFFFFFFFFFFFFFFF6C
:1004A000FFFFFFFFFFFFFFFFFFFFFFFFFFFFFFFF5C
:1004B000FFFFFFFFFFFFFFFFFFFFFFFFFFFFFFFF4C
:1004C000FFFFFFFFFFFFFFFFFFFFFFFFFFFFFFFF3C
:1004D000FFFFFFFFFFFFFFFFFFFFFFFFFFFFFFFF2C
:1004E000FFFFFFFFFFFFFFFFFFFFFFFFFFFFFFFF1C
:1004F000FFFFFFFFFFFFFFFFFFFFFFFFFFFFFFFF0C
:10050000FFFFFFFFFFFFFFFFFFFFFFFFFFFFFFFFFB
:10051000FFFFFFFFFFFFFFFFFFFFFFFFFFFFFFFFEB
:10052000FFFFFFFFFFFFFFFFFFFFFFFFFFFFFFFFDB
:10053000FFFFFFFFFFFFFFFFFFFFFFFFFFFFFFFFCB
:10054000FFFFFFFFFFFFFFFFFFFFFFFFFFFFFFFFBB
:10055000FFFFFFFFFFFFFFFFFFFFFFFFFFFFFFFFAB
:10056000FFFFFFFFFFFFFFFFFFFFFFFFFFFFFFFF9B
:10057000FFFFFFFFFFFFFFFFFFFFFFFFFFFFFFFF8B
:10058000FFFFFFFFFFFFFFFFFFFFFFFFFFFFFFFF7B
:10059000FFFFFFFFFFFFFFFFFFFFFFFFFFFFFFFF6B
:1005A000FFFFFFFFFFFFFFFFFFFFFFFFFFFFFFFF5B
:1005B000FFFFFFFFFFFFFFFFFFFFFFFFFFFFFFFF4B
:1005C000FFFFFFFFFFFFFFFFFFFFFFFFFFFFFFFF3B
:1005D000FFFFFFFFFFFFFFFFFFFFFFFFFFFFFFFF2B
:1005E000FFFFFFFFFFFFFFFFFFFFFFFFFFFFFFFF1B
:1005F000FFFFFFFFFFFFFFFFFFFFFFFFFFFFFFFF0B
:10060000FFFFFFFFFFFFFFFFFFFFFFFFFFFFFFFFFA
:10061000FFFFFFFFFFFFFFFFFFFFFFFFFFFFFFFFEA
:10062000FFFFFFFFFFFFFFFFFFFFFFFFFFFFFFFFDA
:10063000FFFFFFFFFFFFFFFFFFFFFFFFFFFFFFFFCA
:10064000FFFFFFFFFFFFFFFFFFFFFFFFFFFFFFFFBA
:10065000FFFFFFFFFFFFFFFFFFFFFFFFFFFFFFFFAA
:10066000FFFFFFFFFFFFFFFFFFFFFFFFFFFFFFFF9A
:10067000FFFFFFFFFFFFFFFFFFFFFFFFFFFFFFFF8A
:10068000FFFFFFFFFFFFFFFFFFFFFFFFFFFFFFFF7A
:10069000FFFFFFFFFFFFFFFFFFFFFFFFFFFFFFFF6A
:1006A000FFFFFFFFFFFFFFFFFFFFFFFFFFFFFFFF5A
:1006B000FFFFFFFFFFFFFFFFFFFFFFFFFFFFFFFF4A
:1006C000FFFFFFFFFFFFFFFFFFFFFFFFFFFFFFFF3A
:1006D000FFFFFFFFFFFFFFFFFFFFFFFFFFFFFFFF2A
:1006E000FFFFFFFFFFFFFFFFFFFFFFFFFFFFFFFF1A
:1006F000FFFFFFFFFFFFFFFFFFFFFFFFFFFFFFFF0A
:10070000FFFFFFFFFFFFFFFFFFFFFFFFFFFFFFFFF9
:10071000FFFFFFFFFFFFFFFFFFFFFFFFFFFFFFFFE9
:10072000FFFFFFFFFFFFFFFFFFFFFFFFFFFFFFFFD9
:10073000FFFFFFFFFFFFFFFFFFFFFFFFFFFFFFFFC9
:10074000FFFFFFFFFFFFFFFFFFFFFFFFFFFFFFFFB9
:10075000FFFFFFFFFFFFFFFFFFFFFFFFFFFFFFFFA9
:10076000FFFFFFFFFFFFFFFFFFFFFFFFFFFFFFFF99
:10077000FFFFFFFFFFFFFFFFFFFFFFFFFFFFFFFF89
:10078000FFFFFFFFFFFFFFFFFFFFFFFFFFFFFFFF79
:10079000FFFFFFFFFFFFFFFFFFFFFFFFFFFFFFFF69
:1007A000FFFFFFFFFFFFFFFFFFFFFFFFFFFFFFFF59
:1007B000FFFFFFFFFFFFFFFFFFFFFFFFFFFFFFFF49
:1007C000FFFFFFFFFFFFFFFFFFFFFFFFFFFFFFFF39
:1007D000FFFFFFFFFFFFFFFFFFFFFFFFFFFFFFFF29
:1007E000FFFFFFFFFFFFFFFFFFFFFFFFFFFFFFFF19
:1007F000FFFFFFFFFFFFFFFFFFFFFFFFFFFFFFFF09
:10080000FFFFFFFFFFFFFFFFFFFFFFFFFFFFFFFFF8
:10081000FFFFFFFFFFFFFFFFFFFFFFFFFFFFFFFFE8
:10082000FFFFFFFFFFFFFFFFFFFFFFFFFFFFFFFFD8
:10083000FFFFFFFFFFFFFFFFFFFFFFFFFFFFFFFFC8
:10084000FFFFFFFFFFFFFFFFFFFFFFFFFFFFFFFFB8
:10085000FFFFFFFFFFFFFFFFFFFFFFFFFFFFFFFFA8
:10086000FFFFFFFFFFFFFFFFFFFFFFFFFFFFFFFF98
:10087000FFFFFFFFFFFFFFFFFFFFFFFFFFFFFFFF88
:10088000FFFFFFFFFFFFFFFFFFFFFFFFFFFFFFFF78
:10089000FFFFFFFFFFFFFFFFFFFFFFFFFFFFFFFF68
:1008A000FFFFFFFFFFFFFFFFFFFFFFFFFFFFFFFF58
:1008B000FFFFFFFFFFFFFFFFFFFFFFFFFFFFFFFF48
:1008C000FFFFFFFFFFFFFFFFFFFFFFFFFFFFFFFF38
:1008D000FFFFFFFFFFFFFFFFFFFFFFFFFFFFFFFF28
:1008E000FFFFFFFFFFFFFFFFFFFFFFFFFFFFFFFF18
:1008F000FFFFFFFFFFFFFFFFFFFFFFFFFFFFFFFF08
:10090000FFFFFFFFFFFFFFFFFFFFFFFFFFFFFFFFF7
:10091000FFFFFFFFFFFFFFFFFFFFFFFFFFFFFFFFE7
:10092000FFFFFFFFFFFFFFFFFFFFFFFFFFFFFFFFD7
:10093000FFFFFFFFFFFFFFFFFFFFFFFFFFFFFFFFC7
:10094000FFFFFFFFFFFFFFFFFFFFFFFFFFFFFFFFB7
:10095000FFFFFFFFFFFFFFFFFFFFFFFFFFFFFFFFA7
:10096000FFFFFFFFFFFFFFFFFFFFFFFFFFFFFFFF97
:10097000FFFFFFFFFFFFFFFFFFFFFFFFFFFFFFFF87
:10098000FFFFFFFFFFFFFFFFFFFFFFFFFFFFFFFF77
:10099000FFFFFFFFFFFFFFFFFFFFFFFFFFFFFFFF67
:1009A000FFFFFFFFFFFFFFFFFFFFFFFFFFFFFFFF57
:1009B000FFFFFFFFFFFFFFFFFFFFFFFFFFFFFFFF47
:1009C000FFFFFFFFFFFFFFFFFFFFFFFFFFFFFFFF37
:1009D000FFFFFFFFFFFFFFFFFFFFFFFFFFFFFFFF27
:1009E000FFFFFFFFFFFFFFFFFFFFFFFFFFFFFFFF17
:1009F000FFFFFFFFFFFFFFFFFFFFFFFFFFFFFFFF07
:100A0000FFFFFFFFFFFFFFFFFFFFFFFFFFFFFFFFF6
:100A1000FFFFFFFFFFFFFFFFFFFFFFFFFFFFFFFFE6
:100A2000FFFFFFFFFFFFFFFFFFFFFFFFFFFFFFFFD6
:100A3000FFFFFFFFFFFFFFFFFFFFFFFFFFFFFFFFC6
:100A4000FFFFFFFFFFFFFFFFFFFFFFFFFFFFFFFFB6
:100A5000FFFFFFFFFFFFFFFFFFFFFFFFFFFFFFFFA6
:100A6000FFFFFFFFFFFFFFFFFFFFFFFFFFFFFFFF96
:100A7000FFFFFFFFFFFFFFFFFFFFFFFFFFFFFFFF86
:100A8000FFFFFFFFFFFFFFFFFFFFFFFFFFFFFFFF76
:100A9000FFFFFFFFFFFFFFFFFFFFFFFFFFFFFFFF66
:100AA000FFFFFFFFFFFFFFFFFFFFFFFFFFFFFFFF56
:100AB000FFFFFFFFFFFFFFFFFFFFFFFFFFFFFFFF46
:100AC000FFFFFFFFFFFFFFFFFFFFFFFFFFFFFFFF36
:100AD000FFFFFFFFFFFFFFFFFFFFFFFFFFFFFFFF26
:100AE000FFFFFFFFFFFFFFFFFFFFFFFFFFFFFFFF16
:100AF000FFFFFFFFFFFFFFFFFFFFFFFFFFFFFFFF06
:100B0000FFFFFFFFFFFFFFFFFFFFFFFFFFFFFFFFF5
:100B1000FFFFFFFFFFFFFFFFFFFFFFFFFFFFFFFFE5
:100B2000FFFFFFFFFFFFFFFFFFFFFFFFFFFFFFFFD5
:100B3000FFFFFFFFFFFFFFFFFFFFFFFFFFFFFFFFC5
:100B4000FFFFFFFFFFFFFFFFFFFFFFFFFFFFFFFFB5
:100B5000FFFFFFFFFFFFFFFFFFFFFFFFFFFFFFFFA5
:100B6000FFFFFFFFFFFFFFFFFFFFFFFFFFFFFFFF95
:100B7000FFFFFFFFFFFFFFFFFFFFFFFFFFFFFFFF85
:100B8000FFFFFFFFFFFFFFFFFFFFFFFFFFFFFFFF75
:100B9000FFFFFFFFFFFFFFFFFFFFFFFFFFFFFFFF65
:100BA000FFFFFFFFFFFFFFFFFFFFFFFFFFFFFFFF55
:100BB000FFFFFFFFFFFFFFFFFFFFFFFFFFFFFFFF45
:100BC000FFFFFFFFFFFFFFFFFFFFFFFFFFFFFFFF35
:100BD000FFFFFFFFFFFFFFFFFFFFFFFFFFFFFFFF25
:100BE000FFFFFFFFFFFFFFFFFFFFFFFFFFFFFFFF15
:100BF000FFFFFFFFFFFFFFFFFFFFFFFFFFFFFFFF05
:100C0000FFFFFFFFFFFFFFFFFFFFFFFFFFFFFFFFF4
:100C1000FFFFFFFFFFFFFFFFFFFFFFFFFFFFFFFFE4
:100C2000FFFFFFFFFFFFFFFFFFFFFFFFFFFFFFFFD4
:100C3000FFFFFFFFFFFFFFFFFFFFFFFFFFFFFFFFC4
:100C4000FFFFFFFFFFFFFFFFFFFFFFFFFFFFFFFFB4
:100C5000FFFFFFFFFFFFFFFFFFFFFFFFFFFFFFFFA4
:100C6000FFFFFFFFFFFFFFFFFFFFFFFFFFFFFFFF94
:100C7000FFFFFFFFFFFFFFFFFFFFFFFFFFFFFFFF84
:100C8000FFFFFFFFFFFFFFFFFFFFFFFFFFFFFFFF74
:100C9000FFFFFFFFFFFFFFFFFFFFFFFFFFFFFFFF64
:100CA000FFFFFFFFFFFFFFFFFFFFFFFFFFFFFFFF54
:100CB000FFFFFFFFFFFFFFFFFFFFFFFFFFFFFFFF44
:100CC000FFFFFFFFFFFFFFFFFFFFFFFFFFFFFFFF34
:100CD000FFFFFFFFFFFFFFFFFFFFFFFFFFFFFFFF24
:100CE000FFFFFFFFFFFFFFFFFFFFFFFFFFFFFFFF14
:100CF000FFFFFFFFFFFFFFFFFFFFFFFFFFFFFFFF04
:100D0000FFFFFFFFFFFFFFFFFFFFFFFFFFFFFFFFF3
:100D1000FFFFFFFFFFFFFFFFFFFFFFFFFFFFFFFFE3
:100D2000FFFFFFFFFFFFFFFFFFFFFFFFFFFFFFFFD3
:100D3000FFFFFFFFFFFFFFFFFFFFFFFFFFFFFFFFC3
:100D4000FFFFFFFFFFFFFFFFFFFFFFFFFFFFFFFFB3
:100D5000FFFFFFFFFFFFFFFFFFFFFFFFFFFFFFFFA3
:100D6000FFFFFFFFFFFFFFFFFFFFFFFFFFFFFFFF93
:100D7000FFFFFFFFFFFFFFFFFFFFFFFFFFFFFFFF83
:100D8000FFFFFFFFFFFFFFFFFFFFFFFFFFFFFFFF73
:100D9000FFFFFFFFFFFFFFFFFFFFFFFFFFFFFFFF63
:100DA000FFFFFFFFFFFFFFFFFFFFFFFFFFFFFFFF53
:100DB000FFFFFFFFFFFFFFFFFFFFFFFFFFFFFFFF43
:100DC000FFFFFFFFFFFFFFFFFFFFFFFFFFFFFFFF33
:100DD000FFFFFFFFFFFFFFFFFFFFFFFFFFFFFFFF23
:100DE000FFFFFFFFFFFFFFFFFFFFFFFFFFFFFFFF13
:100DF000FFFFFFFFFFFFFFFFFFFFFFFFFFFFFFFF03
:100E0000FFFFFFFFFFFFFFFFFFFFFFFFFFFFFFFFF2
:100E1000FFFFFFFFFFFFFFFFFFFFFFFFFFFFFFFFE2
:100E2000FFFFFFFFFFFFFFFFFFFFFFFFFFFFFFFFD2
:100E3000FFFFFFFFFFFFFFFFFFFFFFFFFFFFFFFFC2
:100E4000FFFFFFFFFFFFFFFFFFFFFFFFFFFFFFFFB2
:100E5000FFFFFFFFFFFFFFFFFFFFFFFFFFFFFFFFA2
:100E6000FFFFFFFFFFFFFFFFFFFFFFFFFFFFFFFF92
:100E7000FFFFFFFFFFFFFFFFFFFFFFFFFFFFFFFF82
:100E8000FFFFFFFFFFFFFFFFFFFFFFFFFFFFFFFF72
:100E9000FFFFFFFFFFFFFFFFFFFFFFFFFFFFFFFF62
:100EA000FFFFFFFFFFFFFFFFFFFFFFFFFFFFFFFF52
:100EB000FFFFFFFFFFFFFFFFFFFFFFFFFFFFFFFF42
:100EC000FFFFFFFFFFFFFFFFFFFFFFFFFFFFFFFF32
:100ED000FFFFFFFFFFFFFFFFFFFFFFFFFFFFFFFF22
:100EE000FFFFFFFFFFFFFFFFFFFFFFFFFFFFFFFF12
:100EF000FFFFFFFFFFFFFFFFFFFFFFFFFFFFFFFF02
:100F0000FFFFFFFFFFFFFFFFFFFFFFFFFFFFFFFFF1
:100F1000FFFFFFFFFFFFFFFFFFFFFFFFFFFFFFFFE1
:100F2000FFFFFFFFFFFFFFFFFFFFFFFFFFFFFFFFD1
:100F3000FFFFFFFFFFFFFFFFFFFFFFFFFFFFFFFFC1
:100F4000FFFFFFFFFFFFFFFFFFFFFFFFFFFFFFFFB1
:100F5000FFFFFFFFFFFFFFFFFFFFFFFFFFFFFFFFA1
:100F6000FFFFFFFFFFFFFFFFFFFFFFFFFFFFFFFF91
:100F7000FFFFFFFFFFFFFFFFFFFFFFFFFFFFFFFF81
:100F8000FFFFFFFFFFFFFFFFFFFFFFFFFFFFFFFF71
:100F9000FFFFFFFFFFFFFFFFFFFFFFFFFFFFFFFF61
:100FA000FFFFFFFFFFFFFFFFFFFFFFFFFFFFFFFF51
:100FB000FFFFFFFFFFFFFFFFFFFFFFFFFFFFFFFF41
:100FC000FFFFFFFFFFFFFFFFFFFFFFFFFFFFFFFF31
:100FD000FFFFFFFFFFFFFFFFFFFFFFFFFFFFFFFF21
:100FE000FFFFFFFFFFFFFFFFFFFFFFFFFFFFFFFF11
:100FF000FFFFFFFFFFFFFFFFFFFFFFFFFFFFFFFF01
:10100000D100204321160060000000000000000015
:101010002010006000100060000C01600000000063
:10102000000000600018010000000000FFFFFFFF4B
:10103000FFFFFFFFFFFFFFFFFFFFFFFFFFFFFFFFC0
:10104000FFFFFFFFFFFFFFFFFFFFFFFFFFFFFFFFB0
:10105000FFFFFFFFFFFFFFFFFFFFFFFFFFFFFFFFA0
:10106000FFFFFFFFFFFFFFFFFFFFFFFFFFFFFFFF90
:10107000FFFFFFFFFFFFFFFFFFFFFFFFFFFFFFFF80
:10108000FFFFFFFFFFFFFFFFFFFFFFFFFFFFFFFF70
:10109000FFFFFFFFFFFFFFFFFFFFFFFFFFFFFFFF60
:1010A000FFFFFFFFFFFFFFFFFFFFFFFFFFFFFFFF50
:1010B000FFFFFFFFFFFFFFFFFFFFFFFFFFFFFFFF40
:1010C000FFFFFFFFFFFFFFFFFFFFFFFFFFFFFFFF30
:1010D000FFFFFFFFFFFFFFFFFFFFFFFFFFFFFFFF20
:1010E000FFFFFFFFFFFFFFFFFFFFFFFFFFFFFFFF10
:1010F000FFFFFFFFFFFFFFFFFFFFFFFFFFFFFFFF00
:10110000FFFFFFFFFFFFFFFFFFFFFFFFFFFFFFFFEF
:10111000FFFFFFFFFFFFFFFFFFFFFFFFFFFFFFFFDF
:10112000FFFFFFFFFFFFFFFFFFFFFFFFFFFFFFFFCF
:10113000FFFFFFFFFFFFFFFFFFFFFFFFFFFFFFFFBF
:10114000FFFFFFFFFFFFFFFFFFFFFFFFFFFFFFFFAF
:10115000FFFFFFFFFFFFFFFFFFFFFFFFFFFFFFFF9F
:10116000FFFFFFFFFFFFFFFFFFFFFFFFFFFFFFFF8F
:10117000FFFFFFFFFFFFFFFFFFFFFFFFFFFFFFFF7F
:10118000FFFFFFFFFFFFFFFFFFFFFFFFFFFFFFFF6F
:10119000FFFFFFFFFFFFFFFFFFFFFFFFFFFFFFFF5F
:1011A000FFFFFFFFFFFFFFFFFFFFFFFFFFFFFFFF4F
:1011B000FFFFFFFFFFFFFFFFFFFFFFFFFFFFFFFF3F
:1011C000FFFFFFFFFFFFFFFFFFFFFFFFFFFFFFFF2F
:1011D000FFFFFFFFFFFFFFFFFFFFFFFFFFFFFFFF1F
:1011E000FFFFFFFFFFFFFFFFFFFFFFFFFFFFFFFF0F
:1011F000FFFFFFFFFFFFFFFFFFFFFFFFFFFFFFFFFF
:10120000FFFFFFFFFFFFFFFFFFFFFFFFFFFFFFFFEE
:10121000FFFFFFFFFFFFFFFFFFFFFFFFFFFFFFFFDE
:10122000FFFFFFFFFFFFFFFFFFFFFFFFFFFFFFFFCE
:10123000FFFFFFFFFFFFFFFFFFFFFFFFFFFFFFFFBE
:10124000FFFFFFFFFFFFFFFFFFFFFFFFFFFFFFFFAE
:10125000FFFFFFFFFFFFFFFFFFFFFFFFFFFFFFFF9E
:10126000FFFFFFFFFFFFFFFFFFFFFFFFFFFFFFFF8E
:10127000FFFFFFFFFFFFFFFFFFFFFFFFFFFFFFFF7E
:10128000FFFFFFFFFFFFFFFFFFFFFFFFFFFFFFFF6E
:10129000FFFFFFFFFFFFFFFFFFFFFFFFFFFFFFFF5E
:1012A000FFFFFFFFFFFFFFFFFFFFFFFFFFFFFFFF4E
:1012B000FFFFFFFFFFFFFFFFFFFFFFFFFFFFFFFF3E
:1012C000FFFFFFFFFFFFFFFFFFFFFFFFFFFFFFFF2E
:1012D000FFFFFFFFFFFFFFFFFFFFFFFFFFFFFFFF1E
:1012E000FFFFFFFFFFFFFFFFFFFFFFFFFFFFFFFF0E
:1012F000FFFFFFFFFFFFFFFFFFFFFFFFFFFFFFFFFE
:10130000FFFFFFFFFFFFFFFFFFFFFFFFFFFFFFFFED
:10131000FFFFFFFFFFFFFFFFFFFFFFFFFFFFFFFFDD
:10132000FFFFFFFFFFFFFFFFFFFFFFFFFFFFFFFFCD
:10133000FFFFFFFFFFFFFFFFFFFFFFFFFFFFFFFFBD
:10134000FFFFFFFFFFFFFFFFFFFFFFFFFFFFFFFFAD
:10135000FFFFFFFFFFFFFFFFFFFFFFFFFFFFFFFF9D
:10136000FFFFFFFFFFFFFFFFFFFFFFFFFFFFFFFF8D
:10137000FFFFFFFFFFFFFFFFFFFFFFFFFFFFFFFF7D
:10138000FFFFFFFFFFFFFFFFFFFFFFFFFFFFFFFF6D
:10139000FFFFFFFFFFFFFFFFFFFFFFFFFFFFFFFF5D
:1013A000FFFFFFFFFFFFFFFFFFFFFFFFFFFFFFFF4D
:1013B000FFFFFFFFFFFFFFFFFFFFFFFFFFFFFFFF3D
:1013C000FFFFFFFFFFFFFFFFFFFFFFFFFFFFFFFF2D
:1013D000FFFFFFFFFFFFFFFFFFFFFFFFFFFFFFFF1D
:1013E000FFFFFFFFFFFFFFFFFFFFFFFFFFFFFFFF0D
:1013F000FFFFFFFFFFFFFFFFFFFFFFFFFFFFFFFFFD
:10140000884207D0904205D251F8043B40F8043B93
:101410008242F9D8704700BF884204D2002340F8C6
:10142000043B8142FBD870472DE9884800F0CEF993
:101430000824604B604AC3F8544160496048FFF794
:10144000DFFF604A60496148FFF7DAFF60496148A1
:10145000FFF7E2FF604C4FF0E0214FF470000023F3
:101460005E4AC1F8880D44F823200133B02BFAD12D
:101470005B4B80215B4A03F8011B9342FBD14FF089
:10148000E0254C4E4FF08039DFF888B1DFF888A1B5
:101490004FF0FF31C5F8084D0027C6F80491C6F893
:1014A00000B1C6F8F490C6F8F0A0D5F8243DDFF8F6
:1014B0006C8143F4E0234C4AC5F8243DD8F81C3035
:1014C00023F07F0343F04003C8F81C30D8F82430E1
:1014D00023F07F0343F04003C8F824309166D166BF
:1014E0001167516700F07AF9404B4149A363414BC2
:1014F000E36363236B610323AF612B613E4BC5F84C
:10150000203DD5F8FC3D43F08073C5F8FC3D3B4BD6
:101510001A6842F001021A605B680B6000F0DAF9A9
:10152000C6F804913648C6F800B1C6F8F490C6F87B
:10153000F0A000F07DFBD8F86C10324B324A41F439
:101540004051C8F86C101F60C3F80871C3F81871D7
:10155000C3F82871C3F83871936BDB0708D442F6DF
:1015600015632A4951651365936B43F00103936337
:10157000254A274C936843F00113936000F00EFB5B
:1015800000F046FB00F0D4F900F022F92368132B99
:10159000FCD900F065FA2368B3F5967FFBD300F021
:1015A0001BF900F017F900F037FB00F03DFB30BFEE
:1015B000FDE700BF00800D4008CF0000481E00601E
:1015C00000000000C01A002054ED00600000002060
:1015D00060260020C01A002000180020913300006F
:1015E00000E400E0A0E400E000C00A40A9470000D9
:1015F000F8250020AD47000000002020001000E08A
:101600000046C3230040084000400D400000C05683
:10161000FC2500201B1018200C0D111300C00F40DA
:10162000074B4FF42A01074A07485A641864074ACF
:1016300099639546BFF34F8FBFF36F8FFFF7F4FEAB
:1016400000C00A40AFAAAAAA070020000000072095
:1016500043690A4A03EB011010B4037A084C02EB09
:101660000313D3E901321460C2681A6003690BB135
:1016700042691A605DF8044B704700BF780900208A
:1016800061F801004369027E03EB021292F808C080
:101690008C451CD01A7AFF2A19D0914210B5044605
:1016A00016D01A7EFF2A06D00121D3E90023126842
:1016B0001A4201D1217610BD064B0522204603EBCC
:1016C0000C135B681A60FFF7C3FF2176F3E77047DE
:1016D0000021EAE77809002043690A4A03EB011078
:1016E00010B490F82830084C02EB0313D3E9013210
:1016F0001460C26A1A60036B0BB1426B1A605DF82A
:10170000044B70477809002061F801004369427E6C
:1017100003EB021292F828C08C451ED093F82820C3
:10172000FF2A1AD0914210B5044617D093F83820FA
:10173000FF2A06D00121D3E9002312681A4201D101
:10174000617610BD064B0522204603EB0C135B6847
:101750001A60FFF7C1FF6176F3E770470021EAE7FF
:1017600078090020164942698B6B23F47C0343F40B
:10177000802370B58B630446124DD2E900130A68CA
:101780001A4303690A60022200211A610E4A196194
:101790009A6401225A629D624FF43035DD624FF047
:1017A00001159E6C1E6519629D651A61017EFFF729
:1017B0004FFF617E2046BDE87040FFF78DBF00BF40
:1017C00000C00F40B80B05053B372819704700BF14
:1017D000704700BF704700BF00BF704710B44FF0A4
:1017E000E023002110242B48C3F8941DC3F89C4D1E
:1017F0001124C3F8A00D2848C3F89C4D1224C3F847
:10180000A00D2648C3F89C4D254AC3F8A00D254CD1
:1018100042F015022448C3F89C4DC3F8A00D234C98
:101820002348C3F89C4DC3F8A00D224CC3F89C2D4F
:101830002148224AC3F8A04DC3F89C0DC3F8A02D3F
:1018400002F5A0221E4C0C321E48C3F89C4DC3F872
:10185000A02D1D4AC3F89C0D1C4CC3F8A02D0122DD
:101860001B48C3F89C4DC3F8A00DC3F8942DBFF3DB
:101870004F8FBFF36F8FC3F8501FBFF34F8FBFF36E
:101880006F8FD3F8142D5DF8044B42F44032C3F847
:10189000142D70473F0000102500080309001000B8
:1018A0006026002013002000210002071400002001
:1018B00025000813090000101600202027000B1334
:1018C00017000040180000602F000B07190000707F
:1018D0002F000B13F0B4154A40274FF480314FF41A
:1018E00080564FF400554FF4404443F242001369D0
:1018F00013F0020F0ED113F4005F0FD013F4805FCA
:101900000ED0002BF3DA13F4803F0BD15B060BD51E
:10191000F0BC7047946151619061E8E75561E6E77A
:101920005661E4E79161E2E75761E0E700800D402E
:101930003F4A03203F49F3EE095AD2F880304FF076
:10194000000C9FED3D6A23F001039FED3C5A30B43B
:10195000C2F88030C2F89000D1F8E010384DCBB218
:10196000384C39482B6007EE903A0B0DC1F30B2130
:10197000F8EEE77A06EE903A07EE101A334BB8EE1F
:10198000C77A2160F8EEE66A314937EEC66A37EE6B
:10199000C55A76EEC76A77EEE57A26EE266AC3ED7B
:1019A000006A25EE265AD2F8803067EEA64AC0EDCE
:1019B000007AC6EE275A274885EE276AC4EEA76A42
:1019C00075EE875AFCEEE55A36EE076A15EE904A38
:1019D000BCEEC66A43EA045376EE877AC2F88030DA
:1019E00016EE103AD2F89041FCEEE77A01EA034194
:1019F000214317EE903AC2F89011C3F30B03D2F8CB
:101A000090110B431449C2F89031D2F8803043F062
:101A10000203C2F88030114B80F840C0C1F8403159
:101A20004FF0E023012230BCC3F80821704700BF0B
:101A300000810D4000441F400000AA420000B44253
:101A4000C8250020C4250020CC250020D02500205A
:101A50000000FF0F00E400E0001800206D350000DA
:101A6000314B40F6617210B5C3F8202140F20444B6
:101A700000F0D6F82D4A2E49D2F880302D4843F098
:101A80000303C2F880302C4BC1F8604102681A424F
:101A900003D1D1F8A8319A071BD0254A4FF0004155
:101AA000244B5963D2F8403143F00203C2F840316D
:101AB000D2F840319B07FBD44FF400304FF0E021C7
:101AC0001C4B4FF00042C1F88C0219209A6300F0C1
:101AD0009BF8184A4FF08040154C002190630A2073
:101AE000164B11604FF42072C4F8A801184600F09C
:101AF00087F84FF4800203464FF4810040F243110F
:101B00001860C4F858311A640D4B0E4AC4F84811D5
:101B1000C3F804224FF0E0224FF400310123C2F851
:101B20000C11C4F8403110BD00800D4000C00F40C2
:101B300000002E4000900D40001C1E000000002000
:101B4000001800205537000008B50E4B1B6E9B0790
:101B500000D4FBBE72B60C4B00200C4AC3F8400107
:101B600003F160430A49A3F55F2311649D46BFF367
:101B70004F8F4FF400130748074ADB6902609B68E8
:101B8000984700BF00441F4000002E4000C00A409C
:101B90000300200000802020000012EB104BA0204A
:101BA000104AD96E41F4403110B4D96640F237641E
:101BB000D96E41F44071D96654649064936C1B06ED
:101BC000FCD4094A40F23761A02351649364936CBA
:101BD00013F08003FBD1054A13705DF8044B704786
:101BE00000C00F4000400C4000800C402B2600201D
:101BF000F8B500BFF8BC08BC9E4670470000000066
:101C00005FF800F0056500005FF800F0A52C00000B
:101C10005FF800F0993200005FF800F0196B0000E7
:101C20005FF800F0C53E00005FF800F0F12E000004
:101C30005FF800F0B529000045000000F501000044
:081C4000191D0000E52300005E
:101C480070C00F40C0000000120000001300000028
:101C5800D0841F4001000000FF000000FF000000CA
:101C68000000000000000000130000001300000046
:101C7800CC841F4001000000FF000000FF000000AE
:101C880000000000000000001C000000F51C00001F
:101C980070C00F40000C000011000000110000008F
:101CA800E0841F4002000000240000001200000031
:101CB800E0841F4001000000100000001100000037
:101CC800DC841F4002000000250000001200000014
:101CD800DC841F40010000001E000000011D000000
:101CE80080C00F4000000003190000001000000031
:101CF800E8841F4001000000FF000000FF00000012
:101D080000000000000000001800000010000000A3
:101D1800E4841F4001000000FF000000FF000000F5
:101D280000000000000000001F0000000D1D000062
:101D38000100000016035500530042002000530024
:101D480065007200690061006C000000180354000F
:101D5800650065006E007300790064007500690015
:101D68006E006F000403090409026200030100C049
:101D780032080B00020202010009040000010202FD
:101D880001000524001001052401010104240206B4
:101D9800052406000107058203100010090401004C
:101DA800020A00000007050302400000070584023C
:101DB8004000000904020002FF6AFF0007058102D3
:101DC800400001070501024000010000090262000D
:101DD800030100C032080B000202020100090400DE
:101DE800000102020100052400100105240101017F
:101DF80004240206052406000107058203100005D5
:101E080009040100020A000000070503020002009D
:101E1800070584020002000904020002FF6AC700E5
:101E28000705810200020107050102000201000006
:101E38000A060002EF020140010000000000000055
:101E4800000000000000000000000000000000008A
:101E5800000000000000000000000000000000007A
:101E68000548064B1B1AD90F01EBA301491002D0F4
:101E7800034B03B118477047C01A0020C01A00204E
:101E88000000000008B5054B1BB105490548AFF334
:101E98000080BDE80840FFF7E3BF00BF0000000076
:101EA800482500200018016006EE900A2A4B9FED95
:101EB800267BB8EEE66B9FED265B26EE076B2DE9D9
:101EC800F04186EE057BDFF8A08020250124234F12
:101ED800234EB7EEC77BFDEEC77A83ED007AC8EDD7
:101EE800007A17EE903A01E0D8F80030234001213B
:101EF80038786400002BD8BF002102F047FE307804
:101F0800012102F043FE0021307802F03FFE013D3E
:101F1800EAD108240021387802F038FE012130780F
:101F280002F034FE0021307802F030FE013CF1D19D
:101F38000C4D0121287802F029FE21462878BDE8B9
:101F4800F04102F023BE00BF000000000000F04195
:101F58000000000065CD9D4104260020480F0020A8
:101F6800800F0020540F0020981C002038B503462D
:101F78000A480D461446C3F1FF01007803F008F83B
:101F8800074BC5F1FF01187803F002F8054BC4F1BF
:101F9800FF011878BDE8384002F0FABF680F00204A
:101FA800640F0020600F002070B51F4EFF211F4DE9
:101FB8001F4C307802F0ECFF2878FF2102F0E8FF90
:101FC800FF21207802F0E4FFFA2002F08BFD307840
:101FD800002102F0DDFF2878002102F0D9FF00215E
:101FE800207802F0D5FFFA2002F07CFD3078FF213E
:101FF80002F0CEFF2878FF2102F0CAFFFF212078E7
:1020080002F0C6FF40F2EE2002F06CFD30780021AD
:1020180002F0BEFF2878002102F0BAFF20780021E4
:10202800BDE8704002F0B4BF680F0020640F0020C4
:10203800600F00202DE9F04102F01CFE742002F030
:1020480019FF044600F0E4FE434B444EDFF8488194
:102058001C60434D434C444801F058FA434F314605
:10206800404602F005FB2A462146404604F0E2FAC3
:10207800DFF828813146384602F0FAFA2A46214626
:10208800384604F0D7FA3A4F3A49404602F0F0FA97
:102098002A462146404604F0CDFADFF80481364945
:1020A800384602F0E5FA2A462146384604F0C2FAD4
:1020B800324F3349404602F0DBFA2A462146404671
:1020C80004F0B8FADFF8DC803146384602F0D0FA7E
:1020D8002A462146384604F0ADFA2A4F2A49404696
:1020E80002F0C6FA2A462146404604F0A3FADFF871
:1020F800B8802649384602F0BBFA2A4621463846B7
:1021080004F098FA224F3146404602F0B1FA2A46C6
:102118002146404604F08EFADFF890803146384672
:1021280002F0A6FA2A462146384604F083FA194FE7
:102138003146404602F09CFA2A462146404604F0C1
:1021480079FA3146384602F093FA2A46214638464B
:10215800BDE8F04104F06EBAFC240020A40300207E
:102168008C0F0020B927000008260020AC1C002096
:102178003C1D002098030020A0030020BC1C002068
:10218800A80300204C1D0020B0030020B403002049
:1021980064250020742500209C1C00205C1D002064
:1021A800CC1C00206C1D002028250020382500208C
:1021B8002DE9F0437F4D85B07F4840F2EE280CF0C2
:1021C800B7FD7E4C2E687E4FDFF8309204F072F92E
:1021D8002378002B00F0E0803B78DB0740F1DC80BF
:1021E8002B68D9F800209B1A0E2B40F2D580FA21D3
:1021F8007448012402F0C2F96F4D58232146724FEA
:1022080085F8A530284685F8304185F82F4101F03A
:102218000FFAF021284601F00BFA214628466B4EAA
:1022280001F014FB2146387802F0ECFC684B21469B
:10223800684D187802F0E6FC3078214602F0E2FC9E
:102248002146387802F0A2FC3878002102F09EFC82
:102258002146307802F09AFC307800215E4E02F078
:1022680095FC0021172002F0CDFC0021112002F07E
:10227800C9FC214628684FF0FF3200F001FE2868AB
:102288004FF0FF320C2100F0E3FD28684FF0FF32D9
:10229800022100F0E5FD28684FF0FF32052100F02B
:1022A800E7FD22462146286800F0EAFD2246286814
:1022B8000C2100F0CDFD22462868022100F0D0FD57
:1022C80022462868052100F0D3FD1122172128682D
:1022D80000F0DEFD1821414801F050F9404B414D16
:1022E8000021187802F08EFC2146287802F08AFC3A
:1022F8003078214602F086FC214628783A4D02F0D3
:1023080045FC2146307802F041FC002228464FF473
:10231800E13101F019FD2846FA2102F02FF94FF4B6
:102328007A7002F0DFFB04E002F02AF9684602F056
:1023380063F9284601F042FC00230A222946984204
:102348006846F1DC294C0121294E2A4D207802F0FB
:1023580059FC3078012102F055FC2878012102F05F
:1023680051FC20780021244C02F012FE3078002124
:1023780002F00EFE2878002102F00AFE20780121E2
:1023880002F040FC2078002102F002FE642005B033
:10239800BDE8F04302F0A6BB2B6822789B1B32B144
:1023A800B3F5FA6F3FF623AF04F084F80EE7434520
:1023B800FAD91CE7FC2500207C1D002034260020CB
:1023C80033260020700F0020800F0020540F0020BB
:1023D800480F0020FC2400204C0F00200826002075
:1023E8006C0F0020440F0020DC1C0020680F002028
:1023F800640F0020600F0020500F002014260020DA
:102408002DE9F04FB14E2DED028B8BB000AF307837
:1024180002F0E6FBAE4B00BB1A46FB6001231370CB
:10242800AC4B187802F0DCFBFB68054693F800809B
:10243800B8F1000F5AD0012800F03582002800F0CA
:10244800938003F04FFFA44D002828600DDC2C3743
:10245800BD46BDEC028BBDE8F08F012840F0F78047
:102468001A46FB6000231370DAE707F118046A467E
:1024780000239A49204608EE902A0A2202F080F8A2
:102488002146974802F008F9204602F0B5F82A6874
:1024980000239348D11D21F00701ADEB010D6946DA
:1024A8006D4602F07BF99DF80030542B00F05B82FA
:1024B800413B172B00F21583DFE813F05703130392
:1024C800CB00CB00B903630313031303CB0013033F
:1024D80013037F03130313031303CB00E800130351
:1024E8006F03130313031303130396037D4907F1C3
:1024F80018047D4801F03CFF7B4801F06BFF0A207F
:1025080002F0F0FA784801F059FB002840F0008208
:10251800754D04E002F034F8204602F06DF82846C4
:1025280001F04CFB00230A22294698422046F1DCA0
:1025380002226E496C4801F0F3FE6B4801F04AFF35
:102548000A2002F0CFFA00230A222046664902F048
:1025580017F82146664802F09FF8204602F04CF82A
:102568000A2002F0BFFA6CE75F4807F1180401F08F
:1025780027FD0A2002F0B6FA02225E495A4801F005
:10258800CFFE594801F026FF0A2002F0ABFA564860
:1025980001F014FB002840F081820A2002F0A2FA20
:1025A800514801F00DFD4F494F4801F0E1FE4E48FA
:1025B80001F010FF0A2002F095FA4B4801F0FEFAEC
:1025C800002840F07882484D04E001F0D9FF204609
:1025D80002F012F8284601F0F1FA00230A222946EF
:1025E80098422046F1DC022240493F4801F098FE1B
:1025F8003D4801F0EFFE0A2002F074FA00230A2297
:102608002046394901F0BCFF2146394802F044F818
:10261800204601F0F1FF0A2002F064FA344802F083
:10262800D9F8002840F08581334B0146187802F02C
:10263800AFFC324B8221187802F0AAFC304BF5210E
:10264800187802F0A5FC2F4B01221A60F9E6FB600E
:10265800E6E62349244801F08BFE234801F0BAFE40
:1026680000230A222046204901F08AFF21462648F5
:1026780002F012F8204601F0BFFF244B1B78002B14
:1026880040F004836B783F2B00F01683204BBB602F
:10269800BB681B68012B08D018EE903A2C379D4672
:1026A800BD46BDEC028BBDE8F08F1A4B1A681A4B79
:1026B800D3F80090194B1A60194B1B68994555DCE3
:1026C800DFF860A008EE104A36E000BF4C0F00208B
:1026D800262600206C0F002000250020700F002007
:1026E800282500203C1D0020DC1C0020200C002098
:1026F800AC1C0020240C0020680F0020640F002070
:10270800600F00203C21002074250020272600208F
:1027180024250020FC250020182500206025002005
:1027280020250020400F0020A94B1B689944A94B85
:102738001B684B45C0F2FA804846FFF7B5FBA64B2D
:102748001B78002B5FD103F0CDFD0028ECDD03F0F2
:10275800A7FD5128E8D118EE104A03E003F006FE61
:102768000A2803D003F0BEFD0028F7DC9B499C48EB
:1027780001F0FEFD9A4801F02DFE994801F01EFA7D
:10278800002840F06782FB681C78002C40F04E81DE
:10279800944B2146187802F0FBFB934B214618789E
:1027A80002F0F6FB914BFF21187802F0F1FB9048FC
:1027B80002F016F8B7EEC00A02218E489FED827B20
:1027C80080EE070B01F024FE01218B4803F0F4FD95
:1027D8002146884801F0F2FD0121874803F0ECFD0D
:1027E800864801F0F7FF0146824801F0E7FD012124
:1027F800814803F0E1FD0121814803F0DDFD00235C
:10280800BA68136048E7DAF80020002A40F36181CB
:10281800002607F11005DFF80CB2DFF80C82794CBE
:10282800DBF80010284600F06FFB774B0136DAF82A
:10283800002095E8030098ED004B83E8030080B280
:10284800B24289B207EE900AB8EEE76B07EE901A2B
:1028580094ED005BB8EEE77B36EE046B37EE057B54
:1028680088ED006B84ED007BDADC05EE902A02210E
:102878006048B8EEE55B86EE050B87EE056B88EDE4
:10288800000B84ED006B01F0C3FD01215A4803F0F1
:1028980093FD0221574894ED000B01F0B9FD55480E
:1028A80001F098FD4FE74F4BFF2107F11804187806
:1028B80002F06EFB4C4B7121187802F069FB4B4B10
:1028C8003F21187802F064FB504B022243494448E8
:1028D8001A6001F04DFD424801F07CFD0A2002F02B
:1028E80001F93F4801F06AF9002840F0C1813C4DE8
:1028F80004E001F045FE204601F07EFE284601F086
:102908005DF900230A22294698422046F1DC0FE6A9
:1029180043460A222046324901F032FE2146344815
:1029280001F0BAFE204601F067FEF1E518EE104A04
:102938001CE7324801F04EFF00283FF482AD294BD6
:102948000021187802F024FB274BFF21187802F0A9
:102958001FFB264BFF21187802F01AFB2B4B4FF078
:10296800FF321A606DE52A491D4801F001FD1C4837
:1029780001F030FD2749264801F0F4FE002840F018
:10298800D3802549224801F0EDFE002800F09E8101
:102998001E21224803F010FD164801F01BFD0023FC
:1029A8000A2220460E4901F0EBFD2146114801F0AC
:1029B800DFFC104801F00EFD194B2046BB6001F00A
:1029C8001BFE65E6AFF300800000000000408F406A
:1029D8001C25002020250020821500203C1D0020F9
:1029E800DC1C0020680F0020640F0020600F00200E
:1029F8009C1C0020700F0020800C0020AC1C0020C4
:102A0800840C0020901C00208C2500203C210020F4
:102A1800282500206C1D00204C1D0020440C00209F
:102A280024250020FC240020881C0020B04801F048
:102A3800D7FEB7EEC00A0221AE489FEDAB7B80EE11
:102A4800070B01F0E5FC0121AB4803F0B5FCAB4BEB
:102A5800187802F0C5F8012804466DD0A74B1878FD
:102A680002F0BEF800287FF4BBAEA54C216801290E
:102A780000F0A3814B1C7FF4ACAEA24B0021187868
:102A880002F086FAA04BFF21187802F081FA9F4BDA
:102A9800FF21187802F07CFA21689AE62B460A2270
:102AA8009B49204601F06CFD204601F093FE20462C
:102AB80001F0A2FD71E500230A222046944901F0A5
:102AC8005FFD21468A4801F0E7FD204601F094FDAC
:102AD80079E5904CDFF86C8294ED007B98ED006B03
:102AE800C3E64FF000098C4B2846BD61DFF808A209
:102AF8004D46DFF85482894EBB6006E0012D00F098
:102B0800CD80022D00F0CF80B8692246514605F0ED
:102B180015FD00283FF4BCAD002DEFD103F090FD6A
:102B28007F4B01251860EFE71B217E4803F044FC2A
:102B3800704801F04FFC32E7724BFF21187802F021
:102B480027FA714B7121187802F022FA6F4B3F2156
:102B5800187802F01DFA6A4B6648196801F02EFCD5
:102B68002146654803F028FC3AE602226E49684887
:102B780001F0D6FB664801F02DFC0A2001F0B2FFF7
:102B88000DE70621694803F017FC5A4801F022FCBA
:102B9800614BBB60FFF708FA7AE5002002F08EF877
:102BA800A52800F0D3800921614803F005FC5A4BA1
:102BB8005048BB6001F00EFC6AE55E49544801F0DC
:102BC800D7FB534801F006FC00230A22204650494F
:102BD80001F0D6FC2146584801F05EFD4E4B2046D8
:102BE800BB6001F009FD53E56B78312B00F0C8801C
:102BF800302B7FF44BAD3078012101F0C7FF4F4BEC
:102C08000025FA681878444B294615701E46BB60A3
:102C180002F0BEF93168002900F0E08001297FF454
:102C28003BADFF212A460846FFF7A0F930E5384DAD
:102C380004E001F0A5FC204601F0DEFC284600F087
:102C4800BDFF00230A22294698422046F1DC0222D1
:102C58003B498CE700230A2220462D4901F090FCCD
:102C68002146234801F018FD204601F0C5FC8AE5FD
:102C780000230A222046264901F082FC21461C48EE
:102C880001F00AFD204601F0B7FC30E62A49194850
:102C980001F06EFB174801F09DFBF3E403F0D0FC54
:102CA8000225306030E703F0CBFC0123BA68002529
:102CB800C8F80000136027E71F490E4801F058FBC9
:102CC800154B0C48BB6001F085FBE1E403460A2282
:102CD80020460F4901F054FC0F4B2046BB6001F021
:102CE8008BFCD5E4AFF300800000000000408F406B
:102CF8009C1C0020700F0020800C00206C0F00200E
:102D08003C210020680F0020640F0020600F002085
:102D1800DC1C0020901C00202425002020250020F9
:102D280018250020280C0020240C0020640C00200A
:102D3800740C00202825002074250020500F002046
:102D4800200C0020881C00201C250020012001F0F8
:102D5800B5FF02460220BA6001F0B0FF0546032025
:102D680001F0ACFF254940EA0523BA6820469BB22A
:102D780005F068F9204605F023FE0146204614E7D1
:102D88000021307801F002FF1D4BFA68FF21187806
:102D98000123137002F0FCF81A4B7121187802F025
:102DA800F7F8194B3F21187802F0F2F8174BFF217A
:102DB800187802F0EDF86B781AE7114B014618788D
:102DC80002F0E6F80F4B8221187802F0E1F80E4B7A
:102DD800F521187802F0DCF821684BE6084B796099
:102DE800187802F0D5F8074B7968187802F0D0F80F
:102DF800054B7968187802F0CBF849E46C0C002090
:102E0800680F0020640F0020600F0020500F002082
:102E180038B504460A4B0B4A002104F1300500F08E
:102E2800F7FA094B0121094A284600F0F1FA022372
:102E3800204684F86030C4E91945C4E91B4538BD0B
:102E480000400C40B804002000800C40D40400204E
:102E5800012A02D0406E00F043BA806E00F040BAFA
:102E6800012A02D0406E00F077B8806E00F074B886
:102E7800012A02D0406E00F09BB9806E00F098B92C
:102E8800012A02D0406E00F0D3BA806E00F0D0BAAA
:102E9800F8B50546406E0F46164600F01DFB40B9D2
:102EA8006A6E0446538A20469BB243F00403538259
:102EB800F8BD3146A86E00F00FFB044638B9AA6E7B
:102EC8002046538A9BB243F004035382F8BD6B6ECD
:102ED8009A6A72B6936C43F04003936462B6AB6E21
:102EE8009A6A72B6936C43F04003936462B672B602
:102EF800686E394600F0FCFA3146A86E00F0F8FA20
:102F080062B62046F8BD00BF10B4D1E91942A16AE3
:102F1800926A496A526A09B25DF8044B12B2C0E972
:102F28000012704772B60123826A437572B6936CB9
:102F380023F08003936462B6826A72B6D36C43F05E
:102F48000203D36462B6826A72B6936C43F080035C
:102F5800936462B662B67047837F8B4200F0E0806C
:102F680070B4042900F20C81DFE811F02500730029
:102F78009000B5000500826A72B6536C43F4806312
:102F8800536462B6826A72B6936C43F00103936429
:102F980062B6826A72B6536C43F00303536462B636
:102FA800826A72B6536C23F06003536462B670BCD5
:102FB8008177FFF7B7BF826A72B6536C23F48063D8
:102FC800536462B6826A72B6536C43F080035364EA
:102FD80062B66F4A6F4B14689C4280F084806E4BD7
:102FE8009C4274D26D4B9C4280F09B806C4B0022BB
:102FF8009C42164634BF00240124856A72B6AB6C25
:1030080023F00103AB6462B6836A002A00F0818072
:1030180072B65A6C42F001025A6462B672B65A6CC1
:1030280022F002025A6462B6836A002C5FD072B63C
:103038005A6C42F020025A6462B6002E5FD072B613
:103048005A6C42F040025A6462B670BC8177FFF74E
:1030580069BF826A72B6536C23F48063536462B6A4
:10306800826A72B6536C23F08003536462B6484A8E
:10307800484B12689A4258D2474B9A4268D2474BFB
:103088009A4273D2002216461446B6E7826A72B68E
:10309800536C43F48063536462B6826A72B6536CAD
:1030A80023F08003536462B6394B3E4A1B6893424F
:1030B800E8D93D4A934255D93C4A934231D902F165
:1030C800186202F5162202F6040293420BD8012672
:1030D8000022344691E7826A72B6536C23F4806307
:1030E800536462B64EE701221646144685E772B667
:1030F8005A6C22F020025A6462B6002E9FD172B632
:103108005A6C22F040025A6462B670BC8177FFF7AD
:1031180009BF72B65A6C22F001025A6462B67DE7A2
:10312800704700220126144667E71F4B9A4223D9AD
:103138001E4B9A421ED903F11863012603F5162384
:10314800344603F604039A4294BF0022012254E74E
:10315800144B9A420AD92024203400220126C4F3B1
:1031680040144AE700220124164646E700260124B7
:10317800324642E74024EFE70024012622463CE796
:10318800438A9BB243F0010370BC4382704700BF7F
:10319800580F00200090D0030048E8010024F400F4
:1031A80000127A00005A620201B4C4040368890953
:1031B80038B5437D04460D46EBB9072D19D8DFE82D
:1031C80005F01D33404D53595F04A26A72B6536C23
:1031D80023F01003536462B6A36A72B65A6C22F4E1
:1031E80080725A6462B672B65A6C22F400725A64DB
:1031F80062B6E57738BD00F049F8DEE7A26A72B634
:10320800536C43F01003536462B6A36A72B65A6CE7
:1032180042F480725A6462B672B65A6C42F4007212
:103228005A6462B6E57738BDA26A72B6536C43F049
:103238001003536462B6A36A72B65A6C22F48072A1
:10324800E8E7A26A72B6536C43F01003536462B69F
:10325800A36A72B65A6C42F48072C2E7A26A72B666
:10326800536C43F01003B5E7A26A72B6536C23F0AF
:103278001003C8E7A26A72B6536C23F01003D8E7AC
:10328800A26A72B6536C23F01003DFE738B5002149
:10329800836A827D9D6CDB6C417502B938BD04463A
:1032A8000121FFF759FE0321FFF782FF637D93B9E0
:1032B800A26A72B6936C43F02003936462B6A26A62
:1032C80072B6536C23F44043536462B6042200235D
:1032D8002277A37538BD2046FFF7D8FFE8E700BF7F
:1032E80038B5C37D8B4219D0437D04460D4603BBD8
:1032F800092D14D90B2DA36A1ED872B65A6C42F048
:1033080004025A6462B672B65A6C22F008025A6411
:1033180062B640F2FF320A23A261E37538BDA26AA1
:1033280072B6536C23F00C03536462B6FF22082371
:10333800F2E7FFF7ABFFDBE772B65A6C22F0040244
:103348005A6462B672B65A6C42F008025A6462B69F
:1033580040F6FF720C23DFE710B5037D04462B4AC5
:10336800002B49D1D36E43F44033D36600234FF486
:103378000072A16AE375A361A28384F8243072B64F
:103388004A6C42F480324A6462B640F20271627F4B
:1033980063756382E183637452B1A26A637772B61C
:1033A800536C23F4C053536462B62046FFF7BAFD4A
:1033B8000A212046FFF794FF0122637DA27503BB13
:1033C800A26A72B6936C43F02003936462B6A26A51
:1033D80072B6536C43F44043536462B620232046CC
:1033E80000212377FFF7B8FD0121FFF7E1FE204612
:1033F800BDE81040FFF796BDD36E43F44073D36623
:10340800B4E72046FFF742FFDAE700BF00C00F40ED
:10341800002910B5836214BF442343230446017571
:10342800026280F82C30FFF797FF204610BD00BFDE
:1034380038B5437D04460D46002B30D1012DA26AD4
:1034480024D972B6936C43F02003936462B6042DBA
:1034580009D8A26A72B6536C23F44043536462B627
:103468000423237738BD082D1CD9102D2AD8A36A28
:1034780072B65A6C22F480425A6462B672B65A6CBA
:1034880042F400425A6462B61023EAE772B6936CBB
:1034980023F02003936462B60023237738BDFFF737
:1034A800F5FECBE7A36A72B65A6C42F480425A64BE
:1034B80062B672B65A6C22F400425A6462B60823A5
:1034C800237738BDA26A72B6536C43F44043536401
:1034D80062B62023C5E700BF1B2907D8036A585CDA
:1034E80000F01F001F3818BF0120704700207047E8
:1034F800036A5B5C72B690F8241003F01F03826ABB
:1035080003EBC113136062B6704700BF704700BF7A
:1035180070B505460126184C2B78204684F8306192
:10352800B34084F82F6184F8A53000F081F8314663
:10353800204600F08BF9022229783346204600F015
:1035480003FA94F8A22094F8A350AA4210D293192F
:10355800A118DBB2887E9D424FEA002084F8A23091
:1035680006D9234402329B7E84F8A220184370BDFA
:103578004FF6FF7070BD00BF7C1D002038B50446B3
:10358800174D217028460BF0D3FB06212046FFF784
:10359800BFFF542801D0002038BD07212046FFF77F
:1035A800B7FFB0F5806FF6D1237801242846A340F1
:1035B800214685F8304185F8A53085F82F4100F07F
:1035C80037F80021284600F033F80021284600F09B
:1035D8002FF82146284600F039F9204638BD00BFAB
:1035E8007C1D00200020704790F8A32090F8A200CE
:1035F800101A704790F8A23090F8A3209A4205D983
:103608005A1C034480F8A220987E70474FF0FF3080
:10361800704700BF90F8A23090F8A3209A4202D9D0
:103628001844807E70474FF0FF307047704700BFE6
:103638000346B0F8300178B193F82F21882A03D9CE
:10364800012200205A60704702F1010C01201A443F
:1036580083F82FC182F8A510704700BF38B5B0F8BD
:1036680030410CB9204638BD90F82F310546C3F1DA
:103678008904A2420DD8144605F1A5002246184433
:1036880001F05EFB95F82F312046234485F82F3151
:1036980038BD01224260EFE738B5002513464FF4E4
:1036A8007A720446C0E901521548882221612946E8
:1036B800206004F11A00636125732576657604F0AD
:1036C80041FE8922294604F1A50084F8A25084F815
:1036D800A35084F8A45004F035FE204684F82E51F7
:1036E80084F82F5184F8305184F8315184F83251DC
:1036F80084F8335184F83451C4E94E5538BD00BFBD
:10370800500500202DE9F04FD0F814A01524017EB3
:103718008146437E83B00AEB0111384A0AEB031352
:10372800374F097A93F8283002EB01150901E86848
:1037380052F8018002EB0311D5F804B01B01CE68E2
:10374800D558CBF80040C8F88400D8F804304A6847
:1037580003432C490192C8F804301460C5F884600A
:103768006B6833436B60284B4C683A68A3FB0232A2
:10377800920C02EB820252004B681B1B9A42FBD848
:103788004FF0090C1F4ADFF880E0D8F808300342F0
:1037980002D0AB6833422FD1C5F8886054683968C5
:1037A800AEFB0131890C01EB810153681B1B994267
:1037B800FBD8C5F8846054683968AEFB0131890CC0
:1037C80001EB810153681B1B9942FBD8BCF1010C2A
:1037D800DBD1604699F81830019A0AEB0313DB68CD
:1037E800CBF8003099F819300AEB031ADAF82C30C4
:1037F800136003B0BDE8F08F0120EBE778090020E3
:103808005C0F0020001000E083DE1B430E4A10B559
:103818001168046905E0DB0107D413685B1A102BF3
:1038280008D8636913F0007FF5D14FF4FE430120F7
:10383800636110BDFFF766FF0028FAD04FF4FE431E
:1038480001206361F5E700BFFC2500202DE9F04762
:1038580090F82FA1BAF1000F58D081468846FFF79B
:10386800D5FF002852D0374E0024376816E06B6920
:103878001A0544D4580558D499044CD43268D21B3C
:10388800322A48D8544507D9EA6D520704D19B0516
:1038980055D4B8F1000F52D002F00CFE5445D9F8B7
:1038A8001050E4D8EA6D510702F00703DFD413E0A3
:1038B80099F8A5200133022442F48062042B2A6679
:1038C80027D08A4503F1010309EB01020ED992F8CA
:1038D800A520042B2A66CAD00121002CE8D0214655
:1038E800013301348A4509EB0102F0D8B8F1000F21
:1038F800BDD04FF400732B666B691A05BAD52B69D6
:10390800042043F440732B61BDE8F0870420BDE830
:10391800F0870124ABE72B694FF40072042043F4CD
:1039280040732B612A66BDE8F0872B694FF400725B
:10393800022043F440732B612A66BDE8F08700201B
:10394800E5E700BFFC2500202DE9F04782460C463C
:1039580015461F46FFF75AFF002800F08F806300C6
:103968000021012DDFF81C81DBB240F2014638BF8F
:1039780001250C461E43D8F80090AAF8A2101EE0B4
:103988009AF8A330872B3DD951690B0557D411F408
:10399800105F67D1D8F80030A3EB0903322B61D848
:1039A8009AF8A330AB4208D3022C06D9D36D580736
:1039B80003D18B0547D4002F45D002F07BFD022CA4
:1039C800DAF81020DCD8D36D590703F00700D7D4F4
:1039D80021466C1E084444F4807441B916660131CE
:1039E800431A032B01D80229F7D90C46C8E7012945
:1039F80031D017B14FF4007313669AF8A33003243B
:103A0800872BC1D8D16D11F4E02FC1F3024EBBD082
:103A1800591C9E441933C9B25FFA8EFE5AFA83F3D1
:103A2800D2F870C0481C71458AF8A310C1B203F8D7
:103A380001CFA9D08929F3D151690B05A7D51369FD
:103A480043F440731361D36D13F4E02F05D19AF852
:103A5800A300BDE8F0871466C1E7136943F4007357
:103A68001361F4E713694FF4007143F44073136171
:103A78001166D36D13F4E02FE9D0EEE70420BDE81A
:103A8800F08700BFFC250020036970B5D3F81451F6
:103A9800044615F4706201D0C3F81421AE070BD5A3
:103AA800D3F8701108043ED50022012084F8A22022
:103AB800224484F8A3009176EA0710D594F830617F
:103AC800F6B194F82E6194F82F21B24227D9721CCE
:103AD800264484F82E2196F8A520C3F86021AB056A
:103AE8000DD594F8A30018B1D4F83C3103B1984728
:103AF8000023A4F8A230A4F82E3184F8303170BD28
:103B0800D4F838210AB190472369002284F82E217D
:103B1800012284F8302194F82F21B242D7D800220C
:103B2800C3F86021DBE794F8A320872AC4D8501C87
:103B3800C0B2BDE70148FFF7A7BF00BF7C1D00204A
:103B48000148FFF7A1BF00BFBC1E00200148FFF7D6
:103B58009BBF00BFFC1F002010B5094C0949224635
:103B68000948FFF799FD04F1500208490848FFF792
:103B780093FD04F1A00207490748FFF78DFD10BD2A
:103B8800481C006000003F407C1D002000803F4032
:103B9800BC1E002000C03F40FC1F0020B0F846308B
:103BA800B0F848209BB292B2934202D2013AD01A9E
:103BB8007047416B01390A44D01A704772B6B0F8A1
:103BC8004A20B0F84C3092B29BB29A423CBF816B0B
:103BD8005218D31A0269D06A62B6C0F30260184458
:103BE800704700BFB0F84A100246B0F84C3089B2AE
:103BF8009BB2994210D00133906B116B984298BFD9
:103C08000023994203D9126AD05CC0B270475B1A8C
:103C1800526AD05CC0B2704772B6B0F84A0080B23F
:103C2800814201D062B6E6E71369D96A11F0E06F04
:103C380003D14FF0FF3062B67047DB6901204FF0C7
:103C4800000C116AA2F84A00C3F30900DBB2A2F81B
:103C58004CC04B70EFE700BFB0F84A100246B0F80E
:103C68004C3089B29BB2994226D0013330B4946B60
:103C78009C4216D9106B1FFA83FC984217D9106A18
:103C8800C05CC0B2956DA2F84CC045B199421CD336
:103C9800CB1AD16B994202D3D36DC5F8883030BCAA
:103CA80070474FF0000C106B63469842E7D8181A1B
:103CB800556A285CC0B2E5E7084672B6B2F84A1001
:103CC80089B2884204D062B6CFE70C44E31AE0E731
:103CD8001369DA6A12F0E06F03D14FF0FF3062B671
:103CE8007047D869C0F30900F9E700BF90F844307D
:103CF80043B110B5044602F0DDFB94F84430002BC4
:103D0800F9D110BD704700BFEFF31380B8B9EFF3D6
:103D180010834BB9EFF305823AB94FF48073EFF390
:103D2800118050B1984208D270470F2AF7D9054B35
:103D38009B5CEFF311800028F4D1184670474FF0D0
:103D4800FF30F1E7F0E300E007EE901A9FED917A7B
:103D58000421B6EE005AF8EE677A9FED8F6A41F6B5
:103D6800FF7CC7EE275A2DE9F0418E46012407EE65
:103D7800901AF8EEE77A85EEA77A77EE057AFDEEE7
:103D8800E77A17EE903A6345A8BF6346012BB8BFA0
:103D9800012307EE903AF8EEE76A76EEC76AC6EEB8
:103DA800877AF5EEC07AF1EE10FA48BFF1EE677A3D
:103DB800F4EEC67AF1EE10FA03D8B0EE676A8E46D2
:103DC8001C4601312129D2D10021436902F4007532
:103DD800A0F84A10B3F85EC08D42A0F84C10B3F8B2
:103DE8005C50A0F84610A0F8481080F84410816B89
:103DF8001E69A1EB0505A1EB0C01C0E90F51316863
:103E08005D6941EA0501316014BF01210021817615
:103E180040F09180057EDFF8988103EB051C5F4E2A
:103E28009CF8185008EB0515A9686D680E60DCF859
:103E38001C602E60DCF8205015B1DCF824602E6080
:103E4800457ED92703EB051595F8386008EB061170
:103E58008E6849683760ED6B0D60417E03EB011198
:103E68000D6C0DB1496C29600EF1FF31BEF1080FE0
:103E78005D684FF00006CCBF4FF0000E4FF0010E0A
:103E8800090644EA4E4401F0F85121435C7804F1F4
:103E98001003046921614249E66041F823504369EF
:103EA8004FF0010C3F4902F003055C7893F85A3053
:103EB800635444693C4B617803EB511301F01F01D3
:103EC8009B000CFA01F119604FF002110369D962E5
:103ED800996A41F088019962510729D445F4701113
:103EE80002F00F05042D857E08BF41F0804197063A
:103EF80048BF41F080510DB141F0A001160799610A
:103F080003D5196941F0005119615969D50621F0A5
:103F1800805148BF41F08051D205596103D51A69D3
:103F280042F400521A61E3681B78A3B1BDE8F0813E
:103F38001E492943D4E7417E4FF2D9071C4D03EBB4
:103F4800011191F8386005EB0615AE686D683760A9
:103F5800C96B296081E7174E3478BCB1611E164DD4
:103F6800C9B22B1F05EB810153F8042F9042DDD015
:103F78009942F9D1631CDBB2104A3370137845F8C3
:103F8800240043F002031370BDE8F08101230A4DB9
:103F9800F2E700BF001BB74BEC78AD6038F00100CA
:103FA8000018002000E400E04038003810003C0011
:103FB8007809002029260020D0210020841500201F
:103FC800B0F84C30826D9BB2A0F84A3012B1C36D84
:103FD800C2F88830704700BFF8B5036D04460E4636
:103FE80013B1426DC3F88420A37E33B172B622693F
:103FF800936943F00053936162B6B4F84650636B1B
:10400800ADB20135AB424CD800273D46B4F8483034
:104018009BB29D421AD029E021694B691B0210D539
:10402800B4F84830626B9BB201339A4236D99AB2DF
:10403800E06A98422DD9E069C35CDBB2CB61A4F891
:104048004820B4F848309BB2AB420FD1FFF75CFE72
:104058006369B3F85A308342DEDAFF28F1DD02F0F3
:1040680029FAB4F848309BB2AB42EFD0E36AAB42CE
:1040780019D9E369F6B25E5572B60120226984F84F
:104088004400A4F84670936943F40003936162B650
:10409800F8BD1B1AA06AC35CDBB2CFE70022134647
:1040A800C6E7AFB2B2E7ED1AF6B2A36A5E55E3E728
:1040B800FFF792BF0269536913F4401F70B51546A4
:1040C80047D0D36A13F0E06FC3F3026E3ED0B0F866
:1040D8004A40B0F84C50A4B2ADB208E0026A02F807
:1040E80003C002690EF1FF3313F0FF0E1ED0D16931
:1040F800631CB0F84CC0866BC1F309011FFA8CFC35
:104108009E4298BF00239C45ECD0026B5FFA81FC6D
:104118001C469A42A3EB0206E0D8436A03F806C09D
:104128000EF1FF33026913F0FF0EE0D1A3B2A0F83D
:104138004A30836D002B5AD0AC425DD3641B016CAE
:10414800A14254D8C16D1546C3F884105369DC02E6
:1041580048D49669310229D553691B0226D5B0F88F
:1041680046C0B0F848301FFA8CFC9BB206E0C16923
:10417800C95CC9B2D161D16A4C0512D463453FD03C
:10418800446B0133C16A9C4298BF00239942A3EB58
:104198000104ECD8816A095DC9B2D161D16A4C05C4
:1041A800ECD599B26345A0F848102CD0710218D507
:1041B80053695B0215D50022036D80F8442013B1C2
:1041C800426DC3F88820837E3BB172B60269936959
:1041D80023F00053936162B60569AB6923F4800349
:1041E800AB6170BD536943F480135361B1E7536900
:1041F8001546DC02ADD5F5E7816B491B0C449EE7FB
:104208009BB2A0F84830936923F400039361936943
:1042180043F480039361C9E70148FFF74BBF00BF30
:10422800DC1C002010B4164B4FF47A741548002299
:104238009C604021144C186014481C615861144C4F
:10424800144883F844201A731A839A76A3F84620F0
:10425800DC61A3F848205DF8044BA3F84A205A60B3
:104268005A629A621862A3F84C20C3E90B11C3E999
:104278000D11C3E90F22C3E91422C3E916227047BE
:10428800DC1C002004050020008019405404002094
:104298008021002040210020084602F077B800BFA6
:1042A800012A70B508BF0A228AB091B34FF0210ED7
:1042B80001E05FFA86FE0EF1FF36B1FBF2F502FB74
:1042C80015145FFA84FC092C0CF137040CF1300C3E
:1042D80098BF5FFA8CF40EF1280C88BFE4B29142C3
:1042E800EC4429460CF8244CE3D24BB10EF1FF3EC6
:1042F8002D225FFA8EFE0EF128036B4403F8242C5E
:10430800036801A9CEF122025B68714498470AB09C
:1043180070BD30224FF0210E8DF82520E5E700BF53
:104328002DE9F0410C46D1B1EAB180468E1800253E
:104338000E4F04E002F02AF8B44205440CD0D8F835
:10434800003014F8010B1B68BB42F3D0014640460D
:104358009847B4420544F2D12846BDE8F0810D469D
:104368002846BDE8F0811546F6E700BF592400004D
:104378002DE9F0418C688AB0DCB1002588460646F4
:104388002F462B46212201A9404600F007FA202C8F
:104398002246336828BF202201A930465B68A41A48
:1043A800154498470744002CEBD138460AB0BDE8BD
:1043B800F081274638460AB0BDE8F081002903DBC2
:1043C80000230A22FFF76CBF49422D230A22FFF778
:1043D80067BF00BF00B5036883B040F60D2C02220A
:1043E80001A95B68ADF804C0984703B05DF804FB09
:1043F800054B022888BF034610B41C68184663683A
:104408005DF8044B184700BF700F00200000000043
:10441800B4EE400B70B5F1EE10FA05462DED028BA7
:1044280086B07CD6B0EEC07B9FED476BB4EE467B82
:10443800F1EE10FA6BDC9FED467BB4EEC70BF1EEA4
:1044480010FA5ADC9FED447BB4EEC70BF1EE10FA7C
:1044580053D4B5EEC00B0C46F1EE10FA5BD4002332
:10446800B6EE007B002C5ED04FF0000C9FED3C6B4D
:104478000CF1010C27EE067B5FFA8CF2A242F7D30F
:1044880030EE070B0A222846FCEEC07BB8EE678B9D
:1044980017EE901A30EE488BFFF702FF0F2C4FF003
:1044A8002E03B2EE046B064628BF0F248DF80830A1
:1044B8000DF1090302AA611E53FA81F128EE060BD9
:1044C800FCEEC07BCDED017A9DF8043007EE903A02
:1044D8003033B8EEE78B02F8013F914230EE488B5B
:1044E800ECD12B68013402A928465B68E2B29847F0
:1044F800304606B0BDEC028B70BD2B6803221A490A
:104508005B6806B0BDEC028BBDE8704018470368D5
:1045180003221649F4E7B1EE400B0123A0E7036834
:1045280003221349ECE730EE070B0A222846FCEE7B
:10453800C07B17EE901A06B0BDEC028BBDE8704048
:10454800FFF7AEBEAFF30080FFFFFFFFFFFFEF7F77
:10455800000000E0FFFFEF41000000E0FFFFEFC1B7
:104568009A9999999999B93FF8040020F404002080
:10457800F004002001F0FABE01F092BE816070479D
:104588002DE9F84F00278B4681469246394603F1BC
:10459800FF38174C174E00F06BF825680BE001F058
:1045A800E5FE002810DA01F085FF2368DBF8082013
:1045B8005B1B934215D2DBF800305B69B342EED047
:1045C800584698470028EEDB08D0824506D00137C8
:1045D800C1B2484600F0B6F84745DED94846BDE8BE
:1045E800F88F012348468BF80C30BDE8F88F00BFE0
:1045F800FC2500203527000010B50446006802F0AD
:104608002BF8204610BD00BFF8B50446154632B950
:10461800036803B11A7000232046A360F8BD4368FD
:104628000E469A421CD9511C006802F0D9FA074676
:1046380060B1A368C4E900050BB903702768314667
:104648003846A56004F02AF92046F8BD206810B164
:1046580002F002F8276000232046C4E90133F8BDC0
:1046680007683146A560384604F018F9ECE700BF42
:1046780038B500230446C0E900338360037341B1B1
:104688000D46084604F09CF9024629462046FFF7E5
:10469800BBFF204638BD00BF884238B505460ED05E
:1046A80000680C4608B101F0D7FFA0680023D4E9E0
:1046B8000012A860C5E90012C4E90033A3602846C7
:1046C80038BD00BF2DE9F843044600680D4616467C
:1046D8008842A36809D8C218914206D20F1A4FF02F
:1046E800010936B92046BDE8F8834FF00009002ECD
:1046F800F8D003EB0608626890450CD908F101016F
:1047080002F06EFA0028EDD0A368C4E9000813B9D6
:1047180003702068A368B9F1000F08D1294618442E
:1047280004F0BCF82046C4F80880BDE8F883324697
:10473800C119184400F004FB2368002203F808207C
:10474800F0E700BF10B582B00023044601228DF8BF
:10475800041001A98DF80530FFF7B4FF204602B018
:1047680010BD00BF8A6808B58368934201D0002055
:1047780008BD006850B1096829B103F025FFB0FAF7
:1047880080F0400908BD3BB10078F8E70A681AB123
:1047980013B110784042F2E7012008BDC2B170B5EC
:1047A800B1FA81F60C46760919B185689D4201D89F
:1047B8000E7070BDED1A02F1FF3C01682046654598
:1047C800194428BF65462A4603F054FE665570BD55
:1047D800704700BF006808B101F032BF704700BFE2
:1047E800006810B1002103F02BBB9FED010A704750
:1047F80000000000A249A34B88422DE9F047A24CD3
:104808005E699A69D4F80C801BD9A04B984240F293
:104818000281C31A9E491B0AA1FB031340F22761B8
:10482800DB0903EB830303EB830303F2E2438B42CD
:1048380028BF0B46A3F54877964BA3FB0737FF081D
:1048480004E0954FB8428CBF0E2706278D4908F023
:104858001F09D1F88030B94543F0C003C1F8803052
:104868000CD228F01F08A1F5F82148EA0708C1F87A
:104878000C800B68002BFCDA08F01F0916F0007397
:1048880024D186490C698649A14300F0EA8082F464
:10489800805134464FF4805514F0605F04D026F000
:1048A80060561E43774B5E6111F4405F07D022F4D7
:1048B800405274492A438A618B6C1A07FCD446F02B
:1048C8000076704A5661936C9B06FCD4754CA042E6
:1048D80000F2CE804FF0010C0146634603FB011243
:1048E80003F1010E0CF10105A24218D8BEF1080F20
:1048F8004FF0010340F08D80BCF1040F00F291806D
:104908000A18A24200F2A48005FB00F1AC4603F1AC
:10491800010E03FB01120CF10105A242E6D90CF1CC
:10492800FF318C0286EA81215F4810445F4A904239
:104938007FD9DFF8A4A16C225D48584DB0FBFEF08A
:10494800D5F800E0B0FBFCF0DFF890C10EEA0C0CE3
:10495800D44509D042F400524FF4805CC5F800C039
:104968002A602A68002AFCDA464A156905F0070514
:104978009D4203D01361936CDD03FCD411F4E05F16
:1049880009D026F4E05604F4E0543E4A2643566122
:10499800936C9907FCD44749474A014491423CD853
:1049A800464BC909A3FB0131090B4B1E1B0286EAC2
:1049B800030212F4407F06D026F4407603F44073D5
:1049C800304A334353612F4A536923F000735361CC
:1049D800936C9B06FCD43A4B4F45A3FB00234FF046
:1049E800FF324FEA9343B0FBF1F1B2FBF3F3354AE0
:1049F8001060354A1160354A136008D228F01F0844
:104A0800214A48EA0707D7601368002BFCDABDE89B
:104A1800F087734662E7122718E74FF440730421C2
:104A2800C5E70CF1FF31204807238C02104486EAC1
:104A38008121274ADFF8A8A0A2FB0020020D254803
:104A4800362A38BF362202FB00F042EA0A0A74E727
:104A58004FEA8C24002386EA8C214FF0010EAC46E5
:104A680062E71D4686F0C05411464FF0C05313E765
:104A780000244FF0010C024631462346E64653E730
:104A880000A4781F00C00F40000008400046C32360
:104A980023B24C001F85EB5100366E0100800D409B
:104AA80040300080FFB19F26808D5B00FF7EF64D71
:104AB80000643F4D7FD1F0087F17B42C9F10E500AC
:104AC80083DE1B435C0F0020580F0020D4250020F4
:104AD800819F5E16001BB7006C2000807F3001802C
:104AE8000020008000B970472DE9F84F0121814668
:104AF800214C224D224E54E8003F2A68306844E891
:104B08000013002BF7D11F494B684FF47A7BDFF86D
:104B180078A01B1A01270BFB02F8DAF80020A3FB88
:104B280002325A4594BF9044D84454E8003F2A685A
:104B3800306844E80073002BF7D14B68DAF800C0FE
:104B48001B1A0BFB02F2A3FB0C3CBCF57A7F94BF4B
:104B5800624402F57A72A2EB0802B2F57A7F06D3B4
:104B6800B9F1010908F57A78DFD1BDE8F88F01F0CD
:104B7800A1FC0449D9E700BF00260020FC2500203D
:104B8800F8250020001000E0D4250020272816D89A
:104B98000201104B03EB00109B5810B4C2685C680C
:104BA800144205D061B95DF8044BC3F888207047FA
:104BB800836851B1084A5DF8044B1A607047704722
:104BC8005DF8044BC3F884207047044A5DF8044B31
:104BD8001A6070477809002038F001003830010069
:104BE80027280BD8064B020103EB00109A58C3681C
:104BF80092681A4214BF01200020704700207047B5
:104C080078090020272829D8164B0201012903EB2F
:104C180000109A5810B45368C4680ED004290CD0F8
:104C280023EA040353608368A9B1022917D0032932
:104C38000CBF0D4A0D4A1A6007E02343012953604F
:104C4800836808D040F638021A60436815225DF878
:104C5800044B1A60704738221A60F6E77047044A16
:104C68001A60F2E7780900203830010038000100A6
:104C780038F0010070B50E4C4FF6FF7E0D4E04F172
:104C88001E05A6F58053002102E0B34281B204D28A
:104C98001A88481C02337245F7D124F8021FAC4227
:104CA80006F58056EDD1044B01221A7070BD00BF85
:104CB800D625002000101F602C260020B0F5876F35
:104CC8002CD2174B10B51B78044623B3A008154BFC
:104CD80004F00301144CA3FB0023144ADB08C3EBC4
:104CE800031E9C46A0EB0E0341EA8C01FF2034F81A
:104CF80013C01A444FEA4C0C13030CEB023CBCEBF8
:104D0800023F07D91A880233D4B28C4208BF100A6E
:104D18009C45F7D810BDFFF7ADFFD7E7FF207047D8
:104D28002C26002089888888D8250020F0010600D4
:104D380008B5FDF73DFAFDF763FB01F0BBFBFAE7A9
:104D4800844641EA000313F003036DD1403A41D38E
:104D580051F8043B40F8043B51F8043B40F8043B4D
:104D680051F8043B40F8043B51F8043B40F8043B3D
:104D780051F8043B40F8043B51F8043B40F8043B2D
:104D880051F8043B40F8043B51F8043B40F8043B1D
:104D980051F8043B40F8043B51F8043B40F8043B0D
:104DA80051F8043B40F8043B51F8043B40F8043BFD
:104DB80051F8043B40F8043B51F8043B40F8043BED
:104DC80051F8043B40F8043B51F8043B40F8043BDD
:104DD800403ABDD2303211D351F8043B40F8043B7D
:104DE80051F8043B40F8043B51F8043B40F8043BBD
:104DF80051F8043B40F8043B103AEDD20C3205D38D
:104E080051F8043B40F8043B043AF9D2043208D084
:104E1800D2071CBF11F8013B00F8013B01D30B88F6
:104E280003806046704700BF082A13D38B078DD0D4
:104E380010F003038AD0C3F10403D21ADB071CBFA6
:104E480011F8013B00F8013B80D331F8023B20F810
:104E5800023B7BE7043AD9D3013A11F8013B00F849
:104E6800013BF9D20B7803704B7843708B788370D1
:104E78006046704701F0E8BB01F1FF3C70B566463B
:104E8800002400E00134B0FBF2F502FB1503092B06
:104E980003F1370E03F130035FFA8EFE98BF5FFA15
:104EA80083FE9042284606F801EFEBD2631C0022ED
:104EB800C818CA547CB162461CF8015F10F8016D2D
:104EC800A1EB0C0302328CF80060013B521A05700A
:104ED80023449A42EFDB084670BD00BF4FF0010C37
:104EE8000CFA01FC01EB410100EB411170B5B1F87E
:104EF8000EE01FFA8CF5254C1FFA8EFE24782E0141
:104F08000EFB033306F0F006E340B0F88841734522
:104F1800A4B228BF73463443012AA0F888410DD0B3
:104F2800022A28D0C2B10CF00F02B0F888C11FFACB
:104F38008CFC4CEA020CA0F888C170BD9BB20CF046
:104F48000F022D02CB82B0F8803105F470659BB258
:104F58002B43A0F88031E8E7AEEB030E0CF00F020C
:104F68001FFA8EFEA1F80AE0B0F880319BB2134315
:104F7800A0F88031D9E79BB20CF00F02CB83B0F8D0
:104F880080319BB21E43A0F88061CEE783150020D4
:104F980027284BD8F8B52A4D044615F8202005EBEC
:104FA8008005012A2DD0022A3FD16B78C3F3011066
:104FB80003283ED0234A02EB803203F0030C224838
:104FC80089B2634602EB4C1C0678BCF806E058012F
:104FD800BCF810301FFA8EFECEF1011E1EFA83F3C4
:104FE80003F1FF3E0EFB01F1F1408E4523D95B1A18
:104FF800C3F101039BB289B20244ACF806301182B6
:105008000DE06A78C2F30113032B10D00F4800EBB0
:1050180083308BB202F00301AA78FFF75FFF0C4BD5
:10502800EA7803EB04135B681A60F8BD7047094817
:10503800EFE7094AC1E7991E4FF6FF73DBE700BFA8
:10504800940C002000C01D408315002000C03D4086
:105058007809002000803E4000801E4000230F2277
:1050680048F2B82C194610B54FF470444FF4806ECE
:10507800A0F88C414FF46044A0F88E210A46A0F8AD
:105088009031B0F888319BB243F0F003A0F8883132
:1050980001EB4103013100EB431304299C80A3F881
:1050A80006E05A841A865A805A81A3F80EC05A829A
:1050B800DA825A83DA83EBD1B0F888319BB243F0B5
:1050C8000F03A0F88831B0F888319BB243F47063BD
:1050D800A0F8883110BD00BF374B384A996F38485F
:1050E80041F47F0170B5996741F20106D3F8801049
:1050F80045F6C05543F226040A43C3F88020FFF75B
:10510800ADFF00F58040FFF7A9FF00F58040FFF7ED
:10511800A5FF00F58040FFF7A1FF0022A0F50310CE
:105128004FF00F0E114600EB42134FEA421C0132BA
:105138009981042A5981A3F80EE09E82DD8020F827
:105148000C1019829C81EED100221E484FF00F0EE0
:1051580041F20106114645F6C05543F2260400EB1C
:1051680042134FEA421C01329981042A5981A3F85B
:105178000EE09E82DD8020F80C1019829C81EED111
:10518800002211480F2641F20105114645F6C05488
:1051980043F2260E00EB42134FEA421C013299817A
:1051A800042A5981DE819D82DC8020F80C10198246
:1051B800A3F80CE0EED170BD00C00F40000003FC66
:1051C80000C03D4000001E4000401E40704700BF28
:1051D80072B6EFF305834F4CC4F88430EFF30882BE
:1051E8004FF0E0234C4E4D4DD3F8280DD3F82C1D2D
:1051F800C4E92201D3F8341DD3F8383DC4E9241397
:105208009369C4F89830D369C4F89C3000F0D0F89A
:1052180084ED280A01F0FAF90B214FF0FF32C4F8A7
:10522800A4000B46C4F880103D49301D5A40202484
:1052380002F00103013C01FB03F383EA5202F7D1B8
:10524800A84202D073680646EFE7324BC3F8A8209D
:10525800BFF34F8F4FF0E0232F49324AC3F8701F36
:10526800C3F8702FBFF34F8FBFF36F8F2E4A0225FD
:105278002E48D36E2E4943F44053D3660560D36954
:105288002C4823F07F0343F04003D3610B6883422B
:105298003DD8264D00214FF0E0234FF0FF32296022
:1052A8000126C5F808112449C5F80011C5F8086198
:1052B800C3F88021C3F88421C3F88821C3F88C215E
:1052C800C3F8902101E000F065F9D5F80C31002B06
:1052D800F9D00134C5F80C614F2CF4D9174B0220D2
:1052E80017494FF00042C1F840015A63D5F80C3114
:1052F8003BB9144814490D4A0163D2F80C31002B0C
:10530800FAD04FF0E023114AC3F80C2DFEE7FFF75F
:1053180071FABEE700FF272080FF2720A8FF27207B
:105328002083B8EDA0FF272000C00F4000400840B0
:105338005C0F0020803DCD0B009F240000900D40A5
:1053480000002E4000800F40F100AD0B0400FA056C
:105358000A490A6838B108B513180948834204D8BD
:1053680010460B6008BD1046704703F01FF90C2368
:105378004FF0FF320360104608BD00BF880F0020C1
:1053880000002820002070474FF0FF30704700BF12
:105398004FF4005300204B60704700BF0120704756
:1053A8004FF0FF30704700BF30BFFDE7FFF710BF79
:1053B800124AD2F880305B07FBD5D2F8803010480B
:1053C800C3F30B230F4990ED007A07EE903A91ED65
:1053D800006AB8EE477A0C4AF8EEE77A0B4BD2ED42
:1053E800006A77EEC77A93ED007AB8EE477A67EEEF
:1053F800867A87EEA60A37EE400A704700810D408C
:10540800C4250020CC250020D0250020C825002058
:10541800836BF0B41BB1536843F40043536072B616
:10542800446B3CB31A4B2260D3F8B0410C421DD1F7
:10543800184E776804E07468E41BB4F5166F0BD255
:10544800D3F8404144F48044C3F84041D3F8B851FC
:10545800D3F840416404EED50D4007D10C4CC0E9A7
:105468000225D4F8B0310B43C4F8B031426362B6B8
:10547800F0BC7047064DC0E90224D5F8B0310B43A3
:10548800C5F8B0310263426362B6F0BC704700BF32
:1054980000002E40001000E070B5056B9DB1064677
:1054A8002A46002403E012680134012A0CD053680C
:1054B80013F08003F7D032632CB12846B36B2D6804
:1054C8009847013CF9D170BDC6E90C33F4E700BF39
:1054D80030B4D9B91F4C204B0021204A01254FF088
:1054E800011099601D60C4E9023180245C60C2F833
:1054F800BC01D2F8B0311A482B43C2F8B031016070
:10550800D2F8B031002BFBD130BC70470904154BE1
:10551800104C012541F080019860104A596000F54F
:1055280080511D60D96000F50051A364196100F530
:10553800405100F58040596100219861E164D2F83A
:10554800B03143F48033C2F8B031D2F8B031002B17
:10555800FBD1C0E700000020C01A002000002E4048
:105568000C250020E01A0020084901220B7802FAD5
:1055780000F023EA0000087030B9054AD2F8483133
:1055880023F08003C2F84831704700BF2F2600205F
:1055980000002E402DE9F04F974C83B0D4F84471A9
:1055A800FB07C4F8447153D5D4F8AC21002A4AD07B
:1055B800924EDFF860A2DFF87492DFF874B2DFF879
:1055C8007482C4F8AC21D6E90A20D4F8403143F4F7
:1055D8000053C4F84031D4F840319D04F5D5D4F8CF
:1055E800403123F40053C4F840314FF00113C4F89C
:1055F800B431D4F8B45115F00115FAD193B28446F8
:10560800CAF80050B3F5086F00F0CF8100F2DB80D4
:1056180040F202318B4200F0E78100F29A80822B3F
:1056280000F0CB81B3F5817F40F08A8010F0780FCD
:1056380083B200F003824FF00113C4F8C031D4F8EC
:10564800AC21002ABDD16C4AD2F8BC31002B42D122
:105658007E0616D5684BD3F8AC21C3F8AC21D3F835
:10566800BC21C3F8BC21D3F8B041002CFBD14FF0CA
:10567800FF32C3F8B421D3F8843100F029FD604B20
:105688001C60FC0103D55F4B1B6803B19847B80148
:1056980003D55D4B1B6803B19847790708D5564B6E
:1056A800D3F8843113F4007347D0584B01221A7091
:1056B800514BD3F848311A060AD53B0608D5544A47
:1056C80013782BB1013BDBB21370002B00F0728210
:1056D80003B0BDE8F08F4F49C2F8BC3108680342F7
:1056E80040F0D181464A14681C40B1D05FEA1448A2
:1056F80010D0424E4FF0010998FAA8F5B5FA85F591
:1057080006EBC51009FA05F54030FFF7C5FE38EA83
:105718000508F1D1A4B2002C9AD0384E4FF00108F8
:1057280094FAA4F5B5FA85F506EBC51008FA05F55F
:10573800FFF7B2FEAC43F3D18AE7344A1370B7E7F8
:10574800802B7FF478AF344802210580FFF7C0FE34
:1057580075E7B3F5A06F00F00B81A3F5D063012BBB
:105768003FF669AF2D4B5D68002D3FF464AF1FFA1B
:105778008CFC4FEA124E04E01D690C33002D3FF4F7
:105788005AAF1A887245F7D15A886245F4D14FEA60
:105798001E22032A00F0A5811A89000C824228BF24
:1057A8000246BEF5007F40F0A181184B1C491878CD
:1057B8001C4B0192002818BF19461B48FFF7C0FA76
:1057C800194D019AE1E142F221218B427CD033D973
:1057D80042F221318B4200F081804FF6C0018B42AA
:1057E8007FF429AF10F47F4F83B27FF424AF43F4E2
:1057F8006E4363F30F0CB5E700002E400000002055
:1058080010250020182600201C2600203526002000
:10581800362600200C25002084250020780D002045
:10582800701D0060D41D00600000202004250020A9
:105838005DCFC6B8C0012E40B3F5106F66D042F2F6
:1058480021018B427FF4F7AE030C072B7FF4F3AEF4
:10585800B24BB349F560D960B249B360C3F8089058
:10586800C1E9002001221A60AF4A5A60AF4A1A61A2
:10587800D4F8B01141F00101C4F8B01102F580511B
:1058880002F5005259619A61D4F8B031002BFBD16E
:10589800A74AF36493600123B264136048F280035B
:1058A80053604FF00113C4F8BC31D4F8B03143F45D
:1058B8008033C4F8B0314FF48033CAF80030D4F8DC
:1058C800B031002BFBD1BAE680B238B9994BC2F39C
:1058D80007421968984B1960984B1A70944B00222C
:1058E8009A60F2640122B3641A6080225A604FF011
:1058F8000113C4F8BC31D4F8B03143F48033C4F890
:10590800B031D4F8B031002BFBD198E6C2F307428E
:105918008B4B1A708B4BC4F8C8318B4BC4F8CC3105
:105928008A4BC4F8D03100F0D5FB8022294688483C
:1059380002F008FD874B8022C6F8A0B0C6F8E03018
:105948007B4BF5645A600122B3649D601A604FF086
:105958000113C4F8BC31D4F8B03143F48033C4F82F
:10596800B031CAF80050D4F8B031002BFBD166E64C
:105978006F4B0121F564196080219D60B364596003
:105988004FF00113C4F8BC31D4F8B03143F480337C
:10599800C4F8B031D4F8B031002BFBD1130C5B063E
:1059A80043F08073C4F8543149E6654B01216A48D5
:1059B8001B780370FFF78CFD41E683B210F0780086
:1059C8007FF439AE03F07F0258F82210624A108043
:1059D800180600F19E80CB0701D501231370022120
:1059E8005D48FFF775FD2AE610F0780F83B27FF463
:1059F80022AE03F07F0213F0800F58F8223014BF54
:105A080043F4803343F0010348F822300022484B26
:105A1800F2649A600122B3641A6080225A604FF0DF
:105A28000113C4F8BC31D4F8B03143F48033C4F85E
:105A3800B031D4F8B031002BFBD100E603F07F027F
:105A480013F0800F58F8223014BF23F4803323F06A
:105A5800010348F822300022354BF2649A60012293
:105A6800B3641A6080225A604FF00113C4F8BC3145
:105A7800D4F8B03143F48033C4F8B031D4F8B0313D
:105A8800002BFBD1DBE50020086026490C8848681C
:105A980042F221018C427FF425AE80B200287FF4C7
:105AA80021AE2E492E4C03C9A18086284FEA114108
:105AB8002060A1717FF416AE72B62A48017841F0D1
:105AC80008010170D2F848110D0605D48020014361
:105AD800C2F84401C2F8481162B6234A5021117035
:105AE80000E6000C2A78824228BF0246BEF5E06F25
:105AF80044D11E4B1E4D18781E491F4B0192002899
:105B080018BF19462846FFF71BF907236B70019A3F
:105B18003BE0C9033FF561AF61E700BFE01A002031
:105B280004350020801C0020800007000445002068
:105B3800C01A0020FC25002014260020332600204F
:105B4800342600200200CC00C80002000200C80071
:105B5800800000201993D574842500200425002096
:105B68000C2600202F26002036260020352600206F
:105B780000002020D41D0060701D00602946104DD3
:105B880001922846FFF7DCF8019A25F01F03154417
:105B9800BFF34F8F4FF0E021C1F8703F20339D4293
:105BA800FAD8BFF34F8FBFF36F8F05481146FFF741
:105BB8008FFC44E50320FFF7D7FC09F0B5F800BFD8
:105BC800000020202DE9F0471F46831E022B01D933
:105BD800BDE8F087DFF84C9015460C463C2209EBEF
:105BE800C01806464FEAC01A002108F10400240430
:105BF80002F0A8FBB5FA85F20123520944EA42747F
:105C080049F80A40C8F83870C8F80830002FDFD0C3
:105C1800034AB34011680B431360BDE8F08700BF27
:105C280010250020000000202DE9F0470D46811EB8
:105C3800022901D9BDE8F087C701DFF84C909246E8
:105C4800044640373C2200211E4609EB07082D0474
:105C580008F1040002F076FBBAFA8AF2520945EA22
:105C6800427249F807200122C8F83860C8F80820AD
:105C7800002EDFD0034B10341968A2400A431A6083
:105C8800BDE8F08710250020000000201204816084
:105C9800C36101F5405342F0800210B40124426010
:105CA80001F50052046001F5805401F58041C4609B
:105CB80081615DF8044BC0E904237047831E0A46DE
:105CC800022B00D97047064B00F110014FF0010C70
:105CD80003EBC0100CFA01F14030FFF799BB00BF8D
:105CE80000000020831E0A46022B00D970470121BC
:105CF800024B814003EBC010FFF78ABB0000002075
:105D080040687047124A134BD2F8200220F07F40B7
:105D1800984210B584B002D200EB800040000E4CCF
:105D280001A90A22FFF7A8F801A90023204611F8C3
:105D3800012B01333AB10A2B20F8022FF7D1162391
:105D4800237004B010BD5B00DBB2237004B010BD3B
:105D580000441F40809698006C15002000F0CEBAD1
:105D680000F0C0BA00F05CBB00F032BB0846114638
:105D780000F022BBF8B5144C4FF0E025134E4FF459
:105D8800003204EB4024124F06EB40160346C5F8D8
:105D98008C2121463A883046FFF778FF3B88234418
:105DA800BFF34F8FC5F85C4F2034A342FAD8BFF336
:105DB8004F8FBFF36F8F03203146FFF793FF4FF4E8
:105DC8000033C5F80C31F8BD80002020001B0020EE
:105DD80020260020244B2DE9F0411C884368C56922
:105DE800C3F30E43E41A002C24DD204920480A7826
:105DF8000078D3B21F4E82421F4807D010F80380A4
:105E080036F81870C7F50072944218D90133002289
:105E180026F81540082B194E88BF134626F815207A
:105E280098BFDAB2C554164B0A701A6814441C603D
:105E3800BDE8F0812846BDE8F041FFF79BBF07EBBE
:105E48004820104922462744084401EB4521FEF723
:105E580077FF0B4A284626F8187013682344BDE8D4
:105E6800F0411360FFF786BF202600202D26002072
:105E78002E26002098250020B8250020A8250020DF
:105E880094250020800020201D4B1A78002A36D146
:105E980002F0FF031B4A12788AB32DE9F0411A4D2C
:105EA8002A8852B3194EC2F50068194F3278194C36
:105EB80007EB421704EBC224424638462146FFF757
:105EC800E5FE04EB0802BFF34F8F4FF0E023C3F861
:105ED800704F2034A242FAD8BFF34F8FBFF36F8FB1
:105EE80004203946FFF7EAFE33780133DBB2032B8F
:105EF80088BF0023337000232B80BDE8F0817047F2
:105F080032260020342600202226002031260020B8
:105F1800001C0020801020202DE9F04F85B0CDE92D
:105F28000110002900F0BF800023604CDFF8988141
:105F3800DFF898A15E4F009301235E4A23705E4B01
:105F48001978B8F8003002EB4119002B40F0A7800F
:105F58001E461D469B464846FFF7D2FE10F08000BD
:105F680000F08C80BFF34F8F9AF8003084F800B0AF
:105F780005B93E68002B7DD13B689B1B782B00F24E
:105F880087804E4B1B78002B74D000F093FA0122C7
:105F9800B8F8003015462270002BDCD0464AC3F50D
:105FA800006011781A4600EBC120454DC90228440B
:105FB800019D954217D20393DDE901512A46FEF768
:105FC800BFFE039B4FF040425B1BA8F800303D4BDF
:105FD800C3F88420BFF34F8F009800232844237010
:105FE80005B0BDE8F08F364BCD180299FEF7A8FE34
:105FF80000234FF4006229464846FFF747FEBFF3E7
:106008004F8F05F1200205F50063934234BF012349
:1060180040234FF0E02205EB4313C2F8705F2035B0
:10602800AB42FAD1BFF34F8FBFF36F8F04204946BD
:10603800FFF744FE204A13780133DBB2032B84BFF9
:1060480000231D4A1370B8F80030019AD11A009A3B
:106058001A4401910092029A1A4400230292194AA2
:10606800A8F80030C2F88430BFF34F8F237000299E
:106078007FF462AF009805B0BDE8F08F4FF400627E
:106088000D4B8AF8000019781346A8F800208AE713
:10609800012300988AF8003005B0BDE8F08F1A4651
:1060A800C3F500607FE70198E5E700BF32260020CE
:1060B800FC250020001C002031260020342600206A
:1060C8008010202000002E402226002030260020AC
:1060D800704700BF2A4B002180222A4870B51B78E0
:1060E8000024294D8B42294E0CBF40234FF40073E6
:1060F8002B80338002F026F9254A2146254B14705F
:106108004FF4807224481C8002F01CF9234A1021A5
:10611800234B0220C2E90044C2E90244214AC3E9F0
:1061280000441470204AC3E90244204B1C702346E3
:1061380014602246FFF778FD2246318803201C4B65
:10614800FFF740FD2346012229880420FFF76CFD54
:1061580020460134FFF70EFE082CF9D1154B4A22D0
:1061680015480021154C0460C3F88410C3F880203A
:10617800D3F8482142F08072C3F8482170BD00BFAF
:1061880035260020001C0020242600202026002080
:106198003126002022260020001B00209825002000
:1061A800A82500202D260020942500202E2600203A
:1061B800953F000000002E401826002049400000AE
:1061C8002DE9F04F4FF0E0234FF40032DFF8C8A07C
:1061D80083B0C3F88C218B469AF8004000294FD031
:1061E8008046E4B20027DFF8B490264BABEB0702F9
:1061F80025491B78A34204F101043FD0092C234B05
:10620800404628BF00241E5D39F816C00CEB462313
:1062180019441F4B33F81650A5EB0C05AA421CD2A3
:106228000CEB462C18491B4C61440192FEF788FD83
:10623800216839F816505846019AA1EB0B012A44F7
:10624800394429F8162021604FF0E0234FF400323A
:10625800C3F80C2103B0BDE8F08F2A462F44FEF79F
:106268006FFD0C49E3B230460A68A844521B0A6025
:106278008AF80030FFF77EFDBB45B6D83846E3E71D
:106288000846E1E72D26002080002020B8250020C0
:1062980098250020942500202E260020A8250020DF
:1062A8000B4B0C4A12781978D3B28A420DD00133BD
:1062B80009480A4A092B0A4928BF0023C35C31F858
:1062C800131002EB4323585C70474FF0FF307047C0
:1062D8002D2600202E260020B82500208000202012
:1062E800A8250020044B10B51C680CB1204610BD31
:1062F80000F0E0F8204610BD942500202DE9F84F65
:10630800144E154D33782A78934221D0DCB2DFF849
:106318005090DFF850B0DFF85080104F0134082C4F
:106328005FFA84FA01D90024A24619F80400DBF8C0
:10633800003038F8102037F81010521A9B1ACBF892
:106348000030FFF717FD86F800A02B78A342E5D1AF
:10635800BDE8F88F2E2600202D260020A825002035
:10636800B8250020942500209825002000B583B08A
:1063780001210DF10700FFF723FF20B19DF8070069
:1063880003B05DF804FB4FF0FF30F9E7094B00B5A7
:1063980083B01B788DF807003BB101210DF1070090
:1063A800FFF7BAFD03B05DF804FB03F0FF0003B08C
:1063B8005DF804FB34260020044B1B7803F0FF0231
:1063C8000BB1FFF7A9BD1046704700BF3426002067
:1063D8002DE9F0410024DFF8448001230D4D2746C4
:1063E8000D4E88F80030337828462035A34204F152
:1063F800010405D0FFF784FC030658BF07F50067C2
:10640800042CF0D1BFF34F8F0023384688F80030B2
:10641800BDE8F081001C0020312600203226002033
:106428002DE9F8431D4B1B7813B11D4D2A880AB975
:10643800BDE8F8831B4EC2F500691B4933784A460C
:106448001A4C01EB43181A4F04EBC32401234046AE
:106458003B7021460023FFF719FC04EB0902BFF348
:106468004F8F4FF0E023C3F8704F2034A242FAD880
:10647800BFF34F8FBFF36F8F04204146FFF71EFC19
:1064880033780133DBB2032B88BF0023337000233A
:106498002B80BFF34F8F3B70BDE8F8833426002074
:1064A8002226002031260020001C002080102020F9
:1064B800322600202DE9F843324E337863B1324F4B
:1064C8003A784AB90122D9073A7044D49A0726D4AF
:1064D80000225B073A7001D4BDE8F8832B4B1A6899
:1064E800002AF9D0EFF30582002AF5D1EFF31085E1
:1064F80072B6186800283BD0254C2178002937D17E
:106508000122227042691A60002A38D0916105B9C7
:1065180062B600258368457798472570DCE7DFF881
:106528007C8098F80020002AD2D00025DFF87090EF
:106538002B4659F823400135236820461B699847A4
:1065480010B163699B68984798F80020EBB29A42AB
:10655800EFD83378BCE7FFF7C5FE68B90D4B1B7859
:106568000BB93378B2E7337803F0FE033370ADE745
:10657800002DB1D162B6AFE700F05AF8EEE7064B4E
:106588001A60C4E7841500202A260020C0210020B4
:1065980028260020441E0060CC2100202926002047
:1065A800D021002070B5EFF3108272B60C4C206831
:1065B80080B10C4E00254369236073B19D6102B917
:1065C80062B6836845779847EFF3108272B6206801
:1065D8000028F0D102B962B670BD3360EFE700BFA2
:1065E800C8210020C4210020FFF7DCBF0449054A68
:1065F8004968054B1960136801331360704700BF81
:10660800001000E0FC250020F8250020074A506A09
:10661800936A19468446506A936A9942F9D1844527
:10662800F7D1DB0B43EA4040704700BF00400D4004
:10663800704700BF03460846194601F089BF00BFEE
:106648000A22002101F0F0BC024B0146186800F054
:106658000BB800BF18150020024B0146186802F05D
:10666800C1BA00BF181500202DE9F04F01F10B0643
:10667800162E83B0044624D8102900F2BA8000F000
:10668800A3FA102618220220B54F3A44A2F10801B5
:1066980053688B4200F0BA805A68D96822F0030226
:1066A8001A449D68E9608D60516841F001012046F7
:1066B800516003F1080500F08DFA284603B0BDE8E3
:1066C800F08F36F0070600F19480B14200F2918015
:1066D80000F07AFAB6F5FC7FC0F09A81730A00F0F0
:1066E8008F80042B00F26F81B30903F1390003F1A5
:1066F800380CC3009A4F3B44A3F108055B689D42E0
:1067080006D10CE0002980F22781DB689D4206D083
:106718005A6822F00302911B0F29F3DD60463D6998
:10672800DFF850C265457CD06A6822F00302931BEB
:106738000F2B00F37B81002BC7E904CC80F26C811E
:10674800B2F5007F80F01A81D308796801334FEAE7
:10675800521E012202FA0EF20A4357F833E0C5F836
:1067680008E007EBC3010839E9607A6047F833505D
:10677800CEF80C50831001219940914257D811420C
:1067880006D120F003004900114200F10400FAD0BC
:1067980007EBC0094D468646D5F80C80454508D11B
:1067A8001DE1002B80F22481D8F80C80454500F0CB
:1067B8001681D8F8042022F00302931B0F2BF0DD7A
:1067C8002046D8E9025408EB060146F00106C8F84D
:1067D8000460EC60A56043F00104C7E90411C1E955
:1067E80002CC4C6048F8023000F0F4F908F10805D2
:1067F80002E00C2323600025284603B0BDE8F08F93
:106808004FF4007340204FF03F0C73E7D3689A426F
:1068180008BF02307FF440AF3D69DFF858C16545D5
:1068280082D17A688310012199409142A7D9BD6825
:106838006B6823F003094E4503D8A9EB06030F2B19
:106848007ADCDFF834B1474BDBF800201B680132F3
:10685800334405EB090A00F0338103F580530F3305
:1068680023F47F6828F00F084146204601F076FEA1
:10687800411C024600F0F380824500F2EE803A4B5C
:10688800196841441960084600F04E81DBF8001091
:10689800019301311BBFA2EB0A010918CBF80020B4
:1068A800196012F0070B00F01781CBF108010A44B8
:1068B800CBF5805190440831A1EB0801C1F30B0AD4
:1068C80051462046009201F049FE421CDDE90023B2
:1068D80000F04F81801A00EB0A081968BA6048F086
:1068E80001005144BD425060196000F02981B9F19E
:1068F8000F0F40F227816868A9F10C0C2CF0070CE7
:1069080000F0010040EA0C0068604FF0050E05EB4E
:106918000C00BCF10F0FC0E901EE00F232815068A3
:106928001546124B1A688A4238BF1960104B1A680C
:106938008A4238BF196094E0AA1943F0010346F06F
:1069480001066E602046BA60536000F043F90835CE
:10695800284603B0BDE8F08FD9681A44A1E600BF05
:10696800FC100020BC2300208C230020B42300202E
:10697800B82300200411002004150020B2F5206F70
:106988004FEA522363D3142B00F2B78003F15C0162
:10699800C9005B3307EB010E7958AEF1080E8E453E
:1069A80000F091804B6823F00303934202D9896871
:1069B8008E45F7D1D1F80CE07A68C5E9021ECEF809
:1069C8000850CD60D6E6142B59D9542B00F29D807F
:1069D800330B03F16F0003F16E0CC3008AE60EF16E
:1069E800010E1EF0030F05F108057FF4D5AE51E046
:1069F800424445465368D8F80C1043F001035360ED
:106A080055F8083F2046D9608B6000F0E3F8F3E6BC
:106A1800F00806F1080237E62A442046536843F096
:106A280001035360083500F0D5F8E5E6A9192046BA
:106A380046F0010643F001046E60C7E90411C1E99C
:106A480002CC4C60AB5000F0C5F80835D4E6930989
:106A580003F13901C90038339CE7BD425FD0BD68F6
:106A6800686820F003084645A8EB060302D80F2BF8
:106A78003FF762AF204600F0ADF80025BCE603F111
:106A88005C0003F15B0CC30034E659F808394B4548
:106A980040F0968010F0030F00F1FF30F5D17B68CD
:106AA80023EA01037B60490099423FF6C0AE19B959
:106AB800BDE649000EF1040E1942FAD0704667E6A9
:106AC80003F11008D0E69A104FF001087B6808FA25
:106AD80002F21A437A6070E702EB08014942C1F3F7
:106AE8000B0A51462046009201F038FD431CDDE9AF
:106AF80000237FF4EFAEDA46EFE6542B25D8130BCC
:106B080003F16F01C9006E3344E7B3F5AA7F25D8B6
:106B1800F30B03F1780003F1770CC300EAE5294B86
:106B2800186840441860B1E6CAF30B0CBCF1000FBA
:106B38007FF4ACAEBD68C84448F001006860F0E678
:106B48001546EEE60123536094E7B3F5AA7F23D8F0
:106B5800D30B03F17801C90077331BE740F2545295
:106B6800934223D8B30C03F17D0003F17C0CC300DE
:106B7800C0E5ABF1080BD844A8EB02084FF0000AB7
:106B8800ABE605F108012046009302F02BF8BD683A
:106B9800009B68681968C4E640F254518B420BD8D0
:106BA800930C03F17D01C9007C33F3E64FF47E7347
:106BB8007F204FF07E0C9DE54FF47E717E23E9E641
:106BC8007B6870E78C230020014801F0EDBE00BF10
:106BD80084230020014801F0E9BE00BF842300207F
:106BE80010B4044C03460A4620685DF8044B194665
:106BF80000F002B8181500202DE9F84F17460029B3
:106C080000F098800C4607F10B058046FFF7DCFF83
:106C1800162D54F8041C5BD810252A46AF425CD8C0
:106C280021F003069642A4F1080962DABC4BD3F8B6
:106C380008C009EB0600844500F09780D0F804C02E
:106C48002CF0010303445B68DB0768D42CF0030CC9
:106C580006EB0C03934247DACB0710D454F8083CF0
:106C6800A9EB030ADAF8043023F003018C44B44496
:106C7800944580F211817318934280F2E880394676
:106C88004046FFF7F1FC0746E0B154F8043C23F016
:106C980001034B44A0F10802934200F0D280321F56
:106CA800242A00F2F580132A00F2AC80034622461B
:106CB800116819605168596092689A602146404687
:106CC80001F090FF4046FFF785FF3846BDE8F88F92
:106CD80025F00705002D2A46A0DA0C23C8F8003055
:106CE80000273846BDE8F88F1E46D0E90223D36056
:106CF8009A60731B0F2B22D8D9F8043003F00103D4
:106D080033434E44C9F80430736843F00103736099
:106D180040462746FFF75EFF3846BDE8F88FC907AB
:106D2800ADD454F8083CA9EB030ADAF8041021F0B2
:106D38000301A0E7BDE8F84F1146FFF795BCD9F865
:106D4800042009EB050102F001024E4443F001035F
:106D58002A43C9F804204B60736843F001030831E3
:106D68007360404601F03EFFD2E7DCF8040020F0F3
:106D7800030B06EB0B0C05F1100084454DDAC9072F
:106D88003FF57DAF54F8081CA9EB010ADAF80410A6
:106D980021F003018B44B34458453FF76CAF574685
:106DA800DAF80C1057F8080F321F242AC1608860DF
:106DB80000F2DB80132A40F2D6802168CAF8081056
:106DC8006168CAF80C101B2A00F2DF8008340AF147
:106DD80010022168116061685160A16891600AEB36
:106DE8000501ABEB050242F0010299604A60DAF84E
:106DF800043003F001032B434046CAF80430FFF780
:106E0800E9FE6EE723680360636843601B2A68D85D
:106E180004F1080200F108034AE709EB05029A6049
:106E2800ACEB050343F00103536054F8043C03F052
:106E380001032B43404644F8043CFFF7CBFE2746AA
:106E48004FE750F8043C23F003031E4451E757462C
:106E5800DAF80C1057F8080F321F242AC16088602E
:106E68004CD8132A48D92168CAF808106168CAF8AA
:106E78000C101B2A56D808340AF110021E46236843
:106E8800136063685360A3689360D1463C4630E75B
:106E9800214601F0DBF911E7D0E902135746CB6030
:106EA800996057F8081FDAF80C30CB60321F242A93
:106EB80099602DD8132A29D92368CAF8083063683D
:106EC800CAF80C301B2A42D808340AF11003226889
:106ED8001A6062685A60A2689A606646D1463C4663
:106EE80007E7A3688360E368C360242A26D004F117
:106EF800100200F11003DBE63A46BFE721463846A8
:106F08001E46D14601F0A2F93C46F2E63B46DEE7D2
:106F1800214638466646D14601F098F93C46E8E6EF
:106F2800FC100020A168CAF81010E168CAF8141013
:106F3800242A20D010340AF118029FE7236903613C
:106F48006169416104F1180200F11803B0E6A36811
:106F5800CAF81030E368CAF81430242A21D0103453
:106F68000AF11803B3E73A4633E72146384601F0F9
:106F78006DF9164B33E72269CAF818206269CAF816
:106F88001C2018340AF1200278E7A168CAF810100A
:106F9800E168CAF81410242A0DD010340AF1180236
:106FA80017E72369CAF818306369CAF81C3018341F
:106FB8000AF120038BE72269CAF818206269CAF827
:106FC8001C2018340AF1200203E700BFFC1000203F
:106FD8002DE9F04F2DED108B97B08A4600210792CE
:106FE800129100220021CDE90412804651461191E8
:106FF8000F4611F8012B2D2A5ED801A050F822F077
:107008006153000079520000795200007952000063
:10701800795200007952000079520000795200003C
:1070280079520000AF510000AF510000AF5100008D
:10703800AF510000AF5100007952000079520000B2
:10704800795200007952000079520000795200000C
:1070580079520000795200007952000079520000FC
:1070680079520000795200007952000079520000EC
:1070780079520000795200007952000079520000DC
:10708800AF51000079520000795200007952000097
:1070980079520000795200007952000079520000BC
:1070A8007952000079520000795200009B59000083
:1070B800795200008759000000210991302A7DD0BB
:1070C800002308932F2A144640F2CD844FF000097C
:1070D80038464E464D4612E00130082D1190C8BF83
:1070E80009EB89090478C6BF02EB4902A2F130090D
:1070F800A3F130062F2C05F1010522466FDD06EBC2
:107108008603392C02EB4303E6DD9F49012201F097
:107118006BF9002837D1119B1A4601331193547823
:10712800002D40F04385302C40F02485C3F1010246
:107138009818013311931C78302CF9D0A4F131033D
:10714800082B00F20183119F431CA4F1300B0B9311
:107158000125BC464FF0000E06EB86060BEB4606F3
:1071680000200CF1010311939CF80140A4F13001B7
:10717800092900F2BB8201308B46002940F04F8478
:10718800DDF844C0EDE70020652CAE460B90844640
:1071980001D0452C30D1002D6BD1089B034367D11A
:1071A800079B9FED778B13B1079BC3F800A0B0EE48
:1071B800480B17B0BDEC108BBDE8F08F7A7802F061
:1071C800DF02582A00F00C84013711973A78302AE8
:1071D800FAD0002A00F0B7800123089372E76A49C1
:1071E800012201F001F9002800F0C080AE464FF0FE
:1071F800000CCDF82CC060464FF0000B002D7ED05F
:1072080007EE906A0B9BB8EE677BABEB0303BEF10E
:10721800000F08BFAE46102D0A932B46A8BF1023B7
:10722800092D8DED047B0CDD584A02EBC30212EDEB
:10723800125B06EE909AB8EE666BA7EE056B8DEDC5
:10724800046B0F2D00F3A8800A9A002A00F0E4834B
:107258000A9A40F33C83162A40F398840A99C5F1A8
:1072680025028A4280F2A6840A9AEB1A134499E00E
:107278000025DDF844A00AF1010311939AF80140B2
:107288002B2C00F05E822D2C00F0F78100230A934E
:10729800A4F13003092B00F2EB81302C05D1119BAE
:1072A800013311931C78302CFAD0A4F13103082B48
:1072B800A2D8119A0C92531C1193A4F1300B547854
:1072C8002F2C07DCDEE3013311934C782F2CA2F12D
:1072D800300B06DD0BEB8B02392C194604EB42020E
:1072E800F1DD0C9A9B1A082B40F3CC8344F61F6BF4
:1072F8000A9B002B82D0CBF1000B002D80D1089B7C
:10730800034320D1BCF1000F7FF44AAF692C00F091
:10731800CF8300F3F382492C00F0CA834E2C7FF40C
:107328003FAF1B4911A802F07FF800283FF438AF9F
:10733800119B1B78282B00F0F284164801F0F4FB0F
:10734800B0EE408B01E09FED0E8B079A0AB1119BBE
:107358001360099B002B3FF42AAFB1EE488BB0EEC7
:10736800480B17B0BDEC108BBDE8F08F119B0B904C
:107378005A1C11925C78AE46F8E600BFAFF3008065
:10738800000000000000000008090020A8020020FA
:1073980018090020A40300200A9AEB1A1344002BB2
:1073A80040F3B08213F00F010AD0C34A02EBC102C6
:1073B8009DED046B92ED007B27EE067B8DED047B43
:1073C80033F00F0240F038820023089300962B46D2
:1073D80072463946404603F057FF8146002800F0C0
:1073E800E1820B9BA3EB0B0B0A9B9FEDA9EB002BF8
:1073F8009FEDA9CB9FEDAADB9FEDABBBB4BF5A466F
:1074080000224FF0000A23EAE3730B920C935446D0
:10741800D9F80410404603F0B5FE0646002800F0EF
:107428000E81D9F810209DED048B0232920009F1EB
:107438000C010C30FDF784FCB0EE480B14AA13A91C
:10744800404604F0DDFA1290002800F0E4800121A3
:10745800404603F0C1FF0446002800F0F080139A6C
:10746800002AC0F2DE800B9B0C9F02EB030B089BEB
:10747800149DD21A2A44914B013A9A42C5F1360515
:1074880080F29880991A1F29A5EB010500F3E38083
:10749800012202FA01F30D9300230E932F44089B57
:1074A8005D44AB455A461F44A8BF2A46BA42A8BF06
:1074B8003A46002A03DDAD1ABF1AABEB020B0B9B51
:1074C800002B00F38880002D00F39C800A9B002B82
:1074D80000F3B780002F00F3A980BBF1000F08DD8F
:1074E80021465A46404604F0B3F80446002800F006
:1074F800A68012993246404604F044F98246002894
:1075080000F09D800023C568C360214604F018F987
:107518000028C0F2C78300F061832146504604F07A
:10752800D9FAB0EE007BB4EEC70BF1EE10FA46D8EC
:10753800002D00F0CB80B7EE009B0598604B002231
:107548006049DFF884C100EA0107674500F0D4808C
:10755800089959B1B7F1D46F08D8B4EECB9BF1EEC6
:1075680010FA40F2568103F1D661CB1BB0EE480BFE
:1075780043EC1A2B04F0B0F9AAEE008B8DED048BC6
:1075880018EE903A089A22B94E4A1A40974200F0EB
:10759800E4801299404603F01BFE3146404603F052
:1075A80017FE2146404603F013FE5146404603F0BD
:1075B8000FFE2DE701230021CDE90D316EE7B6EE70
:1075C800009B20EE099B002D5FD1B1EE497B059809
:1075D80053EC172BB4E721461A46404603F0D8FF70
:1075E800044660B30146129A404603F023FF30B3C5
:1075F8000F901299404603F0EBFD0F9A1292002D5E
:107608007FF764AF12992A46404604F021F8129099
:1076180000287FF45BAF22239FED258BC8F800304C
:10762800BCE00C9BDDF82CB09F1A20E731463A46A7
:10763800404604F00DF8064600287FF44EAF129835
:10764800E9E731460C9A404603F0A2FF06460028B7
:107658007FF440AFF3E7C2F17F4202F57F0202F503
:107668007B420121E23201FA02F3CDE90D1315E75D
:10767800CDF844A04FF0000BC0E501230A930AF1AE
:10768800020311939AF8024002E6B0EE497B9EE7A6
:107698009535A094FFFFCF3F9535A094FFFFDF3FBE
:1076A80035E5AF350000E03F0000C0FFFFFFDF41D8
:1076B800000000000000F07FA802002002FCFFFF8D
:1076C8000000F03F0000F07F0000E07FDDE90412D9
:1076D800002900F08580DDE90412012900F0D88135
:1076E8001046B74BB7EE009B002229E7652C4FF0F8
:1076F800010C3FF4BEAD4CE543EC1A2BA0F15473DA
:1077080005939DED04FBB0EE4F0B04F0E5F8AD4991
:10771800AAEE00FB1FEE903AAB4A194091428DED5C
:1077280004FB72D9A94B18EE902A9A4203D118EE9D
:10773800103A013383D0A54A4FF0FF33CDE9043224
:1077480027E700230A939AE7652C00F0D080452CA0
:1077580000F0CD804FF0010CD1E551EC190B0D93E1
:1077680007F0AAFA07F07AFA049B1D430D9B41EC37
:10777800170BC3F313031D4339EE479B00F0A0809A
:10778800B4EECC9BF1EE10FA05D4B4EECD9BF1EE3D
:1077980010FA7FF7FEAE9DED048B12980146404625
:1077A80003F016FD3146404603F012FD21464046DF
:1077B80003F00EFD4946404603F00AFD5146404697
:1077C80003F006FDC1E501220992791C11917A782E
:1077D800002A3FF4E5AC0F4670E400220992F4E772
:1077E800C2F313031046002B7FF47BAFB7EE007B88
:1077F800B4EEC70BF1EE10FA00F1D381B6EE009BA0
:1078080020EE099BB1EE497BE2E603F15473059340
:10781800B8E6BCEEC99B19EE103A012B38BF01231C
:1078280009EE103AB8EE499B002D40F03E81B1EECA
:10783800497B53EC172B96E6B2F59A7F00F3B2809A
:10784800102A4FEA221340F38682614C9DED047B97
:1078580000202246014613F0010F01F101014FEA11
:10786800630304D092ED006B012027EE067B012B09
:1078780002F10802EFD108B18DED047B059BA3F15D
:107888005473059304EBC1049DED046B94ED007BE8
:107898004C4B27EE067B17EE902A4E4913408B423D
:1078A8008DED047B7ED8A1F580118B4240F2D68104
:1078B800464C4FF0FF33CDE904340023089385E5A7
:1078C800B4EECE9BF1EE10FA7FF563AE63E71632A5
:1078D800FFF662AD0B9BA3EB0B0B3F4B03EBCB030C
:1078E80093ED007B9DED046B86EE078B2DE54FF045
:1078F800000ECDF82CE04FF0010C4EE46E2C3FF456
:1079080010AD4DE43FF460AD5B4213F00F010AD0B7
:10791800314A02EBC1029DED046B92ED007B86EECD
:10792800077B8DED047B1B113FF44EAD1F2B33DC21
:1079380013F0100218BF6A229DED047B0892274AB3
:107948000021D80704D592ED006B012127EE067BB4
:107958005B1002F10802F4D109B18DED047B089B9C
:1079680093B1DDE90401C1F30A52C2F16B03002BA4
:107978000ADD1F2B40F32F820020342B049040F3A4
:1079880040824FF05C7305939DED047BB5EE407B20
:10799800F1EE10FA7FF41AAD22239FED058BC8F89B
:1079A8000030D2E422239FED048BC8F80030CCE4E9
:1079B8000000000000000000000000000000F07F50
:1079C8000000F0BF0000F07FFFFF9F7CFFFFEF7F0C
:1079D800800200200000A07CA80200207003002084
:1079E8000293099B019312AB0093A74A13AB11A909
:1079F800404601F04FFA10F00F0504463FF4A3ACDF
:107A0800062D74D1079B9FED9A8B0137002B3FF40D
:107A1800CEAB1F60FFF7CBBB9DED048B95E40B9BB2
:107A2800DDF844C003440B93012805F101031A460D
:107A380014D02844441E03E046009C420DD0013374
:107A48002A46082A1D4606EB8600F5D9102BDCBF0E
:107A580009EB89094FEA4909EFE70232082D3CDCB6
:107A68001546FFF779BB89490122384600F0BCFC6E
:107A7800002800F082804FF0000EF14676467546E9
:107A8800FFF7B5BB44F61F639B45A8BF9B462FE491
:107A9800DDE904231846002B7FF423AE22239FED53
:107AA800748B1298C8F8003078E6B0EE497BC0E6CF
:107AB800774911A801F0B8FC00283FF471AB119B7D
:107AC8007449013B11A8119301F0AEFC10B9119B48
:107AD800013311939FED688B37E4102ADCBF09EB63
:107AE800890901EB490915460020FFF73ABB129AAC
:107AF8003AB1352114A804F01FF81299404603F052
:107B080067FB013D139B042D00F28F81DFE805F030
:107B1800032D2A1F0300149A049203F23342159B83
:107B280023F4801343EA02530593E50502D543F095
:107B380000430593584A1A409DED048B002A7FF4B0
:107B480004AC00F033FD22230360FFF7FEBB4FF0C7
:107B5800FF336FF00046CDE90436E3057FF55CAFEF
:107B6800059BE4E74C4B0593F7E7149B0493159B9F
:107B78000593DAE70020FFF7E1BA119B1A460133B3
:107B88001193547806468146FFF7CDBA434B03EB71
:107B9800C20393ED008B9DED047B28EE078BFFF766
:107BA800D4BBBEEE007BB6EE009B11E5AE460B9053
:107BB800FFF7DCBA394BC5F10F054A1B03EBC505C6
:107BC80003EBC20395ED008B93ED007B9DED046BF9
:107BD80028EE068B28EE078BFFF7B7BB002D00F0C9
:107BE8009580DDE904BC2E4BCCF313019942624623
:107BF80000F0D2800E9B002B00F0A580DDE9041276
:107C0800134217461AD0B0EE480B002D00F0A6809C
:107C180003F062FE089B7BB1C7F30A53C3F16B0301
:107C2800002B09DD1B0503F17F51002001F54011F0
:107C380041EC170B20EE070B38EE008B089B5BB16D
:107C48009FED0F7B144B28EE078B18EE902A1340FC
:107C580013B92223C8F8003012989FE502F1547333
:107C6800059300230893FFF7B1BB00BFAFF3008073
:107C78000000000000000000000000000000F07F8D
:107C88000000000000005039F80B0020080900200F
:107C98000C090020100900200000F07FA802002035
:107CA800FFFF0F00DDE904120D43C7D1C2F3130330
:107CB8001746002BC2D122F000431B0D1B05B3F160
:107CC800D66FBBD9DAF814301BB9DAF81030012BAB
:107CD800B4DD51460122404603F0BAFC21468246F3
:107CE80003F02EFD0028A9DD089B002B7ED1504B08
:107CF8003B40A3F580136FEA13536FEA03530593D0
:107D08004FF0FF3304939DED048B97E7DDE90412F0
:107D1800C2F313030B4317467FF46CAFE4E74549FE
:107D280011A814AA01F09CFB05287FF406AB159B4B
:107D380043F0FF4343F4E0030593149B04939DED44
:107D4800048BFFF702BBDDE904010D9B03423FF4FE
:107D580075AF0F4657E7384C00218FE503F0BCFD9F
:107D6800089B002B55D0C7F30A53C3F16B03002BB4
:107D780009DD1B0503F17F5101F54011284641EC4F
:107D8800170B20EE070B38EE408BB5EE408BF1EE6B
:107D980010FA7FF455AF81E6089B04991BB3244B76
:107DA8001340B3F1D46F1ED81B0DC3F16B034FF012
:107DB800FF3000FA03F399427FF41CAF1F4B9A423D
:107DC80030D01B4B134003F5801305930023049315
:107DD8009DED048B32E74FF0FF3202FA03F3049A69
:107DE8001A400492D0E54FF0FF33E4E7104B3B40D4
:107DF800B3F1D66F3FF77DAFB3F15C7F3FF720AFAC
:107E08004CE6C2F14B024FF0FF3393400B40059311
:107E1800BAE538EE408BB5EE408BF1EE10FA7FF400
:107E28001BAF3BE60131CCD109E400237DE600BF5E
:107E38000000F07F0C0C002080020020FFFFEF7F85
:107E480010B5234C234B84460A4620686146FFF749
:107E5800BFF8B4EE400BF1EE10FA27D6F7EEC07B70
:107E68009FED1D7AF0EEE76AF4EE476AF1EE10FA3C
:107E78000EDDB0EEC05B9FED146BB4EE465BF1EE29
:107E880010FA05DC236822221A60B0EE670A10BDDA
:107E980017EE903A13F0FF4FF7D1104B10EE902ADF
:107EA8001340002BEED1B0EE670A10BD10EE903AE9
:107EB800002B0B4804DA00F03FFEF1EE407AE4E7CD
:107EC800BDE8104000F038BEFFFFFFFFFFFFEF7F67
:107ED80018150020900F0020FFFF7F7F0000F07F23
:107EE800A4030020012B2DE9F84F40D0242B9846FD
:107EF8003DD84C4D8E4676461EF801BB15F80B4012
:107F080014F00804F7D1BBF12D0F72D0BBF12B0F81
:107F180008BF9EF800B06FF0004908BF06F1020ED6
:107F2800002B42D0102B57D0B9FBF8F700252E466E
:107F380008FB179A05E033D008FB06C601251EF892
:107F480001BBABF1300CBCF1090F06D9ABF1410C08
:107F5800BCF1190F12D8ABF1370C634517DDB5F139
:107F6800FF3FECD0B742E6D24FF0FF35E7E700F02D
:107F78001DFB162303600020BDE8F88FABF1610CF0
:107F8800BCF1190F03D8ABF1570C6345E7DC6B1C48
:107F980027D08CB90AB1A5BB11603046BDE8F88F6F
:107FA800E245C9DA4FF0FF35C9E7BBF1300F05D01C
:107FB8004FF00A084346B7E77642EBE79EF80030F1
:107FC80003F0DF03582B21D14FF010089EF801B0C1
:107FD80043460EF1020EA7E7BBF1300F1AD09846C0
:107FE800A2E72223036072B10EF1FF314E46116001
:107FF800D3E79EF800B04FF0004906F1020E0124C5
:108008008EE7B146F0E74E463046C7E74FF008081E
:10801800434689E79EF8005005F0DF05582DD3D078
:10802800984681E79107002010B4054C8446134612
:1080380020685DF8044B0A466146FFF753BF00BF4E
:10804800181500200EB410B59DB06FF000411FAB9D
:10805800CDE906010491094953F8042B0290084C14
:108068000868019302A9059401F0EAFA029B00222C
:108078001A701DB0BDE8104003B0704718150020F5
:108088000802FFFF024A0349034800F0BBB800BFDB
:108098000C150020B99D0000200E00200C4B4168F3
:1080A800994210B5044601D003F0A6FDA168094B1A
:1080B800994202D0204603F09FFDE168064B9942A1
:1080C80004D02046BDE8104003F096BD10BD00BFA7
:1080D800C023002028240020902400202DE9F84304
:1080E8002A4C2B4B2B48DFF8C090DFF8C0802A4F72
:1080F8001860002504230822294604F15C00274E55
:108108006566C4E90253C4E90055C4E90455A5618C
:1081180000F018F9224B63670822294604F1C400CD
:10812800C4E90749C4E90987C4E91A55C4E91E55D1
:10813800C4F8CC502567C4F88050E66200F002F914
:10814800184BC4F8DC30294604F16803082204F50A
:108158009670C4F88430C4E92298C4E92476C4E946
:108168003455C4E93855C4F83451C4F8D850C4F863
:10817800E85000F0E7F804F1D003C4E93C98C4E9FA
:108188003E76C4F8EC30BDE8F88300BFC023002079
:10819800F82400204562000069A0000089A00000C2
:1081A800090001001200020005A0000029A000003B
:1081B80010B504460A4800F0F7FB636B23B9094B76
:1081C800094A1B68626323B1BDE81040044800F007
:1081D800EDBBFFF783FFBDE81040014800F0E6BBA8
:1081E80088230020F82400205D620000014800F088
:1081F800DBBB00BF88230020014800F0D7BB00BFCD
:10820800882300202DE9F84380460F4616464FF094
:108218000009D6E90154013D11D4A389012B05F1C8
:10822800FF3508D9B4F90E300133214603D0404652
:10823800B84749EA00096B1C04F16804EDD13668B7
:10824800002EE6D14846BDE8F88300BF88420DD924
:108258008B1883420AD900EB020CBAB1624613F8B4
:1082680001CD02F801CD9942F9D170470F2A0ED8F5
:10827800034602F1FF3C4AB10CF1010C013B8C446E
:1082880011F8012B03F8012F6145F9D1704740EA35
:1082980001039B0750D1A2F1100370B501F1200C26
:1082A80023F00F0501F1100E00F11004AC441B0976
:1082B8005EF8105C44F8105C5EF80C5C44F80C5CEA
:1082C8005EF8085C44F8085C5EF8045C44F8045CFA
:1082D8000EF1100EE64504F11004E9D1013312F055
:1082E8000C0F01EB031102F00F0400EB031327D06E
:1082F800043C24F003064FEA940C1E441C1F8E46CF
:108308005EF8045B44F8045FB442F9D10CF101044F
:1083180002F0030203EB840301EB840102F1FF3C4A
:108328004AB10CF1010C013B8C4411F8012B03F804
:10833800012F6145F9D170BD02F1FF3C03469BE76F
:108348002246EBE7830730B548D0541E002A3FD0B9
:10835800CAB2034601E0013C3AD303F8012B9D075A
:10836800F9D1032C2DD9CDB245EA05250F2C45EAC4
:10837800054536D9A4F1100222F00F0C03F1200EA6
:10838800E6444FEA121C03F1100242E9045542E99F
:10839800025510327245F8D10CF1010214F00C0F9D
:1083A80003EB021204F00F0C13D0ACF1040323F01A
:1083B80003030433134442F8045B9342FBD10CF0EB
:1083C80003042CB1C9B21C4403F8011B9C42FBD125
:1083D80030BD64461346002CF4D1F9E70346144631
:1083E800BFE71A46A446E0E7002A3ED040EA010368
:1083F8009B0730B584462FD1032A2DD90B4608E0B8
:10840800043A8446194625D01EF0803F22D1032A1B
:1084180022D90468194653F8045BA4F1013EAC4222
:1084280084462EEA040E00F10400E9D09CF800000E
:108438000C78A0421BD1E64668B11EF8010F11F86E
:10844800014FA2EB0E03A04203F1FF330FD11CEB47
:108458000303F1D1002030BD9CF800000C78844261
:1084680005D1012AF6D0E646E6E710467047001B1C
:1084780030BD00BF40EA01039B0730B501D1032A94
:108488000FD8844601F1FF3E07E01EF8011F03F8EC
:10849800011B541EC1B19C4622466346002AF4D1F2
:1084A80030BD0B468446194653F8045BA5F10134E8
:1084B80024EA050414F0803FE4D1043A032A4CF876
:1084C800045B1946EFD8DDE79444002CE8D003F8A4
:1084D800011B6345FBD130BDF0B4074610B33E46DF
:1084E8008C4616F8010B01E0A04216D01CF8014B8F
:1084F800002CF9D1D8B116F8015B0C4601E0002B2D
:10850800F9D014F8013B9D42F9D14DB1002306F88A
:10851800013C16603846F0BC70475BB13746DEE771
:108528002E46F6E71768002FD9D13846F3E7F0BC96
:1085380010607047166038463B70ECE70123FFF780
:10854800CBBF00BF014B93F828017047900F002064
:1085580013460A460146022000F0A0BA38B5074D76
:108568000022044608462A60FCF7F2FE431C00D0AD
:1085780038BD2B68002BFBD0236038BD14250020A4
:1085880038B50C46084D8446114620461A46002345
:108598002B606446FBF72CFF431C00D038BD2B68CA
:1085A800002BFBD0236038BD14250020014B186830
:1085B800704700BF181500200000000000000000F0
:1085C800A2EB0300704700BF02780B78012A28BF8E
:1085D8009A42F5D16DE9044540EA0104CDE9026704
:1085E8006FF0000C4FEA447212B380EA010414F0F1
:1085F800070F6AD100F0070420F0070004F0030514
:1086080021F007014FEAC505F0E8042314F0040F30
:10861800F1E804670CFA05F462EA040266EA040663
:108628000AD063EA0403624667EA0407664603E081
:10863800F0E80423F1E8046782FA4CF582EA0604BC
:10864800A4FA8CF46CBB83FA4CF583EA0705A5FA07
:108658008CF595B950E9022351E9026782FA4CF585
:1086680082EA0604A4FA8CF483FA4CF583EA070537
:10867800A5FA8CF52543DBD09CB92DBAB5FA85F45B
:1086880024F0070427FA04F1DDE9026723FA04F36A
:1086980003F0FF0001F0FF01FDE80445A0EB010035
:1086A800704724BAB4FA84F424F0070426FA04F1D3
:1086B800DDE9026722FA04F202F0FF0001F0FF018F
:1086C800FDE80445A0EB0100704714F0030F3CD10E
:1086D80010F0030428D150F8082B51F8083B82FA0F
:1086E8004CF582EA0305A5FA8CF55DB950F8042C1F
:1086F80051F8043C82FA4CF582EA0305A5FA8CF598
:10870800002DE8D02DBAB5FA85F424F0070423FA31
:1087180004F122FA04F202F0FF0001F0FF01FDE883
:108728000445A0EB010070474FEAC40420F00300A1
:1087380050F8082B21F0030151F8083B0CFA04F417
:1087480062EA040263EA0403C9E710F003041AD0DA
:10875800A1EB040120F00300E40750F8042B06D035
:108768000FD28B785FFAA2F4E41A06D12BB1CB783A
:108778005FFAB2F4E41A00D11BB920465DF8104B39
:10878800704701F1040150F8042BCC0721F00301D4
:1087980051F8043B48D824D222F07F4482FA4CF5A1
:1087A80094EA1325A5FA8CF50AD165B951F8043B6A
:1087B80084EA0204B4EB036F0ED150F8042BEBE704
:1087C8004FEA132355E035F07F454DD10878FDE891
:1087D8000445C0F1000070474FEA126203F0FF033E
:1087E80047E002EA1C4482FA4CF594EA1345A5FADC
:1087F8008CF50AD165B951F8043B84EA0204B4EB5C
:10880800034F0CD150F8042BEBE74FEA134330E049
:1088180015EA1C4528D10B884FEA124229E04FEA95
:10882800124203EA1C4324E002F0FF0482FA4CF5EA
:1088380094EA1365A5FA8CF50AD165B951F8043B99
:1088480084EA0204B4EB032F09D150F8042BEBE7B8
:108858004FEA13630DE015F0FF0F05D10B684FEADF
:10886800122223F07F4304E04FF00000FDE80445A6
:10887800704712BA1BBA82FA4CF482EA0304A4FACB
:108888008CF5B5FA85F402FA04F203FA04F34FEA18
:108898001260FDE80445A0EB1360704780EA01020E
:1088A800844612F0030F4FD111F0030F32D14DF867
:1088B800044D11F0040F51F8043B0BD0A3F1013221
:1088C8009A4312F0803F04BF4CF8043B51F8043B34
:1088D80016D100BF51F8044BA3F101329A4312F0AC
:1088E800803FA4F101320BD14CF8043BA24312F0B3
:1088F800803F04BF51F8043B4CF8044BEAD02346B0
:108908000CF8013B13F0FF0F4FEA3323F8D15DF861
:10891800044B704711F0010F06D011F8012B0CF829
:10892800012B002A08BF704711F0020FBFD031F8A1
:10893800022B12F0FF0F16BF2CF8022B8CF8002028
:1089480012F47F4FB3D1704711F8012B0CF8012BAB
:10895800002AF9D1704700BF70B50D4E0D4D761B3A
:10896800B61006D0002455F8043B01349847A642B7
:10897800F9D1094E094D761B06F0DEF9B61006D07E
:10898800002455F8043B01349847A642F9D170BD3C
:10899800381C0060381C0060481C0060381C0060EF
:1089A800704700BF704700BF704700BF704700BFE7
:1089B80000000000000000000000000000000000AF
:1089C80090F800F06DE9024520F007016FF0000C07
:1089D80010F0070491F820F040F049804FF00004AF
:1089E8006FF00700D1E9002391F840F000F108008A
:1089F80082FA4CF2A4FA8CF283FA4CF3A2FA8CF3C2
:108A08004BBBD1E9022382FA4CF200F10800A4FA28
:108A18008CF283FA4CF3A2FA8CF3E3B9D1E904237C
:108A280082FA4CF200F10800A4FA8CF283FA4CF3B3
:108A3800A2FA8CF37BB9D1E9062301F1200182FA6D
:108A48004CF200F10800A4FA8CF283FA4CF3A2FA73
:108A58008CF3002BC6D0002A04BF04301A4612BA81
:108A6800B2FA82F2FDE8024500EBD2007047D1E984
:108A7800002304F00305C4F100004FEAC50514F013
:108A8800040F91F840F00CFA05F562EA05021CBFE4
:108A980063EA050362464FF00004A9E72DE9F047B1
:108AA800DFF87CA00646DAF8000098460F469146A3
:108AB800FFF77AFF184B1C6824B365681F2D24DC68
:108AC8005EB96B1C0235DAF80000636044F8257063
:108AD800FFF76CFF0020BDE8F08704EB8501012358
:108AE800C1F88890D4F88821AB401A43022EC4F804
:108AF8008821C1F80881E4D1D4F88C211A43C4F83C
:108B08008C21DEE7054C1C60D7E7DAF80000FFF798
:108B18004DFF4FF0FF30DEE7EC210020F021002070
:108B2800840F0020000000009FED010B704700BF7C
:108B3800000000000000F87F9FED010A704700BFA9
:108B48000000C07FF8B5244F0C460646FEF73CF8F7
:108B5800BB685D68C4F57E610F3125F003054B19CC
:108B680023F47F6323F00F03A3F58054B4F5805FEB
:108B780007DB00213046FFF7F1FCBB682B44984225
:108B880004D03046FEF726F80020F8BD6142304692
:108B9800FFF7E4FC01300DD0104ABB682D1B45F0EF
:108BA80001055D60136830461B1B1360FEF712F861
:108BB8000120F8BD00213046FFF7D0FCBA68831ABF
:108BC8000F2BDEDD43F001035360054B03491B689F
:108BD800C01A0860D5E700BFFC1000208C230020D5
:108BE80004150020002961D0F8B50C460646FDF7AB
:108BF800EBFF54F8042C7B4FA4F1080522F0010187
:108C080005EB010CB868DCF80430604523F0030379
:108C180000F08B80D207CCF8043032D454F8082CFA
:108C2800AD1A1144AA6807F1080082426AD00CEB19
:108C38000304D4F804E0EC68D4601EF0010FA260CD
:108C480000F0978041F001036B60CCF80010B1F59B
:108C5800007F35D27868CB080122490901338A4060
:108C6800024357F833107A6007EBC302083AC5E9A4
:108C7800021247F83350CD603046BDE8F840FDF7A2
:108C8800A9BF0CEB03025268D00710D4194407F1AE
:108C98000800DCF80830834273D0DCF80C20DA6076
:108CA800936041F001036B606950D0E7704741F071
:108CB8000103B1F5007F44F8043CCCF80010C9D397
:108CC800B1F5206F4FEA512348D28B0903F13900DF
:108CD80003F13802C300F818FB580838984259D0F5
:108CE8005A6822F003028A4202D99B689842F7D157
:108CF800D868C5E902308560DD603046BDE8F840D7
:108D0800FDF768BF0CEB03025268D20763D40B442B
:108D1800DCE90212CA60916043F001026A603046E1
:108D2800EB50BDE8F840FDF755BF0B44D10707D419
:108D380054F8082CAD1A1344D5E90212CA609160A0
:108D480043F001026A60284ABD6012689A4293D8CB
:108D5800264B30461968FFF7F5FE8DE7142B0AD924
:108D6800542B1FD80B0B03F16F0003F16E02C300E5
:108D7800B1E719448DE703F15C0003F15B02C3001E
:108D8800A9E741F00103C7E90455C5E902006B6092
:108D9800695071E779689210012404FA02F20A43D3
:108DA8007A60A6E7B3F5AA7F06D8CB0B03F1780063
:108DB80003F17702C3008EE740F25452934206D87B
:108DC8008B0C03F17D0003F17C02C30083E74FF4B1
:108DD8007E737E227FE741F001036B60CCF80010C0
:108DE8004AE700BFFC10002008150020BC23002023
:108DF8002DE9F0410469B4EB611F2FDD00F1140E79
:108E08004E1111F01F0C0EEB84050EEB86032BD0D0
:108E18005EF8261004339D4221FA0CF1CCF12008AB
:108E280018D977461A6802FA08F20A4347F8042B59
:108E380053F8041B9D4221FA0CF1F3D8A31B9B00A5
:108E4800053B9B0801330EEB83044EF82310C9B190
:108E5800043417E0416174460029F9D10023036105
:108E680000234361BDE8F0819D4288BF00F11002F4
:108E7800F4D953F8041B42F8041F9D42F9D8A41BE7
:108E88000EEB8404A4EB0E039B1074450361E7D03A
:108E9800BDE8F0812DE9F04F2DED028B0C688B4673
:108EA800A17885B0302908EE100A9246029340F066
:108EB800CE816FF00100001BE21C8318144612F8E3
:108EC800011B3029F9D0DFF8008318F80120002AA7
:108ED80000F0E5802278002718F802203D46264653
:108EE8002AB116F8012F18F80220002AF9D1B5493D
:108EF800019301223046FFF777FA019B814600284B
:108F08004DD0002D4ED13278A94602F0DF02502A0A
:108F1800354650D0CBF80060002F69D12B1B013BA0
:108F2800072B394604DD5B10072B01F10101FADC40
:108F380018EE100A02F026F98346002800F066822F
:108F480000F11406AC42019680F0D2810027CDF8DA
:108F58000C909C49A1463C460CE0202F19D038467D
:108F680004372A7818F8022002F00F0282401443CE
:108F78004D4547D015F8012D2E2AEED14D45ECD39D
:108F880001222846FFF730FA8E490028F0D0202F1A
:108F9800E5D1002046F8044B04270446E1E7002DFC
:108FA80000F04281327802F0DF02AD1B502A4FEA0E
:108FB80085093546AED16A782B2A00F025812D2AFD
:108FC80000F0A5806E1C002018F802104A1E182A0E
:108FD80000F29B80727818F8022010390136002AB6
:108FE8005AD100B149428944CBF80060002F95D08E
:108FF800002B14BF00250625284605B0BDEC028BC2
:10900800BDE8F08FDDF80C90234646F8043B18467F
:10901800019BF61AB610CBF8106002F08DF97601B4
:10902800DAF80040301AA04275DCC0F2EF80002761
:10903800DAF808304B45C0F25181DAF804304B4574
:109048004ADDA3EB09094C4500F38280DAF80C20CD
:10905800022A00F06581032A00F08181012A00F0CC
:109068006F8118EE100A594602F0B2F85025109A8E
:1090780000232846136005B0BDEC028BBDE8F08FD5
:1090880001EB810102EB4102A2F1100116F8012F58
:1090980018F80220002AA4D0192AF1DDA1E74949CD
:1090A800019301222046FFF79FF9019B00286DD10B
:1090B800617818F80120651C002A69D030292C46EF
:1090C80005D114F8013F302BFBD018F80320B2FA71
:1090D80082F77F09012302E7012557B1DAF80C303E
:1090E800022B5DD0032B5FD0012B00F0848045F06C
:1090F8001005109BC3F800B0029B2846C3F80090E7
:1091080005B0BDEC028BBDE8F08F2E4602E70120CA
:10911800AA78AE1C58E7061B3146584602F03AFDBD
:10912800074678B1721E53110199012751F823108F
:1091380002F01F0307FA03F30B4203D0BA4200F30D
:10914800E280022731465846B144FFF751FE6FE7E7
:1091580009F1FF35002F40F0CE80002D40F0CD8082
:109168006B11019A05F01F0552F823200123AB402B
:1091780013424946584618BF47F00207A4EB0904B2
:10918800FFF736FE0225DAF80490A6E7217825468F
:1091980001F0DF01502900F0BF80CBF8005027E72D
:1091A800119BC3F101031193119B002B9FD0DBF896
:1091B8001070DDF80480BA004346019208EB87007E
:1091C800002107E0080900202C060020984243F8F7
:1091D800041C3FD91E4653F8042BB2F1FF3FF5D0CB
:1091E8000132022D326000F0BF8014F01F0440F0FD
:1091F800E78021257DE7BA077FF579AF019B1B68DA
:109208001F43FB07D3D472E7002081E7221A59468F
:1092180018EE100AA9EB020902F01AFA00F1140379
:1092280083460193002703E7727818F80200711C3F
:10923800002800F0A0800D4611F8012F18F8020050
:109248000028F8D1751B4FEA85090E465DE6023401
:10925800002338E6DBF808309F4280F28E803B46D8
:109268000BEB830201210133022DCBF81030516141
:109278007AD09F42B9DA002B40F39B80DBF81420A8
:1092880008EB83030BF1180083424FEA520240F2C5
:10929800B1804446016842EAC17244F8042B50F890
:1092A800042B83424FEA5202F4D8A3EB0B03193B79
:1092B8009B08013348F8232008EB8303002A40F079
:1092C8009D80A3EB080292104345CBF8102073D081
:1092D800DAF8083009F101094B458ADA18EE100A64
:1092E800594601F075FF109A00231360A32583E601
:1092F800019E002389E6012732E72946584602F0F5
:1093080049FC07462CE7B11E584602F043FC0028EA
:109318003FF417AF032715E74FF0000901274AE686
:10932800119A002A7FF49DAE02990B60019B0122DD
:10933800CBF810201A60109B6225C3F800B05BE6DA
:109348004C457FF48EAE012CEED0611E584602F0DB
:1093580021FC00283FF485AEDAF80430E4E7119ADE
:10936800002A3FF47EAEDFE7DAF80030013BA34283
:1093780034D02225BDE60E46C7E5DBF8041018EE0A
:10938800100A013101F0FEFE0646C8B3DBF81030C2
:1093980002339A000BF10C010C30FBF7D1FC594653
:1093A80018EE100A01F014FF06F114083369B346E9
:1093B80056E70023CBF810300023CBF8143087E7AA
:1093C800019B4344C4F1200453F8040C01F0B4FF9A
:1093D800A042BFF60EAFDBF810304CE7631104F083
:1093E8001F0458F823200123A34013420CBF222551
:1093F80021257EE6C8F8002043466AB1043360E7B9
:10940800074B08483246842102F072FE044B054897
:109418005A46E42102F06CFECBF81020CCE700BFDE
:10942800AC050020C005002010B4046809E014F859
:10943800013FA3F1410CBCF1190F98BF20339342AF
:1094480009D111F8012B002AF1D10134046001205F
:109458005DF8044B704700205DF8044B704700BF6F
:109468002DE9F04F096885B04B1111F01F010290EA
:1094780002EB8303039140F08F801D1F0193029B31
:1094880001991C68002341F8043C617801340029E3
:1094980000F09880DFF87491A846AC469A461E46BC
:1094A8000EE0202900F28C80564506DDC44501D225
:1094B800072B5BDD624551D3082314F8011FA1B1C6
:1094C80019F801000028ECD00133082B06F1010639
:1094D8003ADCDCF80010090100F00F000843CCF872
:1094E800000014F8011F0029EAD1002E6AD0C445F3
:1094F80001D2072B74DD624552D2111F634653F81F
:10950800040B41F8040FAB42F9D9A5EB0C0323F087
:109518000303691C04330CF1010C614538BF0423B3
:109528001344002143F8041BAB42FBD9019B53F8B9
:10953800043C2BB9AA4249D055F8043D002BF9D078
:10954800052005B0BDE8F08F6245B6D200234CF87F
:10955800043C1946ACF1040C0123BDE70023ACF12F
:1095680004084CF8043CB246C446A6E7C3F1080117
:10957800DCF800308900C1F1200E60469B46476840
:1095880007FA0EF343EA0B0327FA01FB036040F8DE
:1095980004BF4045F3D38DE7191D01911D466EE7C1
:1095A800039B002BC2D0039B0198C3F120014FF00D
:1095B800FF33CB4050F8041C0B4040F8043CB8E79C
:1095C800292909D0042005B0BDE8F08F0123052022
:1095D8002B6005B0BDE8F08F029901340C6084E778
:1095E800DCF80010C3F108039B00C3F120076446B0
:1095F8000846666806FA07F1014326FA03F0216077
:1096080044F8040F4445F4D375E700BF2C06002046
:1096180082B049B15AB16BB113780B601278101E41
:1096280018BF012002B0704701A9002AF3D11046E3
:1096380002B070476FF00100F4E700BF00000000BF
:109648002DE9F04F2DED088BD1B00C460BEE101A1A
:1096580090460893834602F049FC03681293184623
:10966800FFF7AEF920AF1090082200213846FEF728
:1096780069FEA3891B0603D52369002B00F05587D3
:1096880000239FED838B9FED849BCDE92533CDE9A6
:109698001333CDE9153327AA0E93249292461193DA
:1096A80004934446A1467E4BD3F8E450FEF74AFFA4
:1096B8004A4603461CA900975846A847002800F0C8
:1096C800B080C0F2A6801C9A252A034601D099448E
:1096D800E9E7B9EB0405064640F0A78000234FF000
:1096E800FF328DF867309846069309F1010999F819
:1096F800003003922B25202609F10109A3F120024D
:109708005A2A00F2CF80DFE812F0E802CD00CD003F
:10971800E302CD00CD00CD006A00CD00CD000502EA
:109728008402CD001002C902CD00BD025B005B00BF
:109738005B005B005B005B005B005B005B00CD00D7
:10974800CD00CD00CD00CD00CD00CD005301CD0022
:1097580083011A02530153015301CD00CD00CD00FE
:10976800CD001502CD00CD009602CD00CD00CD0074
:10977800AB01CD00AA02CD00CD00E306CD00CD009F
:10978800CD00CD00CD00CD00CD00CD005301CD00E2
:109798008301DE015301530153017702DE017F008B
:1097A800CD008902CD005F02E0062F027F00CD00C8
:1097B800AB017C00B806CD00CD00BD06CD007C0015
:1097C800A3F13002002119F8013B01EB810102EB02
:1097D8004101A3F13002092AF5D906918EE75846CE
:1097E80002F084FB436815931846FFF7E9F81690D2
:1097F800584602F07BFB83681393169B002B40F0BE
:109808002D8699F8003077E799F8003048F020085D
:1098180072E7082200213846FEF794FD0123994497
:1098280041E7B9EB0405064611D0269B2B44269345
:10983800259B0133072BCAE9004525931CDC0AF157
:10984800080A049B2B440493002E7FF447AF269B01
:10985800002B41F00B821BEE103AB3F90C3013F0D9
:10986800400F049B18BF4FF0FF330493049851B086
:10987800BDEC088BBDE8F08F1BEE101A24AA5846E1
:1098880003F0B0FB0028E6D10DF19C0AD9E700BF30
:109898000000000000000000FFFFFFFFFFFFEF7F58
:1098A800900F00200B93002BD1D00021CDE90C1193
:1098B8008DF8DC3001238DF867100293079105932A
:1098C80003910F9137AC18F00203099302D0029B61
:1098D8000233029318F084030A9305D1069B029A77
:1098E8009D1A002D00F36983269A89B125990DF1F7
:1098F800670001310132CAF8000007294FF0010062
:1099080026922591CAF8040000F3A2830AF1080AF6
:10991800099B83B1259B1AA901330232CAF80010AA
:10992800072B4FF0020126922593CAF8041000F382
:10993800A3830AF1080A0A9B802B00F06C82039B20
:1099480005995D1A002D00F3A58218F4807F40F078
:109958000D82059BCAF804301A44259BCAF80040BA
:109968000133072B2692259300F31B830AF1080A7B
:1099780018F0040F05D0069B02995C1A002C00F31E
:109988008883049B069902988142ACBF5B181B1818
:109998000493002A40F0B08200232593079B1BB153
:1099A80007995846FFF71EF90DF19C0A4C4679E6CF
:1099B8000B93089B073323F00703B3EC028BB0EE3D
:1099C800C87BB4EE497BF1EE10FA089340F3E984C2
:1099D800B5EEC08BF1EE10FA01F159809DF86710D1
:1099E800AB4CAC4B28F080080B9A472AC8BF1C46E2
:1099F8000023CDE90C3303220793029205920393C7
:109A08000F9300293FF45FAF029B013302935AE79B
:109A1800432B0B9303D018F0100F00F05D85089DC1
:109A28000822002122A837ACFEF78CFC22AB55F89F
:109A3800042B2146584602F0EBFA03460133059001
:109A480001F0EE82059B089523EAE3730293002157
:109A5800CDE90C118DF86710079103910F9132E74A
:109A68000B93089B1A4600238DF86730134653F86A
:109A7800044B0893002C00F048850B9B532B00F0F7
:109A8800EC8618F010030C9340F0E786039B5D1CEE
:109A980001F0E5800C991A46204602F069FA079011
:109AA800002801F02883079B1A1B05920C9B03933F
:109AB80022EAE2720F930D93079373239DF86710C0
:109AC80002920B939DE718F0200F0B93089B3DD053
:109AD800073323F007031A4611465B6851F8082B31
:109AE80008911946002BC0F20C84039B013300F047
:109AF8009E8228F0800052EA0103029040F0998289
:109B0800039B002B40F09A82804600230393059321
:109B180050AC06E1089B53F8042B0692002A80F209
:109B28001984069A08935242069299F8003048F030
:109B38000408E1E599F8003048F00808DCE548F049
:109B4800100818F0200F0B93089BC1D118F0100FC4
:109B580040F00B8418F0400F00F0038433F9042B15
:109B68000893D1170B46BDE7089B48F00202029202
:109B780053F8042B089347F63003ADF86830782083
:109B8800454B1193002102230B900020039C8DF874
:109B98006700601C00F0AD80029820F0800852EA4F
:109BA800010040F0A480002C40F0AE86002BACD120
:109BB800029B13F00103059300F0D18330238DF845
:109BC8003F310DF23F14ACE018F0200F40F0D48381
:109BD80018F0100F40F09F8618F0400F40F097875C
:109BE80018F4007F00F09786089B049953F8042B1B
:109BF800089311704C4655E599F80030682B03BF5F
:109C080099F8013048F4007809F1010948F0400852
:109C180072E599F800308DF867506DE599F80030D5
:109C28006C2B03BF99F8013048F0200809F10109AD
:109C380048F0100860E50B9348F0100818F0200170
:109C480000F05183089B073323F00703596853F842
:109C5800082B089328F480630293002395E70B935D
:109C680048F010030293029B13F0200100F02983AF
:109C7800089B073323F00703596853F8082B089308
:109C8800012382E799F8003048F0800834E500BFE6
:109C98001C090020F404002024090020494611F87A
:109CA800013B2A2B01F04982A3F13002092A894697
:109CB80098BF002101F2448119F8013B01EB8101B1
:109CC80002EB4101A3F13002092AF5D9039115E508
:109CD80099F8003048F001080EE59DF86730002B30
:109CE8007FF48FAD99F800308DF8676004E5CDF802
:109CF8000880012B00F09D81022B50AC20D11198D7
:109D080002F00F031209C35C04F8013D42EA017234
:109D1800090952EA0103F3D150AB1B1BDDF8088097
:109D28000593059A03989DF8671082424FF0000347
:109D3800B8BF0246CDE90C33079302920F9360E651
:109D480002F00703D20842EA4172C908303352EAE6
:109D58000105204604F8013DF2D1029AD10700F12D
:109D68004D8250AB1B1B90460593DAE70B9B652B86
:109D780040F3D480B5EE408BF1EE10FA40F0C1818B
:109D8800259BBA49CAF80010013301320121072B7B
:109D980026922593CAF8041000F351850AF1080A9F
:109DA8001B9B0E998B4280F2D082109B12991A4409
:109DB800CAE90013259B26920133072B259300F34C
:109DC80097830AF1080A0E9B5C1E002C7FF7D0AD22
:109DD800102C259B40F36E851BEE106A102505E0BC
:109DE8000AF1080A103C102C40F364850133A0499D
:109DF8001032072BCAE90015CDE92532F0DD24AA77
:109E08003146584603F0EEF800287ED1DDE92532C8
:109E18000DF19C0AE6E7069B02995D1A002D7FF773
:109E28008EAD102D259B21DD099410261BEE104ABE
:109E380004E0103D102D0AF1080A16DD01338C49A3
:109E48001032072BCAE90016CDE92532F1DD24AA24
:109E5800214658460DF19C0A03F0C4F8002854D155
:109E6800103D102DDDE92532E8DC099C8049CAF84F
:109E7800045001332A44072BCDE92532CAF80010D3
:109E880000F32685039B05995D1A002D0AF1080A3F
:109E98007FF75BAD102D259B1FDD514610261BEE6D
:109EA80010AA04E0103D102D01F1080114DD013362
:109EB8006F481032072BC1E90006CDE92532F1DDE4
:109EC80024AA5146584603F08DF8F0B9103D102DDC
:109ED800DDE9253227A9EADC8A4601336449CAF854
:109EE80004502A44072BCDE92532CAF8001000F3A4
:109EF800DA810AF1080A28E51BEE101A24AA584646
:109F080003F070F800283FF447AD079B002B3FF49F
:109F1800A2AC07995846FEF765FE9CE40E9B012B00
:109F280040F37A81259BCAF80040013301320121B0
:109F3800072B26922593CAF8041000F3F8810AF13A
:109F4800080A1099129801330A44072BCAE900013C
:109F5800CDE9253200F3DD810AF1080AB5EE408B20
:109F6800F1EE10FA00F077810E99013301390134CE
:109F78000A44072BCAF800402593CAF80410269211
:109F880000F35B810AF1080A1499CAF80410013336
:109F98000A44072B1EA9CDE92532CAF800107FF71D
:109FA800E5AC1BEE101A24AA584603F01BF800284B
:109FB800ABD1269A0DF19C0ADAE4102DDDE92512C1
:109FC8002C4E24DD179410231BEE104A084604E09B
:109FD800103D102D0AF1080A17DD0130103207284C
:109FE800CAE90063CDE92502F2DD24AA21465846D4
:109FF8000DF19C0A02F0F6FF002886D1103D102DC5
:10A00800DDE925024FF01003E7DC179C014601311A
:10A018002A440729CDE92512CAF80060CAF8045075
:10A0280000F3BD839DF867100AF1080A5DE4CDF8D6
:10A0380008800A2A71F1000380F045833032012339
:10A04800DDF808808DF83F2105930DF23F1468E68E
:10A058001BEE101A24AA584602F0C4FF00287FF409
:10A0680054AF269A0DF19C0A52E400BF540900200F
:10A07800FC0D0020580900201BEE101A24AA58468F
:10A0880002F0B0FF00287FF440AF269A0DF19C0A39
:10A0980051E4102C259BBE4E1FDD1BEE108A1025A7
:10A0A80004E0103C102C0AF1080A16DD01331032C6
:10A0B800072BCAE90065CDE92532F2DD24AA41461D
:10A0C80058460DF19C0A02F08DFF00287FF41DAF61
:10A0D800103C102CDDE92532E8DC01332244072B43
:10A0E800CAE90064CDE925327FF74BAC1BEE101AA4
:10A0F80024AA584602F076FF00287FF406AF269A75
:10A108003FE41B99002940F35A830C9E0E9B9E4204
:10A11800A8BF1E46002E0BDD259B01333244072BBA
:10A12800CAE900462692259300F389860AF1080AAF
:10A138000C9D002EA8BFAD1B002D00F303820C9BC5
:10A1480018F4806F2344059340F01F821B9B0E99DF
:10A158008B4203DB18F0010F00F0CF84109912989E
:10A168000A44CAE900012599269201310729259157
:10A1780000F3A5860AF1080A0E996518CC1A059B02
:10A18800ED1AA542A8BF2546002D0DDDCAF80030FE
:10A19800259BCAF8045001332A44072B269225939D
:10A1A80000F3BB860AF1080A002DA8BF641B002C27
:10A1B8007FF7DEAB102C259B40F37C831BEE106AE7
:10A1C800102505E00AF1080A103C102C40F37283B0
:10A1D800013370491032072BCAE90015CDE9253241
:10A1E800F0DD24AA3146584602F0FCFE00287FF430
:10A1F8008CAEDDE925320DF19C0AE5E7302B3FF402
:10A208008BAD3023023804F8013C50AB1B1ADDF843
:10A2180008800593044684E518F0010F7FF482AEA8
:10A22800259BCAF80040013301320121072B2692F1
:10A238002593CAF804107FF7A5AE1BEE101A24AABE
:10A24800584602F0CFFE00287FF45FAEDDE92532E4
:10A258000DF19C0A98E60E994C1E002C7FF794AEDF
:10A26800102C40F361831BEE106A102505E00AF1FB
:10A27800080A103C102C40F357830133454910322B
:10A28800072BCAE90015CDE92532F0DD24AA3146AD
:10A29800584602F0A7FE00287FF437AEDDE92532E4
:10A2A8000DF19C0AE5E71BEE101A24AA584602F0A5
:10A2B80099FE00287FF429AE269A0DF19C0AFFF733
:10A2C80044BB029B13F0100340F0C180029A12F0C5
:10A2D800400200F07A83089850F8042B0890194639
:10A2E80092B2012351E418F0100355D118F040023E
:10A2F80000F05D83089850F8042B0890194692B234
:10A30800A8E4524261EB4101CDF808802D200123D9
:10A318003CE41BEE101A24AA584602F063FE0028FB
:10A328007FF4F3ADDDE925320DF19C0A16E61BEE4C
:10A33800101A24AA584602F055FE00287FF4E5AD0D
:10A34800DDE925320DF19C0AFBE518F0010F3FF419
:10A358000FAB2AE5089399F80030FFF7CDB950AC58
:10A36800DFE418F4007F40F0DB8353F8042B0893F4
:10A37800D1170B46FFF7B6BB089B049853F8041B8C
:10A388000893C217C1E900024C46FFF78BB900BF1A
:10A3980058090020FC0D0020089B53F8042B089353
:10A3A80058E4B4EE488BF1EE10FA80F194860B9BDA
:10A3B800612B00F05285412B00F0C085039B0133CF
:10A3C8000B9B23F0200500F08084472D04D1039BCC
:10A3D800002B08BF0123039318EE903A002B48F492
:10A3E80080724646C0F21886B0EE48AB002390460D
:10A3F800099307930B9B413B252B00F29883DFE8D9
:10A4080013F06F0496039603960368046C0496038E
:10A41800960396039603960396039603960396036C
:10A42800960396039603960396039603960396035C
:10A43800960396039603960396039603960396034C
:10A448009603960396039603960368046C04089B88
:10A4580053F8042B08930123FFF797BB139B002B9A
:10A468003FF4CFA9139B1B78002B3FF4CAA999F896
:10A47800003048F48068FFF73FB90B93CDF80880A7
:10A48800FFF7F1BB0B939A4B119318F0200100F0E2
:10A498000581089B073323F00703596853F8082BF5
:10A4A800089318F0010F0AD052EA010307D00B9B5A
:10A4B8008DF86930302348F002088DF8683028F4A8
:10A4C800806302930223FFF760BB0B93FFF7B6BBD1
:10A4D8000B93884B1193D8E7089B012153F8042B61
:10A4E80002918DF8DC200893059137ACFFF7AFBADD
:10A4F8001BEE101A24AA584602F074FD00287FF4B7
:10A5080004AD269A0DF19C0A5DE4039B0794062B83
:10A51800224628BF062303942146CDE90C22764C17
:10A52800029305930F92FFF76CBA40215846FCF747
:10A538009BF820602061002800F00F8640236361AB
:10A54800FFF79EB8102D259B40F35D8251461026DB
:10A558001BEE10AA04E00831103D102D40F3528282
:10A56800013366481032072BC1E90006CDE92532D0
:10A57800F1DD24AA5146584602F034FD00287FF444
:10A58800C4ACDDE9253227A9E6E70E9BCDF8249077
:10A59800E31803930D9BCDF82880139E059DDDF8E5
:10A5A8005890DDF83C800B941BEE101A5046002B97
:10A5B80034D0B8F1000F35D10D9B013B013E0D930E
:10A5C800159BC0E90039259B01334A44072B269285
:10A5D80025936CDC0830039B96F800C05B1B634531
:10A5E800A8BF6346002B9A460CDD259C01341A440B
:10A5F800072CC0E900532692259400F3778196F83A
:10A6080000C00830BAF1000FACBFACEB0A046446D6
:10A61800002C0ADC65440D9B002BCAD1B8F1000F51
:10A6280000F0AC8308F1FF38CAE7102CDDF894C0BD
:10A6380024DD05954FF0100A63460D4604E0103CF2
:10A64800102C00F1080016DD01332C491032072BBD
:10A65800C0E9001ACDE92532F1DD24AA2946584679
:10A6680002F0C0FC00287FF450AC103C102CDDE94F
:10A67800253227A8E8DC2946059D9C460CF10103F4
:10A6880022444460072B1D4C0460CDE9253200F3B9
:10A69800C68396F800C008306544BCE718F010037C
:10A6A80000F0C280089B53F8042B0893F9E624AA0B
:10A6B8005846059102F096FC00287FF426AC269AAD
:10A6C800059927A887E70298CDF81CA050AC00F49C
:10A6D800806000250AEE10BA094BDDF84CA0CDF8D1
:10A6E8001490A3464FF00508AC46044610E000BF9E
:10A6F80024090020380900204C090020FC0D002006
:10A70800CDCCCCCC0A2A71F1000136D34A46314669
:10A71800501840F10000A3FB005626F0030505EB96
:10A728009605401B151A4FF0CC3661F1000E06FB5A
:10A7380005F6A5FB039503FB0E6609F0010E2E44F2
:10A74800AEFB085E2D184FEA590930350BF8015C4D
:10A7580049EAC6790CF1010C0BF1FF3B7608002C95
:10A76800D0D09AF800008445CCD1BCF1FF0FC9D0F5
:10A778000A2A71F1000180F08F815C4650AB1B1BE7
:10A78800DDF81490CDF84CA01AEE10BADDF81CA034
:10A79800DDF80880CDF838C00593FFF7C2BA1BEE84
:10A7A800101A24AA584602F01DFC00287FF4ADAB0D
:10A7B8009DF86710269A0DF19C0AFFF796B8259B1D
:10A7C800BE48CAF80000013301320120072B269247
:10A7D8002593CAF8040000F377810AF1080A0029D2
:10A7E80040F0AF800E9908F001030B433FF4C0A876
:10A7F800109B12991A44CAE90013259B269201332B
:10A80800072B259300F352820AF1080A0E99CAF819
:10A81800004001330A44072BCDE92532CAF8041059
:10A828007FF7A4A8FFF7BDBB18F0400200F0DD8059
:10A83800089850F8042B0890194692B231E61BEE9E
:10A84800101A24AA584602F0CDFB00287FF45DAB0D
:10A85800269A0DF19C0AFFF7A3BA22AE082200211E
:10A8680030461D94FDF76EFD039B5A1C00F0DB80FB
:10A878000025CDF80890CDF81C809946A8460CE034
:10A8880037A9584601F0C4FB431C404400F0C88374
:10A89800484508DC00F0188480461D9A5259334612
:10A8A8000435002AECD1CDF81480DDF80890DDF8E5
:10A8B8001C80C5E001338249CAF804402244072BB2
:10A8C800CAF80010CDE925327FF750A8FFF769BB19
:10A8D8001BEE101A24AA584602F084FB00287FF4C5
:10A8E80014AB269A0DF19C0AFFF729B824AA5846FA
:10A8F800059102F077FB00287FF407AB96F800C0BB
:10A90800269A059927A87DE6012BCDF808807FF4C3
:10A91800F3A9FFF793BB089B049953F8042B4C4603
:10A9280011600893FEF7BEBE01336549CAF80440BA
:10A938002244072BCDE92532CAF800107FF722AB55
:10A948007BE4109B12981A44CAE90003259B2692BF
:10A958000133072B259300F3A9810AF1080A00297E
:10A96800BFF654AF4D42103180F20F831BEE101A20
:10A97800102605E00AF1080A103D102D40F3058362
:10A9880001334F481032072BCAE90006CDE92532BA
:10A99800F0DD24AA5846039102F024FB00287FF436
:10A9A800B4AADDE9253203990DF19C0AE4E7089B76
:10A9B80018F400711ABF114653F8042B53F8042BEE
:10A9C800089318BFD2B2FFF745B9029B13F4007180
:10A9D800089B1ABF114653F8042B53F8042B08930D
:10A9E80018BFD2B20123FFF7D0B8089B18F4007142
:10A9F8001ABF114653F8042B53F8042B089318BFB9
:10AA0800D2B24EE58A4601332D49CAF804502A4489
:10AA1800072BCDE92532CAF8001000F339810AF175
:10AA2800080AFFF78CBB0023194600961DAA584652
:10AA380001F014FB03460133059000F0F1821D94E8
:10AA4800059B002B4ED0632B00F31881002307933E
:10AA580037AC082200213046FDF774FC059D0096AE
:10AA68002B461DAA2146584601F0F8FA854240F0C7
:10AA78007C83059A0023A35422EAE272CDE90C33C1
:10AA88009DF86710039302920F93FEF7BABF2D212A
:10AA98008DF86710FEF7A4BF169B1599ABEB030B57
:10AAA8001A465846FDF7E6FC9AF80120054B0AB10C
:10AAB8000AF1010A4FF0000C28E600BF54090020F3
:10AAC800FC0D0020CDCCCCCC1BEE101A24AA584685
:10AAD80002F088FA00287FF418AA1B99269A0DF12B
:10AAE8009C0A7CE6059B9DF867100F93CDE902331D
:10AAF800CDE90C330793FEF784BF0E9905986518C6
:10AB08002D1ACC1AA542A8BF2546FFF74DBB089BB6
:10AB1800049953F8042B089311804C46FEF7C2BDE4
:10AB280013F9042B0893D1170B46FEF7DBBF039AE2
:10AB3800022122AB01931DAB009358461BABB0EE2C
:10AB48004A0B029201F0C4FB472D029A044600F01A
:10AB58006181462D104405D12378302B00F06F8297
:10AB68001B9A1044B5EE40ABF1EE10FA40F0468166
:10AB780003461B1B0E93472D00F01081462D00F055
:10AB8800B5811B9B0C930C9B412D03F1FF331B9349
:10AB980000F0E5819DF82C200021002BB8BF0C9B0C
:10ABA8008DF87820BABFC3F101032D222B22092B7F
:10ABB8008DF8792040F3DA810DF18F05DFF81CC498
:10ABC8002A4610468CFB0321DA17C2EBA10202EBDE
:10ABD8008201A3EB4101303100F8011C19466329B9
:10ABE800134600F1FF32ECDC3033D9B2831E9D42AC
:10ABF80002F8011C40F28B8213460DF17A0201E043
:10AC080013F8011B02F8011B9D42F9D10DF19103C4
:10AC18000DF17A021B1A13441EAA9B1A14930E9B59
:10AC2800149A012B1A44059240F30382059B109A4B
:10AC38001344059326F48063059A43F4807800232F
:10AC4800CDE90C3322EAE2720F930292099B002BA2
:10AC580040F0B1809DF867100393FEF7D2BE2046FE
:10AC6800FDF7AEFE02460590FEF720BF1BEE101A58
:10AC780024AA584602F0B6F9FEF7EDBD591C58460D
:10AC8800FBF7F2FC0446002800F0CA810790E0E6D2
:10AC98001BEE101A24AA584602F0A4F900287FF4E3
:10ACA80034A9269A0DF19C0AFFF749BA1BEE101A2F
:10ACB80024AA584602F096F900287FF426A9DDE96F
:10ACC80025321B990DF19C0A49E606230393FFF7E9
:10ACD80083BB039B02215A1C2BE7039A032128E715
:10ACE8001BA8B0EE4A0B01F0C7F9B4EE007B20EECA
:10ACF800070BB5EE400BF1EE10FA01D101231B93BF
:10AD0800B348039BB3EE005B013B224604E0B5EE7B
:10AD1800400BF1EE10FA13D020EE050BFDEEC07BD0
:10AD2800B3F1FF3F17EE901A415CB8EEE76B94461B
:10AD380030EE460B02F8011B194603F1FF33E6D14A
:10AD4800B6EE006BB4EEC60BF1EE10FA00F34881D4
:10AD5800B4EE460BF1EE10FA04D117EE903ADB0789
:10AD680000F13E81002906DB4B1C1344302102F818
:10AD7800011B9342FBD1131B0E93FCE60B9C0E9B0D
:10AD8800DDF82490DDF828801396E3189D422946C3
:10AD980028BF194682460591FFF7D8B91B9B0C932B
:10ADA800DA1C02DB039A93420CDD0B9B023B0B93EC
:10ADB80023F02005E7E62D2100238DF86710039383
:10ADC800FEF722BE0C9B0E9A9342C0F2BD80F0079C
:10ADD8000C9B40F13281109A13440593710503D5F9
:10ADE8000C9B002B00F33581059B23EAE373029348
:10ADF80067230B9300230F930D9327E7229B83422E
:10AE0800BFF4B7AE30215A1C22921970229B984287
:10AE1800F9D8AEE6F30700F1A780229BA9E624AA99
:10AE28005846059102F0DEF800287FF46EA896F8DF
:10AE380000C0269A059927A86544FFF7ECBB1BEECE
:10AE4800101A24AA584602F0CDF800287FF45DA80D
:10AE5800269A0DF19C0AFFF76BB978238DF86930B3
:10AE680030238DF86830039B632B48F0020600F30B
:10AE7800A6800023079337AC18EE903A002B48F4CD
:10AE880081782BDBB0EE48AB0B9B23F02005002329
:10AE980009930B9B612B7FF4ADAAB0EE4A0B1BA85C
:10AEA80001F0EAF8B4EE007B20EE070BB5EE400B9C
:10AEB800F1EE10FA01D101231B93464821E71BEE5E
:10AEC800101A24AA584602F08DF800287FF41DA80D
:10AED8001B9B269A0DF19C0AFFF74EB90B9B23F09A
:10AEE80020052D230993B1EE48ABD2E71B9A0C92AB
:10AEF800002A06F0010340F30D8103990B4340F04B
:10AF0800CF800C9B059366230B93720500F1A380F9
:10AF1800059B23EAE37302936CE71BEE101A24AA3D
:10AF2800584602F05FF800287EF4EFAF1B9C0E9B9A
:10AF3800269A1C1B0DF19C0AFFF736B958238DE79A
:10AF480000220392FEF7DABB0E9B109A9A180C9B0C
:10AF58000592002B40F3AB8067230B93D5E70B9A40
:10AF68000F32D2B2012118E6A018FBE5002940F003
:10AF7800A88030228DF87A200DF17B02303302F858
:10AF8800013B1EABD31A149349E601331249CAF8A0
:10AF980004502A44072BCDE92532CAF800107FF760
:10AFA80033AC1BEE101A24AA584602F01BF80028EE
:10AFB8007EF4ABAFDDE925320DF19C0A26E4591C7D
:10AFC8005846FBF751FB044650B3079054E700BFBF
:10AFD8003809002024090020FC0D002067666666F9
:10AFE800CDF888C012F8011C90F80FC061451346CF
:10AFF8000AD14FF0300E03F801EC229B591E229122
:10B0080013F8011C8C45F6D0392916BF0131817A15
:10B01800C9B203F8011CAEE600239046079360E727
:10B028001BEE102AB2F90C3043F040039381FEF76F
:10B0380016BCF5077FF5FEADF8E50593CEE6B5EE4F
:10B0480040ABF1EE10FA3FF48BADC2F101021B9256
:10B0580087E567230B9313990B78FF2B79D000258D
:10B068000C9A284603E001300131FF2B08D09342A7
:10B0780006DAD21A4B78002BF5D10B780135F4E7B4
:10B088000C9213910D900F950F9A0D9B16991344DE
:10B09800059A01FB0323059323EAE3730293D5E59D
:10B0A800109BD3181944662305910B932DE7C3F120
:10B0B80001031A4422EAE2730293672305920B9371
:10B0C80098E60DF17A0259E7039BDDF80890DDF860
:10B0D8001C800593B4E418EE903A002BB4BF2D21E0
:10B0E8009DF86710254C264BB8BF8DF8671028F0DF
:10B0F8008008FEF779BC039B0293059373239DF8A0
:10B10800671003900F900D900B93FEF77ABC022303
:10B11800149384E5039A134305D10123662202930D
:10B128000B92059366E6109B01331A4422EAE273F8
:10B138000293662305920B935CE6089A99F801300E
:10B14800894652F8041B089241EAE1710391FEF71F
:10B15800D3BA00230F930D9396E70C23CBF8003056
:10B168004FF0FF330493FEF781BB1BEE102A93893F
:10B1780043F040039381FEF7C8BE00BF20090020BA
:10B18800F0040020436C70B505460C464BB153F8EB
:10B19800240080B1026843F824200023C0E9033367
:10B1A80070BD2122042100F0C3FF03466864002813
:10B1B800EDD1002070BD012101FA04F6721D920044
:10B1C800284600F0B5FF0028F3D0C0E90146E4E7BF
:10B1D80031B1436C4A6853F82200086043F82210E2
:10B1E800704700BF2DE9F0410E6980460F461D46A5
:10B1F80001F1140E0020DEF800108CB202FB04539B
:10B20800090C4FEA134C02FB01CC01309CB204EB51
:10B218000C4486424EF8044B4FEA1C45EBDC3DB12A
:10B22800BB68B34207DD07EB860301365D613E610B
:10B238003846BDE8F081796840460131FFF7A2FF42
:10B248000446B0B13A69023207F10C0192000C30A1
:10B25800F9F776FDD8F844307A6853F82210396047
:10B2680043F82270274607EB860301365D613E618D
:10B27800DEE7034B03482246BA2100F039FF00BF3E
:10B28800AC0500202C0700202DE9F8431746274A73
:10B298001E4608330C46092E82FB03124FEAE3735D
:10B2A8000546C3EB620339DD4FF0010C00214FEA7C
:10B2B8004C0C634501F10101F9DC2846FFF762FFF8
:10B2C800014668B3089B4361092F4FF001030361EE
:10B2D80012DC0A340927BE420BDDF21BA61814F84B
:10B2E800013B0A22303B2846FFF77CFFA642014675
:10B2F800F5D10846BDE8F88304F10909C8463C447D
:10B3080018F8013B0A22303B2846FFF76BFFA0459F
:10B318000146F5D1A7F108044C44DCE70021CCE74D
:10B328000A46034B0348D32100F0E2FE398EE33886
:10B33800AC0500202C070020030C1B04D3B9000423
:10B34800102310F07F4F04BF0002083310F0704F35
:10B3580004BF0001043310F0404F04BF80000233E3
:10B36800002805DB10F0804F03F1010308BF2023FC
:10B37800184670470023E4E7036813F0070208D073
:10B38800D9071FD49A0722D55B080360012210460B
:10B39800704799B209B91B0C1022D9B209B9083201
:10B3A8001B0A190704BF1B090432990704BF9B082D
:10B3B8000232D90703D45B0802F1010205D0036009
:10B3C800104670470022104670472022DFE79B088E
:10B3D800022203601046704738B5436C04460D4698
:10B3E8004BB15868B0B102685A6000220123C0E925
:10B3F8000435C26038BD2122042100F099FE0346BD
:10B4080060640028EDD1094B0948002240F245113B
:10B4180000F06EFE1C220121204600F089FE002863
:10B42800F1D001220223C0E90123DEE7AC050020A8
:10B438002C0700202DE9F04F0E691569AE4285B042
:10B448008846144605DB2A46234635460C461646EA
:10B458009846A3686168AF19BB42B8BF0131FFF7CE
:10B4680091FE0190002800F08780019B03F11409E8
:10B4780009EB870AD14505D24B46002243F8042B35
:10B488009A45FBD808F1140808EB860B04F114035D
:10B49800D8451A4603EB85055FD22B1B153B23F0D5
:10B4A800030304331534A54238BF0423CDE902A7AA
:10B4B800AC461F46924605E0090C29D1C34509F15F
:10B4C800040948D958F8041B8DB2002DF4D056460B
:10B4D8004C46002356F8041B22681FFA81FE90B2DE
:10B4E800090C05FB0E00120C034405FB012202EBBC
:10B4F80013429BB243EA0243B44544F8043B4FEA83
:10B508001243E7D849F8073058F8041C090CD5D07D
:10B51800D9F8003050461A464C4600260588120CC9
:10B5280001FB052216449BB243EA064344F8043B58
:10B5380050F8045B22682D0C93B201FB053303EB32
:10B54800164384454FEA1346E8D8C34549F80730FF
:10B5580009F10409B6D8DDE902A7002F02DC05E0ED
:10B56800013F03D05AF8043D002BF9D0019B18463F
:10B578001F6105B0BDE8F08F034B0448019A4FF4F2
:10B58800B17100F0B5FD00BFAC0500202C0700200C
:10B5980012F003032DE9F0411446064632D10D4658
:10B5A800A41020D0D6F84080B8F1000F33D0E307BC
:10B5B8004FF0000707D4641015D0D8F80000A8B1E0
:10B5C8008046E307F7D5424629463046FFF732FF63
:10B5D800B5B16968736C641053F821202A6043F888
:10B5E80021500546E9D12846BDE8F081424641464A
:10B5F8003046FFF71FFFC8F8000007608046E0E705
:10B608000546D8E7013B0F4A52F823200023FFF7ED
:10B61800E9FD0546C4E701213046FFF7B3FD804642
:10B6280040B1012340F27122C0E9043200233064A2
:10B638000360BCE7044B0548424640F2451100F060
:10B6480057FD00BF880C0020AC0500202C07002007
:10B658002DE9F0470D4614462F69AB68496807EB9A
:10B6680062177E1C9E4280464FEA621904DD5B0029
:10B678009E4201F10101FADC4046FFF783FD844652
:10B68800002852D0B9F1000F00F114020EDD09F1C3
:10B6980005014FEA810E134600EB8101002043F8B3
:10B6A800040B8B42FBD1AEF114031A44296905F14E
:10B6B800140314F01F0E03EB81012ED0CEF12009E4
:10B6C80010464FF0000A1C6804FA0EF444EA0A0413
:10B6D80040F8044B53F8044B994224FA09FAF2D87B
:10B6E8004B1B153B23F00303043305F1150081427E
:10B6F80038BF0423BAF1000F18BF374642F803A039
:10B70800D8F844306A68CCF8107053F822102960D1
:10B71800604643F82250BDE8F087043A53F8040B1A
:10B7280042F8040F9942F9D8EAE7034B0348624606
:10B738004FF4EF7100F0DCFCAC0500202C07002072
:10B748000B6984460069C01A16D10CF1140C143127
:10B758000CEB830210B401EB830301E0944508D29B
:10B7680052F8044D53F8041D8C42F7D005D24FF01F
:10B77800FF305DF8044B7047704701205DF8044BBB
:10B78800704700BF2DE9F84F0F691369FF1A002FA2
:10B798000E4690467FD101F11405143202EB830264
:10B7A80005EB830301E09D4278D253F8041D52F85B
:10B7B800044DA142F7D069D37168FFF7E3FC8146D5
:10B7C800002877D03569D8F81020C76008F1140E22
:10B7D80006F1140009F1140A06F110010EEB8202B9
:10B7E80000EB850756464FF0000C5EF8044B51F805
:10B7F80004BFA3B21CFA8BFCACEB03034FEA144C56
:10B80800CCEB1B4C0CEB234C9BB243EA0C4372452C
:10B8180046F8043B4FEA2C4CE7D8A2EB080115394F
:10B8280008F11508424521F0030404F1040438BF67
:10B838000424204421F0030238BF002287425244E6
:10B84800544418D92646014651F8043B1CFA83FC97
:10B858004FEA2C4202EB13421FFA8CFC4CEA0243DB
:10B868008F4246F8043B4FEA224CEDD8013F3F1A7D
:10B8780027F00307E21923B952F8043D013D002BD4
:10B88800FAD0C9F810504846BDE8F88F334601276A
:10B898004646984690E7F9DB00278DE70021FFF739
:10B8A80071FC814668B101220023C9E90423484696
:10B8B800BDE8F88F064B07484A4640F2452100F09C
:10B8C80017FC034B03484A4640F2372100F010FCAE
:10B8D800AC0500202C07002082B08DED000B164B24
:10B8E800019A1340A3F15073002B06DD002219467C
:10B8F800104641EC100B02B070475B42B3F1A07FD9
:10B908004FEA235209DA4FF4002313410022194663
:10B91800104641EC100B02B07047A2F114031E2B25
:10B92800DABF4FF00042DA400122002319461046E0
:10B9380041EC100B02B070470000F07FF8B50469C5
:10B9480000F1140606EB8404271F54F8045C28460B
:10B95800FFF7F2FCC0F120030A280B601BDDBE4292
:10B968000BD20B3854F8081C2ED145F07F5343F402
:10B9780040130A4643EC102BF8BDB0F10B01F4D08C
:10B9880005FA01F141F07F53002143F440130A46C0
:10B9980043EC102BF8BDC0F10B0C25FA0CF1BE429C
:10B9A80041F07F5338BF54F8081C00F1150034BF2C
:10B9B80021FA0CF1002105FA00F0014343F4401389
:10B9C8000A4643EC102BF8BDC0F1200C854021FA43
:10B9D8000CF345EA0307A4F10805AE4201FA00F1A9
:10B9E8003CBF54F80C0C20FA0CF047F07F5338BFDA
:10B9F800014343F440130A4643EC102BF8BD00BF43
:10BA08002DE9F043884683B0012157EC106B1546A9
:10BA1800FFF7B8FB0446002851D0C7F30A59C7F30B
:10BA28001303B9F1000F01D043F48013002E0193E2
:10BA380018D101A8FFF7A0FC019A6261012200F168
:10BA480020032261B9F1000F25D0A9F2334909EB8F
:10BA580003022046C3F13503C8F800202B6003B069
:10BA6800BDE8F08368460096FFF786FC034610B3EE
:10BA7800DDE90002C3F1200102FA01F10143DA40D5
:10BA880061610192002AA26114BF0222012222618F
:10BA9800B9F1000FD9D1A3F23243C8F8003004EB52
:10BAA80082031869FFF748FCC0EB421320462B605D
:10BAB80003B0BDE8F083009A6261019AE2E7034BA4
:10BAC8000348224640F20F3100F012FBAC0500207B
:10BAD8002C070020F0B583B00E4669460746FFF7ED
:10BAE8002DFF01A9304655EC104BB0EE407BFFF717
:10BAF80025FF33693A69D21ADDE900315B1A03EB95
:10BB08004213002B09DD17EE902A02EB035545EC92
:10BB1800174B87EE000B03B0F0BD10EE902A51ECE6
:10BB2800100BC3EB033302EB035141EC100B87EE10
:10BB3800000B03B0F0BD00BF0139491101F1010C40
:10BB4800116902F1140303EB81018B4200EB8C0CA9
:10BB580017D210B5A0F1040E53F8044B4EF8044F59
:10BB68009942F9D88A1AA2F1150323F00303043382
:10BB78001844844504D9002340F8043B8445FBD885
:10BB880010BD844505D9002340F8043B8445FBD803
:10BB98007047704703694A11934200F1140009DAAB
:10BBA80000EB830302E053F8042DC2B98342FAD8AC
:10BBB8000020704710DD11F01F010DD010B450F8AF
:10BBC800224000EB820324FA01F28A4094420CD00E
:10BBD80001205DF8044B704700EB8203E6E7012083
:10BBE800704753F8042D002AF2D18342F9D8002077
:10BBF8005DF8044B704700BF70B500294BD006466E
:10BC08000C4610B1436B002B48D0636ED80734D56F
:10BC1800B4F90C30002B3ED02146304600F050F8E5
:10BC2800E36A054633B1E169304698470028B8BF52
:10BC38004FF0FF35A3891A063CD4216B41B104F1BA
:10BC48004003994202D03046FCF7CCFF002323631F
:10BC5800616C21B13046FCF7C5FF00236364FCF733
:10BC6800C5FA636E0022DB07A2811FD5A06DFCF721
:10BC780099FEFCF7C1FA284670BDA3899905CBD473
:10BC8800A06DFCF791FEB4F90C30002BC4D1656EA1
:10BC980015F0010505D00025284670BDFCF788FA87
:10BCA800B3E7A06DFCF782FE284670BDA06DFCF7D7
:10BCB8007DFEDBE721693046FCF794FFBDE700BF56
:10BCC800B1F90C202DE9F0410C461107804647D404
:10BCD800636842F40062002BA2815EDDA56A002D34
:10BCE80058D00023D8F80060C8F8003093B212F496
:10BCF800805256D10123E1694046A847431C67D0CA
:10BD0800A389A56A5F0705D56368C01A236B0BB1C1
:10BD1800E36BC01AE169024600234046A847411C6C
:10BD280041D1D8F80030002B3DD01D2B01D0162B67
:10BD380056D1A3892269226023F40063002161603F
:10BD4800A381216BC8F8006021B304F14003994234
:10BD580002D04046FCF746FF00202063BDE8F08192
:10BD68002669BEB193B2256826609A070CBF63693D
:10BD78000023AD1BA3600BE02B463246E169676ADE
:10BD88004046B847B0F1000CA5EB0C05664417DD3A
:10BD9800002DF1DC0020BDE8F081E36B002B9DDC79
:10BDA800F8E7206DAEE7B4F90C302269226023F47D
:10BDB8000063A3810022DB046260C2D52065C0E76E
:10BDC800A38943F040034FF0FF30A381BDE8F08121
:10BDD800D8F80030002B93D01D2B06D0162B04D09A
:10BDE800A38943F04003A381D5E7C8F80060D1E7F1
:10BDF80038B50C46054608B1436B03B3B4F90C00DB
:10BE080088B1636EDB0701D481050FD5284621462A
:10BE1800FFF756FF636EDA07054602D4A3899B0530
:10BE280008D5284638BD0546284638BDA06DFCF71C
:10BE3800BBFDEBE7A06DFCF7B9FD284638BDFCF764
:10BE4800B7F9DBE710B50C46B1F90E1000F07AF837
:10BE5800002803DB236D0344236510BDA38923F465
:10BE68008053A38110BD00BF2DE9F0410C46B1F904
:10BE78000C101F46CB05054616460BD421F48051FD
:10BE8800A1813B46B4F90E1032462846BDE8F04180
:10BE9800FCF776BBB4F90E100223002200F03CF840
:10BEA800B4F90C10EAE700BF10B50C46B1F90E1052
:10BEB80000F032F8A389421C0EBF23F4805343F4E8
:10BEC80080532065A38110BDB1F90E1000F012B89F
:10BED80049B1FF2A02D80A70012070478A230360FB
:10BEE8004FF0FF3070470846704700BF0048704762
:10BEF8008010002038B5074D0022044608462A6005
:10BF0800F9F742FA431C00D038BD2B68002BFBD050
:10BF1800236038BD1425002038B50C46084D8446EA
:10BF2800114620461A4600232B606446F9F738FA72
:10BF3800431C00D038BD2B68002BFBD0236038BDD4
:10BF48001425002038B50C46084D84461146204675
:10BF58001A4600232B606446F9F714FA431C00D0F4
:10BF680038BD2B68002BFBD0236038BD142500207A
:10BF780001F0FF01102A2BDB10F0070F08D010F892
:10BF8800013B013A8B422DD010F0070F42B3F6D196
:10BF9800F0B441EA012141EA014122F007047FF0AF
:10BFA80000070023F0E80256083C85EA010586EA06
:10BFB800010685FA47F5A3FA87F586FA47F6A5FA42
:10BFC80087F68EB9EED1F0BC01F0FF0102F007024E
:10BFD80032B110F8013B013A83EA010313B1F8D1F9
:10BFE8000020704701387047002D06BF35460338DA
:10BFF800073815F0010F07D1013015F4807F02BF13
:10C00800013015F4C03F0130F0BC0138704700BF63
:10C0180070B5054684B05BB11C4669B10E4B284625
:10C02800D3F8E0602346B047431C0FD004B070BD7E
:10C0380000F582740029F1D1074A2346D2F8E0605E
:10C0480028460A4601A9B047431CEFD100228A239B
:10C0580022602B6004B070BD900F002010B582B034
:10C06800049CCDE900344FF0FF3302F06BFB02B0C3
:10C0780010BD00BF0000000030B482B08DED000B91
:10C08800019A194C22F000430021A342016021DCEF
:10C09800009C1C431ED0154C144054B99FED107BD6
:10C0A80020EE077B8DED007B019A6FF0350122F0C1
:10C0B800004322F0FF42DDE9004522F4E00242F0AD
:10C0C8007F551B1545F40015A3F2FE33CDE9004555
:10C0D8000B4403609DED000B02B030BC704700BFFD
:10C0E8000000000000005043FFFFEF7F0000F07FDA
:10C0F80000B50B4C25681446EE681A4685B0034611
:10C108000D464CB107490095CDE901143046064962
:10C1180000F054FFF9F748F904490C46F3E700BF6B
:10C12800181500206C0500207C050020A4030020C1
:10C1380038B5A1FB02148CBBFAF796FA0546E0B1B4
:10C1480050F8042C22F00302043A242A17D8132AA0
:10C158001AD91B2AC0E900441DD9242A14BF00F1AA
:10C16800100200F118024FF00003C0E9024404BFB6
:10C1780004614461C2E900339360284638BD214612
:10C18800FCF7E0F8284638BD02460023C2E9003330
:10C198009360284638BD00F10802F6E7FCF706FA76
:10C1A8000C2300250360E8E72DE9F04F03690C69CB
:10C1B800A34283B0C0F28780013C01F11405A300BB
:10C1C80000F11408009355F8243058F8242001335E
:10C1D80081469A4208EB840005EB84070190B2FB84
:10C1E800F3F63BD34FF0000CAE464046E2466346BA
:10C1F8005EF804BB02681FFA8BFC06FB0C334FEA9F
:10C20800134C4FEA1B4B06FB0BCC9BB2AAEB030368
:10C218001FFA8CFA13FA82F3CAEB124202EB23429A
:10C228009BB243EA0243774540F8043B4FEA224A6F
:10C238004FEA1C43DCD2009B58F8033073B9019BCA
:10C24800043B984504D307E0984504F1FF3403D232
:10C2580053F80429002AF7D0C9F810404846FFF7D8
:10C268006FFA00282BDB01364146002355F8040BF2
:10C27800D1F800C082B29A1A030C12FA8CF2C3EBFE
:10C288001C4303EB224392B242EA0342AF4241F815
:10C29800042B4FEA2343E9D258F8242008EB8403FF
:10C2A8006AB9043B984504D307E0984504F1FF3484
:10C2B80003D253F80429002AF7D0C9F810403046B1
:10C2C80003B0BDE8F08F002003B0BDE8F08F00BFD9
:10C2D8002DE9F04F2DED028B8FB08DED020B019102
:10C2E800816B1A9D059357EC106B0446934641B138
:10C2F800C26B4A60012393408B60FEF769FF0023FD
:10C30800A363B7F10008B4BF012300232B60BE4B21
:10C31800BCBF28F00048CDF80C8033EA080300F0D1
:10C328009F809DED028BB5EE408BF1EE10FA11D196
:10C33800059A012313601B9B002B00F03F82B34B2F
:10C348001B9A1360013B009300980FB0BDEC028B61
:10C35800BDE8F08F0CAA0DA92046B0EE480BFFF7F8
:10C368004FFB5FEA1853054640F09280DDE90C1355
:10C378000B4403F23242202A40F3FA82C2F140020F
:10C3880008FA02F803F21242D64048EA060207EE1B
:10C39800102AB8EE477B581E17EE906A53EC172BFD
:10C3A8004FF0010AA6F1F8739FED913B9FED927B48
:10C3B8009FED935B06EE900A43EC122BB8EEE64B2A
:10C3C800B7EE086B32EE466BA6EE037BA4EE057B58
:10C3D800FDEEC76BB5EEC07BF1EE10FA16EE907A63
:10C3E80008D5B8EEE66BB4EE476BF1EE10FA18BF5D
:10C3F80007F1FF37162F00F24581854B03EBC70382
:10C4080093ED007BB4EEC78BF1EE10FA57D5091AFD
:10C418000023B1F1010807F1FF370A9300F13981D0
:10C4280000230693002F52DA069B0497DB1B069322
:10C438007B420893019B092B4FF000074ED8052B30
:10C4480040F39D82043B01930026019B9A1E032A18
:10C4580000F22581DFE812F0AA03A7039D037E03FB
:10C46800059AC8F3130842F20F7358EA06081360D6
:10C478001ED11B9B002B00F09185664B009308335F
:10C488001B9A009813600FB0BDEC028BBDE8F08FCB
:10C4980018EE906AC6F31306A3F2FF3053EC182B7C
:10C4A80046F07F530C994FF0000A43F440137BE7A2
:10C4B8001B9B002B40F03B83574B009344E7091A22
:10C4C8000023B1F101080A9300F1E38006930023E9
:10C4D8000893019B0497092BB844B0D9002301267F
:10C4E800019307964FF0FF399B460021E163CDF891
:10C4F8002C902046FEF746FE0090002800F040856C
:10C50800009BA363B9F10E0F00F2DC80002E00F04F
:10C51800D980049B002B40F3DE833D4A03F00F01D2
:10C5280002EBC10292ED007B1A11DB0540F1828318
:10C538003A4991ED086B02F00F02032088EE065B82
:10C548005AB13649D60704D591ED006B013027EE74
:10C55800067B521001F10801F4D185EE076B0A9BA6
:10C568003BB1B7EE007BB4EEC76BF1EE10FA00F109
:10C57800AE8407EE900AB8EEE75BB1EE0C7BA5EE51
:10C58800067B17EE902A51EC170BA2F15071B9F106
:10C59800000F00F08883049E4A46079B002B00F09A
:10C5A8004784B6EE003B1A4BFDEEC64B03EBC20CBC
:10C5B800B8EEE47B36EE477B1CED026B83EE065B40
:10C5C80041EC160B14EE900A35EE465B0099B4EE7A
:10C5D800C75B3030F1EE10FA01F8010B00F3AC84C0
:10C5E800B7EE002BB2EE044B4FF0000C31E000BF69
:10C5F80061436F63A787D23FB3C8608B288AC63F61
:10C60800FB799F501344D33F0000F07F5509002069
:10C61800A802002094080020A00800208002002022
:10C628000CF1010C94454DDA27EE047B25EE045BF2
:10C63800FDEEC76B16EE903AB8EEE63B303337EEB8
:10C64800437BB4EEC57BF1EE10FA01F8013B00F133
:10C65800738432EE476BB4EEC56BF1EE10FADFD59A
:10C66800009A049602E08A4200F05084894611F844
:10C67800013D392BF7D00133DBB20B70049B01333A
:10C68800049355E1091A0123B1F101080A937FF5D2
:10C69800C7AEC1F1010306934FF00008C2E60026B9
:10C6A800E66331462046FEF76DFD0090002800F055
:10C6B8006784009BA3634FF0FF330B9399460123D4
:10C6C800B34607930D9A002A55DB04990E2952DCCC
:10C6D800B74BBBF1000F03EBC10393ED006B15DA09
:10C6E800B9F1000F12DC40F0F282B1EE047B26EEC5
:10C6F800077BB4EEC78BF1EE10FACA464E4600F23D
:10C708006D82DDF800806FEA0B0B70E288EE067B25
:10C71800BDEEC77B009917EE103AB9F1010F03F18E
:10C728003003B8EEC75B01F8013BA5EE468B00F07D
:10C738003483B2EE044B012311E088EE067BBDEE94
:10C74800C77B013317EE102A4B4502F13002B8EED1
:10C75800C75B01F8012BA5EE468B00F01E8328EE7F
:10C76800048BB5EE408BF1EE10FAE6D1049B013351
:10C7780004938946DCE0079B43B3019B012B40F3FC
:10C788007682089B09F1FF3A534580F23F82089B65
:10C79800CDF820A0AAEB030217444FF0000AB9F124
:10C7A800000FC0F22583069B09934B44C8440693A7
:10C7B80001212046FEF710FE06460CE07D4B009353
:10C7C80000980FB0BDEC028BBDE8F08F069BDDF83A
:10C7D80020A0079E0993099B6BB1B8F1000F0ADDF1
:10C7E800434506991A46A8BF4246891A9B1A0691DC
:10C7F8000993A8EB0208089B63B1079B002B00F084
:10C80800A782BAF1000F00F30482089BB3EB0A0277
:10C8180040F0FF8201212046FEF7DEFD002F824610
:10C8280000F3AF80019B012B40F38781002308931D
:10C838000120002F40F0B180404410F01F0000F0AC
:10C848007A81C0F12002042A00F3888040F0F68142
:10C85800069B002B05DD29461A462046FEF7F8FE02
:10C868000546B8F1000F05DD514642462046FEF761
:10C87800EFFE82460A9B002B40F03F81B9F1000F82
:10C8880040F32581079B002B40F0A380049B0133D4
:10C898000493DDF80080012707E0294600230A22D7
:10C8A8002046FEF79FFC0137054651462846FFF70C
:10C8B8007BFCB94500F1300008F8010BEDDCB9F15B
:10C8C800000F009ACCBFCB464FF0010B03469344B0
:10C8D80000272946012220460193FEF7B9FE51465A
:10C8E8000546FEF72DFF002840F3AF811BF8013CF9
:10C8F800009A0BF1FF3B04E05A4500F0B1811BF8A8
:10C90800013D392B0BF10109F6D001338BF80030CA
:10C9180051462046FEF75CFC56B12FB1B74203D012
:10C9280039462046FEF754FC31462046FEF750FCB7
:10C9380029462046FEF74CFC002389F80030DDE943
:10C9480004231A601B9B002B3FF4FEAC0098C3F82D
:10C9580000900FB0BDEC028BBDE8F08FC0F11C0059
:10C96800069B03440693099B0344099380446FE79D
:10C97800C2F1200206FA02F207EE102A09E50126A2
:10C9880063E501463A462046FEF702FE019B012B6D
:10C99800824640F3C58100230893DAF810200AEB99
:10C9A80082021069FEF7C8FCC0F1200044E700BF0E
:10C9B800A802002054090020314600230A222046FC
:10C9C800FEF710FC0B9B002B064640F3CE82049723
:10C9D8009946099B002B05DD31461A462046FEF78D
:10C9E80037FE0646089B002B40F0EB81B046029BC1
:10C9F800009F03F001027B1E4B440893019B0A929F
:10CA08001343099351462846FFF7CEFB3146834628
:10CA18002846FEF795FE4246514681462046FEF7D7
:10CA2800B1FEC26801460BF13003002A42D1CDE9BC
:10CA380006032846FEF784FE069902902046FEF774
:10CA4800C7FB029A079B1AB90999002900F07E8250
:10CA5800B9F1000FC0F28381019949EA01090A99E5
:10CA680051EA090900F07B81002A00F3C681089A7F
:10CA78003B7007F101099742CB4600F0C481294673
:10CA880000230A222046FEF7ADFB464505463146FF
:10CA98004FF000034FF00A02204612D0FEF7A2FB27
:10CAA8004146064600230A222046FEF79BFB4F46D6
:10CAB8008046A7E720460293FEF78AFB029B0122E5
:10CAC800C6E7FEF78FFB4F46064680469AE7019B6E
:10CAD800022B71DC079B002B7FF47BAF049B514634
:10CAE800013328460493FFF75FFBDDF800B000F13F
:10CAF80030030BF8013B0027EBE651462846FEF7CA
:10CB08001FFE0028BFF6BAAE294600230A22204697
:10CB1800FEF768FB049B5F1E079B0546002B7FF40E
:10CB28004BAF0B9B002B40F318829946B1E6BC4BE8
:10CB380000930333A4E41C2012E7DDE90201002876
:10CB48007FF474AEC1F31302002A00F0F480029B54
:10CB580008936DE601230793049B5B4403F10109E5
:10CB6800B9F1010FCC460B93B8BF4FF0010C00216F
:10CB7800BCF1170FE1637FF7BCAC0120042252001F
:10CB880002F114036345014600F10100F7D9E1639E
:10CB9800AFE401230793BBF1000F52DDCDF82CB0B1
:10CBA800D946DC46E3E700230793D5E7002307933C
:10CBB800F1E7DDF82C900497B9F1000F7FF4A1ADEF
:10CBC80051464B4605222046FEF70CFB014682469D
:10CBD8002846FEF7B5FD00287FF793AD049B03F1C7
:10CBE800010B009B3122984603F8012B0093514614
:10CBF8002046FEF7EDFA0BF10103DDF800900493EF
:10CC0800CDF80080002E7FF48FAE91E6A3EB0A0AE0
:10CC1800C5E5314652462046FEF7BAFC2A4601468B
:10CC280006462046FEF706FC294605462046FEF73E
:10CC3800CFFAEAE50220B0EE485B81E4C0F13C009F
:10CC48008EE64FF0010BD9464FE403D1019BDB0779
:10CC58003FF54CAED9461BF8013D302BFAD057E6CC
:10CC6800049B009A013304933123137050E6BAF100
:10CC7800000F00F0238102F23342069B099313440C
:10CC8800DDF820A00693904492E507EE900AB1EEF5
:10CC98000C5BB8EEE77BA6EE075B15EE902A51EC2D
:10CCA800150BA2F1507141EC150BB1EE047B36EE79
:10CCB800477BB4EEC57BF1EE10FA00F33781B1EE95
:10CCC800455BB4EEC57BF1EE10FA7FF5FBAC4FF097
:10CCD800000A564615E500F0F580049B51495A4272
:10CCE80002F00F0001EBC00191ED006B121128EE6C
:10CCF800066B00F04281B0EE467B4B4900260220CD
:10CD0800D30705D591ED005B0130012627EE057BA1
:10CD1800521001F10801F3D1002E06FE076B1EE444
:10CD2800029B002B7FF437AEDDE90201C1F3130249
:10CD3800002A40F037813D4A0A40002A00F0FA8074
:10CD4800069B01330693012308F1010808936FE558
:10CD58002946089A2046FEF71BFC05465AE5002A94
:10CD680012DD2946012220460193FEF771FC514647
:10CD78000546FEF7E5FC0028019B40F3E180392BCE
:10CD880000F0CA800BF13103B94609F8013B049B56
:10CD98000133374604934646BAE538EE088BB4EEBD
:10CDA800C68BF1EE10FA0ADCB4EE468BF1EE10FAFF
:10CDB8007FF4DCAC17EE103AD8077FF5D7AC009AB1
:10CDC80054E471682046FEF7DDF90746002800F0B4
:10CDD800DE80336902339A0006F10C010C30F7F754
:10CDE800AFFF394601222046FEF732FC8046FEE5B9
:10CDF800069BA3EB09030993DAE4392B00F08C8036
:10CE0800B9460133C1E7049A0132374604924646CF
:10CE18005FE529462046FEF7BBFB0546FAE400BF5E
:10CE2800A0080020A8020020800200200000F07F57
:10CE38005E4BFDEEC65B03EBC20C1CED023BB8EE8D
:10CE4800E57B36EE477B41EC160B15EE901A23EE88
:10CE5800063B00983031012A00F8011B00F083805E
:10CE6800B2EE044B009B991827EE047BFDEEC76BCE
:10CE780016EE903A303300F8013B8142B8EEE65B9B
:10CE880037EE457BF0D1B6EE006B33EE065BB4EEC1
:10CE9800C75BF1EE10FA3FF5E3AB36EE436BB4EE49
:10CEA800C76BF1EE10FA7FF70DAC8946013919F816
:10CEB800013C302BF9D0731C049339E50C9AC2F16C
:10CEC8003602DAE60220B0EE486BFFF748BBB9F14C
:10CED800000F3FF4DAAE0B9A002A7FF7F3ABB2EEFD
:10CEE800044B26EE046B013007EE900A049BB8EE63
:10CEF800E75BB1EE0C7BA6EE057B17EE90CA51EC12
:10CF0800170B5E1EACF15071FFF747BB049B013352
:10CF180004933123FFF7B1BB049BBB460133049351
:10CF2800392337460BF8013B4646E1E44FF0000A47
:10CF3800564653E608927BE4731C04938946F7E44B
:10CF48007FF422AFDA077FF51FAF18E7392BE3D05C
:10CF5800B9F1000F3FF716AF16E7019B022B3FF719
:10CF680028AE0497BAE501468DE7019B022B3FF7EF
:10CF780020AEDDF82C9004972BE50220FFF7EFBADE
:10CF88000B4B0C48002240F2AF11FFF7B1F8084BE9
:10CF980008483A4640F2EF21FFF7AAF8064B0093FB
:10CFA800FFF7D2B9029B0893F7E400BFA80200205C
:10CFB800AC050020A4080020940800200EB410B589
:10CFC80083B005AB064C53F8042B01930146206847
:10CFD80000F0C4F803B0BDE8104003B0704700BFCC
:10CFE800181500202DE9F04F9368176883B0924612
:10CFF800002B70D081468A6808680C46083743E0E1
:10D00800A38913F4906F2ED0D4E90416A0EB01087D
:10D0180006EB460606EBD67608F1010076102844A2
:10D02800B042324684BF064632465B0537D51146C4
:10D038004846F9F719FB019000283AD04246216981
:10D04800F7F77EFEA289019B22F4906242F08002EB
:10D05800A281A6EB080203EB08006661A2602361C7
:10D0680020602E46A84642465946FBF7EFF8DAF804
:10D078000830A2682068921B40445B1BA2602060B5
:10D08800CAF808303BB3083757E902B5002DFAD083
:10D09800AA4216469046B3D92E46A846E3E7484624
:10D0A800F9F7AAFD03460028D3D121694846FBF7C2
:10D0B80099FDA3890C2243F04003C9F800204FF0E2
:10D0C800FF30A38100220023CAF80820CAF80430E0
:10D0D80003B0BDE8F08F00200023CAF8043003B085
:10D0E800BDE8F08F2DE9F84F4B6E9C0490462DD586
:10D0F8009368126843B38B46064602F1080959E95A
:10D10800025A5FEA9A0715D0043D002401E0A742BD
:10D118000ED055F8041F5A46304601F05BFA431CFE
:10D1280004F10104F3D10023C8E90133BDE8F88F05
:10D13800D8F808302AF0030AA3EB0A03C8F8083025
:10D1480009F10809002BDAD10020ECE701F00CF80E
:10D158000023C8E90133BDE8F88F00BF2DE9F04F7F
:10D168002DED028BC5B00DF1500A834608EE101A5A
:10D1780016460021082250461C460793FBF7E2F8A2
:10D18800BBF1000F04D0DBF83430002B00F0A08690
:10D1980018EE102A536EDB0740F11385B2F90C1014
:10D1A8008AB295040BD418EE103A41F400519981D3
:10D1B8005B6E8AB218EE101A23F400534B66100700
:10D1C80040F1058118EE103A1B69002B00F0FF8032
:10D1D80002F01A030A2B00F00A810023CDE9193363
:10D1E800CDE90D331BAA0C93189291460B93059326
:10D1F800B0464446A84BD3F8E450FBF7A3F92246BF
:10D20800034612A9CDF800A05846A847002800F008
:10D218004581C0F23981129A252A034601D01C445F
:10D22800E8E7B4EB0806054640F03C810023617846
:10D238008DF8433004F1010806934FF0FF371E467E
:10D248002B2408F10108A1F120035A2B00F2788160
:10D25800DFE813F0B50276017601B00276017601B7
:10D2680076016A00760176017D028D0276018802D8
:10D278009702760192025B005B005B005B005B003B
:10D288005B005B005B005B0076017601760176014E
:10D29800760176017601760176015C0284007601DA
:10D2A80076017601760176017601760176017601BE
:10D2B8007601E80076017601760133027601DA021A
:10D2C800760176018B057601760176017601760185
:10D2D800760176017601760176015C028600760198
:10D2E80076017601CD0286007F007601C0027601C4
:10D2F800FD02EA00ED027F00760133027C00690539
:10D30800760176016B0576017C00A1F130030022DD
:10D3180018F8011B02EB820203EB4202A1F1300371
:10D32800092BF5D906928EE75846FEF7DFFD4368CC
:10D338000D931846FBF744FB0E9005465846FEF73A
:10D34800D5FD83680B93002D40F0D68498F8001023
:10D3580077E798F8001046F0200672E746F01006C6
:10D36800B40640F18E81079B073323F007031A4662
:10D37800596852F8083B07920A460029C0F270849F
:10D38800791C00F0A28526F08001039153EA02017E
:10D3980000F03F840A2B72F1000180F041853033A0
:10D3A8008DF80F31039E012304930DF20F14049B93
:10D3B800BB42B8BF3B460393002308939DF8433014
:10D3C800002B00F0CB80039B01330393C6E018EEDB
:10D3D800101A584618EE105A01F040F8002840F08C
:10D3E8005286AA8902F01A030A2B7FF4F6AE18EEC9
:10D3F800101AB1F90E30002BFFF6EFAE4B6EDB07BB
:10D4080002D4970540F1128618EE101A23463246C8
:10D41800584600F069FE0590059845B0BDEC028BB2
:10D42800BDE8F08F46F0100616F0200200F03681B5
:10D43800079B073323F0070319465A6851F8083B3E
:10D44800079126F480610391002100208DF84300A4
:10D45800781C00F01082039820F0800653EA02003E
:10D4680040F00882002F40F03885002940F0D5832D
:10D47800039B13F00103049300F0118430238DF80B
:10D488000F310DF20F1492E7082200215046FAF7E7
:10D4980059FF01231C44ADE6900F0020B4EB0806A9
:10D4A80005461BD0199B1A9A01333244072BC9E948
:10D4B80000861A9219931CDD002A00F0A68318EE44
:10D4C800101A18AA5846FFF70DFE20BB0DF16C097B
:10D4D800059B33440593002D7FF4A8AE1A9B002BBF
:10D4E80040F0C18518EE103A0022B3F90C301992B9
:10D4F80015E009F10809EBE718EE101A18AA5846C2
:10D50800FFF7F0FD002800F0A680089B1BB10899E2
:10D518005846FBF767FB18EE103AB3F90C3018EED3
:10D52800102A526E12F0010F9AB200F0A080500635
:10D5380000F1B285059845B0BDEC028BBDE8F08FCF
:10D548000029CBD000238DF843300123CDE90333E4
:10D558008DF8AC102BAC002308931F4616F002037D
:10D56800099302D0039B0233039316F084030A93B2
:10D5780005D1069B039A9D1A002D00F37B82DDE9F5
:10D588001903411C9DF8432082B101220133C9F8D7
:10D59800042007290DF14302CDE91913C9F8002029
:10D5A80000F34A82084609F108090131099AE2B1F3
:10D5B80011AA0233C9F8002007294FF00202CDE969
:10D5C8001913C9F8042040F35082002B00F043835C
:10D5D80018EE101A18AA5846FFF784FD002894D1AF
:10D5E800DDE919030DF16C09411C0A9A802A00F043
:10D5F8008481049ABD1A002D00F3D781049AC9F8D2
:10D60800004013440729CDE91913C9F8042040F351
:10D618006E81002B00F0758218EE101A18AA584671
:10D62800FFF760FD00287FF470AF1A9B0DF16C09BD
:10D63800750705D5069A0399541A002C00F36B82D6
:10D64800DDE9052103988142ACBF521812180592F2
:10D65800002B7FF451AF089900231993002900F09B
:10D6680049815846FBF7BEFA0DF16C09C1E59C05E6
:10D678003FF55DAF18EE104AA06DFBF797F9A28948
:10D6880055E7F006079A00F11F83710640F11983E8
:10D6980032F9043B0792DA1711466EE616F01003CA
:10D6A800079940F0098316F0400000F001831A46FC
:10D6B80051F8043B07919BB2C3E6079B1A46002327
:10D6C8008DF84330134653F8044B0393002C00F0B5
:10D6D8001284532900F0658316F0100540F0618329
:10D6E8007B1C00F0B3843A4629462046FEF740FCEE
:10D6F8000890002800F09F84031B039A049323EAF0
:10D70800E3732F4607920393089557E6432902D0FF
:10D71800F50640F12D83079D0822002116A82BACA1
:10D72800FAF710FE16AB55F8042B21465846FEF7BB
:10D738006FFC03460133049000F0B384049B079503
:10D7480023EAE373039300238DF8433003E7079B31
:10D7580053F8042B0692002A80F29C82069A5242C1
:10D76800CDE9062398F8001046F0040669E598F814
:10D7780000108DF8434064E598F8001046F08006E4
:10D788005FE5424612F8011B2A2900F09684A1F1B0
:10D798003003092B90464FF000073FF654AD18F8B8
:10D7A800011B07EB870703EB4707A1F13003092BA0
:10D7B800F5D948E598F8001046F0010641E59DF8CE
:10D7C8004330002B7FF4C2AD202398F800108DF869
:10D7D800433036E598F800106C2903BF98F801101B
:10D7E80046F0200608F1010846F0100629E598F8E9
:10D7F8000010682903BF98F8011046F4007608F174
:10D80800010846F040061CE546F010030393039B0D
:10D8180013F0200200F00682079B073323F007036A
:10D8280019465A6851F8083B079101210DE6079AF5
:10D8380046F00203039352F8043B079247F630027E
:10D84800ADF84420B84A0C9202210022FDE5B70643
:10D8580000F14882F50600F14683740600F1D5838D
:10D86800B00540F14083079B059953F8042B0793B3
:10D878001170BEE4039601293FF48CAD022944AC33
:10D8880011D10C9803F00F011B09415C04F8011D2C
:10D8980043EA0273120953EA0201F3D1039E44AB2F
:10D8A8001B1B049383E503F00701DB0843EA42737B
:10D8B800D208303153EA0205204604F8011DF2D19E
:10D8C800039EF307EBD53029E8D03023023804F85B
:10D8D800013C44AB1B1A039E0493044667E5049B72
:10D8E8001B9401221C931A9319920DF16C0909F1EA
:10D8F80008099DE60DF16C097BE4069A039D551B0A
:10D90800002D7FF776AE102D40F3BB83099418EEF7
:10D91800104A07E000F1020C09F108091046103D11
:10D92800102D1EDD8149C9F80010421C103310214A
:10D93800072ACDE91923C9F80410EBDD18AA002B32
:10D9480074D0214658460DF16C09FFF7CBFB00282F
:10D958007FF4DBADDDE91903103D102D00F1010C5A
:10D96800E0DC099C714AC9F804502B44BCF1070F4C
:10D97800CDE919C3C9F8002040F39481002B00F0C9
:10D988001F8318EE101A18AA5846FFF7ABFB002899
:10D998007FF4BBAD049ADDE91903BD1A002D00F12F
:10D9A80001010DF16C097FF729AE102D29DD0994CD
:10D9B800102718EE104A07E000F1020C09F10809D7
:10D9C8001046103D102D1ADD421C58491033072A05
:10D9D800C9E90017CDE91923EEDD18AA03B32146DA
:10D9E80058460DF16C09FFF77DFB00287FF48DADDB
:10D9F800DDE91903103D102D00F1010CE4DC099C50
:10DA080061464A4AC9F804502B440729CDE919133D
:10DA1800C9F8002000F3E78009F108090131EDE5B4
:10DA28004FF0010C18460DF16C09CAE74FF0010CD4
:10DA380018460DF16C0972E7002B00F0048118EE0E
:10DA4800101A18AA5846FFF74DFB00287FF45DAD61
:10DA5800DDE919030DF16C09411CA7E5022311AAA0
:10DA68001C931B9201210DF16C09084609F1080964
:10DA7800411CBAE5102D40F3E582DDE919130F9436
:10DA8800084618EE104A07E000F1020C09F10809EF
:10DA98001046103D102D1DDD2549C9F80010421C07
:10DAA80010331021072ACDE91923C9F80410EBDD3A
:10DAB80018AA03B3214658460DF16C09FFF712FB6B
:10DAC80000287FF422ADDDE91903103D102D00F187
:10DAD800010CE1DC0F9C6046154AC9F804502B4440
:10DAE8000728CDE91903C9F8002000F3C18009F11E
:10DAF8000809411C46E518464FF0010C0DF16C0968
:10DB0800C7E77607199353D5069A0399541A002C38
:10DB18004EDD0DF16C09102C40F3B082199918EE06
:10DB2800106A10250DE000BF240900200C0E00200B
:10DB380068090020881C09F108091146103C102CBE
:10DB48001ADD4A1CB3481033072AC9E90005CDE994
:10DB58001923EFDD18AA33B331465846FFF7C2FA46
:10DB680000287FF4D2ACDDE91913103C102C01F128
:10DB780001000DF16C09E4DCA64AC9F8044023440D
:10DB88000728CDE91903C9F800207FF759AD7BB103
:10DB980018EE101A18AA5846FFF7A4FA00287FF4BE
:10DBA800B4AC1A9B4CE5012019460DF16C09C5E788
:10DBB800DDE9053203998A42ACBF9B185B180593CF
:10DBC80049E5B2F90C108F0518EE103A8AB23FF504
:10DBD800E8AA18EE105A986DFAF7E6FEB5F90C1097
:10DBE8008AB2FFF7DEBA002B3FF479AE18EE101AAE
:10DBF80018AA5846FFF776FA00287FF486AC1999D8
:10DC08001A9B01310DF16C09F8E419920DF16C09B8
:10DC18005EE4002F7FF4C3AB039E0027049744AC57
:10DC2800FFF7C5BB039B13F0100354D1039A12F0FE
:10DC3800400000F06B8107991A4651F8043B0791A0
:10DC48009BB2012101E4099A002A64D118460121F6
:10DC58000DF16C09C9E4012118460DF16C09C4E401
:10DC68005B4262EB420203962D200121FFF7EEBBD7
:10DC7800002B00F0888018EE101A18AA5846FFF7F3
:10DC880031FA00287FF441ACDDE919030DF16C0984
:10DC9800411C77E498F800100793FFF7D2BA44AC18
:10DCA800FFF785BB09F108090CF101016046A0E402
:10DCB80016F4007240F0978151F8043B0791FFF782
:10DCC800C0BBB30500F1888152F8043B0792DA170C
:10DCD8001146FFF752BB079951F8043B0791012100
:10DCE800FFF7B3BB079B059853F8041B0793C217AC
:10DCF800C1E90002FFF77DBA0B9B002B3FF426AB6E
:10DD08000B9B1B78002B3FF421AB98F8001046F4CE
:10DD18008066FFF796BA022311AA1C931B92012072
:10DD28000DF16C09A2E6039671E53B4B0C9316F0D6
:10DD3800200259D0079B073323F0070318465A6877
:10DD480050F8083B0790F40709D553EA020006D0BB
:10DD58008DF84510302146F002068DF8441026F45F
:10DD6800806103910221FFF770BB2C4B0C93DEE717
:10DD7800079B012153F8042B03918DF8AC200793DE
:10DD880004912BACDFE49DF84320002A40F0328157
:10DD9800099A002A7FF462AE184601210DF16C0938
:10DDA80027E40021082216A81394FAF7CBFA791C65
:10DDB80000F0BC80002507942C460CE02BA958469F
:10DDC800FEF726F9421C204400F06B81B84208DCBB
:10DDD80000F070810446139A525916AB0435002A94
:10DDE800ECD10494079CAFE016F0100307980CD10F
:10DDF80016F0400405D01A4650F8043B07909BB231
:10DE0800A1E716F4007240F0E18050F8043B079057
:10DE180099E700BF6809002024090020380900207C
:10DE28000399049744AC9E4608EE90BA01F48066C4
:10DE38004FF0000C234606E0BEF10A0F72F1000213
:10DE480039D3A6462A46A6491EEB020040F1000037
:10DE58000F46A1FB001424F0030101EB9401401AC2
:10DE6800BEEB00014FF0CC3562F1000405FB01F573
:10DE780007FB0455A1FB07410D44052704F00101E8
:10DE8800A1FB071B09186408303103F8011C44EA98
:10DE9800C5740CF1010C013B6D08002ECCD00B9918
:10DEA80009786145C8D1BCF1FF0FC5D0BEF10A0F92
:10DEB80072F100026CD21C4644AB1B1B049F039EEC
:10DEC800049318EE90BAFFF772BA0396FFF762BA96
:10DED8005846FAF76DF9FFF75BB9012903967FF405
:10DEE800CDACFFF75CBA079B059953F8042B11607A
:10DEF8000793FFF77EB9062F3B46039A794C0792A2
:10DF080028BF062304930393FFF725BB039B0799B8
:10DF180013F4007214BF51F8043B51F8043B079105
:10DF28001CBF0246DBB20121FFF78FBA16AB009384
:10DF38000023194613AA5846FEF790F80346013302
:10DF4800049000F0AE801394049B002B30D0632B18
:10DF580063DC002308932BAC0822002116A8FAF7EB
:10DF6800F1F9049D16AB009313AA2B462146584697
:10DF7800FEF774F8854240F0AB80039B049A079340
:10DF88000023A3541F4622EAE2730393FFF716BA4D
:10DF98000E9A0D999B1A18460893FAF76BFA0B9983
:10DFA800089B4A780AB101310B914FF0000C48E701
:10DFB800039B0793049B03931F460893FFF7FEB93F
:10DFC800012118460DF16C09FFF713BB50F8043B0B
:10DFD80007902246DBB2B6E612F9043B0792DA173D
:10DFE8001146FFF7CAB951F8043B07910246DBB264
:10DFF800FFF727BA01231C9301210DF143031B935B
:10E008000DF16C090B46FFF7CDBA079B059953F83C
:10E01800042B07931180FFF7ECB8591C5846F8F702
:10E0280023FB044600283CD0089095E7886DFAF752
:10E03800BDFCFFF7E9B9039B0793CDE90377089F78
:10E04800FFF7BCB919981A9B013045E5039B079364
:10E058002046FAF7B5FC20EAE0732F4604900393B4
:10E068000895FFF7ABB918EE101A18AA5846FFF72B
:10E0780039F800283FF436AAFFF74DBA199801304D
:10E088007AE58C466EE46B6ED90705D4AB899A05A0
:10E0980002D4A86DFAF78AFC4FF0FF330593FFF717
:10E0A80049BA18EE102AB2F90C3043F040039381B4
:10E0B800FFF735BA079C049746E7079B98F80110C5
:10E0C80053F8047B0793904647EAE777FFF7B9B818
:10E0D80018EE102A938943F040039381FFF715BA8D
:10E0E800CDCCCCCC4C09002070B50C468989ADF557
:10E0F8008E6D21F00201ADF81410616E1B91E1895B
:10E10800ADF81610E1690991616A0B911CA9029199
:10E1180006914FF4806106460491079118A80021E2
:10E12800CDE900320891FAF73BFCDDE9003202A99B
:10E138003046FFF713F8051E07DB02A93046FDF746
:10E1480057FE002818BF4FF0FF35BDF814305B06A6
:10E1580003D5A38943F04003A3811898FAF722FC5A
:10E1680028460DF58E6D70BD9368002B00F08580F4
:10E178002DE9F04FB1F90C300C461907804683B0F1
:10E18800174698B225D523691BB310F002033D68E2
:10E198002DD04FF0000ADFF8C0B25646B9465E45AA
:10E1A8003346524628BF5B464046002E52D0E169AE
:10E1B800676AB847002856DDD9F808301B1A824428
:10E1C800361AC9F80830002BE9D1002003B0BDE8A1
:10E1D800F08F2146404600F041F9002840F0388190
:10E1E800B4F90C303D6898B210F00203D1D110F0A8
:10E1F800010944D14E46009746B38205D4F808B0C9
:10E2080040F18580B3455A4600F2B48010F4906F0F
:10E2180040F0C180206801924946FAF717F8A368D0
:10E22800019AA3EB0B012368A1601344B246236053
:10E238000026009A9368A3EB0A03D1449360002B4D
:10E24800C3D0B4F90C0080B2002ED6D1D5E900961F
:10E258000835D1E7D5E900A60835A0E721464046AC
:10E26800FDF7C6FD88B3B4F90C3043F040034FF016
:10E27800FF30A38103B0BDE8F08F002070471E4631
:10E28800BA469946184600951F4666B3002832D00C
:10E298004A46D4E904132068A568B24228BF32462A
:10E2A800884204D905EB030B5A4500F3A780934233
:10E2B80064DCE169656A3A464046A847B0F1000B5C
:10E2C800D1DDB9EB0B09C9D00120DAF80830A3EB8E
:10E2D8000B035F44A6EB0B06CAF80830002B3FF48B
:10E2E80074AF002ED2D1009A5668134608320092B5
:10E2F800002EF8D01F6832460A213846FDF738FE4E
:10E30800002800F09C800130A0EB0709C0E72068D6
:10E318002369984216D86269B24213D86FF0004355
:10E32800B34228BF3346E16993FBF2F3676A02FB05
:10E3380003F340464A46B847B0F1000A93DDA6EB1E
:10E348000A0676E7B345DA4628BFB246524649463A
:10E35800F9F77CFFA3682268A3EB0A035244A36081
:10E368002260002BEBD121464046FDF741FD0028F5
:10E37800E5D078E72068B34632464CE73946019243
:10E38800F9F764FF019AA3689B1AA36023681344F2
:10E398002360934695E723682169A3EB010B636922
:10E3A80003EB430A0AEBDA7A0BF101034FEA6A0A34
:10E3B80033445345524684BF9A46524643052CD5AA
:10E3C80011464046F8F750F900283BD05A462169D3
:10E3D8000190F6F7B5FCA289019B22F4906242F005
:10E3E8008002A28103EB0B002361AAEB0B03C4F8A4
:10E3F80014A0A3602060B34632460CE739465A465B
:10E40800F9F724FF23685B44236021464046FDF763
:10E41800EFFC00283FF455AF25E74046F8F7ECFB42
:10E4280003460028DED121694046FAF7DBFBB4F940
:10E438000C300C2223F08003C8F8002015E7721C6A
:10E44800914626E70C22B4F90C30C8F800200CE7F6
:10E458004FF0FF30BAE600BF00FCFF7F38B5314B04
:10E468001B6805460C4613B15A6B002A4ED0B4F906
:10E478000C3018079AB21CD5216929B312F0010093
:10E4880007D00020A06060694042A06139B1002037
:10E4980038BD950758BF6069A0600029F7D11206FA
:10E4A80058BF0846F4D543F04003A3814FF0FF302E
:10E4B80038BDD1062ED5520714D4216943F008037C
:10E4C800A3819AB20029D9D102F42070B0F5007F57
:10E4D800D4D02146284600F047F9B4F90C30216918
:10E4E8009AB2CBE7216B51B104F14002914204D0BA
:10E4F8002846FAF777FBB4F90C3000222263216929
:10E508000022C4E9001223F02403D7E71846F9F7DC
:10E518004FFEACE7092243F040032A604FF0FF307A
:10E52800A38138BD181500202DE9F04782B0824636
:10E5380088461446FAF706F8012803D108F1FF3394
:10E54800FE2B36D90DF10409424604F15C03494615
:10E558005046FDF75DFD421C064632D020B39DF8BB
:10E5680004C0002509E023685A1C226083F800C013
:10E578000135B54218D219F801CFA368013B002B29
:10E58800A360F0DAA769BB4261462246504602DB27
:10E59800BCF10A0FE7D100F053F9431CE8D1064655
:10E5A800304602B0BDE8F0874646304602B0BDE8C6
:10E5B800F0875FFA88FC8DF804C006460DF104095F
:10E5C800CFE7A389304643F04003A38102B0BDE8FA
:10E5D800F08700BF30B5536E13F0010FB2F90C305D
:10E5E800144683B005469AB201D198051CD590040B
:10E5F80006D4626E43F4005342F40052A38162666B
:10E6080022462846FFF790FF636EDA07054602D4D4
:10E61800A3899B0502D5284603B030BDA06DFAF743
:10E62800C5F9284603B030BDA06D0191FAF7BCF9D1
:10E63800B4F90C3001999AB2D9E700BF2DE9F04F2F
:10E648008BB0DDE9158A149F0391814605921E4619
:10E65800B8F1000F5CD0039B002B5ED0059B1D68B2
:10E66800002F6AD0741E4EB3039B0493043D00260A
:10E6780001950BE0039B2BBB019B1A68002A3AD03B
:10E68800BC455CD2013C631C664617D0D8F8003004
:10E698000293019BDAF8E05053F8042F019307A97D
:10E6A80043464846D8F804B0A847421C3AD000EB85
:10E6B800060CBC45DED9029BC8E9003B30460BB0CE
:10E6C800BDE8F08F00280EDD049B019D18445A1EFA
:10E6D80007A900F1FF3E11F8013B02F8013F72451E
:10E6E800F9D101950490059B1A6804321A60019BC0
:10E6F8001A68002AC4D1039B0BB1059B1A600CF160
:10E70800FF3600223046C8F800200BB0BDE8F08F75
:10E71800039B00F58678002BA0D1059B4FF0FF37AF
:10E728001D689FE706468A2100223046C9F8001076
:10E73800C8F800200BB0BDE8F08F3E46BEE766463D
:10E74800BCE700BF10B584B0054C06980090079848
:10E758000190044800680294FFF770FF04B010BDF0
:10E76800900F0020181500202DE9F0418B890C46E8
:10E77800990796B008D504F143030122C4E904328D
:10E78800236016B0BDE8F081B4F90E1000290646E2
:10E7980025DB6A4600F0ACF800281FDB019D05F474
:10E7A8007045A5F50055B5FA85F54FF480686D09F3
:10E7B8004FF4006741463046F7F756FFE0B1B4F929
:10E7C8000C30C4F8148043F0800320602061A381DA
:10E7D80035BB3B43A38116B0BDE8F081A38913F094
:10E7E800800519D04FF040080025414630462F4695
:10E7F800F7F73AFF0028E2D1B4F90C309A05C0D4F3
:10E8080023F0030304F1430243F002030121C4E9A6
:10E818000421A3812260B4E74FF480682F46C9E73A
:10E82800B4F90E10304600F079F810B9B4F90C308C
:10E83800CFE7A38923F0030343F001031BB2C8E722
:10E84800F8B50D461446064610B1436B002B4CD064
:10E85800B4F90C20A369A360170790B21BD52369EC
:10E86800CBB1EDB281042F4622D522686169D31A53
:10E87800994229DD0133A1680139A160511C216049
:10E88800157062699A4227D0A389DB0701D50A2D42
:10E8980022D03846F8BD21463046FFF7DFFD08BBD9
:10E8A800B4F90C20236990B2EDB281042F46DCD470
:10E8B80042F40052A281626E616922F400526266DB
:10E8C8002268D31A9942D5DC21463046FDF790FAE2
:10E8D80040B922680123CEE721463046FDF788FA81
:10E8E8000028D6D04FF0FF37D3E7F9F761FCAFE740
:10E8F80070B50C46084D03460026204611461C46B6
:10E908002E60F6F745FD431C00D070BD2B68002B28
:10E91800FBD0236070BD00BF1425002038B5074D1B
:10E928000022044608462A60F6F738FD431C00D04A
:10E9380038BD2B68002BFBD0236038BD1425002080
:10E9480081F0004102E000BF83F0004330B54FEA98
:10E9580041044FEA430594EA050F08BF90EA020F05
:10E968001FBF54EA000C55EA020C7FEA645C7FEA98
:10E97800655C00F0E2804FEA5454D4EB5555B8BFBB
:10E988006D420CDD2C4480EA020281EA030382EA2C
:10E99800000083EA010180EA020281EA0303362DBE
:10E9A80088BF30BD11F0004F4FEA01314FF4801C91
:10E9B8004CEA113102D0404261EB410113F0004FA3
:10E9C8004FEA03334CEA133302D0524263EB43035A
:10E9D80094EA050F00F0A780A4F10104D5F1200EF8
:10E9E8000DDB02FA0EFC22FA05F2801841F1000153
:10E9F80003FA0EF2801843FA05F359410EE0A5F127
:10EA080020050EF1200E012A03FA0EFC28BF4CF057
:10EA1800020C43FA05F3C01851EBE37101F000450D
:10EA280007D54FF0000EDCF1000C7EEB00006EEB1A
:10EA38000101B1F5801F1BD3B1F5001F0CD34908A4
:10EA48005FEA30004FEA3C0C04F101044FEA4452FB
:10EA580012F5800F80F09A80BCF1004F08BF5FEA82
:10EA6800500C50F1000041EB045141EA050130BD62
:10EA78005FEA4C0C404141EB0101013C28BFB1F574
:10EA8800801FE9D291F0000F04BF01460020B1FABF
:10EA980081F308BF2033A3F10B03B3F120020CDA92
:10EAA8000C3208DD02F1140CC2F10C0201FA0CF070
:10EAB80021FA02F10CE002F11402D8BFC2F1200CD5
:10EAC80001FA02F120FA0CFCDCBF41EA0C0190408B
:10EAD800E41AA2BF01EB0451294330BD6FEA0404D4
:10EAE8001F3C1CDA0C340EDC04F11404C4F12002BF
:10EAF80020FA04F001FA02F340EA030021FA04F3D1
:10EB080045EA030130BDC4F10C04C4F1200220FA27
:10EB180002F001FA04F340EA0300294630BD21FA65
:10EB280004F0294630BD94F0000F83F4801306BF2B
:10EB380081F480110134013D4EE77FEA645C18BF1F
:10EB48007FEA655C29D094EA050F08BF90EA020FB6
:10EB580005D054EA000C04BF1946104630BD91EAAE
:10EB6800030F1EBF0021002030BD5FEA545C05D1B1
:10EB78004000494128BF41F0004130BD14F58004F0
:10EB88003CBF01F5801130BD01F0004545F0FE4164
:10EB980041F470014FF0000030BD7FEA645C1ABF99
:10EBA800194610467FEA655C1CBF0B46024650EAD0
:10EBB800013406BF52EA033591EA030F41F40021FC
:10EBC80030BD00BF90F0000F04BF0021704730B582
:10EBD8004FF4806404F132044FF000054FF0000157
:10EBE80050E700BF90F0000F04BF0021704730B518
:10EBF8004FF4806404F1320410F0004548BF4042ED
:10EC08004FF000013EE700BF42004FEAE2014FEA41
:10EC180031014FEA02701FBF12F07F4393F07F4F1C
:10EC280081F06051704732F07F4208BF704793F01F
:10EC38007F4F04BF41F40021704730B54FF4607432
:10EC480001F0004521F000411CE700BF50EA010235
:10EC580008BF704730B54FF000050AE050EA0102DE
:10EC680008BF704730B511F0004502D5404261EB4E
:10EC780041014FF4806404F132045FEA915C3FF48F
:10EC8800D8AE4FF003025FEADC0C18BF03325FEA2C
:10EC9800DC0C18BF033202EBDC02C2F1200300FADD
:10ECA80003FC20FA02F001FA03FE40EA0E0021FA02
:10ECB80002F11444BDE600BF08B502460B4643EC1A
:10ECC800172BB5EEC07BF1EE10FA03D4BDE808406F
:10ECD80000F00AB8B1EE477B51EC170B00F004F8CE
:10ECE800404261EB410108BD9FED0B6B41EC170BF6
:10ECF8009FED0B5B27EE066BBCEEC66BB8EE464B82
:10ED0800A4EE457BFCEEC77B16EE101A17EE900AB0
:10ED1800704700BFAFF30080000000000000F03D26
:10ED2800000000000000F0415FF800F0491B00609F
:10ED38005FF800F0651700605FF800F0F11B0060F5
:04ED4800F8B500BF5B
:08ED4C00F078FF7F01000000D8
:10ED540000000000000000000000000000000000AF
:10ED6400000000000000000000000000000000009F
:10ED7400000000000000000000000000000000008F
:10ED8400000000000000000000000000000000007F
:10ED9400000000000000000000000000000000006F
:10EDA400000000000000000000000000000000005F
:10EDB400000000000000000000000000000000004F
:10EDC400000000000000000000000000000000003F
:10EDD400000000000000000000000000000000002F
:10EDE400000000000000000000000000000000001F
:10EDF400000000000000000000000000000000000F
:10EE040000000000000000000000000000000000FE
:10EE140000000000000000000000000000000000EE
:10EE240000000000000000000000000000000000DE
:10EE340000000000000000000000000000000000CE
:10EE440000000000000000000000000000000000BE
:10EE540000000000000000000000000000000000AE
:10EE6400000000000000000000000000000000009E
:10EE7400000000000000000000000000000000008E
:10EE8400000000000000000000000000000000007E
:10EE9400000000000000000000000000000000006E
:10EEA400000000000000000000000000000000005E
:10EEB400000000000000000000000000000000004E
:10EEC400000000000000000000000000000000003E
:10EED400000000000000000000000000000000002E
:10EEE400000000000000000000000000000000001E
:10EEF400000000000000000000000000000000000E
:10EF040000000000000000000000000000000000FD
:10EF140000000000000000000000000000000000ED
:10EF240000000000000000000000000000000000DD
:10EF340000000000000000000000000000000000CD
:10EF440000000000000000000000000000000000BD
:10EF540000000000000000000000000000000000AD
:10EF6400000000000000000000000000000000009D
:10EF7400000000000000000000000000000000008D
:10EF8400000000000000000000000000000000007D
:10EF9400000000000000000000000000000000006D
:10EFA400000000000000000000000000000000005D
:10EFB400000000000000000000000000000000004D
:10EFC400000000000000000000000000000000003D
:10EFD4000080E03779C34143176E05B5B5B8934651
:10EFE400F5F93FE9034F384D321D30F94877825A1D
:10EFF4003CBF737FDD4F1575000000000000F03F3B
:10F0040000000000000024400000000000005940FF
:10F014000000000000408F40000000000088C34052
:10F0240000000000006AF8400000000080842E41C7
:10F0340000000000D01263410000000084D7974113
:10F044000000000065CDCD41000000205FA0024219
:10F05400000000E876483742000000A2941A6D428E
:10F06400000040E59C30A2420000901EC4BCD64281
:10F0740000003426F56B0C430080E03779C341432C
:10F0840000A0D8855734764300C84E676DC1AB43A2
:10F09400003D9160E458E143408CB5781DAF1544C0
:10F0A40050EFE2D6E41A4B4492D54D06CFF080449B
:10F0B400F64AE1C7022DB544B49DD9794378EA44B0
:10F0C400BC89D897B2D29C3C33A7A8D523F649393A
:10F0D4003DA7F444FD0FA5329D978CCF08BA5B255C
:10F0E400436FAC64280668115432303030300A0063
:10F0F40054653F0A0000000050313030300A0000EF
:10F10400543F000054653F0043616C69627261744E
:10F11400696F6E00416E616C6F6720726561640097
:10F12400436F6D70617269736F6E0000416E616C44
:10F134006F6720646966666572656E7469616C20C8
:10F144007265616400000000436F6E74696E756FD0
:10F154007573207265616400436F6E74696E756FB8
:10F16400757320646966666572656E7469616C2086
:10F17400726561640000000057726F6E672041443D
:10F184004300000053796E6368726F6E6F7573008D
:10F19400556E6B6E6F776E0057726F6E6720706975
:10F1A4006E00000000190000D92300008D33000018
:10F1B400381D006074C00F40C00000000000000053
:10F1C4000200000050851F4001000000FF00000005
:10F1D400FF0000000000000000000000010000002B
:10F1E4000200000054851F4001000000FF000000E1
:10F1F400FF0000000000000000000000FF004000CD
:10F20400260018007C00000007080C0B06050F0000
:10F214000D0E01021F1F07080C0B06050F000D0E33
:10F2240001021F1F07080C0B06050F000D0E1F1F00
:10F23400030407080C0B06050F000D0E1F1F030423
:10F244006E616E00696E66006F76660000000000F5
:10F254000000000071220000E12400005D1D000098
:10F26400AD1E00007D1D0000191E0000A51D00003C
:10F274000000000000000000592400002D3F0000A1
:10F28400293F0000253F0000213F000035270000F2
:10F29400392700001D3F00000000000000000000AE
:10F2A400F11700001D180000A5170000ED1700005D
:10F2B400A9170000B5170000D51700002C206675AB
:10F2C4006E6374696F6E3A200000000061737365A9
:10F2D4007274696F6E2022257322206661696C65E1
:10F2E400643A2066696C6520222573222C206C699F
:10F2F4006E65202564257325730A000042616C6CD9
:10F304006F63207375636365656465640000000062
:10F314002F566F6C756D65732F646174612F6A6508
:10F324006E6B696E732F776F726B73706163652F89
:10F33400474E552D746F6F6C636861696E2F6172EF
:10F344006D2D31312F7372632F6E65776C69622D69
:10F3540063796777696E2F6E65776C69622F6C6964
:10F3640062632F7374646C69622F6764746F612DB8
:10F374006765746865782E63000000000000000073
:10F384000000000000000000000000000000000079
:10F394000000000000000000000000000000000069
:10F3A4000000000000000000000000001011121313
:10F3B400141516171819000000000000001A1B1C71
:10F3C4001D1E1F00000000000000000000000000DF
:10F3D400000000000000000000000000001A1B1CD8
:10F3E4001D1E1F00000000000000000000000000BF
:10F3F4000000000000000000000000000000000009
:10F4040000000000000000000000000000000000F8
:10F4140000000000000000000000000000000000E8
:10F4240000000000000000000000000000000000D8
:10F4340000000000000000000000000000000000C8
:10F4440000000000000000000000000000000000B8
:10F4540000000000000000000000000000000000A8
:10F464000000000000000000000000000000000098
:10F474000000000000000000000000002F566F6C28
:10F48400756D65732F646174612F6A656E6B696E47
:10F49400732F776F726B73706163652F474E552DB1
:10F4A400746F6F6C636861696E2F61726D2D313199
:10F4B4002F7372632F6E65776C69622D637967773A
:10F4C400696E2F6E65776C69622F6C6962632F7346
:10F4D40074646C69622F6D707265632E6300000042
:10F4E4000020202020202020202028282828282010
:10F4F4002020202020202020202020202020202008
:10F50400208810101010101010101010101010106F
:10F51400100404040404040404040410101010105F
:10F524001010414141414141010101010101010129
:10F53400010101010101010101010101101010107B
:10F5440010104242424242420202020202020202FB
:10F55400020202020202020202020202101010104F
:10F564002000000000000000000000000000000077
:10F574000000000000000000000000000000000087
:10F584000000000000000000000000000000000077
:10F594000000000000000000000000000000000067
:10F5A4000000000000000000000000000000000057
:10F5B4000000000000000000000000000000000047
:10F5C4000000000000000000000000000000000037
:10F5D4000000000000000000000000000000000027
:10F5E40000000000496E66696E69747900000000CD
:10F5F4004E614E002F566F6C756D65732F64617488
:10F60400612F6A656E6B696E732F776F726B73709F
:10F614006163652F474E552D746F6F6C6368616924
:10F624006E2F61726D2D31312F7372632F6E65777A
:10F634006C69622D63796777696E2F6E65776C6983
:10F64400622F6C6962632F7374646C69622F6474D3
:10F654006F612E63000000002E0000006E66000043
:10F66400696E697479000000616E0000494E4600BD
:10F674004E414E00303132333435363738396162D9
:10F684006364656600000000303132333435363748
:10F69400383941424344454600000000286E756CE9
:10F6A4006C29000030000000202020202020202091
:10F6B4002020202020202020202020202020202046
:10F6C400202020202020202000000042C8801F404D
:10F6D400B8821F400800000000000042C4801F40A0
:10F6E400B4821F400400000000C0004224801F4078
:10F6F40014821F401000000000C0004228801F40F8
:10F7040018821F402000000000C000422C801F40CF
:10F714001C821F404000000000C0004234801F4093
:10F7240024821F40000100000040004264811F4009
:10F7340054831F40000400000040004280811F40A9
:10F7440070831F4000000200004000427C811F4083
:10F754006C831F40000001000040004268811F408C
:10F7640058831F4000080000004000423C811F40B5
:10F774002C831F40010000000040004244811F40D0
:10F7840034831F40040000000040004240811F40B9
:10F7940030831F40020000000040004248811F40A7
:10F7A40038831F40080000000000004204811F400D
:10F7B400F4821F40000004000000004208811F4042
:10F7C400F8821F40000008000000004218811F401A
:10F7D40008831F40000080000000004214811F4085
:10F7E40004831F40000040000000004200811F40CD
:10F7F400F0821F400000020000000042FC801F4015
:10F80400EC821F40000001000000004224811F40E0
:10F8140014831F40000000040000004228811F40A0
:10F8240018831F4000000008000000421C811F4094
:10F834000C831F40000000010000004220811F4093
:10F8440010831F400000000200000042EC801F40B3
:10F85400DC821F400010000000000042F0801F40C6
:10F86400E0821F40002000000000004234811F405D
:10F8740024831F40000000400000004238811F40E4
:10F8840028831F40000000800080004294801F40B5
:10F8940084821F400000040000C0004290801F408A
:10F8A40080821F400000008000800042A8801F402A
:10F8B40098821F400000800000800042A4801F4006
:10F8C40094821F4000004000004000426C811F40B1
:10F8D4005C831F400010000000C0004230801F40C5
:10F8E40020821F408000000000800042C8811F4029
:10F8F400B8831F400080000000800042C4811F4084
:10F90400B4831F400040000000800042C0811F40BB
:10F91400B0831F400020000000800042BC811F40D3
:10F92400AC831F400010000000800042D0811F40C3
:10F93400C0831F400000020000800042CC811F40B1
:10F94400BC831F400000010035000000CEFBFFFF18
:10F95400CB030000010000000000000034000000A0
:10F96400CEFBFFFFCB0300000100000000000000FD
:10F97400453F0000413F000072656164696E672085
:10F98400746865207365742074656D706572617444
:10F994007572650072656164696E672074686520BC
:10F9A40061637475616C2074656D706572617475E2
:10F9B40072650000302E312E356300002575253028
:10F9C400327500004E4F5F53455249414C000000D0
:10F9D4003B00000073000000050000001900000057
:10F9E4007D00000001010004010000040132010156
:10F9F4000132020101100101011101010112010290
:10FA040001030206010301060112020202000001C1
:10FA140002020001020100010210000102220001A1
:10FA24000223000100000000000000000221000188
:10FA3400022000010000000000000000013001016C
:10FA4400013101010102000401030004000000006F
:10FA54000000000001210201012101010000000059
:10FA64000000000000000000011002010101020179
:10FA74000101010101000201010001010102020171
:10FA8400010201014C435F434F4C4C41544500007B
:10FA94004C435F4354595045000000004C435F4DB4
:10FAA4004F4E4554415259004C435F4E554D4552BB
:10FAB400494300004C435F54494D45004C435F4D5E
:10FAC4004553534147455300000100001C150020D5
:10FAD4001200000000060000381E00600A0000004A
:10FAE40000020000D41D0060620000000007000056
:10FAF400701D006062000000EE0300005815002035
:10FB040012000000000004EE301500202800000060
:10FB1400000300006C1D00600000000001030904E4
:10FB2400541D006000000000020309043C1D006035
:10FB340000000000030309046C150020000000000D
:10FB440000000000000000000000000030303030F1
:10FB540030303030303030303030303030303030A1
:10FB64003030303030303030303030300000000051
:10FB740000000000C023002028240020902400203E
:10FB84000000000000000000000000000000000071
:10FB94000000000000000000000000000000000061
:10FBA4000000000000000000000000000000000051
:10FBB4000000000000000000000000000000000041
:10FBC4000000000000000000000000000000000031
:10FBD4000000000000000000000000000000000021
:10FBE4000000000000000000000000000000000011
:10FBF4000000000000000000000000000000000001
:10FC040000000000000000000100000000000000EF
:10FC14000E33CDAB34126DE6ECDE05000B000000B4
:10FC240000000000000000000000000000000000D0
:10FC340000000000000000000000000000000000C0
:10FC440000000000000000000000000000000000B0
:10FC540000000000000000000000000000000000A0
:10FC64000000000000000000000000000000000090
:10FC74000000000000000000000000000000000080
:10FC84000000000000000000000000000000000070
:10FC9400F40100000A000000040000000B00000052
:10FCA40008000000020000000029DE07007B9A170C
:10FCB4000700000006000000050000000900000025
:10FCC4002805002000000000E803000000000000F8
:10FCD400030000008023002080302020000000006A
:10FCE40043000000000000000000000000000000CD
:10FCF4000000000000000000000000000000000000
:10FD040043000000000000000000000000000000AC
:10FD140000000000000000000000000000000000DF
:10FD2400430000000000000000000000000000008C
:10FD340000000000000000000000000000000000BF
:10FD4400430000000000000000000000000000006C
:10FD5400000000000000000000000000000000009F
:10FD6400430000000000000000000000000000004C
:10FD7400000000000000000000000000000000007F
:10FD8400430000000000000000000000000000002C
:10FD9400000000000000000000000000000000005F
:10FDA400430000000000000000000000000000000C
:10FDB400000000000000000000000000000000003F
:10FDC40091A00000D17700000000000090070020FF
:10FDD40008090020A4030020A4030020A403002099
:10FDE400A4030020A4030020A4030020A4030020F3
:10FDF400A4030020A4030020FFFFFFFFFFFFFFFF79
:10FE0400FFFFFFFFFFFF000001004153434949008A
:10FE140000000000000000000000000000000000DE
:10FE24000000000000000000000041534349490065
:10FE340000000000000000000000000000000000BE
:10FE440000000000000000000000000000000000AE
:10FE540000000000FC100020FC1000200411002011
:10FE6400041100200C1100200C110020141100209A
:10FE7400141100201C1100201C110020241100204A
:10FE8400241100202C1100202C11002034110020FA
:10FE9400341100203C1100203C11002044110020AA
:10FEA400441100204C1100204C110020541100205A
:10FEB400541100205C1100205C110020641100200A
:10FEC400641100206C1100206C11002074110020BA
:10FED400741100207C1100207C110020841100206A
:10FEE400841100208C1100208C110020941100201A
:10FEF400941100209C1100209C110020A4110020CA
:10FF0400A4110020AC110020AC110020B411002079
:10FF1400B4110020BC110020BC110020C411002029
:10FF2400C4110020CC110020CC110020D4110020D9
:10FF3400D4110020DC110020DC110020E411002089
:10FF4400E4110020EC110020EC110020F411002039
:10FF5400F4110020FC110020FC11002004120020E8
:10FF6400041200200C1200200C1200201412002095
:10FF7400141200201C1200201C1200202412002045
:10FF8400241200202C1200202C12002034120020F5
:10FF9400341200203C1200203C12002044120020A5
:10FFA400441200204C1200204C1200205412002055
:10FFB400541200205C1200205C1200206412002005
:10FFC400641200206C1200206C12002074120020B5
:10FFD400741200207C1200207C1200208412002065
:10FFE400841200208C1200208C1200209412002015
:0CFFF400941200209C1200209C1200209F
:02000004600199
:10000000A4120020A4120020AC120020AC12002088
:10001000B4120020B4120020BC120020BC12002038
:10002000C4120020C4120020CC120020CC120020E8
:10003000D4120020D4120020DC120020DC12002098
:10004000E4120020E4120020EC120020EC12002048
:10005000F4120020F4120020FC120020FC120020F8
:1000600004130020041300200C1300200C130020A4
:1000700014130020141300201C1300201C13002054
:1000800024130020241300202C1300202C13002004
:1000900034130020341300203C1300203C130020B4
:1000A00044130020441300204C1300204C13002064
:1000B00054130020541300205C1300205C13002014
:1000C00064130020641300206C1300206C130020C4
:1000D00074130020741300207C1300207C13002074
:1000E00084130020841300208C1300208C13002024
:1000F00094130020941300209C1300209C130020D4
:10010000A4130020A4130020AC130020AC13002083
:10011000B4130020B4130020BC130020BC13002033
:10012000C4130020C4130020CC130020CC130020E3
:10013000D4130020D4130020DC130020DC13002093
:10014000E4130020E4130020EC130020EC13002043
:10015000F4130020F4130020FC130020FC130020F3
:1001600004140020041400200C1400200C1400209F
:1001700014140020141400201C1400201C1400204F
:1001800024140020241400202C1400202C140020FF
:1001900034140020341400203C1400203C140020AF
:1001A00044140020441400204C1400204C1400205F
:1001B00054140020541400205C1400205C1400200F
:1001C00064140020641400206C1400206C140020BF
:1001D00074140020741400207C1400207C1400206F
:1001E00084140020841400208C1400208C1400201F
:1001F00094140020941400209C1400209C140020CF
:10020000A4140020A4140020AC140020AC1400207E
:10021000B4140020B4140020BC140020BC1400202E
:10022000C4140020C4140020CC140020CC140020DE
:10023000D4140020D4140020DC140020DC1400208E
:10024000E4140020E4140020EC140020EC1400203E
:10025000F4140020F4140020FFFFFFFF0000020050
:100260000000000003000000C0230020200E00203A
:1002700012010002EF020140C0168304790201025C
:10028000030100002800000000010400010000003C
:1002900000000000020157494E5553420000000083
:1002A00000000000000000000000000012034D00EC
:1002B000530046005400310030003000F8000000C8
:1002C0000C0300000000000000000000000000001F
:1002D0000000000000000108010000000000000014
:1002E000000000000000000000000000000000000E
:1002F00000000000000000000000000000000000FE
:1003000000000000000000000000000000000000ED
:1003100000000000000000000000000000000000DD
:1003200000000000000000000000000000000000CD
:1003300000000000000000000000000000000000BD
:1003400000000000000000000000000000000000AD
:10035000000000000000000000000000000000009D
:10036000000000000000000000000000000000008D
:10037000000000000000000000000000000000007D
:10038000000000000000000000000000000000006D
:10039000000000000000000000000000000000005D
:1003A000000000000000000000000000000000004D
:1003B000000000000000000000000000000000003D
:1003C000000000000000000000000000000000002D
:1003D000000000000000000000000000000000001D
:1003E000000000000000000000000000000000000D
:1003F00000000000000000000000000000000000FD
:1004000000000000000000000000000000000000EC
:1004100000000000000000000000000000000000DC
:1004200000000000000000000000000000000000CC
:1004300000000000000000000000000000000000BC
:1004400000000000000000000000000000000000AC
:10045000000000000000000000000000000000009C
:10046000000000000000000000000000000000008C
:10047000000000000000000000000000000000007C
:10048000000000000000000000000000000000006C
:10049000000000000000000000000000000000005C
:1004A000000000000000000000000000000000004C
:1004B000000000000000000000000000000000003C
:1004C000000000000000000000000000000000002C
:1004D000000000000000000000000000000000001C
:1004E000000000000000000000000000000000000C
:1004F00000000000000000000000000000000000FC
:1005000000000000000000000000000000000000EB
:1005100000000000000000000000000000000000DB
:1005200000000000000000000000000000000000CB
:1005300000000000000000000000000000000000BB
:1005400000000000000000000000000000000000AB
:10055000000000000000000000000000000000009B
:10056000000000000000000000000000000000008B
:10057000000000000000000000000000000000007B
:10058000000000000000000000000000000000006B
:10059000000000000000000000000000000000005B
:1005A000000000000000000000000000000000004B
:1005B000000000000000000000000000000000003B
:1005C000000000000000000000000000000000002B
:1005D000000000000000000000000000000000001B
:1005E000000000000000000000000000000000000B
:1005F00000000000000000000000000000000000FB
:1006000000000000000000000000000000000000EA
:1006100000000000000000000000000000000000DA
:1006200000000000000000000000000000000000CA
:1006300000000000000000000000000000000000BA
:1006400000000000000000000000000000000000AA
:10065000000000000000000000000000000000009A
:10066000000000000000000000000000000000008A
:10067000000000000000000000000000000000007A
:10068000000000000000000000000000000000006A
:10069000000000000000000000000000000000005A
:1006A000000000000000000000000000000000004A
:1006B000000000000000000000000000000000003A
:1006C000000000000000000000000000000000002A
:1006D000000000000000000000000000000000001A
:1006E000000000000000000000000000000000000A
:1006F00000000000000000000000000000000000FA
:1007000000000000000000000000000000000000E9
:1007100000000000000000000000000000000000D9
:1007200000000000000000000000000000000000C9
:1007300000000000000000000000000000000000B9
:1007400000000000000000000000000000000000A9
:100750000000000000000000000000000000000099
:100760000000000000000000000000000000000089
:100770000000000000000000000000000000000079
:100780000000000000000000000000000000000069
:100790000000000000000000000000000000000059
:1007A0000000000000000000000000000000000049
:1007B0000000000000000000000000000000000039
:1007C0000000000000000000000000000000000029
:1007D0000000000000000000000000000000000019
:1007E0000000000000000000000000000000000009
:1007F00000000000000000000000000000000000F9
:1008000000000000000000000000000000000000E8
:0408100000000000E4
:10081400FFFFFFFFFFFFFFFFFFFFFFFFFFFFFFFFE4
:10082400FFFFFFFFFFFFFFFFFFFFFFFFFFFFFFFFD4
:10083400FFFFFFFFFFFFFFFFFFFFFFFFFFFFFFFFC4
:10084400FFFFFFFFFFFFFFFFFFFFFFFFFFFFFFFFB4
:10085400FFFFFFFFFFFFFFFFFFFFFFFFFFFFFFFFA4
:10086400FFFFFFFFFFFFFFFFFFFFFFFFFFFFFFFF94
:10087400FFFFFFFFFFFFFFFFFFFFFFFFFFFFFFFF84
:10088400FFFFFFFFFFFFFFFFFFFFFFFFFFFFFFFF74
:10089400FFFFFFFFFFFFFFFFFFFFFFFFFFFFFFFF64
:1008A400FFFFFFFFFFFFFFFFFFFFFFFFFFFFFFFF54
:1008B400FFFFFFFFFFFFFFFFFFFFFFFFFFFFFFFF44
:1008C400FFFFFFFFFFFFFFFFFFFFFFFFFFFFFFFF34
:1008D400FFFFFFFFFFFFFFFFFFFFFFFFFFFFFFFF24
:1008E400FFFFFFFFFFFFFFFFFFFFFFFFFFFFFFFF14
:1008F400FFFFFFFFFFFFFFFFFFFFFFFFFFFFFFFF04
:10090400FFFFFFFFFFFFFFFFFFFFFFFFFFFFFFFFF3
:10091400FFFFFFFFFFFFFFFFFFFFFFFFFFFFFFFFE3
:10092400FFFFFFFFFFFFFFFFFFFFFFFFFFFFFFFFD3
:10093400FFFFFFFFFFFFFFFFFFFFFFFFFFFFFFFFC3
:10094400FFFFFFFFFFFFFFFFFFFFFFFFFFFFFFFFB3
:10095400FFFFFFFFFFFFFFFFFFFFFFFFFFFFFFFFA3
:10096400FFFFFFFFFFFFFFFFFFFFFFFFFFFFFFFF93
:10097400FFFFFFFFFFFFFFFFFFFFFFFFFFFFFFFF83
:10098400FFFFFFFFFFFFFFFFFFFFFFFFFFFFFFFF73
:10099400FFFFFFFFFFFFFFFFFFFFFFFFFFFFFFFF63
:1009A400FFFFFFFFFFFFFFFFFFFFFFFFFFFFFFFF53
:1009B400FFFFFFFFFFFFFFFFFFFFFFFFFFFFFFFF43
:1009C400FFFFFFFFFFFFFFFFFFFFFFFFFFFFFFFF33
:1009D400FFFFFFFFFFFFFFFFFFFFFFFFFFFFFFFF23
:1009E400FFFFFFFFFFFFFFFFFFFFFFFFFFFFFFFF13
:1009F400FFFFFFFFFFFFFFFFFFFFFFFFFFFFFFFF03
:100A0400FFFFFFFFFFFFFFFFFFFFFFFFFFFFFFFFF2
:100A1400FFFFFFFFFFFFFFFFFFFFFFFFFFFFFFFFE2
:100A2400FFFFFFFFFFFFFFFFFFFFFFFFFFFFFFFFD2
:100A3400FFFFFFFFFFFFFFFFFFFFFFFFFFFFFFFFC2
:100A4400FFFFFFFFFFFFFFFFFFFFFFFFFFFFFFFFB2
:100A5400FFFFFFFFFFFFFFFFFFFFFFFFFFFFFFFFA2
:100A6400FFFFFFFFFFFFFFFFFFFFFFFFFFFFFFFF92
:100A7400FFFFFFFFFFFFFFFFFFFFFFFFFFFFFFFF82
:100A8400FFFFFFFFFFFFFFFFFFFFFFFFFFFFFFFF72
:100A9400FFFFFFFFFFFFFFFFFFFFFFFFFFFFFFFF62
:100AA400FFFFFFFFFFFFFFFFFFFFFFFFFFFFFFFF52
:100AB400FFFFFFFFFFFFFFFFFFFFFFFFFFFFFFFF42
:100AC400FFFFFFFFFFFFFFFFFFFFFFFFFFFFFFFF32
:100AD400FFFFFFFFFFFFFFFFFFFFFFFFFFFFFFFF22
:100AE400FFFFFFFFFFFFFFFFFFFFFFFFFFFFFFFF12
:100AF400FFFFFFFFFFFFFFFFFFFFFFFFFFFFFFFF02
:100B0400FFFFFFFFFFFFFFFFFFFFFFFFFFFFFFFFF1
:100B1400FFFFFFFFFFFFFFFFFFFFFFFFFFFFFFFFE1
:100B2400FFFFFFFFFFFFFFFFFFFFFFFFFFFFFFFFD1
:100B3400FFFFFFFFFFFFFFFFFFFFFFFFFFFFFFFFC1
:100B4400FFFFFFFFFFFFFFFFFFFFFFFFFFFFFFFFB1
:100B5400FFFFFFFFFFFFFFFFFFFFFFFFFFFFFFFFA1
:100B6400FFFFFFFFFFFFFFFFFFFFFFFFFFFFFFFF91
:100B7400FFFFFFFFFFFFFFFFFFFFFFFFFFFFFFFF81
:100B8400FFFFFFFFFFFFFFFFFFFFFFFFFFFFFFFF71
:100B9400FFFFFFFFFFFFFFFFFFFFFFFFFFFFFFFF61
:100BA400FFFFFFFFFFFFFFFFFFFFFFFFFFFFFFFF51
:100BB400FFFFFFFFFFFFFFFFFFFFFFFFFFFFFFFF41
:100BC400FFFFFFFFFFFFFFFFFFFFFFFFFFFFFFFF31
:100BD400FFFFFFFFFFFFFFFFFFFFFFFFFFFFFFFF21
:100BE400FFFFFFFFFFFFFFFFFFFFFFFFFFFFFFFF11
:100BF400FFFFFFFFFFFFFFFFFFFFFFFF00000000FD
:100C040000000000000000000000000000000000E0
:100C140000000000000000000000000000000000D0
:100C240000000000000000000000000000000000C0
:100C340000000000000000000000000000000000B0
:100C440000000000000000000000000000000000A0
:100C54000000000000000000000000000000000090
:100C64000000000000000000000000000000000080
:100C74000000000000000000000000000000000070
:100C84000000000000000000000000000000000060
:100C94000000000000000000000000000000000050
:100CA4000000000000000000000000000000000040
:100CB4000000000000000000000000000000000030
:100CC4000000000000000000000000000000000020
:100CD4000000000000000000000000000000000010
:100CE4000000000000000000000000000000000000
:100CF40000000000000000000000000000000000F0
:100D040000000000000000000000000000000000DF
:100D140000000000000000000000000000000000CF
:100D240000000000000000000000000000000000BF
:100D340000000000000000000000000000000000AF
:100D4400000000000000000000000000000000009F
:100D5400000000000000000000000000000000008F
:100D6400000000000000000000000000000000007F
:100D7400000000000000000000000000000000006F
:100D8400000000000000000000000000000000005F
:100D9400000000000000000000000000000000004F
:100DA400000000000000000000000000000000003F
:100DB400000000000000000000000000000000002F
:100DC400000000000000000000000000000000001F
:100DD400000000000000000000000000000000000F
:100DE40000000000000000000000000000000000FF
:100DF40000000000000000000000000000000000EF
:100E040000000000000000000000000000000000DE
:100E140000000000000000000000000000000000CE
:100E240000000000000000000000000000000000BE
:100E340000000000000000000000000000000000AE
:100E4400000000000000000000000000000000009E
:100E5400000000000000000000000000000000008E
:100E6400000000000000000000000000000000007E
:100E7400000000000000000000000000000000006E
:100E8400000000000000000000000000000000005E
:100E9400000000000000000000000000000000004E
:100EA400000000000000000000000000000000003E
:100EB400000000000000000000000000000000002E
:100EC400000000000000000000000000000000001E
:100ED400000000000000000000000000000000000E
:100EE40000000000000000000000000000000000FE
:100EF40000000000000000000000000000000000EE
:100F040000000000000000000000000000000000DD
:100F140000000000000000000000000000000000CD
:100F240000000000000000000000000000000000BD
:100F340000000000000000000000000000000000AD
:100F4400000000000000000000000000000000009D
:100F5400000000000000000000000000000000008D
:100F6400000000000000000000000000000000007D
:100F7400000000000000000000000000000000006D
:100F8400000000000000000000000000000000005D
:100F9400000000000000000000000000000000004D
:100FA400000000000000000000000000000000003D
:100FB400000000000000000000000000000000002D
:100FC400000000000000000000000000000000001D
:100FD400000000000000000000000000000000000D
:100FE40000000000000000000000000000000000FD
:100FF40000000000000000000000000000000000ED
:1010040000000000000000000000000000000000DC
:1010140000000000000000000000000000000000CC
:1010240000000000000000000000000000000000BC
:1010340000000000000000000000000000000000AC
:10104400000000000000000000000000000000009C
:10105400000000000000000000000000000000008C
:10106400000000000000000000000000000000007C
:10107400000000000000000000000000000000006C
:10108400000000000000000000000000000000005C
:10109400000000000000000000000000000000004C
:1010A400000000000000000000000000000000003C
:1010B400000000000000000000000000000000002C
:1010C400000000000000000000000000000000001C
:1010D400000000000000000000000000000000000C
:1010E40000000000000000000000000000000000FC
:1010F40000000000000000000000000000000000EC
:1011040000000000000000000000000000000000DB
:1011140000000000000000000000000000000000CB
:1011240000000000000000000000000000000000BB
:1011340000000000000000000000000000000000AB
:10114400000000000000000000000000000000009B
:10115400000000000000000000000000000000008B
:10116400000000000000000000000000000000007B
:10117400000000000000000000000000000000006B
:10118400000000000000000000000000000000005B
:10119400000000000000000000000000000000004B
:1011A400000000000000000000000000000000003B
:1011B400000000000000000000000000000000002B
:1011C400000000000000000000000000000000001B
:1011D400000000000000000000000000000000000B
:1011E40000000000000000000000000000000000FB
:1011F40000000000000000000000000000000000EB
:1012040000000000000000000000000000000000DA
:1012140000000000000000000000000000000000CA
:1012240000000000000000000000000000000000BA
:1012340000000000000000000000000000000000AA
:10124400000000000000000000000000000000009A
:10125400000000000000000000000000000000008A
:10126400000000000000000000000000000000007A
:10127400000000000000000000000000000000006A
:10128400000000000000000000000000000000005A
:10129400000000000000000000000000000000004A
:1012A400000000000000000000000000000000003A
:1012B400000000000000000000000000000000002A
:1012C400000000000000000000000000000000001A
:1012D400000000000000000000000000000000000A
:1012E40000000000000000000000000000000000FA
:1012F40000000000000000000000000000000000EA
:1013040000000000000000000000000000000000D9
:1013140000000000000000000000000000000000C9
:1013240000000000000000000000000000000000B9
:1013340000000000000000000000000000000000A9
:101344000000000000000000000000000000000099
:101354000000000000000000000000000000000089
:101364000000000000000000000000000000000079
:101374000000000000000000000000000000000069
:101384000000000000000000000000000000000059
:101394000000000000000000000000000000000049
:1013A4000000000000000000000000000000000039
:1013B4000000000000000000000000000000000029
:1013C4000000000000000000000000000000000019
:1013D4000000000000000000000000000000000009
:1013E40000000000000000000000000000000000F9
:1013F40000000000000000000000000000000000E9
:1014040000000000000000000000000000000000D8
:1014140000000000000000000000000000000000C8
:1014240000000000000000000000000000000000B8
:1014340000000000000000000000000000000000A8
:101444000000000000000000000000000000000098
:101454000000000000000000000000000000000088
:101464000000000000000000000000000000000078
:101474000000000000000000000000000000000068
:101484000000000000000000000000000000000058
:101494000000000000000000000000000000000048
:1014A4000000000000000000000000000000000038
:1014B4000000000000000000000000000000000028
:1014C4000000000000000000000000000000000018
:1014D4000000000000000000000000000000000008
:1014E40000000000000000000000000000000000F8
:1014F40000000000000000000000000000000000E8
:1015040000000000000000000000000000000000D7
:1015140000000000000000000000000000000000C7
:1015240000000000000000000000000000000000B7
:1015340000000000000000000000000000000000A7
:101544000000000000000000000000000000000097
:101554000000000000000000000000000000000087
:101564000000000000000000000000000000000077
:101574000000000000000000000000000000000067
:101584000000000000000000000000000000000057
:101594000000000000000000000000000000000047
:1015A4000000000000000000000000000000000037
:1015B4000000000000000000000000000000000027
:1015C4000000000000000000000000000000000017
:1015D4000000000000000000000000000000000007
:1015E40000000000000000000000000000000000F7
:1015F40000000000000000000000000000000000E7
:1016040000000000000000000000000000000000D6
:1016140000000000000000000000000000000000C6
:1016240000000000000000000000000000000000B6
:1016340000000000000000000000000000000000A6
:101644000000000000000000000000000000000096
:101654000000000000000000000000000000000086
:101664000000000000000000000000000000000076
:101674000000000000000000000000000000000066
:101684000000000000000000000000000000000056
:101694000000000000000000000000000000000046
:1016A4000000000000000000000000000000000036
:1016B4000000000000000000000000000000000026
:1016C4000000000000000000000000000000000016
:1016D4000000000000000000000000000000000006
:1016E40000000000000000000000000000000000F6
:1016F40000000000000000000000000000000000E6
:1017040000000000000000000000000000000000D5
:1017140000000000000000000000000000000000C5
:1017240000000000000000000000000000000000B5
:1017340000000000000000000000000000000000A5
:101744000000000000000000000000000000000095
:101754000000000000000000000000000000000085
:101764000000000000000000000000000000000075
:101774000000000000000000000000000000000065
:101784000000000000000000000000000000000055
:101794000000000000000000000000000000000045
:1017A4000000000000000000000000000000000035
:1017B4000000000000000000000000000000000025
:1017C4000000000000000000000000000000000015
:1017D4000000000000000000000000000000000005
:1017E40000000000000000000000000000000000F5
:0C17F400000000000000000000000000E9
:040000056000100087
:00000001FF
