:0200000460009A
:100000004643464200000156000000000103030081
:1000100000000000000000000000000000000000E0
:1000200000000000000000000000000000000000D0
:1000300000000000000000000000000000000000C0
:1000400000000000010408000000000000000000A3
:100050000000200000000000000000000000000080
:100060000000000000000000000000000000000090
:100070000000000000000000000000000000000080
:10008000EB04180A063204260000000000000000FD
:10009000050404240000000000000000000000002F
:1000A0000000000000000000000000000000000050
:1000B0000604000000000000000000000000000036
:1000C0000000000000000000000000000000000030
:1000D00020041808000000000000000000000000DC
:1000E0000000000000000000000000000000000010
:1000F0000000000000000000000000000000000000
:10010000D8041808000000000000000000000000F3
:100110000204180804200000000000000000000095
:1001200000000000000000000000000000000000CF
:10013000600400000000000000000000000000005B
:1001400000000000000000000000000000000000AF
:10015000000000000000000000000000000000009F
:10016000000000000000000000000000000000008F
:10017000000000000000000000000000000000007F
:10018000000000000000000000000000000000006F
:10019000000000000000000000000000000000005F
:1001A000000000000000000000000000000000004F
:1001B000000000000000000000000000000000003F
:1001C000000100000010000001000000000000001D
:1001D000000001000000000000000000000000001E
:1001E000000000000000000000000000000000000F
:1001F00000000000000000000000000000000000FF
:10020000FFFFFFFFFFFFFFFFFFFFFFFFFFFFFFFFFE
:10021000FFFFFFFFFFFFFFFFFFFFFFFFFFFFFFFFEE
:10022000FFFFFFFFFFFFFFFFFFFFFFFFFFFFFFFFDE
:10023000FFFFFFFFFFFFFFFFFFFFFFFFFFFFFFFFCE
:10024000FFFFFFFFFFFFFFFFFFFFFFFFFFFFFFFFBE
:10025000FFFFFFFFFFFFFFFFFFFFFFFFFFFFFFFFAE
:10026000FFFFFFFFFFFFFFFFFFFFFFFFFFFFFFFF9E
:10027000FFFFFFFFFFFFFFFFFFFFFFFFFFFFFFFF8E
:10028000FFFFFFFFFFFFFFFFFFFFFFFFFFFFFFFF7E
:10029000FFFFFFFFFFFFFFFFFFFFFFFFFFFFFFFF6E
:1002A000FFFFFFFFFFFFFFFFFFFFFFFFFFFFFFFF5E
:1002B000FFFFFFFFFFFFFFFFFFFFFFFFFFFFFFFF4E
:1002C000FFFFFFFFFFFFFFFFFFFFFFFFFFFFFFFF3E
:1002D000FFFFFFFFFFFFFFFFFFFFFFFFFFFFFFFF2E
:1002E000FFFFFFFFFFFFFFFFFFFFFFFFFFFFFFFF1E
:1002F000FFFFFFFFFFFFFFFFFFFFFFFFFFFFFFFF0E
:10030000FFFFFFFFFFFFFFFFFFFFFFFFFFFFFFFFFD
:10031000FFFFFFFFFFFFFFFFFFFFFFFFFFFFFFFFED
:10032000FFFFFFFFFFFFFFFFFFFFFFFFFFFFFFFFDD
:10033000FFFFFFFFFFFFFFFFFFFFFFFFFFFFFFFFCD
:10034000FFFFFFFFFFFFFFFFFFFFFFFFFFFFFFFFBD
:10035000FFFFFFFFFFFFFFFFFFFFFFFFFFFFFFFFAD
:10036000FFFFFFFFFFFFFFFFFFFFFFFFFFFFFFFF9D
:10037000FFFFFFFFFFFFFFFFFFFFFFFFFFFFFFFF8D
:10038000FFFFFFFFFFFFFFFFFFFFFFFFFFFFFFFF7D
:10039000FFFFFFFFFFFFFFFFFFFFFFFFFFFFFFFF6D
:1003A000FFFFFFFFFFFFFFFFFFFFFFFFFFFFFFFF5D
:1003B000FFFFFFFFFFFFFFFFFFFFFFFFFFFFFFFF4D
:1003C000FFFFFFFFFFFFFFFFFFFFFFFFFFFFFFFF3D
:1003D000FFFFFFFFFFFFFFFFFFFFFFFFFFFFFFFF2D
:1003E000FFFFFFFFFFFFFFFFFFFFFFFFFFFFFFFF1D
:1003F000FFFFFFFFFFFFFFFFFFFFFFFFFFFFFFFF0D
:10040000FFFFFFFFFFFFFFFFFFFFFFFFFFFFFFFFFC
:10041000FFFFFFFFFFFFFFFFFFFFFFFFFFFFFFFFEC
:10042000FFFFFFFFFFFFFFFFFFFFFFFFFFFFFFFFDC
:10043000FFFFFFFFFFFFFFFFFFFFFFFFFFFFFFFFCC
:10044000FFFFFFFFFFFFFFFFFFFFFFFFFFFFFFFFBC
:10045000FFFFFFFFFFFFFFFFFFFFFFFFFFFFFFFFAC
:10046000FFFFFFFFFFFFFFFFFFFFFFFFFFFFFFFF9C
:10047000FFFFFFFFFFFFFFFFFFFFFFFFFFFFFFFF8C
:10048000FFFFFFFFFFFFFFFFFFFFFFFFFFFFFFFF7C
:10049000FFFFFFFFFFFFFFFFFFFFFFFFFFFFFFFF6C
:1004A000FFFFFFFFFFFFFFFFFFFFFFFFFFFFFFFF5C
:1004B000FFFFFFFFFFFFFFFFFFFFFFFFFFFFFFFF4C
:1004C000FFFFFFFFFFFFFFFFFFFFFFFFFFFFFFFF3C
:1004D000FFFFFFFFFFFFFFFFFFFFFFFFFFFFFFFF2C
:1004E000FFFFFFFFFFFFFFFFFFFFFFFFFFFFFFFF1C
:1004F000FFFFFFFFFFFFFFFFFFFFFFFFFFFFFFFF0C
:10050000FFFFFFFFFFFFFFFFFFFFFFFFFFFFFFFFFB
:10051000FFFFFFFFFFFFFFFFFFFFFFFFFFFFFFFFEB
:10052000FFFFFFFFFFFFFFFFFFFFFFFFFFFFFFFFDB
:10053000FFFFFFFFFFFFFFFFFFFFFFFFFFFFFFFFCB
:10054000FFFFFFFFFFFFFFFFFFFFFFFFFFFFFFFFBB
:10055000FFFFFFFFFFFFFFFFFFFFFFFFFFFFFFFFAB
:10056000FFFFFFFFFFFFFFFFFFFFFFFFFFFFFFFF9B
:10057000FFFFFFFFFFFFFFFFFFFFFFFFFFFFFFFF8B
:10058000FFFFFFFFFFFFFFFFFFFFFFFFFFFFFFFF7B
:10059000FFFFFFFFFFFFFFFFFFFFFFFFFFFFFFFF6B
:1005A000FFFFFFFFFFFFFFFFFFFFFFFFFFFFFFFF5B
:1005B000FFFFFFFFFFFFFFFFFFFFFFFFFFFFFFFF4B
:1005C000FFFFFFFFFFFFFFFFFFFFFFFFFFFFFFFF3B
:1005D000FFFFFFFFFFFFFFFFFFFFFFFFFFFFFFFF2B
:1005E000FFFFFFFFFFFFFFFFFFFFFFFFFFFFFFFF1B
:1005F000FFFFFFFFFFFFFFFFFFFFFFFFFFFFFFFF0B
:10060000FFFFFFFFFFFFFFFFFFFFFFFFFFFFFFFFFA
:10061000FFFFFFFFFFFFFFFFFFFFFFFFFFFFFFFFEA
:10062000FFFFFFFFFFFFFFFFFFFFFFFFFFFFFFFFDA
:10063000FFFFFFFFFFFFFFFFFFFFFFFFFFFFFFFFCA
:10064000FFFFFFFFFFFFFFFFFFFFFFFFFFFFFFFFBA
:10065000FFFFFFFFFFFFFFFFFFFFFFFFFFFFFFFFAA
:10066000FFFFFFFFFFFFFFFFFFFFFFFFFFFFFFFF9A
:10067000FFFFFFFFFFFFFFFFFFFFFFFFFFFFFFFF8A
:10068000FFFFFFFFFFFFFFFFFFFFFFFFFFFFFFFF7A
:10069000FFFFFFFFFFFFFFFFFFFFFFFFFFFFFFFF6A
:1006A000FFFFFFFFFFFFFFFFFFFFFFFFFFFFFFFF5A
:1006B000FFFFFFFFFFFFFFFFFFFFFFFFFFFFFFFF4A
:1006C000FFFFFFFFFFFFFFFFFFFFFFFFFFFFFFFF3A
:1006D000FFFFFFFFFFFFFFFFFFFFFFFFFFFFFFFF2A
:1006E000FFFFFFFFFFFFFFFFFFFFFFFFFFFFFFFF1A
:1006F000FFFFFFFFFFFFFFFFFFFFFFFFFFFFFFFF0A
:10070000FFFFFFFFFFFFFFFFFFFFFFFFFFFFFFFFF9
:10071000FFFFFFFFFFFFFFFFFFFFFFFFFFFFFFFFE9
:10072000FFFFFFFFFFFFFFFFFFFFFFFFFFFFFFFFD9
:10073000FFFFFFFFFFFFFFFFFFFFFFFFFFFFFFFFC9
:10074000FFFFFFFFFFFFFFFFFFFFFFFFFFFFFFFFB9
:10075000FFFFFFFFFFFFFFFFFFFFFFFFFFFFFFFFA9
:10076000FFFFFFFFFFFFFFFFFFFFFFFFFFFFFFFF99
:10077000FFFFFFFFFFFFFFFFFFFFFFFFFFFFFFFF89
:10078000FFFFFFFFFFFFFFFFFFFFFFFFFFFFFFFF79
:10079000FFFFFFFFFFFFFFFFFFFFFFFFFFFFFFFF69
:1007A000FFFFFFFFFFFFFFFFFFFFFFFFFFFFFFFF59
:1007B000FFFFFFFFFFFFFFFFFFFFFFFFFFFFFFFF49
:1007C000FFFFFFFFFFFFFFFFFFFFFFFFFFFFFFFF39
:1007D000FFFFFFFFFFFFFFFFFFFFFFFFFFFFFFFF29
:1007E000FFFFFFFFFFFFFFFFFFFFFFFFFFFFFFFF19
:1007F000FFFFFFFFFFFFFFFFFFFFFFFFFFFFFFFF09
:10080000FFFFFFFFFFFFFFFFFFFFFFFFFFFFFFFFF8
:10081000FFFFFFFFFFFFFFFFFFFFFFFFFFFFFFFFE8
:10082000FFFFFFFFFFFFFFFFFFFFFFFFFFFFFFFFD8
:10083000FFFFFFFFFFFFFFFFFFFFFFFFFFFFFFFFC8
:10084000FFFFFFFFFFFFFFFFFFFFFFFFFFFFFFFFB8
:10085000FFFFFFFFFFFFFFFFFFFFFFFFFFFFFFFFA8
:10086000FFFFFFFFFFFFFFFFFFFFFFFFFFFFFFFF98
:10087000FFFFFFFFFFFFFFFFFFFFFFFFFFFFFFFF88
:10088000FFFFFFFFFFFFFFFFFFFFFFFFFFFFFFFF78
:10089000FFFFFFFFFFFFFFFFFFFFFFFFFFFFFFFF68
:1008A000FFFFFFFFFFFFFFFFFFFFFFFFFFFFFFFF58
:1008B000FFFFFFFFFFFFFFFFFFFFFFFFFFFFFFFF48
:1008C000FFFFFFFFFFFFFFFFFFFFFFFFFFFFFFFF38
:1008D000FFFFFFFFFFFFFFFFFFFFFFFFFFFFFFFF28
:1008E000FFFFFFFFFFFFFFFFFFFFFFFFFFFFFFFF18
:1008F000FFFFFFFFFFFFFFFFFFFFFFFFFFFFFFFF08
:10090000FFFFFFFFFFFFFFFFFFFFFFFFFFFFFFFFF7
:10091000FFFFFFFFFFFFFFFFFFFFFFFFFFFFFFFFE7
:10092000FFFFFFFFFFFFFFFFFFFFFFFFFFFFFFFFD7
:10093000FFFFFFFFFFFFFFFFFFFFFFFFFFFFFFFFC7
:10094000FFFFFFFFFFFFFFFFFFFFFFFFFFFFFFFFB7
:10095000FFFFFFFFFFFFFFFFFFFFFFFFFFFFFFFFA7
:10096000FFFFFFFFFFFFFFFFFFFFFFFFFFFFFFFF97
:10097000FFFFFFFFFFFFFFFFFFFFFFFFFFFFFFFF87
:10098000FFFFFFFFFFFFFFFFFFFFFFFFFFFFFFFF77
:10099000FFFFFFFFFFFFFFFFFFFFFFFFFFFFFFFF67
:1009A000FFFFFFFFFFFFFFFFFFFFFFFFFFFFFFFF57
:1009B000FFFFFFFFFFFFFFFFFFFFFFFFFFFFFFFF47
:1009C000FFFFFFFFFFFFFFFFFFFFFFFFFFFFFFFF37
:1009D000FFFFFFFFFFFFFFFFFFFFFFFFFFFFFFFF27
:1009E000FFFFFFFFFFFFFFFFFFFFFFFFFFFFFFFF17
:1009F000FFFFFFFFFFFFFFFFFFFFFFFFFFFFFFFF07
:100A0000FFFFFFFFFFFFFFFFFFFFFFFFFFFFFFFFF6
:100A1000FFFFFFFFFFFFFFFFFFFFFFFFFFFFFFFFE6
:100A2000FFFFFFFFFFFFFFFFFFFFFFFFFFFFFFFFD6
:100A3000FFFFFFFFFFFFFFFFFFFFFFFFFFFFFFFFC6
:100A4000FFFFFFFFFFFFFFFFFFFFFFFFFFFFFFFFB6
:100A5000FFFFFFFFFFFFFFFFFFFFFFFFFFFFFFFFA6
:100A6000FFFFFFFFFFFFFFFFFFFFFFFFFFFFFFFF96
:100A7000FFFFFFFFFFFFFFFFFFFFFFFFFFFFFFFF86
:100A8000FFFFFFFFFFFFFFFFFFFFFFFFFFFFFFFF76
:100A9000FFFFFFFFFFFFFFFFFFFFFFFFFFFFFFFF66
:100AA000FFFFFFFFFFFFFFFFFFFFFFFFFFFFFFFF56
:100AB000FFFFFFFFFFFFFFFFFFFFFFFFFFFFFFFF46
:100AC000FFFFFFFFFFFFFFFFFFFFFFFFFFFFFFFF36
:100AD000FFFFFFFFFFFFFFFFFFFFFFFFFFFFFFFF26
:100AE000FFFFFFFFFFFFFFFFFFFFFFFFFFFFFFFF16
:100AF000FFFFFFFFFFFFFFFFFFFFFFFFFFFFFFFF06
:100B0000FFFFFFFFFFFFFFFFFFFFFFFFFFFFFFFFF5
:100B1000FFFFFFFFFFFFFFFFFFFFFFFFFFFFFFFFE5
:100B2000FFFFFFFFFFFFFFFFFFFFFFFFFFFFFFFFD5
:100B3000FFFFFFFFFFFFFFFFFFFFFFFFFFFFFFFFC5
:100B4000FFFFFFFFFFFFFFFFFFFFFFFFFFFFFFFFB5
:100B5000FFFFFFFFFFFFFFFFFFFFFFFFFFFFFFFFA5
:100B6000FFFFFFFFFFFFFFFFFFFFFFFFFFFFFFFF95
:100B7000FFFFFFFFFFFFFFFFFFFFFFFFFFFFFFFF85
:100B8000FFFFFFFFFFFFFFFFFFFFFFFFFFFFFFFF75
:100B9000FFFFFFFFFFFFFFFFFFFFFFFFFFFFFFFF65
:100BA000FFFFFFFFFFFFFFFFFFFFFFFFFFFFFFFF55
:100BB000FFFFFFFFFFFFFFFFFFFFFFFFFFFFFFFF45
:100BC000FFFFFFFFFFFFFFFFFFFFFFFFFFFFFFFF35
:100BD000FFFFFFFFFFFFFFFFFFFFFFFFFFFFFFFF25
:100BE000FFFFFFFFFFFFFFFFFFFFFFFFFFFFFFFF15
:100BF000FFFFFFFFFFFFFFFFFFFFFFFFFFFFFFFF05
:100C0000FFFFFFFFFFFFFFFFFFFFFFFFFFFFFFFFF4
:100C1000FFFFFFFFFFFFFFFFFFFFFFFFFFFFFFFFE4
:100C2000FFFFFFFFFFFFFFFFFFFFFFFFFFFFFFFFD4
:100C3000FFFFFFFFFFFFFFFFFFFFFFFFFFFFFFFFC4
:100C4000FFFFFFFFFFFFFFFFFFFFFFFFFFFFFFFFB4
:100C5000FFFFFFFFFFFFFFFFFFFFFFFFFFFFFFFFA4
:100C6000FFFFFFFFFFFFFFFFFFFFFFFFFFFFFFFF94
:100C7000FFFFFFFFFFFFFFFFFFFFFFFFFFFFFFFF84
:100C8000FFFFFFFFFFFFFFFFFFFFFFFFFFFFFFFF74
:100C9000FFFFFFFFFFFFFFFFFFFFFFFFFFFFFFFF64
:100CA000FFFFFFFFFFFFFFFFFFFFFFFFFFFFFFFF54
:100CB000FFFFFFFFFFFFFFFFFFFFFFFFFFFFFFFF44
:100CC000FFFFFFFFFFFFFFFFFFFFFFFFFFFFFFFF34
:100CD000FFFFFFFFFFFFFFFFFFFFFFFFFFFFFFFF24
:100CE000FFFFFFFFFFFFFFFFFFFFFFFFFFFFFFFF14
:100CF000FFFFFFFFFFFFFFFFFFFFFFFFFFFFFFFF04
:100D0000FFFFFFFFFFFFFFFFFFFFFFFFFFFFFFFFF3
:100D1000FFFFFFFFFFFFFFFFFFFFFFFFFFFFFFFFE3
:100D2000FFFFFFFFFFFFFFFFFFFFFFFFFFFFFFFFD3
:100D3000FFFFFFFFFFFFFFFFFFFFFFFFFFFFFFFFC3
:100D4000FFFFFFFFFFFFFFFFFFFFFFFFFFFFFFFFB3
:100D5000FFFFFFFFFFFFFFFFFFFFFFFFFFFFFFFFA3
:100D6000FFFFFFFFFFFFFFFFFFFFFFFFFFFFFFFF93
:100D7000FFFFFFFFFFFFFFFFFFFFFFFFFFFFFFFF83
:100D8000FFFFFFFFFFFFFFFFFFFFFFFFFFFFFFFF73
:100D9000FFFFFFFFFFFFFFFFFFFFFFFFFFFFFFFF63
:100DA000FFFFFFFFFFFFFFFFFFFFFFFFFFFFFFFF53
:100DB000FFFFFFFFFFFFFFFFFFFFFFFFFFFFFFFF43
:100DC000FFFFFFFFFFFFFFFFFFFFFFFFFFFFFFFF33
:100DD000FFFFFFFFFFFFFFFFFFFFFFFFFFFFFFFF23
:100DE000FFFFFFFFFFFFFFFFFFFFFFFFFFFFFFFF13
:100DF000FFFFFFFFFFFFFFFFFFFFFFFFFFFFFFFF03
:100E0000FFFFFFFFFFFFFFFFFFFFFFFFFFFFFFFFF2
:100E1000FFFFFFFFFFFFFFFFFFFFFFFFFFFFFFFFE2
:100E2000FFFFFFFFFFFFFFFFFFFFFFFFFFFFFFFFD2
:100E3000FFFFFFFFFFFFFFFFFFFFFFFFFFFFFFFFC2
:100E4000FFFFFFFFFFFFFFFFFFFFFFFFFFFFFFFFB2
:100E5000FFFFFFFFFFFFFFFFFFFFFFFFFFFFFFFFA2
:100E6000FFFFFFFFFFFFFFFFFFFFFFFFFFFFFFFF92
:100E7000FFFFFFFFFFFFFFFFFFFFFFFFFFFFFFFF82
:100E8000FFFFFFFFFFFFFFFFFFFFFFFFFFFFFFFF72
:100E9000FFFFFFFFFFFFFFFFFFFFFFFFFFFFFFFF62
:100EA000FFFFFFFFFFFFFFFFFFFFFFFFFFFFFFFF52
:100EB000FFFFFFFFFFFFFFFFFFFFFFFFFFFFFFFF42
:100EC000FFFFFFFFFFFFFFFFFFFFFFFFFFFFFFFF32
:100ED000FFFFFFFFFFFFFFFFFFFFFFFFFFFFFFFF22
:100EE000FFFFFFFFFFFFFFFFFFFFFFFFFFFFFFFF12
:100EF000FFFFFFFFFFFFFFFFFFFFFFFFFFFFFFFF02
:100F0000FFFFFFFFFFFFFFFFFFFFFFFFFFFFFFFFF1
:100F1000FFFFFFFFFFFFFFFFFFFFFFFFFFFFFFFFE1
:100F2000FFFFFFFFFFFFFFFFFFFFFFFFFFFFFFFFD1
:100F3000FFFFFFFFFFFFFFFFFFFFFFFFFFFFFFFFC1
:100F4000FFFFFFFFFFFFFFFFFFFFFFFFFFFFFFFFB1
:100F5000FFFFFFFFFFFFFFFFFFFFFFFFFFFFFFFFA1
:100F6000FFFFFFFFFFFFFFFFFFFFFFFFFFFFFFFF91
:100F7000FFFFFFFFFFFFFFFFFFFFFFFFFFFFFFFF81
:100F8000FFFFFFFFFFFFFFFFFFFFFFFFFFFFFFFF71
:100F9000FFFFFFFFFFFFFFFFFFFFFFFFFFFFFFFF61
:100FA000FFFFFFFFFFFFFFFFFFFFFFFFFFFFFFFF51
:100FB000FFFFFFFFFFFFFFFFFFFFFFFFFFFFFFFF41
:100FC000FFFFFFFFFFFFFFFFFFFFFFFFFFFFFFFF31
:100FD000FFFFFFFFFFFFFFFFFFFFFFFFFFFFFFFF21
:100FE000FFFFFFFFFFFFFFFFFFFFFFFFFFFFFFFF11
:100FF000FFFFFFFFFFFFFFFFFFFFFFFFFFFFFFFF01
:10100000D100204321160060000000000000000015
:101010002010006000100060000801600000000067
:10102000000000600014010000000000FFFFFFFF4F
:10103000FFFFFFFFFFFFFFFFFFFFFFFFFFFFFFFFC0
:10104000FFFFFFFFFFFFFFFFFFFFFFFFFFFFFFFFB0
:10105000FFFFFFFFFFFFFFFFFFFFFFFFFFFFFFFFA0
:10106000FFFFFFFFFFFFFFFFFFFFFFFFFFFFFFFF90
:10107000FFFFFFFFFFFFFFFFFFFFFFFFFFFFFFFF80
:10108000FFFFFFFFFFFFFFFFFFFFFFFFFFFFFFFF70
:10109000FFFFFFFFFFFFFFFFFFFFFFFFFFFFFFFF60
:1010A000FFFFFFFFFFFFFFFFFFFFFFFFFFFFFFFF50
:1010B000FFFFFFFFFFFFFFFFFFFFFFFFFFFFFFFF40
:1010C000FFFFFFFFFFFFFFFFFFFFFFFFFFFFFFFF30
:1010D000FFFFFFFFFFFFFFFFFFFFFFFFFFFFFFFF20
:1010E000FFFFFFFFFFFFFFFFFFFFFFFFFFFFFFFF10
:1010F000FFFFFFFFFFFFFFFFFFFFFFFFFFFFFFFF00
:10110000FFFFFFFFFFFFFFFFFFFFFFFFFFFFFFFFEF
:10111000FFFFFFFFFFFFFFFFFFFFFFFFFFFFFFFFDF
:10112000FFFFFFFFFFFFFFFFFFFFFFFFFFFFFFFFCF
:10113000FFFFFFFFFFFFFFFFFFFFFFFFFFFFFFFFBF
:10114000FFFFFFFFFFFFFFFFFFFFFFFFFFFFFFFFAF
:10115000FFFFFFFFFFFFFFFFFFFFFFFFFFFFFFFF9F
:10116000FFFFFFFFFFFFFFFFFFFFFFFFFFFFFFFF8F
:10117000FFFFFFFFFFFFFFFFFFFFFFFFFFFFFFFF7F
:10118000FFFFFFFFFFFFFFFFFFFFFFFFFFFFFFFF6F
:10119000FFFFFFFFFFFFFFFFFFFFFFFFFFFFFFFF5F
:1011A000FFFFFFFFFFFFFFFFFFFFFFFFFFFFFFFF4F
:1011B000FFFFFFFFFFFFFFFFFFFFFFFFFFFFFFFF3F
:1011C000FFFFFFFFFFFFFFFFFFFFFFFFFFFFFFFF2F
:1011D000FFFFFFFFFFFFFFFFFFFFFFFFFFFFFFFF1F
:1011E000FFFFFFFFFFFFFFFFFFFFFFFFFFFFFFFF0F
:1011F000FFFFFFFFFFFFFFFFFFFFFFFFFFFFFFFFFF
:10120000FFFFFFFFFFFFFFFFFFFFFFFFFFFFFFFFEE
:10121000FFFFFFFFFFFFFFFFFFFFFFFFFFFFFFFFDE
:10122000FFFFFFFFFFFFFFFFFFFFFFFFFFFFFFFFCE
:10123000FFFFFFFFFFFFFFFFFFFFFFFFFFFFFFFFBE
:10124000FFFFFFFFFFFFFFFFFFFFFFFFFFFFFFFFAE
:10125000FFFFFFFFFFFFFFFFFFFFFFFFFFFFFFFF9E
:10126000FFFFFFFFFFFFFFFFFFFFFFFFFFFFFFFF8E
:10127000FFFFFFFFFFFFFFFFFFFFFFFFFFFFFFFF7E
:10128000FFFFFFFFFFFFFFFFFFFFFFFFFFFFFFFF6E
:10129000FFFFFFFFFFFFFFFFFFFFFFFFFFFFFFFF5E
:1012A000FFFFFFFFFFFFFFFFFFFFFFFFFFFFFFFF4E
:1012B000FFFFFFFFFFFFFFFFFFFFFFFFFFFFFFFF3E
:1012C000FFFFFFFFFFFFFFFFFFFFFFFFFFFFFFFF2E
:1012D000FFFFFFFFFFFFFFFFFFFFFFFFFFFFFFFF1E
:1012E000FFFFFFFFFFFFFFFFFFFFFFFFFFFFFFFF0E
:1012F000FFFFFFFFFFFFFFFFFFFFFFFFFFFFFFFFFE
:10130000FFFFFFFFFFFFFFFFFFFFFFFFFFFFFFFFED
:10131000FFFFFFFFFFFFFFFFFFFFFFFFFFFFFFFFDD
:10132000FFFFFFFFFFFFFFFFFFFFFFFFFFFFFFFFCD
:10133000FFFFFFFFFFFFFFFFFFFFFFFFFFFFFFFFBD
:10134000FFFFFFFFFFFFFFFFFFFFFFFFFFFFFFFFAD
:10135000FFFFFFFFFFFFFFFFFFFFFFFFFFFFFFFF9D
:10136000FFFFFFFFFFFFFFFFFFFFFFFFFFFFFFFF8D
:10137000FFFFFFFFFFFFFFFFFFFFFFFFFFFFFFFF7D
:10138000FFFFFFFFFFFFFFFFFFFFFFFFFFFFFFFF6D
:10139000FFFFFFFFFFFFFFFFFFFFFFFFFFFFFFFF5D
:1013A000FFFFFFFFFFFFFFFFFFFFFFFFFFFFFFFF4D
:1013B000FFFFFFFFFFFFFFFFFFFFFFFFFFFFFFFF3D
:1013C000FFFFFFFFFFFFFFFFFFFFFFFFFFFFFFFF2D
:1013D000FFFFFFFFFFFFFFFFFFFFFFFFFFFFFFFF1D
:1013E000FFFFFFFFFFFFFFFFFFFFFFFFFFFFFFFF0D
:1013F000FFFFFFFFFFFFFFFFFFFFFFFFFFFFFFFFFD
:10140000884207D0904205D251F8043B40F8043B93
:101410008242F9D8704700BF884204D2002340F8C6
:10142000043B8142FBD870472DE9884800F0CEF993
:101430000824604B604AC3F8544160496048FFF794
:10144000DFFF604A60496148FFF7DAFF60496148A1
:10145000FFF7E2FF604C4FF0E0214FF470000023F3
:101460005E4AC1F8880D44F823200133B02BFAD12D
:101470005B4B80215B4A03F8011B9342FBD14FF089
:10148000E0254C4E4FF08039DFF888B1DFF888A1B5
:101490004FF0FF31C5F8084D0027C6F80491C6F893
:1014A00000B1C6F8F490C6F8F0A0D5F8243DDFF8F6
:1014B0006C8143F4E0234C4AC5F8243DD8F81C3035
:1014C00023F07F0343F04003C8F81C30D8F82430E1
:1014D00023F07F0343F04003C8F824309166D166BF
:1014E0001167516700F07AF9404B4149A363414BC2
:1014F000E36363236B610323AF612B613E4BC5F84C
:10150000203DD5F8FC3D43F08073C5F8FC3D3B4BD6
:101510001A6842F001021A605B680B6000F0DAF9A9
:10152000C6F804913648C6F800B1C6F8F490C6F87B
:10153000F0A000F07DFBD8F86C10324B324A41F439
:101540004051C8F86C101F60C3F80871C3F81871D7
:10155000C3F82871C3F83871936BDB0708D442F6DF
:1015600015632A4951651365936B43F00103936337
:10157000254A274C936843F00113936000F00EFB5B
:1015800000F046FB00F0D4F900F022F92368132B99
:10159000FCD900F065FA2368B3F5967FFBD300F021
:1015A0001BF900F017F900F037FB00F03DFB30BFEE
:1015B000FDE700BF00800D40C8CE0000481E00605F
:1015C00000000000C01A002014ED006000000020A0
:1015D00060260020C01A00200018002059330000A7
:1015E00000E400E0A0E400E000C00A407147000011
:1015F000F82500207547000000002020001000E0C2
:101600000046C3230040084000400D400000C05683
:10161000FC2500201B1018200C0D111300C00F40DA
:10162000074B4FF42A01074A07485A641864074ACF
:1016300099639546BFF34F8FBFF36F8FFFF7F4FEAB
:1016400000C00A40AFAAAAAA070020000000072095
:1016500043690A4A03EB011010B4037A084C02EB09
:101660000313D3E901321460C2681A6003690BB135
:1016700042691A605DF8044B704700BF780900208A
:1016800061F801004369027E03EB021292F808C080
:101690008C451CD01A7AFF2A19D0914210B5044605
:1016A00016D01A7EFF2A06D00121D3E90023126842
:1016B0001A4201D1217610BD064B0522204603EBCC
:1016C0000C135B681A60FFF7C3FF2176F3E77047DE
:1016D0000021EAE77809002043690A4A03EB011078
:1016E00010B490F82830084C02EB0313D3E9013210
:1016F0001460C26A1A60036B0BB1426B1A605DF82A
:10170000044B70477809002061F801004369427E6C
:1017100003EB021292F828C08C451ED093F82820C3
:10172000FF2A1AD0914210B5044617D093F83820FA
:10173000FF2A06D00121D3E9002312681A4201D101
:10174000617610BD064B0522204603EB0C135B6847
:101750001A60FFF7C1FF6176F3E770470021EAE7FF
:1017600078090020164942698B6B23F47C0343F40B
:10177000802370B58B630446124DD2E900130A68CA
:101780001A4303690A60022200211A610E4A196194
:101790009A6401225A629D624FF43035DD624FF047
:1017A00001159E6C1E6519629D651A61017EFFF729
:1017B0004FFF617E2046BDE87040FFF78DBF00BF40
:1017C00000C00F40B80B05053B372819704700BF14
:1017D000704700BF704700BF00BF704710B44FF0A4
:1017E000E023002110242B48C3F8941DC3F89C4D1E
:1017F0001124C3F8A00D2848C3F89C4D1224C3F847
:10180000A00D2648C3F89C4D254AC3F8A00D254CD1
:1018100042F015022448C3F89C4DC3F8A00D234C98
:101820002348C3F89C4DC3F8A00D224CC3F89C2D4F
:101830002148224AC3F8A04DC3F89C0DC3F8A02D3F
:1018400002F5A0221E4C0C321E48C3F89C4DC3F872
:10185000A02D1D4AC3F89C0D1C4CC3F8A02D0122DD
:101860001B48C3F89C4DC3F8A00DC3F8942DBFF3DB
:101870004F8FBFF36F8FC3F8501FBFF34F8FBFF36E
:101880006F8FD3F8142D5DF8044B42F44032C3F847
:10189000142D70473F0000102500080309001000B8
:1018A0006026002013002000210002071400002001
:1018B00025000813090000101600202027000B1334
:1018C00017000040180000602F000B07190000707F
:1018D0002F000B13F0B4154A40274FF480314FF41A
:1018E00080564FF400554FF4404443F242001369D0
:1018F00013F0020F0ED113F4005F0FD013F4805FCA
:101900000ED0002BF3DA13F4803F0BD15B060BD51E
:10191000F0BC7047946151619061E8E75561E6E77A
:101920005661E4E79161E2E75761E0E700800D402E
:101930003F4A03203F49F3EE095AD2F880304FF076
:10194000000C9FED3D6A23F001039FED3C5A30B43B
:10195000C2F88030C2F89000D1F8E010384DCBB218
:10196000384C39482B6007EE903A0B0DC1F30B2130
:10197000F8EEE77A06EE903A07EE101A334BB8EE1F
:10198000C77A2160F8EEE66A314937EEC66A37EE6B
:10199000C55A76EEC76A77EEE57A26EE266AC3ED7B
:1019A000006A25EE265AD2F8803067EEA64AC0EDCE
:1019B000007AC6EE275A274885EE276AC4EEA76A42
:1019C00075EE875AFCEEE55A36EE076A15EE904A38
:1019D000BCEEC66A43EA045376EE877AC2F88030DA
:1019E00016EE103AD2F89041FCEEE77A01EA034194
:1019F000214317EE903AC2F89011C3F30B03D2F8CB
:101A000090110B431449C2F89031D2F8803043F062
:101A10000203C2F88030114B80F840C0C1F8403159
:101A20004FF0E023012230BCC3F80821704700BF0B
:101A300000810D4000441F400000AA420000B44253
:101A4000C8250020C4250020CC250020D02500205A
:101A50000000FF0F00E400E0001800203535000012
:101A6000314B40F6617210B5C3F8202140F20444B6
:101A700000F0D6F82D4A2E49D2F880302D4843F098
:101A80000303C2F880302C4BC1F8604102681A424F
:101A900003D1D1F8A8319A071BD0254A4FF0004155
:101AA000244B5963D2F8403143F00203C2F840316D
:101AB000D2F840319B07FBD44FF400304FF0E021C7
:101AC0001C4B4FF00042C1F88C0219209A6300F0C1
:101AD0009BF8184A4FF08040154C002190630A2073
:101AE000164B11604FF42072C4F8A801184600F09C
:101AF00087F84FF4800203464FF4810040F243110F
:101B00001860C4F858311A640D4B0E4AC4F84811D5
:101B1000C3F804224FF0E0224FF400310123C2F851
:101B20000C11C4F8403110BD00800D4000C00F40C2
:101B300000002E4000900D40001C1E000000002000
:101B4000001800201D37000008B50E4B1B6E9B07C8
:101B500000D4FBBE72B60C4B00200C4AC3F8400107
:101B600003F160430A49A3F55F2311649D46BFF367
:101B70004F8F4FF400130748074ADB6902609B68E8
:101B8000984700BF00441F4000002E4000C00A409C
:101B90000300200000802020000012EB104BA0204A
:101BA000104AD96E41F4403110B4D96640F237641E
:101BB000D96E41F44071D96654649064936C1B06ED
:101BC000FCD4094A40F23761A02351649364936CBA
:101BD00013F08003FBD1054A13705DF8044B704786
:101BE00000C00F4000400C4000800C402B2600201D
:101BF000F8B500BFF8BC08BC9E4670470000000066
:101C00005FF800F0CD6400005FF800F06D2C00007C
:101C10005FF800F0613200005FF800F0D96A000060
:101C20005FF800F08D3E00005FF800F0B92E000074
:101C30005FF800F07D29000045000000F50100007C
:081C4000E11C0000AD230000CF
:101C480070C00F40C0000000120000001300000028
:101C5800D0841F4001000000FF000000FF000000CA
:101C68000000000000000000130000001300000046
:101C7800CC841F4001000000FF000000FF000000AE
:101C880000000000000000001C000000BD1C000057
:101C980070C00F40000C000011000000110000008F
:101CA800E0841F4002000000240000001200000031
:101CB800E0841F4001000000100000001100000037
:101CC800DC841F4002000000250000001200000014
:101CD800DC841F40010000001E000000C91C000039
:101CE80080C00F4000000003190000001000000031
:101CF800E8841F4001000000FF000000FF00000012
:101D080000000000000000001800000010000000A3
:101D1800E4841F4001000000FF000000FF000000F5
:101D280000000000000000001F000000D51C00009B
:101D38000100000016035500530042002000530024
:101D480065007200690061006C000000180354000F
:101D5800650065006E007300790064007500690015
:101D68006E006F000403090409026200030100C049
:101D780032080B00020202010009040000010202FD
:101D880001000524001001052401010104240206B4
:101D9800052406000107058203100010090401004C
:101DA800020A00000007050302400000070584023C
:101DB8004000000904020002FF6AFF0007058102D3
:101DC800400001070501024000010000090262000D
:101DD800030100C032080B000202020100090400DE
:101DE800000102020100052400100105240101017F
:101DF80004240206052406000107058203100005D5
:101E080009040100020A000000070503020002009D
:101E1800070584020002000904020002FF6AC700E5
:101E28000705810200020107050102000201000006
:101E38000A060002EF020140010000000000000055
:101E4800000000000000000000000000000000008A
:101E5800000000000000000000000000000000007A
:101E68000548064B1B1AD90F01EBA301491002D0F4
:101E7800034B03B118477047C01A0020C01A00204E
:101E88000000000008B5054B1BB105490548AFF334
:101E98000080BDE80840FFF7E3BF00BF0000000076
:101EA800482500200014016006EE900A2A4B9FED99
:101EB800267BB8EEE66B9FED265B26EE076B2DE9D9
:101EC800F04186EE057BDFF8A08020250124234F12
:101ED800234EB7EEC77BFDEEC77A83ED007AC8EDD7
:101EE800007A17EE903A01E0D8F80030234001213B
:101EF80038786400002BD8BF002102F02BFE307820
:101F0800012102F027FE0021307802F023FE013D76
:101F1800EAD108240021387802F01CFE012130782B
:101F280002F018FE0021307802F014FE013CF1D1D5
:101F38000C4D0121287802F00DFE21462878BDE8D5
:101F4800F04102F007BE00BF000000000000F041B1
:101F58000000000065CD9D4104260020480F0020A8
:101F6800800F0020540F0020981C002038B503462D
:101F78000A480D461446C3F1FF01007802F0ECFF51
:101F8800074BC5F1FF01187802F0E6FF054BC4F1D5
:101F9800FF011878BDE8384002F0DEBF680F002066
:101FA800640F0020600F002070B51F4EFF211F4DE9
:101FB8001F4C307802F0D0FF2878FF2102F0CCFFC8
:101FC800FF21207802F0C8FFFA2002F06FFD307878
:101FD800002102F0C1FF2878002102F0BDFF002196
:101FE800207802F0B9FFFA2002F060FD3078FF2176
:101FF80002F0B2FF2878FF2102F0AEFFFF2120781F
:1020080002F0AAFF40F2EE2002F050FD30780021E5
:1020180002F0A2FF2878002102F09EFF207800211C
:10202800BDE8704002F098BF680F0020640F0020E0
:10203800600F00202DE9F04102F000FE742002F04C
:10204800FDFE044600F0C8FE434B444EDFF84881CD
:102058001C60434D434C444801F03CFA434F314621
:10206800404602F0E9FA2A462146404604F0C6FAFC
:10207800DFF828813146384602F0DEFA2A46214642
:10208800384604F0BBFA3A4F3A49404602F0D4FACF
:102098002A462146404604F0B1FADFF80481364961
:1020A800384602F0C9FA2A462146384604F0A6FA0C
:1020B800324F3349404602F0BFFA2A46214640468D
:1020C80004F09CFADFF8DC803146384602F0B4FAB6
:1020D8002A462146384604F091FA2A4F2A494046B2
:1020E80002F0AAFA2A462146404604F087FADFF8A9
:1020F800B8802649384602F09FFA2A4621463846D3
:1021080004F07CFA224F3146404602F095FA2A46FE
:102118002146404604F072FADFF89080314638468E
:1021280002F08AFA2A462146384604F067FA194F1F
:102138003146404602F080FA2A462146404604F0DD
:102148005DFA3146384602F077FA2A462146384683
:10215800BDE8F04104F052BAFC240020A40300209A
:102168008C0F00208127000008260020AC1C0020CE
:102178003C1D002098030020A0030020BC1C002068
:10218800A80300204C1D0020B0030020B403002049
:1021980064250020742500209C1C00205C1D002064
:1021A800CC1C00206C1D002028250020382500208C
:1021B8002DE9F0437F4D85B07F4840F2EE280CF0C2
:1021C80097FD7E4C2E687E4FDFF8309204F056F96A
:1021D8002378002B00F0E0803B78DB0740F1DC80BF
:1021E8002B68D9F800209B1A0E2B40F2D580FA21D3
:1021F8007448012402F0A6F96F4D58232146724F06
:1022080085F8A530284685F8304185F82F4101F03A
:10221800F3F9F021284601F0EFF9214628466B4EE4
:1022280001F0F8FA2146387802F0D0FC684B2146D4
:10223800684D187802F0CAFC3078214602F0C6FCD6
:102248002146387802F086FC3878002102F082FCBA
:102258002146307802F07EFC307800215E4E02F094
:1022680079FC0021172002F0B1FC0021112002F0B6
:10227800ADFC214628684FF0FF3200F0E5FD2868E4
:102288004FF0FF320C2100F0C7FD28684FF0FF32F5
:10229800022100F0C9FD28684FF0FF32052100F047
:1022A800CBFD22462146286800F0CEFD224628684C
:1022B8000C2100F0B1FD22462868022100F0B4FD8F
:1022C80022462868052100F0B7FD11221721286849
:1022D80000F0C2FD1821414801F034F9404B414D4E
:1022E8000021187802F072FC2146287802F06EFC72
:1022F8003078214602F06AFC214628783A4D02F0EF
:1023080029FC2146307802F025FC002228464FF4AB
:10231800E13101F0FDFC2846FA2102F013F94FF4EF
:102328007A7002F0C3FB04E002F00EF9684602F08E
:1023380047F9284601F026FC00230A22294698423C
:102348006846F1DC294C0121294E2A4D207802F0FB
:102358003DFC3078012102F039FC2878012102F097
:1023680035FC20780021244C02F0F6FD307800215D
:1023780002F0F2FD2878002102F0EEFD207801211C
:1023880002F024FC2078002102F0E6FD642005B06C
:10239800BDE8F04302F08ABB2B6822789B1B32B160
:1023A800B3F5FA6F3FF623AF04F068F80EE743453C
:1023B800FAD91CE7FC2500207C1D002034260020CB
:1023C80033260020700F0020800F0020540F0020BB
:1023D800480F0020FC2400204C0F00200826002075
:1023E8006C0F0020440F0020DC1C0020680F002028
:1023F800640F0020600F0020500F002014260020DA
:102408002DE9F04FB14E2DED028B89B000AF307839
:1024180002F0CAFBAE4B00BB1A467B600123137067
:10242800AC4B187802F0C0FB7B68054693F8008037
:10243800B8F1000F5AD0012800F02382002800F0DC
:10244800938003F033FFA44D002828600DDC243767
:10245800BD46BDEC028BBDE8F08F012840F023811A
:102468001A467B6000231370DAE707F110046A4606
:1024780000239A49204608EE902A0A2202F064F8BE
:102488002146974802F0ECF8204602F099F82A68AD
:1024980000239348D11D21F00701ADEB010D6946DA
:1024A8006D4602F05FF99DF80030542B00F046822B
:1024B800413B172B00F2FB82DFE813F03D03F902E2
:1024C800C900C9009F034903F902F902C900F902CA
:1024D800F9026503F902F902F902C900F902F902E1
:1024E8005503F902F902F902F9027C037D4907F163
:1024F80010047D4801F020FF7B4801F04FFF0A20BF
:1025080002F0D4FA784801F03DFB002840F0EE8153
:10251800754D04E002F018F8204602F051F82846FC
:1025280001F030FB00230A22294698422046F1DCBC
:1025380002226E496C4801F0D7FE6B4801F02EFF6D
:102548000A2002F0B3FA00230A222046664901F065
:10255800FBFF2146664802F083F8204602F030F877
:102568000A2002F0A3FA6CE75F4807F1100401F0B3
:102578000BFD0A2002F09AFA02225E495A4801F03D
:10258800B3FE594801F00AFF0A2002F08FFA5648B4
:1025980001F0F8FA002840F07D820A2002F086FA5D
:1025A800514801F0F1FC4F494F4801F0C5FE4E4833
:1025B80001F0F4FE0A2002F079FA4B4801F0E2FA41
:1025C800002840F05982484D04E001F0BDFF204644
:1025D80001F0F6FF284601F0D5FA00230A22294621
:1025E80098422046F1DC022240493F4801F07CFE37
:1025F8003D4801F0D3FE0A2002F058FA00230A22CF
:102608002046394901F0A0FF2146394802F028F850
:10261800204601F0D5FF0A2002F048FA344802F0BB
:10262800BDF8002840F07081334B0146187802F05D
:1026380093FC324B8221187802F08EFC304BF52146
:10264800187802F089FC2F4B01221A60F9E6244918
:10265800254801F071FE244801F0A0FE00230A225B
:102668002046214901F070FF2146274801F0F8FF74
:10267800204601F0A5FF254B1B78002B40F0EC828B
:102688006B783F2B00F00683214B3B603B681B684F
:10269800012B0AD018EE903A24379D46BD46BDEC72
:1026A800028BBDE8F08F7B60BAE61A4B1A681A4BAA
:1026B800D3F80090194B1A60194B1B68994500F321
:1026C8009380DFF8608008EE104A34E04C0F002059
:1026D800262600206C0F002000250020700F002007
:1026E800282500203C1D0020DC1C0020200C002098
:1026F800AC1C0020240C0020680F0020640F002070
:10270800600F00203C21002074250020272600208F
:1027180024250020FC250020182500206025002005
:1027280020250020400F0020BB4B1B689944BB4B61
:102738001B684B4556DB4846FFF7B6FBB84B1B7882
:10274800002BF1D0D8F80020002A40F38D82002613
:1027580007F10805DFF818B3DFF818A3B14CDBF868
:102768000010284600F0B4FBAF4B0136D8F8002023
:1027780095E803009AED004B83E8030080B2B2426B
:1027880089B207EE900AB8EEE76B07EE901A94ED5F
:10279800005BB8EEE77B36EE046B37EE057B8AED1F
:1027A800006B84ED007BDADC05EE902A02219F485D
:1027B800B8EEE55B86EE050B87EE056B8AED000B40
:1027C80084ED006B01F008FE0121994803F0D8FD63
:1027D8000221964894ED000B01F0FEFD934801F0AC
:1027E800DDFDA1E718EE104A9249934801F0A4FDD7
:1027F800914801F0D3FD904801F0C4F9002840F059
:102808000F827B681C78002C40F0C7808B4B2146D8
:10281800187802F0A1FB8A4B2146187802F09CFB3D
:10282800884BFF21187802F097FB874801F0BCFF1E
:10283800B7EEC00A02217D489FED757B80EE070B3D
:1028480001F0CAFD01217A4803F09AFD2146774834
:1028580001F098FD0121764803F092FD7B4801F0D4
:102868009DFF0146714801F08DFD0121704803F07C
:1028780087FD0121764803F083FD00233A68136041
:1028880008E76E4BFF2107F11004187802F064FB8B
:102898006B4B7121187802F05FFB6A4B3F21187867
:1028A80002F05AFB6B4B0222624963481A6001F03E
:1028B80043FD614801F072FD0A2002F0F7F85E4816
:1028C80001F060F9002840F0B9815B4D04E001F0A7
:1028D8003BFE204601F074FE284601F053F9002320
:1028E8000A22294698422046F1DC21E643460A227C
:1028F8002046514901F028FE2146534801F0B0FE18
:10290800204601F05DFE03E6504801F047FF00282D
:102918003FF497AD494B0021187802F01DFB484B56
:10292800FF21187802F018FB464BFF21187802F0B7
:1029380013FB484B4FF0FF321A6082E546493E4888
:1029480001F0FAFC3C4801F029FD4449424801F0F5
:10295800EDFE002840F0CE8041493F4801F0E6FEF8
:10296800002800F0A1811E213E4803F009FD2F48F0
:1029780001F014FD00230A2220462F4901F0E4FD4E
:1029880021462A4801F0D8FC284801F007FD364BBB
:1029980020463B6001F014FE78E62B4801F004FF66
:1029A800B7EEC00A022121489FED197B80EE070B84
:1029B80001F012FD01211E4803F0E2FC2B4B1878B0
:1029C80002F0F2F80128044600F09C80274B1878A2
:1029D80002F0EAF800287FF441AF1E4C2168012973
:1029E80000F0A5814B1C7FF432AF144B00211878FE
:1029F80002F0B2FA124BFF21187802F0ADFA114B2F
:102A0800FF21187802F0A8FA216820E7AFF30080C8
:102A18000000000000408F401C25002020250020D9
:102A280082150020901C00208C250020700F0020AB
:102A3800800C00203C1D0020DC1C0020680F0020BA
:102A4800640F0020600F00209C1C0020AC1C00209C
:102A5800840C00203C210020282500206C1D00202B
:102A68004C1D0020440C0020242500206C0F002061
:102A7800FC240020881C002000230A222046B44998
:102A880001F062FD2146B34801F0EAFD204601F05D
:102A980097FD98E52B460A22AD49204601F054FDE2
:102AA800204601F07BFE204601F08AFD75E54FF0D7
:102AB800000BA94B28463D61DFF8C0925D46DFF860
:102AC800E482A64E3B6006E0012D00F0D580022D81
:102AD80000F0D78038692246494605F013FD0028E2
:102AE8003FF4D4AD002DEFD103F08EFD9C4B0125B2
:102AF8001860EFE71B219B4803F042FC9A4801F05D
:102B08004DFC37E7994BFF21187802F025FA984BCE
:102B18007121187802F020FA964B3F21187802F0BC
:102B28001BFA954B9048196801F02CFC21469348F4
:102B380003F026FC92E602229149854801F0D4FB75
:102B4800834801F02BFC0A2001F0B0FF12E70621B0
:102B58008C4803F015FC844801F020FC7E4B3B6058
:102B6800FFF722FA92E5002002F08CF8A52800F081
:102B7800A7800921844803F003FC774B7A483B601F
:102B880001F00CFC82E58149714801F0D5FB7048E1
:102B980001F004FC00230A2220466D4901F0D4FC10
:102BA80021467B4801F05CFD6B4B20463B6001F001
:102BB80007FD6BE56B78312B00F09C80302B7FF4A0
:102BC80063AD3078012101F0C5FF724B00267A68A9
:102BD8001878614B314616701D463B6002F0BCF90F
:102BE8002D68002D00F0E280012D7FF453ADFF2108
:102BF80032460846FFF7BAF948E5554D04E001F0BA
:102C0800A3FC204601F0DCFC284600F0BBFF0023B3
:102C18000A22294698422046F1DC02225E498CE7C6
:102C280000230A2220464A4901F08EFC21464948E1
:102C380001F016FD204601F0C3FCE2E500230A225C
:102C48002046434901F080FC2146424801F008FD36
:102C5800204601F0B5FC38E64D49434801F06CFBCD
:102C6800414801F09BFB0BE54C4CDFF83CA194ED8F
:102C7800007B9AED006B97E503F0C6FC02253060F7
:102C880028E703F0C1FC01233A680025C8F80000D2
:102C980013601FE73E49344801F04EFB2E4B324883
:102CA8003B6001F07BFBF1E403460A2220462849F9
:102CB80001F04AFC284B20463B6001F081FCE5E42A
:102CC800012001F0DFFF024602203A6001F0DAFF3E
:102CD8000546032001F0D6FF314940EA05233A684A
:102CE80020469BB205F092F9204605F049FE0146C0
:102CF800204640E70021307801F02CFF1B4B7A6812
:102D0800FF2118780123137002F026F9184B71215E
:102D1800187802F021F9174B3F21187802F01CF9B6
:102D28001C4BFF21187802F017F96B7846E70F4B18
:102D38000146187802F010F90D4B8221187802F03C
:102D48000BF90C4BF521187802F006F9216849E6D1
:102D5800DC1C00209C1C00202425002020250020AD
:102D680018250020280C0020700F0020680F002074
:102D7800640F0020600F00203C210020800C002000
:102D8800240C0020640C0020740C0020282500204E
:102D980074250020500F0020200C0020901C0020DB
:102DA8006C0C00201C250020881C0020074B29469D
:102DB800187802F0D1F8064B2946187802F0CCF8BA
:102DC800044B2946187802F0C7F85FE4680F002022
:102DD800640F0020600F002038B504460A4B0B4AE8
:102DE800002104F1300500F0F7FA094B0121094AE6
:102DF800284600F0F1FA0223204684F86030C4E93E
:102E08001945C4E91B4538BD00400C40B8040020F2
:102E180000800C40D4040020012A02D0406E00F04B
:102E280043BA806E00F040BA012A02D0406E00F02A
:102E380077B8806E00F074B8012A02D0406E00F0B6
:102E48009BB9806E00F098B9012A02D0406E00F05C
:102E5800D3BA806E00F0D0BAF8B50546406E0F467A
:102E6800164600F01DFB40B96A6E0446538A204698
:102E78009BB243F004035382F8BD3146A86E00F0BC
:102E88000FFB044638B9AA6E2046538A9BB243F01A
:102E980004035382F8BD6B6E9A6A72B6936C43F062
:102EA8004003936462B6AB6E9A6A72B6936C43F051
:102EB8004003936462B672B6686E394600F0FCFA55
:102EC8003146A86E00F0F8FA62B62046F8BD00BF99
:102ED80010B4D1E91942A16A926A496A526A09B2E0
:102EE8005DF8044B12B2C0E90012704772B60123B4
:102EF800826A437572B6936C23F08003936462B65A
:102F0800826A72B6D36C43F00203D36462B6826AF3
:102F180072B6936C43F08003936462B662B67047EE
:102F2800837F8B4200F0E08070B4042900F20C81AA
:102F3800DFE811F0250073009000B5000500826AF3
:102F480072B6536C43F48063536462B6826A72B695
:102F5800936C43F00103936462B6826A72B6536C51
:102F680043F00303536462B6826A72B6536C23F06B
:102F78006003536462B670BC8177FFF7B7BF826A9B
:102F880072B6536C23F48063536462B6826A72B675
:102F9800536C43F08003536462B66F4A6F4B1468F6
:102FA8009C4280F084806E4B9C4274D26D4B9C4254
:102FB80080F09B806C4B00229C42164634BF002454
:102FC8000124856A72B6AB6C23F00103AB6462B668
:102FD800836A002A00F0818072B65A6C42F00102BE
:102FE8005A6462B672B65A6C22F002025A6462B629
:102FF800836A002C5FD072B65A6C42F020025A6481
:1030080062B6002E5FD072B65A6C42F040025A6423
:1030180062B670BC8177FFF769BF826A72B6536C7B
:1030280023F48063536462B6826A72B6536C23F0E9
:103038008003536462B6484A484B12689A4258D291
:10304800474B9A4268D2474B9A4273D2002216469F
:103058001446B6E7826A72B6536C43F480635364CD
:1030680062B6826A72B6536C23F08003536462B608
:10307800394B3E4A1B689342E8D93D4A934255D999
:103088003C4A934231D902F1186202F5162202F63F
:10309800040293420BD801260022344691E7826A43
:1030A80072B6536C23F48063536462B64EE7012210
:1030B8001646144685E772B65A6C22F020025A6406
:1030C80062B6002E9FD172B65A6C22F040025A6442
:1030D80062B670BC8177FFF709BF72B65A6C22F0EE
:1030E80001025A6462B67DE7704700220126144641
:1030F80067E71F4B9A4223D91E4B9A421ED903F108
:103108001863012603F51623344603F604039A428E
:1031180094BF0022012254E7144B9A420AD9202472
:10312800203400220126C4F340144AE70022012477
:10313800164646E700260124324642E74024EFE7D8
:103148000024012622463CE7438A9BB243F0010350
:1031580070BC4382704700BF580F00200090D00316
:103168000048E8010024F40000127A00005A6202C4
:1031780001B4C4040368890938B5437D04460D4683
:10318800EBB9072D19D8DFE805F01D33404D535929
:103198005F04A26A72B6536C23F01003536462B6DC
:1031A800A36A72B65A6C22F480725A6462B672B616
:1031B8005A6C22F400725A6462B6E57738BD00F0A2
:1031C80049F8DEE7A26A72B6536C43F01003536401
:1031D80062B6A36A72B65A6C42F480725A6462B6D6
:1031E80072B65A6C42F400725A6462B6E57738BD1A
:1031F800A26A72B6536C43F01003536462B6A36AB2
:1032080072B65A6C22F48072E8E7A26A72B6536CFE
:1032180043F01003536462B6A36A72B65A6C42F460
:103228008072C2E7A26A72B6536C43F01003B5E726
:10323800A26A72B6536C23F01003C8E7A26A72B68A
:10324800536C23F01003D8E7A26A72B6536C23F0CC
:103258001003DFE738B50021836A827D9D6CDB6C43
:10326800417502B938BD04460121FFF759FE032113
:10327800FFF782FF637D93B9A26A72B6936C43F03D
:103288002003936462B6A26A72B6536C23F4404377
:10329800536462B6042200232277A37538BD204602
:1032A800FFF7D8FFE8E700BF38B5C37D8B4219D0D8
:1032B800437D04460D4603BB092D14D90B2DA36A83
:1032C8001ED872B65A6C42F004025A6462B672B6DC
:1032D8005A6C22F008025A6462B640F2FF320A239E
:1032E800A261E37538BDA26A72B6536C23F00C0371
:1032F800536462B6FF220823F2E7FFF7ABFFDBE770
:1033080072B65A6C22F004025A6462B672B65A6CEB
:1033180042F008025A6462B640F6FF720C23DFE7F7
:1033280010B5037D04462B4A002B49D1D36E43F4D4
:103338004033D36600234FF40072A16AE375A3619A
:10334800A28384F8243072B64A6C42F480324A640C
:1033580062B640F20271627F63756382E1836374CF
:1033680052B1A26A637772B6536C23F4C0535364A4
:1033780062B62046FFF7BAFD0A212046FFF794FF00
:103388000122637DA27503BBA26A72B6936C43F0F7
:103398002003936462B6A26A72B6536C43F4404346
:1033A800536462B62023204600212377FFF7B8FD37
:1033B8000121FFF7E1FE2046BDE81040FFF796BD6A
:1033C800D36E43F44073D366B4E72046FFF742FF59
:1033D800DAE700BF00C00F40002910B5836214BFB0
:1033E8004423432304460175026280F82C30FFF71A
:1033F80097FF204610BD00BF38B5437D04460D46F3
:10340800002B30D1012DA26A24D972B6936C43F0F7
:103418002003936462B6042D09D8A26A72B6536C6D
:1034280023F44043536462B60423237738BD082D40
:103438001CD9102D2AD8A36A72B65A6C22F480427D
:103448005A6462B672B65A6C42F400425A6462B662
:103458001023EAE772B6936C23F02003936462B6F4
:103468000023237738BDFFF7F5FECBE7A36A72B6D2
:103478005A6C42F480425A6462B672B65A6C22F4AC
:1034880000425A6462B60823237738BDA26A72B62E
:10349800536C43F44043536462B62023C5E700BF2E
:1034A8001B2907D8036A585C00F01F001F3818BF93
:1034B8000120704700207047036A5B5C72B690F881
:1034C800241003F01F03826A03EBC113136062B672
:1034D800704700BF704700BF70B505460126184CFD
:1034E8002B78204684F83061B34084F82F6184F843
:1034F800A53000F081F83146204600F08BF9022211
:1035080029783346204600F003FA94F8A22094F86C
:10351800A350AA4210D29319A118DBB2887E9D420B
:103528004FEA002084F8A23006D9234402329B7E59
:1035380084F8A220184370BD4FF6FF7070BD00BF1D
:103548007C1D002038B50446174D217028460BF025
:10355800CFFB06212046FFF7BFFF542801D00020EB
:1035680038BD07212046FFF7B7FFB0F5806FF6D1C9
:10357800237801242846A340214685F8304185F860
:10358800A53085F82F4100F037F80021284600F0D3
:1035980033F80021284600F02FF82146284600F08D
:1035A80039F9204638BD00BF7C1D00200020704737
:1035B80090F8A32090F8A200101A704790F8A23053
:1035C80090F8A3209A4205D95A1C034480F8A220F7
:1035D800987E70474FF0FF30704700BF90F8A230D8
:1035E80090F8A3209A4202D91844807E70474FF081
:1035F800FF307047704700BF0346B0F8300178B11C
:1036080093F82F21882A03D9012200205A60704795
:1036180002F1010C01201A4483F82FC182F8A51089
:10362800704700BF38B5B0F830410CB9204638BDF6
:1036380090F82F310546C3F18904A2420DD81446EB
:1036480005F1A5002246184401F05EFB95F82F31DC
:103658002046234485F82F3138BD01224260EFE728
:1036680038B5002513464FF47A720446C0E9015272
:103678001548882221612946206004F11A006361F7
:1036880025732576657604F041FE8922294604F1E2
:10369800A50084F8A25084F8A35084F8A45004F03C
:1036A80035FE204684F82E5184F82F5184F8305185
:1036B80084F8315184F8325184F8335184F8345104
:1036C800C4E94E5538BD00BF500500202DE9F04F24
:1036D800D0F814A01524017E8146437E83B00AEBFE
:1036E8000111384A0AEB0313374F097A93F8283047
:1036F80002EB01150901E86852F8018002EB031199
:10370800D5F804B01B01CE68D558CBF80040C8F8EE
:103718008400D8F804304A6803432C490192C8F859
:1037280004301460C5F884606B6833436B60284BC1
:103738004C683A68A3FB0232920C02EB82025200F8
:103748004B681B1B9A42FBD84FF0090C1F4ADFF845
:1037580080E0D8F80830034202D0AB6833422FD15A
:10376800C5F8886054683968AEFB0131890C01EBF3
:10377800810153681B1B9942FBD8C5F884605468C3
:103788003968AEFB0131890C01EB810153681B1BC1
:103798009942FBD8BCF1010CDBD1604699F818308E
:1037A800019A0AEB0313DB68CBF8003099F819305B
:1037B8000AEB031ADAF82C30136003B0BDE8F08F77
:1037C8000120EBE7780900205C0F0020001000E0E2
:1037D80083DE1B430E4A10B51168046905E0DB015E
:1037E80007D413685B1A102B08D8636913F0007F9D
:1037F800F5D14FF4FE430120636110BDFFF766FF6A
:103808000028FAD04FF4FE4301206361F5E700BFBA
:10381800FC2500202DE9F04790F82FA1BAF1000F00
:1038280058D081468846FFF7D5FF002852D0374E3A
:103838000024376816E06B691A0544D4580558D433
:1038480099044CD43268D21B322A48D8544507D937
:10385800EA6D520704D19B0555D4B8F1000F52D038
:1038680002F00CFE5445D9F81050E4D8EA6D51071F
:1038780002F00703DFD413E099F8A52001330224EE
:1038880042F48062042B2A6627D08A4503F101039B
:1038980009EB01020ED992F8A520042B2A66CAD09A
:1038A8000121002CE8D02146013301348A4509EB77
:1038B8000102F0D8B8F1000FBDD04FF400732B66A9
:1038C8006B691A05BAD52B69042043F440732B6140
:1038D800BDE8F0870420BDE8F0870124ABE72B6939
:1038E8004FF40072042043F440732B612A66BDE84C
:1038F800F0872B694FF40072022043F440732B6168
:103908002A66BDE8F0870020E5E700BFFC25002017
:103918002DE9F04782460C4615461F46FFF75AFF29
:10392800002800F08F8063000021012DDFF81C8142
:10393800DBB240F2014638BF01250C461E43D8F8D9
:103948000090AAF8A2101EE09AF8A330872B3DD960
:1039580051690B0557D411F4105F67D1D8F80030BE
:10396800A3EB0903322B61D89AF8A330AB4208D3F2
:10397800022C06D9D36D580703D18B0547D4002FE5
:1039880045D002F07BFD022CDAF81020DCD8D36D8C
:10399800590703F00700D7D421466C1E084444F4A5
:1039A800807441B916660131431A032B01D80229E4
:1039B800F7D90C46C8E7012931D017B14FF4007385
:1039C80013669AF8A3300324872BC1D8D16D11F45C
:1039D800E02FC1F3024EBBD0591C9E441933C9B223
:1039E8005FFA8EFE5AFA83F3D2F870C0481C71450C
:1039F8008AF8A310C1B203F801CFA9D08929F3D15D
:103A080051690B05A7D5136943F440731361D36D4E
:103A180013F4E02F05D19AF8A300BDE8F0871466E7
:103A2800C1E7136943F400731361F4E713694FF4B2
:103A3800007143F4407313611166D36D13F4E02FE2
:103A4800E9D0EEE70420BDE8F08700BFFC250020A0
:103A5800036970B5D3F81451044615F4706201D0A7
:103A6800C3F81421AE070BD5D3F8701108043ED55E
:103A78000022012084F8A220224484F8A300917631
:103A8800EA0710D594F83061F6B194F82E6194F8ED
:103A98002F21B24227D9721C264484F82E2196F889
:103AA800A520C3F86021AB050DD594F8A30018B183
:103AB800D4F83C3103B198470023A4F8A230A4F805
:103AC8002E3184F8303170BDD4F838210AB19047CE
:103AD8002369002284F82E21012284F8302194F8E9
:103AE8002F21B242D7D80022C3F86021DBE794F82F
:103AF800A320872AC4D8501CC0B2BDE70148FFF7ED
:103B0800A7BF00BF7C1D00200148FFF7A1BF00BF71
:103B1800BC1E00200148FFF79BBF00BFFC1F002010
:103B280010B5094C094922460948FFF799FD04F1E7
:103B3800500208490848FFF793FD04F1A00207491D
:103B48000748FFF78DFD10BD481C006000003F408E
:103B58007C1D002000803F40BC1E002000C03F406C
:103B6800FC1F0020B0F84630B0F848209BB292B253
:103B7800934202D2013AD01A7047416B01390A4484
:103B8800D01A704772B6B0F84A20B0F84C3092B2EA
:103B98009BB29A423CBF816B5218D31A0269D06A11
:103BA80062B6C0F302601844704700BFB0F84A100C
:103BB8000246B0F84C3089B29BB2994210D001331A
:103BC800906B116B984298BF0023994203D9126AEF
:103BD800D05CC0B270475B1A526AD05CC0B2704702
:103BE80072B6B0F84A0080B2814201D062B6E6E708
:103BF8001369D96A11F0E06F03D14FF0FF3062B654
:103C08007047DB6901204FF0000C116AA2F84A00E6
:103C1800C3F30900DBB2A2F84CC04B70EFE700BF5A
:103C2800B0F84A100246B0F84C3089B29BB29942BB
:103C380026D0013330B4946B9C4216D9106B1FFA0E
:103C480083FC984217D9106AC05CC0B2956DA2F87F
:103C58004CC045B199421CD3CB1AD16B994202D3BF
:103C6800D36DC5F8883030BC70474FF0000C106B2E
:103C780063469842E7D8181A556A285CC0B2E5E747
:103C8800084672B6B2F84A1089B2884204D062B6C1
:103C9800CFE70C44E31AE0E71369DA6A12F0E06F41
:103CA80003D14FF0FF3062B67047D869C0F30900FE
:103CB800F9E700BF90F8443043B110B5044602F06C
:103CC800DDFB94F84430002BF9D110BD704700BFDC
:103CD800EFF31380B8B9EFF310834BB9EFF3058214
:103CE8003AB94FF48073EFF3118050B1984208D27B
:103CF80070470F2AF7D9054B9B5CEFF3118000281A
:103D0800F4D1184670474FF0FF30F1E7F0E300E0D8
:103D180007EE901A9FED917A0421B6EE005AF8EE5C
:103D2800677A9FED8F6A41F6FF7CC7EE275A2DE927
:103D3800F0418E46012407EE901AF8EEE77A85EEF8
:103D4800A77A77EE057AFDEEE77A17EE903A6345A3
:103D5800A8BF6346012BB8BF012307EE903AF8EEDF
:103D6800E76A76EEC76AC6EE877AF5EEC07AF1EEB4
:103D780010FA48BFF1EE677AF4EEC67AF1EE10FA5F
:103D880003D8B0EE676A8E461C4601312129D2D18C
:103D98000021436902F40075A0F84A10B3F85EC028
:103DA8008D42A0F84C10B3F85C50A0F84610A0F86B
:103DB800481080F84410816B1E69A1EB0505A1EB42
:103DC8000C01C0E90F5131685D6941EA05013160B4
:103DD80014BF01210021817640F09180057EDFF833
:103DE800988103EB051C5F4E9CF8185008EB0515ED
:103DF800A9686D680E60DCF81C602E60DCF8205045
:103E080015B1DCF824602E60457ED92703EB051533
:103E180095F8386008EB06118E6849683760ED6BD5
:103E28000D60417E03EB01110D6C0DB1496C2960E9
:103E38000EF1FF31BEF1080F5D684FF00006CCBFF0
:103E48004FF0000E4FF0010E090644EA4E4401F00F
:103E5800F85121435C7804F1100304692161424957
:103E6800E66041F8235043694FF0010C3F4902F0E6
:103E780003055C7893F85A30635444693C4B617885
:103E880003EB511301F01F019B000CFA01F11960BB
:103E98004FF002110369D962996A41F08801996269
:103EA800510729D445F4701102F00F05042D857EC1
:103EB80008BF41F08041970648BF41F080510DB1DD
:103EC80041F0A0011607996103D5196941F0005125
:103ED80019615969D50621F0805148BF41F08051D8
:103EE800D205596103D51A6942F400521A61E36890
:103EF8001B78A3B1BDE8F0811E492943D4E7417E70
:103F08004FF2D9071C4D03EB011191F8386005EB0E
:103F18000615AE686D683760C96B296081E7174E72
:103F28003478BCB1611E164DC9B22B1F05EB810157
:103F380053F8042F9042DDD09942F9D1631CDBB2CB
:103F4800104A3370137845F8240043F002031370C5
:103F5800BDE8F08101230A4DF2E700BF001BB74B13
:103F6800EC78AD6038F001000018002000E400E0B3
:103F78004038003810003C0078090020292600202D
:103F8800D021002084150020B0F84C30826D9BB2FF
:103F9800A0F84A3012B1C36DC2F88830704700BF2C
:103FA800F8B5036D04460E4613B1426DC3F884207C
:103FB800A37E33B172B62269936943F000539361CB
:103FC80062B6B4F84650636BADB20135AB424CD81B
:103FD80000273D46B4F848309BB29D421AD029E0EC
:103FE80021694B691B0210D5B4F84830626B9BB24B
:103FF80001339A4236D99AB2E06A98422DD9E069DB
:10400800C35CDBB2CB61A4F84820B4F848309BB25B
:10401800AB420FD1FFF75CFE6369B3F85A308342B5
:10402800DEDAFF28F1DD02F029FAB4F848309BB255
:10403800AB42EFD0E36AAB4219D9E369F6B25E55F9
:1040480072B60120226984F84400A4F84670936986
:1040580043F40003936162B6F8BD1B1AA06AC35CFF
:10406800DBB2CFE700221346C6E7AFB2B2E7ED1ADC
:10407800F6B2A36A5E55E3E7FFF792BF0269536998
:1040880013F4401F70B5154647D0D36A13F0E06F9C
:10409800C3F3026E3ED0B0F84A40B0F84C50A4B218
:1040A800ADB208E0026A02F803C002690EF1FF33FC
:1040B80013F0FF0E1ED0D169631CB0F84CC0866B9C
:1040C800C1F309011FFA8CFC9E4298BF00239C454E
:1040D800ECD0026B5FFA81FC1C469A42A3EB020605
:1040E800E0D8436A03F806C00EF1FF33026913F003
:1040F800FF0EE0D1A3B2A0F84A30836D002B5AD04E
:10410800AC425DD3641B016CA14254D8C16D154605
:10411800C3F884105369DC0248D49669310229D562
:1041280053691B0226D5B0F846C0B0F848301FFACC
:104138008CFC9BB206E0C169C95CC9B2D161D16A85
:104148004C0512D463453FD0446B0133C16A9C428D
:1041580098BF00239942A3EB0104ECD8816A095D5A
:10416800C9B2D161D16A4C05ECD599B26345A0F8C2
:1041780048102CD0710218D553695B0215D500225E
:10418800036D80F8442013B1426DC3F88820837E04
:104198003BB172B60269936923F00053936162B62A
:1041A8000569AB6923F48003AB6170BD536943F4BF
:1041B80080135361B1E753691546DC02ADD5F5E7C5
:1041C800816B491B0C449EE79BB2A0F84830936969
:1041D80023F400039361936943F480039361C9E76F
:1041E8000148FFF74BBF00BFDC1C002010B4164B82
:1041F8004FF47A74154800229C604021144C1860D2
:1042080014481C615861144C144883F844201A73EC
:104218001A839A76A3F84620DC61A3F848205DF853
:10422800044BA3F84A205A605A629A621862A3F8AB
:104238004C20C3E90B11C3E90D11C3E90F22C3E9EF
:104248001422C3E916227047DC1C00200405002054
:1042580000801940540400208021002040210020C3
:10426800084602F077B800BF012A70B508BF0A22D5
:104278008AB091B34FF0210E01E05FFA86FE0EF18D
:10428800FF36B1FBF2F502FB15145FFA84FC092C2A
:104298000CF137040CF1300C98BF5FFA8CF40EF176
:1042A800280C88BFE4B29142EC4429460CF8244C0F
:1042B800E3D24BB10EF1FF3E2D225FFA8EFE0EF1D6
:1042C80028036B4403F8242C036801A9CEF12202C9
:1042D8005B68714498470AB070BD30224FF0210ED8
:1042E8008DF82520E5E700BF2DE9F0410C46D1B156
:1042F800EAB180468E1800250E4F04E002F02AF835
:10430800B44205440CD0D8F8003014F8010B1B68EF
:10431800BB42F3D0014640469847B4420544F2D127
:104328002846BDE8F0810D462846BDE8F0811546CF
:10433800F6E700BF212400002DE9F0418C688AB01F
:10434800DCB10025884606462F462B46212201A9C6
:10435800404600F007FA202C2246336828BF202266
:1043680001A930465B68A41A154498470744002CF5
:10437800EBD138460AB0BDE8F081274638460AB086
:10438800BDE8F081002903DB00230A22FFF76CBF98
:1043980049422D230A22FFF767BF00BF00B5036813
:1043A80083B040F60D2C022201A95B68ADF804C069
:1043B800984703B05DF804FB054B022888BF034605
:1043C80010B41C68184663685DF8044B184700BFB2
:1043D800700F002000000000B4EE400B70B5F1EE45
:1043E80010FA05462DED028B86B07CD6B0EEC07B68
:1043F8009FED476BB4EE467BF1EE10FA6BDC9FED58
:10440800467BB4EEC70BF1EE10FA5ADC9FED447B05
:10441800B4EEC70BF1EE10FA53D4B5EEC00B0C4650
:10442800F1EE10FA5BD40023B6EE007B002C5ED0D0
:104438004FF0000C9FED3C6B0CF1010C27EE067B56
:104448005FFA8CF2A242F7D330EE070B0A22284615
:10445800FCEEC07BB8EE678B17EE901A30EE488BF7
:10446800FFF702FF0F2C4FF02E03B2EE046B064647
:1044780028BF0F248DF808300DF1090302AA611E28
:1044880053FA81F128EE060BFCEEC07BCDED017AE4
:104498009DF8043007EE903A3033B8EEE78B02F817
:1044A800013F914230EE488BECD12B68013402A9D0
:1044B80028465B68E2B29847304606B0BDEC028BEE
:1044C80070BD2B6803221A495B6806B0BDEC028BED
:1044D800BDE870401847036803221649F4E7B1EEB7
:1044E800400B0123A0E7036803221349ECE730EEF1
:1044F800070B0A222846FCEEC07B17EE901A06B07E
:10450800BDEC028BBDE87040FFF7AEBEAFF3008094
:10451800FFFFFFFFFFFFEF7F000000E0FFFFEF411D
:10452800000000E0FFFFEFC19A9999999999B93F66
:10453800F8040020F4040020F004002001F0FABE82
:1045480001F092BE816070472DE9F84F00278B4635
:1045580081469246394603F1FF38174C174E00F052
:104568006BF825680BE001F0E5FE002810DA01F091
:1045780085FF2368DBF808205B1B934215D2DBF824
:1045880000305B69B342EED0584698470028EEDB0E
:1045980008D0824506D00137C1B2484600F0B6F8C7
:1045A8004745DED94846BDE8F88F012348468BF8D1
:1045B8000C30BDE8F88F00BFFC250020FD26000068
:1045C80010B50446006802F02BF8204610BD00BF65
:1045D800F8B50446154632B9036803B11A700023CA
:1045E8002046A360F8BD43680E469A421CD9511C68
:1045F800006802F0D9FA074660B1A368C4E900056B
:104608000BB90370276831463846A56004F026F9CF
:104618002046F8BD206810B102F002F82760002398
:104628002046C4E90133F8BD07683146A56038461D
:1046380004F014F9ECE700BF38B500230446C0E9DC
:1046480000338360037341B10D46084604F098F9BE
:10465800024629462046FFF7BBFF204638BD00BF6B
:10466800884238B505460ED000680C4608B101F0FE
:10467800D7FFA0680023D4E90012A860C5E900129A
:10468800C4E90033A360284638BD00BF2DE9F843CC
:10469800044600680D4616468842A36809D8C21821
:1046A800914206D20F1A4FF0010936B92046BDE8EB
:1046B800F8834FF00009002EF8D003EB0608626873
:1046C80090450CD908F1010102F06EFA0028EDD0EE
:1046D800A368C4E9000813B903702068A368B9F196
:1046E800000F08D12946184404F0B8F82046C4F849
:1046F8000880BDE8F8833246C119184400F004FB6D
:104708002368002203F80820F0E700BF10B582B044
:104718000023044601228DF8041001A98DF8053004
:10472800FFF7B4FF204602B010BD00BF8A6808B585
:104738008368934201D0002008BD006850B1096821
:1047480029B103F021FFB0FA80F0400908BD3BB160
:104758000078F8E70A681AB113B110784042F2E716
:10476800012008BDC2B170B5B1FA81F60C467609D0
:1047780019B185689D4201D80E7070BDED1A02F11D
:10478800FF3C016820466545194428BF65462A460E
:1047980003F054FE665570BD704700BF006808B14D
:1047A80001F032BF704700BF006810B1002103F06C
:1047B8002BBB9FED010A704700000000A249A34BE4
:1047C80088422DE9F047A24C5E699A69D4F80C80BA
:1047D8001BD9A04B984240F20281C31A9E491B0A7A
:1047E800A1FB031340F22761DB0903EB830303EB0F
:1047F800830303F2E2438B4228BF0B46A3F54877B5
:10480800964BA3FB0737FF0804E0954FB8428CBFCF
:104818000E2706278D4908F01F09D1F88030B945C1
:1048280043F0C003C1F880300CD228F01F08A1F56E
:10483800F82148EA0708C1F80C800B68002BFCDA5D
:1048480008F01F0916F0007324D186490C698649BF
:10485800A14300F0EA8082F4805134464FF4805539
:1048680014F0605F04D026F060561E43774B5E61FB
:1048780011F4405F07D022F4405274492A438A61F8
:104888008B6C1A07FCD446F00076704A5661936C1C
:104898009B06FCD4754CA04200F2CE804FF0010C70
:1048A8000146634603FB011203F1010E0CF10105F9
:1048B800A24218D8BEF1080F4FF0010340F08D80D6
:1048C800BCF1040F00F291800A18A24200F2A48001
:1048D80005FB00F1AC4603F1010E03FB01120CF1DC
:1048E8000105A242E6D90CF1FF318C0286EA81214A
:1048F8005F4810445F4A90427FD9DFF8A4A16C2238
:104908005D48584DB0FBFEF0D5F800E0B0FBFCF078
:10491800DFF890C10EEA0C0CD44509D042F40052DD
:104928004FF4805CC5F800C02A602A68002AFCDAC7
:10493800464A156905F007059D4203D01361936C3B
:10494800DD03FCD411F4E05F09D026F4E05604F44A
:10495800E0543E4A26435661936C9907FCD4474974
:10496800474A014491423CD8464BC909A3FB01314F
:10497800090B4B1E1B0286EA030212F4407F06D085
:1049880026F4407603F44073304A334353612F4A88
:10499800536923F000735361936C9B06FCD43A4B24
:1049A8004F45A3FB00234FF0FF324FEA9343B0FB80
:1049B800F1F1B2FBF3F3354A1060354A1160354A1C
:1049C800136008D228F01F08214A48EA0707D76071
:1049D8001368002BFCDABDE8F087734662E71227FC
:1049E80018E74FF440730421C5E70CF1FF31204864
:1049F80007238C02104486EA8121274ADFF8A8A001
:104A0800A2FB0020020D2548362A38BF362202FBB9
:104A180000F042EA0A0A74E74FEA8C24002386EA87
:104A28008C214FF0010EAC4662E71D4686F0C0545B
:104A380011464FF0C05313E700244FF0010C024613
:104A480031462346E64653E700A4781F00C00F40CE
:104A5800000008400046C32323B24C001F85EB51D9
:104A680000366E0100800D4040300080FFB19F2667
:104A7800808D5B00FF7EF64D00643F4D7FD1F008CE
:104A88007F17B42C9F10E50083DE1B435C0F0020CA
:104A9800580F0020D4250020819F5E16001BB70008
:104AA8006C2000807F3001800020008000B97047B2
:104AB8002DE9F84F01218146214C224D224E54E820
:104AC800003F2A68306844E80013002BF7D11F49DB
:104AD8004B684FF47A7BDFF878A01B1A01270BFB91
:104AE80002F8DAF80020A3FB02325A4594BF90443A
:104AF800D84454E8003F2A68306844E80073002B23
:104B0800F7D14B68DAF800C01B1A0BFB02F2A3FBC3
:104B18000C3CBCF57A7F94BF624402F57A72A2EB32
:104B28000802B2F57A7F06D3B9F1010908F57A7857
:104B3800DFD1BDE8F88F01F0A1FC0449D9E700BF37
:104B480000260020FC250020F8250020001000E0A9
:104B5800D4250020272816D80201104B03EB00109B
:104B68009B5810B4C2685C68144205D061B95DF8FE
:104B7800044BC3F888207047836851B1084A5DF830
:104B8800044B1A60704770475DF8044BC3F88420E3
:104B98007047044A5DF8044B1A6070477809002092
:104BA80038F001003830010027280BD8064B0201E5
:104BB80003EB00109A58C36892681A4214BF012088
:104BC800002070470020704778090020272829D83E
:104BD800164B0201012903EB00109A5810B45368D0
:104BE800C4680ED004290CD023EA040353608368F8
:104BF800A9B1022917D003290CBF0D4A0D4A1A6022
:104C080007E0234301295360836808D040F638023F
:104C18001A60436815225DF8044B1A607047382201
:104C28001A60F6E77047044A1A60F2E7780900202C
:104C3800383001003800010038F0010070B50E4C22
:104C48004FF6FF7E0D4E04F11E05A6F58053002198
:104C580002E0B34281B204D21A88481C023372457A
:104C6800F7D124F8021FAC4206F58056EDD1044B6B
:104C780001221A7070BD00BFD625002000101F60E9
:104C88002C260020B0F5876F2CD2174B10B51B7857
:104C9800044623B3A008154B04F00301144CA3FBEE
:104CA8000023144ADB08C3EB031E9C46A0EB0E034B
:104CB80041EA8C01FF2034F813C01A444FEA4C0C27
:104CC80013030CEB023CBCEB023F07D91A880233F2
:104CD800D4B28C4208BF100A9C45F7D810BDFFF724
:104CE800ADFFD7E7FF2070472C26002089888888E9
:104CF800D8250020F001060008B5FDF759FAFDF7A0
:104D08007FFB01F0BBFBFAE7844641EA000313F09E
:104D180003036DD1403A41D351F8043B40F8043BBA
:104D280051F8043B40F8043B51F8043B40F8043B7D
:104D380051F8043B40F8043B51F8043B40F8043B6D
:104D480051F8043B40F8043B51F8043B40F8043B5D
:104D580051F8043B40F8043B51F8043B40F8043B4D
:104D680051F8043B40F8043B51F8043B40F8043B3D
:104D780051F8043B40F8043B51F8043B40F8043B2D
:104D880051F8043B40F8043B51F8043B40F8043B1D
:104D980051F8043B40F8043B403ABDD2303211D3BD
:104DA80051F8043B40F8043B51F8043B40F8043BFD
:104DB80051F8043B40F8043B51F8043B40F8043BED
:104DC800103AEDD20C3205D351F8043B40F8043BBD
:104DD800043AF9D2043208D0D2071CBF11F8013BBB
:104DE80000F8013B01D30B8803806046704700BF81
:104DF800082A13D38B078DD010F003038AD0C3F190
:104E08000403D21ADB071CBF11F8013B00F8013B71
:104E180080D331F8023B20F8023B7BE7043AD9D330
:104E2800013A11F8013B00F8013BF9D20B78037005
:104E38004B7843708B7883706046704701F0E8BB0D
:104E480001F1FF3C70B56646002400E00134B0FB78
:104E5800F2F502FB1503092B03F1370E03F13003BA
:104E68005FFA8EFE98BF5FFA83FE9042284606F8E6
:104E780001EFEBD2631C0022C818CA547CB1624609
:104E88001CF8015F10F8016DA1EB0C0302328CF8DD
:104E98000060013B521A057023449A42EFDB084632
:104EA80070BD00BF4FF0010C0CFA01FC01EB410191
:104EB80000EB411170B5B1F80EE01FFA8CF5254CE6
:104EC8001FFA8EFE24782E010EFB033306F0F0063F
:104ED800E340B0F888417345A4B228BF7346344311
:104EE800012AA0F888410DD0022A28D0C2B10CF0BE
:104EF8000F02B0F888C11FFA8CFC4CEA020CA0F82B
:104F080088C170BD9BB20CF00F022D02CB82B0F8A5
:104F1800803105F470659BB22B43A0F88031E8E737
:104F2800AEEB030E0CF00F021FFA8EFEA1F80AE09A
:104F3800B0F880319BB21343A0F88031D9E79BB217
:104F48000CF00F02CB83B0F880319BB21E43A0F85F
:104F58008061CEE78315002027284BD8F8B52A4D65
:104F6800044615F8202005EB8005012A2DD0022AD9
:104F78003FD16B78C3F3011003283ED0234A02EBDC
:104F8800803203F0030C224889B2634602EB4C1CC2
:104F98000678BCF806E05801BCF810301FFA8EFEFF
:104FA800CEF1011E1EFA83F303F1FF3E0EFB01F161
:104FB800F1408E4523D95B1AC3F101039BB289B234
:104FC8000244ACF8063011820DE06A78C2F301138E
:104FD800032B10D00F4800EB83308BB202F0030193
:104FE800AA78FFF75FFF0C4BEA7803EB04135B68C2
:104FF8001A60F8BD70470948EFE7094AC1E7991EEA
:105008004FF6FF73DBE700BF940C002000C01D4083
:105018008315002000C03D407809002000803E40F4
:1050280000801E4000230F2248F2B82C194610B504
:105038004FF470444FF4806EA0F88C414FF46044F4
:10504800A0F88E210A46A0F89031B0F888319BB2BA
:1050580043F0F003A0F8883101EB4103013100EB84
:10506800431304299C80A3F806E05A841A865A80C0
:105078005A81A3F80EC05A82DA825A83DA83EBD1B6
:10508800B0F888319BB243F00F03A0F88831B0F82C
:1050980088319BB243F47063A0F8883110BD00BF1B
:1050A800374B384A996F384841F47F0170B5996792
:1050B80041F20106D3F8801045F6C05543F22604A4
:1050C8000A43C3F88020FFF7ADFF00F58040FFF7E3
:1050D800A9FF00F58040FFF7A5FF00F58040FFF726
:1050E800A1FF0022A0F503104FF00F0E114600EBB0
:1050F80042134FEA421C01329981042A5981A3F8CC
:105108000EE09E82DD8020F80C1019829C81EED181
:1051180000221E484FF00F0E41F20106114645F6D7
:10512800C05543F2260400EB42134FEA421C0132F9
:105138009981042A5981A3F80EE09E82DD8020F827
:105148000C1019829C81EED1002211480F2641F2E1
:105158000105114645F6C05443F2260E00EB4213F2
:105168004FEA421C01329981042A5981DE819D82CD
:10517800DC8020F80C101982A3F80CE0EED170BD89
:1051880000C00F40000003FC00C03D4000001E406E
:1051980000401E40704700BF72B6EFF305834F4CC6
:1051A800C4F88430EFF308824FF0E0234C4E4D4DA5
:1051B800D3F8280DD3F82C1DC4E92201D3F8341DE7
:1051C800D3F8383DC4E924139369C4F89830D369F7
:1051D800C4F89C3000F0D0F884ED280A01F0FAF900
:1051E8000B214FF0FF32C4F8A4000B46C4F880101E
:1051F8003D49301D5A40202402F00103013C01FBC7
:1052080003F383EA5202F7D1A84202D07368064634
:10521800EFE7324BC3F8A820BFF34F8F4FF0E023DE
:105228002F49324AC3F8701FC3F8702FBFF34F8F4E
:10523800BFF36F8F2E4A02252E48D36E2E4943F4B2
:105248004053D3660560D3692C4823F07F0343F0AD
:105258004003D3610B6883423DD8264D00214FF0AF
:10526800E0234FF0FF3229600126C5F808112449D0
:10527800C5F80011C5F80861C3F88021C3F8842176
:10528800C3F88821C3F88C21C3F8902101E000F00D
:1052980065F9D5F80C31002BF9D00134C5F80C614B
:1052A8004F2CF4D9174B022017494FF00042C1F890
:1052B80040015A63D5F80C313BB9144814490D4ADA
:1052C8000163D2F80C31002BFAD04FF0E023114AD9
:1052D800C3F80C2DFEE7FFF771FABEE700FF2720A1
:1052E80080FF2720A8FF27202083B8EDA0FF2720D4
:1052F80000C00F40004008405C0F0020803DCD0BEF
:10530800009F240000900D4000002E4000800F40B8
:10531800F100AD0B0400FA050A490A6838B108B56E
:1053280013180948834204D810460B6008BD10467C
:10533800704703F01FF90C234FF0FF32036010464B
:1053480008BD00BF880F00200000282000207047FB
:105358004FF0FF30704700BF4FF4005300204B6000
:10536800704700BF012070474FF0FF30704700BF03
:1053780030BFFDE7FFF710BF124AD2F880305B0755
:10538800FBD5D2F880301048C3F30B230F4990EDBA
:10539800007A07EE903A91ED006AB8EE477A0C4A27
:1053A800F8EEE77A0B4BD2ED006A77EEC77A93ED09
:1053B800007AB8EE477A67EE867A87EEA60A37EE65
:1053C800400A704700810D40C4250020CC250020EC
:1053D800D0250020C8250020836BF0B41BB153688A
:1053E80043F40043536072B6446B3CB31A4B2260DB
:1053F800D3F8B0410C421DD1184E776804E07468A8
:10540800E41BB4F5166F0BD2D3F8404144F4804442
:10541800C3F84041D3F8B851D3F840416404EED5FD
:105428000D4007D10C4CC0E90225D4F8B0310B432C
:10543800C4F8B031426362B6F0BC7047064DC0E9AB
:105448000224D5F8B0310B43C5F8B031026342638A
:1054580062B6F0BC704700BF00002E40001000E0AC
:1054680070B5056B9DB106462A46002403E0126814
:105478000134012A0CD0536813F08003F7D032634B
:105488002CB12846B36B2D689847013CF9D170BD03
:10549800C6E90C33F4E700BF30B4D9B91F4C204B30
:1054A8000021204A01254FF0011099601D60C4E9D0
:1054B800023180245C60C2F8BC01D2F8B0311A48CD
:1054C8002B43C2F8B0310160D2F8B031002BFBD1C8
:1054D80030BC70470904154B104C012541F0800180
:1054E8009860104A596000F580511D60D96000F538
:1054F8000051A364196100F5405100F580405961DD
:1055080000219861E164D2F8B03143F48033C2F8E5
:10551800B031D2F8B031002BFBD1C0E70000002039
:10552800C01A002000002E400C250020E01A0020A0
:10553800084901220B7802FA00F023EA00000870FB
:1055480030B9054AD2F8483123F08003C2F848310F
:10555800704700BF2F26002000002E402DE9F04F95
:10556800974C83B0D4F84471FB07C4F8447153D501
:10557800D4F8AC21002A4AD0924EDFF860A2DFF8B6
:105588007492DFF874B2DFF87482C4F8AC21D6E9FB
:105598000A20D4F8403143F40053C4F84031D4F819
:1055A80040319D04F5D5D4F8403123F40053C4F8B4
:1055B80040314FF00113C4F8B431D4F8B45115F0A8
:1055C8000115FAD193B28446CAF80050B3F5086FB2
:1055D80000F0CF8100F2DB8040F202318B4200F014
:1055E800E78100F29A80822B00F0CB81B3F5817FAE
:1055F80040F08A8010F0780F83B200F003824FF0F9
:105608000113C4F8C031D4F8AC21002ABDD16C4ACA
:10561800D2F8BC31002B42D17E0616D5684BD3F8A0
:10562800AC21C3F8AC21D3F8BC21C3F8BC21D3F812
:10563800B041002CFBD14FF0FF32C3F8B421D3F8AE
:10564800843100F029FD604B1C60FC0103D55F4BE1
:105658001B6803B19847B80103D55D4B1B6803B1BC
:105668009847790708D5564BD3F8843113F400735B
:1056780047D0584B01221A70514BD3F848311A06BB
:105688000AD53B0608D5544A13782BB1013BDBB247
:105698001370002B00F0728203B0BDE8F08F4F4901
:1056A800C2F8BC310868034240F0D181464A146808
:1056B8001C40B1D05FEA144810D0424E4FF00109A7
:1056C80098FAA8F5B5FA85F506EBC51009FA05F5B7
:1056D8004030FFF7C5FE38EA0508F1D1A4B2002C26
:1056E8009AD0384E4FF0010894FAA4F5B5FA85F52A
:1056F80006EBC51008FA05F5FFF7B2FEAC43F3D187
:105708008AE7344A1370B7E7802B7FF478AF3448C0
:1057180002210580FFF7C0FE75E7B3F5A06F00F022
:105728000B81A3F5D063012B3FF669AF2D4B5D6864
:10573800002D3FF464AF1FFA8CFC4FEA124E04E0D0
:105748001D690C33002D3FF45AAF1A887245F7D102
:105758005A886245F4D14FEA1E22032A00F0A58137
:105768001A89000C824228BF0246BEF5007F40F02D
:10577800A181184B1C4918781C4B0192002818BFAE
:1057880019461B48FFF7C0FA194D019AE1E142F2A8
:1057980021218B427CD033D942F221318B4200F057
:1057A80081804FF6C0018B427FF429AF10F47F4F00
:1057B80083B27FF424AF43F46E4363F30F0CB5E771
:1057C80000002E4000000020102500201826002090
:1057D8001C26002035260020362600200C25002017
:1057E80084250020780D0020701D0060D41D006005
:1057F80000002020042500205DCFC6B8C0012E403F
:10580800B3F5106F66D042F221018B427FF4F7AEF8
:10581800030C072B7FF4F3AEB24BB349F560D960A4
:10582800B249B360C3F80890C1E9002001221A60A8
:10583800AF4A5A60AF4A1A61D4F8B01141F0010179
:10584800C4F8B01102F5805102F5005259619A610D
:10585800D4F8B031002BFBD1A74AF364936001233D
:10586800B264136048F2800353604FF00113C4F828
:10587800BC31D4F8B03143F48033C4F8B0314FF4BC
:105888008033CAF80030D4F8B031002BFBD1BAE627
:1058980080B238B9994BC2F307421968984B19601E
:1058A800984B1A70944B00229A60F2640122B364F8
:1058B8001A6080225A604FF00113C4F8BC31D4F842
:1058C800B03143F48033C4F8B031D4F8B031002B90
:1058D800FBD198E6C2F307428B4B1A708B4BC4F886
:1058E800C8318B4BC4F8CC318A4BC4F8D03100F0A6
:1058F800D5FB80222946884802F008FD874B802284
:10590800C6F8A0B0C6F8E0307B4BF5645A600122B7
:10591800B3649D601A604FF00113C4F8BC31D4F829
:10592800B03143F48033C4F8B031CAF80050D4F829
:10593800B031002BFBD166E66F4B0121F56419608D
:1059480080219D60B36459604FF00113C4F8BC31E5
:10595800D4F8B03143F48033C4F8B031D4F8B0315E
:10596800002BFBD1130C5B0643F08073C4F8543151
:1059780049E6654B01216A481B780370FFF78CFDE7
:1059880041E683B210F078007FF439AE03F07F026D
:1059980058F82210624A1080180600F19E80CB0742
:1059A80001D50123137002215D48FFF775FD2AE632
:1059B80010F0780F83B27FF422AE03F07F0213F069
:1059C800800F58F8223014BF43F4803343F00103AA
:1059D80048F822300022484BF2649A600122B364EE
:1059E8001A6080225A604FF00113C4F8BC31D4F811
:1059F800B03143F48033C4F8B031D4F8B031002B5F
:105A0800FBD100E603F07F0213F0800F58F8223034
:105A180014BF23F4803323F0010348F82230002216
:105A2800354BF2649A600122B3641A6080225A608E
:105A38004FF00113C4F8BC31D4F8B03143F48033CB
:105A4800C4F8B031D4F8B031002BFBD1DBE500202D
:105A5800086026490C88486842F221018C427FF48C
:105A680025AE80B200287FF421AE2E492E4C03C902
:105A7800A18086284FEA11412060A1717FF416AEFB
:105A880072B62A48017841F008010170D2F848112D
:105A98000D0605D480200143C2F84401C2F848111C
:105AA80062B6234A5021117000E6000C2A7882421F
:105AB80028BF0246BEF5E06F44D11E4B1E4D187834
:105AC8001E491F4B0192002818BF19462846FFF7A8
:105AD8001BF907236B70019A3BE0C9033FF561AFDF
:105AE80061E700BFE01A002004350020801C002078
:105AF8008000070004450020C01A0020FC25002073
:105B08001426002033260020342600200200CC0072
:105B1800C80002000200C800800000201993D57454
:105B280084250020042500200C2600202F26002094
:105B3800362600203526002000002020D41D0060D5
:105B4800701D00602946104D01922846FFF7DCF8C9
:105B5800019A25F01F031544BFF34F8F4FF0E02142
:105B6800C1F8703F20339D42FAD8BFF34F8FBFF37F
:105B78006F8F05481146FFF78FFC44E50320FFF7B8
:105B8800D7FC09F0B1F800BF000020202DE9F0474C
:105B98001F46831E022B01D9BDE8F087DFF84C9021
:105BA80015460C463C2209EBC01806464FEAC01AB7
:105BB800002108F10400240402F0A8FBB5FA85F2DC
:105BC8000123520944EA427449F80A40C8F8387077
:105BD800C8F80830002FDFD0034AB34011680B43E0
:105BE8001360BDE8F08700BF1025002000000020EA
:105BF8002DE9F0470D46811E022901D9BDE8F0873D
:105C0800C701DFF84C909246044640373C220021F9
:105C18001E4609EB07082D0408F1040002F076FB84
:105C2800BAFA8AF2520945EA427249F80720012273
:105C3800C8F83860C8F80820002EDFD0034B1034AD
:105C48001968A2400A431A60BDE8F08710250020B1
:105C58000000002012048160C36101F5405342F046
:105C6800800210B40124426001F50052046001F57D
:105C7800805401F58041C46081615DF8044BC0E93E
:105C880004237047831E0A46022B00D97047064B2F
:105C980000F110014FF0010C03EBC0100CFA01F1F8
:105CA8004030FFF799BB00BF00000020831E0A4662
:105CB800022B00D970470121024B814003EBC01031
:105CC800FFF78ABB0000002040687047124A134B58
:105CD800D2F8200220F07F40984210B584B002D25A
:105CE80000EB800040000E4C01A90A22FFF7A8F83B
:105CF80001A90023204611F8012B01333AB10A2BE0
:105D080020F8022FF7D11623237004B010BD5B00D2
:105D1800DBB2237004B010BD00441F408096980089
:105D28006C15002000F0CEBA00F0C0BA00F05CBBE1
:105D380000F032BB0846114600F022BBF8B5144CFF
:105D48004FF0E025134E4FF4003204EB4024124F7D
:105D580006EB40160346C5F88C2121463A883046A2
:105D6800FFF778FF3B882344BFF34F8FC5F85C4F9C
:105D78002034A342FAD8BFF34F8FBFF36F8F0320AD
:105D88003146FFF793FF4FF40033C5F80C31F8BDE7
:105D980080002020001B002020260020244B2DE915
:105DA800F0411C884368C569C3F30E43E41A002C0C
:105DB80024DD204920480A780078D3B21F4E824259
:105DC8001F4807D010F8038036F81870C7F500721E
:105DD800944218D90133002226F81540082B194E91
:105DE80088BF134626F8152098BFDAB2C554164B5B
:105DF8000A701A6814441C60BDE8F0812846BDE8A2
:105E0800F041FFF79BBF07EB482010492246274483
:105E1800084401EB4521FEF777FF0B4A284626F890
:105E2800187013682344BDE8F0411360FFF786BF7C
:105E3800202600202D2600202E2600209825002030
:105E4800B8250020A82500209425002080002020C7
:105E58001D4B1A78002A36D102F0FF031B4A12782C
:105E68008AB32DE9F0411A4D2A8852B3194EC2F56A
:105E78000068194F3278194C07EB421704EBC2241B
:105E8800424638462146FFF7E5FE04EB0802BFF319
:105E98004F8F4FF0E023C3F8704F2034A242FAD856
:105EA800BFF34F8FBFF36F8F04203946FFF7EAFE29
:105EB80033780133DBB2032B88BF00233370002310
:105EC8002B80BDE8F0817047322600203426002060
:105ED8002226002031260020001C002080102020CF
:105EE8002DE9F04F85B0CDE90110002900F0BF8001
:105EF8000023604CDFF89881DFF898A15E4F00938B
:105F080001235E4A23705E4B1978B8F8003002EB23
:105F18004119002B40F0A7801E461D469B46484667
:105F2800FFF7D2FE10F0800000F08C80BFF34F8F97
:105F38009AF8003084F800B005B93E68002B7DD18E
:105F48003B689B1B782B00F287804E4B1B78002BFD
:105F580074D000F093FA0122B8F800301546227088
:105F6800002BDCD0464AC3F5006011781A4600EBD6
:105F7800C120454DC9022844019D954217D203937B
:105F8800DDE901512A46FEF7BFFE039B4FF0404270
:105F98005B1BA8F800303D4BC3F88420BFF34F8F3C
:105FA800009800232844237005B0BDE8F08F364BD5
:105FB800CD180299FEF7A8FE00234FF40062294687
:105FC8004846FFF747FEBFF34F8F05F1200205F55E
:105FD8000063934234BF012340234FF0E02205EBD6
:105FE8004313C2F8705F2035AB42FAD1BFF34F8F2D
:105FF800BFF36F8F04204946FFF744FE204A137809
:106008000133DBB2032B84BF00231D4A1370B8F899
:106018000030019AD11A009A1A4401910092029A0A
:106028001A4400230292194AA8F80030C2F88430B2
:10603800BFF34F8F237000297FF462AF009805B03B
:10604800BDE8F08F4FF400620D4B8AF80000197814
:106058001346A8F800208AE7012300988AF8003040
:1060680005B0BDE8F08F1A46C3F500607FE70198D8
:10607800E5E700BF32260020FC250020001C002098
:1060880031260020342600208010202000002E40D9
:106098002226002030260020704700BF2A4B00210E
:1060A80080222A4870B51B780024294D8B42294E3E
:1060B8000CBF40234FF400732B80338002F026F985
:1060C800254A2146254B14704FF4807224481C80C1
:1060D80002F01CF9234A1021234B0220C2E9004494
:1060E800C2E90244214AC3E900441470204AC3E9C2
:1060F8000244204B1C70234614602246FFF778FDAB
:106108002246318803201C4BFFF740FD234601221D
:1061180029880420FFF76CFD20460134FFF70EFEA6
:10612800082CF9D1154B4A2215480021154C04605A
:10613800C3F88410C3F88020D3F8482142F0807255
:10614800C3F8482170BD00BF35260020001C002080
:106158002426002020260020312600202226002088
:10616800001B002098250020A82500202D260020AF
:10617800942500202E2600205D3F000000002E40C0
:1061880018260020114000002DE9F04F4FF0E023C1
:106198004FF40032DFF8C8A083B0C3F88C218B46D7
:1061A8009AF8004000294FD08046E4B20027DFF873
:1061B800B490264BABEB070225491B78A34204F1A8
:1061C80001043FD0092C234B404628BF00241E5D04
:1061D80039F816C00CEB462319441F4B33F81650F8
:1061E800A5EB0C05AA421CD20CEB462C18491B4CFB
:1061F80061440192FEF788FD216839F81650584627
:10620800019AA1EB0B012A44394429F81620216090
:106218004FF0E0234FF40032C3F80C2103B0BDE87F
:10622800F08F2A462F44FEF76FFD0C49E3B2304643
:106238000A68A844521B0A608AF80030FFF77EFDFE
:10624800BB45B6D83846E3E70846E1E72D260020E7
:1062580080002020B82500209825002094250020C3
:106268002E260020A82500200B4B0C4A12781978FE
:10627800D3B28A420DD0013309480A4A092B0A4988
:1062880028BF0023C35C31F8131002EB4323585C8A
:1062980070474FF0FF3070472D2600202E26002033
:1062A800B825002080002020A8250020044B10B528
:1062B8001C680CB1204610BD00F0E0F8204610BD67
:1062C800942500202DE9F84F144E154D33782A787F
:1062D800934221D0DCB2DFF85090DFF850B0DFF8FD
:1062E8005080104F0134082C5FFA84FA01D9002439
:1062F800A24619F80400DBF8003038F8102037F807
:106308001010521A9B1ACBF80030FFF717FD86F8C9
:1063180000A02B78A342E5D1BDE8F88F2E260020F7
:106328002D260020A8250020B8250020942500202F
:106338009825002000B583B001210DF10700FFF773
:1063480023FF20B19DF8070003B05DF804FB4FF070
:10635800FF30F9E7094B00B583B01B788DF80700CB
:106368003BB101210DF10700FFF7BAFD03B05DF85D
:1063780004FB03F0FF0003B05DF804FB34260020A3
:10638800044B1B7803F0FF020BB1FFF7A9BD1046C1
:10639800704700BF342600202DE9F0410024DFF8C3
:1063A800448001230D4D27460D4E88F80030337880
:1063B80028462035A34204F1010405D0FFF784FCE8
:1063C800030658BF07F50067042CF0D1BFF34F8FC1
:1063D8000023384688F80030BDE8F081001C002012
:1063E80031260020322600202DE9F8431D4B1B786A
:1063F80013B11D4D2A880AB9BDE8F8831B4EC2F5B2
:1064080000691B4933784A461A4C01EB43181A4F66
:1064180004EBC324012340463B7021460023FFF7C9
:1064280019FC04EB0902BFF34F8F4FF0E023C3F8C8
:10643800704F2034A242FAD8BFF34F8FBFF36F8F4B
:1064480004204146FFF71EFC33780133DBB2032BEF
:1064580088BF0023337000232B80BFF34F8F3B701E
:10646800BDE8F883342600202226002031260020AB
:10647800001C002080102020322600202DE9F8433F
:10648800324E337863B1324F3A784AB90122D9078C
:106498003A7044D49A0726D400225B073A7001D494
:1064A800BDE8F8832B4B1A68002AF9D0EFF3058270
:1064B800002AF5D1EFF3108572B6186800283BD092
:1064C800254C2178002937D10122227042691A60AF
:1064D800002A38D0916105B962B6002583684577EE
:1064E80098472570DCE7DFF87C8098F80020002AC0
:1064F800D2D00025DFF870902B4659F8234001359B
:10650800236820461B69984710B163699B689847C0
:1065180098F80020EBB29A42EFD83378BCE7FFF73F
:10652800C5FE68B90D4B1B780BB93378B2E73378E1
:1065380003F0FE033370ADE7002DB1D162B6AFE7CB
:1065480000F05AF8EEE7064B1A60C4E784150020FD
:106558002A260020C021002028260020441E006092
:10656800CC21002029260020D021002070B5EFF38F
:10657800108272B60C4C206880B10C4E002543691D
:10658800236073B19D6102B962B683684577984705
:10659800EFF3108272B620680028F0D102B962B613
:1065A80070BD3360EFE700BFC8210020C421002080
:1065B800FFF7DCBF0449054A4968054B19601368B1
:1065C80001331360704700BF001000E0FC25002075
:1065D800F8250020074A506A936A19468446506A8B
:1065E800936A9942F9D18445F7D1DB0B43EA4040DD
:1065F800704700BF00400D40704700BF0346084683
:10660800194601F089BF00BF0A22002101F0F0BC41
:10661800024B0146186800F00BB800BF181500209F
:10662800024B0146186802F0BDBA00BF18150020D9
:106638002DE9F04F01F10B06162E83B0044624D83D
:10664800102900F2BA8000F0A3FA102618220220BE
:10665800B54F3A44A2F1080153688B4200F0BA8062
:106668005A68D96822F003021A449D68E9608D606F
:10667800516841F001012046516003F1080500F01E
:106688008DFA284603B0BDE8F08F36F0070600F112
:106698009480B14200F2918000F07AFAB6F5FC7F5E
:1066A800C0F09A81730A00F08F80042B00F26F818A
:1066B800B30903F1390003F1380CC3009A4F3B4486
:1066C800A3F108055B689D4206D10CE0002980F221
:1066D8002781DB689D4206D05A6822F00302911B8D
:1066E8000F29F3DD60463D69DFF850C265457CD06F
:1066F8006A6822F00302931B0F2B00F37B81002BA7
:10670800C7E904CC80F26C81B2F5007F80F01A8171
:10671800D308796801334FEA521E012202FA0EF2B9
:106728000A4357F833E0C5F808E007EBC301083916
:10673800E9607A6047F83350CEF80C508310012195
:106748009940914257D8114206D120F003004900E0
:10675800114200F10400FAD007EBC0094D46864605
:10676800D5F80C80454508D11DE1002B80F2248125
:10677800D8F80C80454500F01681D8F8042022F09E
:106788000302931B0F2BF0DD2046D8E9025408EBD7
:10679800060146F00106C8F80460EC60A56043F005
:1067A8000104C7E90411C1E902CC4C6048F8023081
:1067B80000F0F4F908F1080502E00C232360002535
:1067C800284603B0BDE8F08F4FF4007340204FF027
:1067D8003F0C73E7D3689A4208BF02307FF440AF9A
:1067E8003D69DFF858C1654582D17A688310012177
:1067F80099409142A7D9BD686B6823F003094E45BB
:1068080003D8A9EB06030F2B7ADCDFF834B1474B2A
:10681800DBF800201B680132334405EB090A00F05D
:10682800338103F580530F3323F47F6828F00F0872
:106838004146204601F076FE411C024600F0F380F6
:10684800824500F2EE803A4B1968414419600846C7
:1068580000F04E81DBF80010019301311BBFA2EB61
:106868000A010918CBF80020196012F0070B00F094
:106878001781CBF108010A44CBF5805190440831C7
:10688800A1EB0801C1F30B0A51462046009201F022
:1068980049FE421CDDE9002300F04F81801A00EB1D
:1068A8000A081968BA6048F001005144BD425060B6
:1068B800196000F02981B9F10F0F40F2278168684B
:1068C800A9F10C0C2CF0070C00F0010040EA0C00B8
:1068D80068604FF0050E05EB0C00BCF10F0FC0E926
:1068E80001EE00F2328150681546124B1A688A424E
:1068F80038BF1960104B1A688A4238BF196094E093
:10690800AA1943F0010346F001066E602046BA60FA
:10691800536000F043F90835284603B0BDE8F08F0E
:10692800D9681A44A1E600BFFC100020BC2300204F
:106938008C230020B4230020B82300200411002059
:1069480004150020B2F5206F4FEA522363D3142BAD
:1069580000F2B78003F15C01C9005B3307EB010E5D
:106968007958AEF1080E8E4500F091804B6823F0FF
:106978000303934202D989688E45F7D1D1F80CE018
:106988007A68C5E9021ECEF80850CD60D6E6142B09
:1069980059D9542B00F29D80330B03F16F0003F19A
:1069A8006E0CC3008AE60EF1010E1EF0030F05F10E
:1069B80008057FF4D5AE51E0424445465368D8F8FF
:1069C8000C1043F00103536055F8083F2046D96086
:1069D8008B6000F0E3F8F3E6F00806F1080237E60A
:1069E8002A442046536843F001035360083500F0F9
:1069F800D5F8E5E6A919204646F0010643F001045A
:106A08006E60C7E90411C1E902CC4C60AB5000F0DC
:106A1800C5F80835D4E6930903F13901C9003833BC
:106A28009CE7BD425FD0BD68686820F00308464512
:106A3800A8EB060302D80F2B3FF762AF204600F001
:106A4800ADF80025BCE603F15C0003F15B0CC30064
:106A580034E659F808394B4540F0968010F0030F9A
:106A680000F1FF30F5D17B6823EA01037B60490020
:106A780099423FF6C0AE19B9BDE649000EF1040EC1
:106A88001942FAD0704667E603F11008D0E69A106A
:106A98004FF001087B6808FA02F21A437A6070E73F
:106AA80002EB08014942C1F30B0A51462046009205
:106AB80001F038FD431CDDE900237FF4EFAEDA4630
:106AC800EFE6542B25D8130B03F16F01C9006E3381
:106AD80044E7B3F5AA7F25D8F30B03F1780003F157
:106AE800770CC300EAE5294B186840441860B1E602
:106AF800CAF30B0CBCF1000F7FF4ACAEBD68C84400
:106B080048F001006860F0E61546EEE601235360A0
:106B180094E7B3F5AA7F23D8D30B03F17801C90012
:106B280077331BE740F25452934223D8B30C03F156
:106B38007D0003F17C0CC300C0E5ABF1080BD84421
:106B4800A8EB02084FF0000AABE605F10801204661
:106B5800009302F027F8BD68009B68681968C4E6CE
:106B680040F254518B420BD8930C03F17D01C900BC
:106B78007C33F3E64FF47E737F204FF07E0C9DE567
:106B88004FF47E717E23E9E67B6870E78C23002052
:106B9800014801F0E9BE00BF84230020014801F04C
:106BA800E5BE00BF8423002010B4044C03460A4607
:106BB80020685DF8044B194600F002B8181500204B
:106BC8002DE9F84F1746002900F098800C4607F188
:106BD8000B058046FFF7DCFF162D54F8041C5BD824
:106BE80010252A46AF425CD821F003069642A4F14C
:106BF800080962DABC4BD3F808C009EB06008445E3
:106C080000F09780D0F804C02CF0010303445B68BF
:106C1800DB0768D42CF0030C06EB0C03934247DA2D
:106C2800CB0710D454F8083CA9EB030ADAF804306F
:106C380023F003018C44B444944580F21181731805
:106C4800934280F2E88039464046FFF7F1FC074658
:106C5800E0B154F8043C23F001034B44A0F10802CE
:106C6800934200F0D280321F242A00F2F580132AC2
:106C780000F2AC80034622461168196051685960D9
:106C880092689A602146404601F08CFF4046FFF723
:106C980085FF3846BDE8F88F25F00705002D2A4600
:106CA800A0DA0C23C8F8003000273846BDE8F88F72
:106CB8001E46D0E90223D3609A60731B0F2B22D89B
:106CC800D9F8043003F0010333434E44C9F80430C3
:106CD800736843F00103736040462746FFF75EFF81
:106CE8003846BDE8F88FC907ADD454F8083CA9EB7D
:106CF800030ADAF8041021F00301A0E7BDE8F84F11
:106D08001146FFF795BCD9F8042009EB050102F0FC
:106D180001024E4443F001032A43C9F804204B60A2
:106D2800736843F0010308317360404601F03AFF8D
:106D3800D2E7DCF8040020F0030B06EB0B0C05F19E
:106D4800100084454DDAC9073FF57DAF54F8081C9B
:106D5800A9EB010ADAF8041021F003018B44B344CB
:106D680058453FF76CAF5746DAF80C1057F8080F3C
:106D7800321F242AC160886000F2DB80132A40F2A7
:106D8800D6802168CAF808106168CAF80C101B2A56
:106D980000F2DF8008340AF110022168116061688E
:106DA8005160A16891600AEB0501ABEB050242F066
:106DB800010299604A60DAF8043003F001032B43BA
:106DC8004046CAF80430FFF7E9FE6EE7236803601F
:106DD800636843601B2A68D804F1080200F10803BD
:106DE8004AE709EB05029A60ACEB050343F001039F
:106DF800536054F8043C03F001032B43404644F825
:106E0800043CFFF7CBFE27464FE750F8043C23F03D
:106E180003031E4451E75746DAF80C1057F8080FD9
:106E2800321F242AC16088604CD8132A48D92168A7
:106E3800CAF808106168CAF80C101B2A56D808341A
:106E48000AF110021E462368136063685360A36842
:106E58009360D1463C4630E7214601F0DBF911E763
:106E6800D0E902135746CB60996057F8081FDAF843
:106E78000C30CB60321F242A99602DD8132A29D9C7
:106E88002368CAF808306368CAF80C301B2A42D84D
:106E980008340AF1100322681A6062685A60A2680E
:106EA8009A606646D1463C4607E7A3688360E36874
:106EB800C360242A26D004F1100200F11003DBE697
:106EC8003A46BFE7214638461E46D14601F0A2F9A8
:106ED8003C46F2E63B46DEE7214638466646D14662
:106EE80001F098F93C46E8E6FC100020A168CAF8D1
:106EF8001010E168CAF81410242A20D010340AF1BE
:106F080018029FE7236903616169416104F118026E
:106F180000F11803B0E6A368CAF81030E368CAF8AD
:106F28001430242A21D010340AF11803B3E73A4662
:106F380033E72146384601F06DF9164B33E72269ED
:106F4800CAF818206269CAF81C2018340AF120020D
:106F580078E7A168CAF81010E168CAF81410242A62
:106F68000DD010340AF1180217E72369CAF818304F
:106F78006369CAF81C3018340AF120038BE72269C8
:106F8800CAF818206269CAF81C2018340AF12002CD
:106F980003E700BFFC1000202DE9F04F2DED108B0A
:106FA80097B08A4600210792129100220021CDE96C
:106FB80004128046514611910F4611F8012B2D2AD3
:106FC8005ED801A050F822F0295300004152000079
:106FD800415200004152000041520000415200005D
:106FE8004152000041520000415200007751000018
:106FF8007751000077510000775100007751000069
:10700800415200004152000041520000415200002C
:10701800415200004152000041520000415200001C
:10702800415200004152000041520000415200000C
:1070380041520000415200004152000041520000FC
:1070480041520000415200007751000041520000B7
:1070580041520000415200004152000041520000DC
:1070680041520000415200004152000041520000CC
:107078004152000063590000415200004F5900007E
:1070880000210991302A7DD0002308932F2A144625
:1070980040F2CD844FF0000938464E464D4612E086
:1070A8000130082D1190C8BF09EB89090478C6BFC3
:1070B80002EB4902A2F13009A3F130062F2C05F1A9
:1070C800010522466FDD06EB8603392C02EB4303EC
:1070D800E6DD9F49012201F06BF9002837D1119BA9
:1070E8001A46013311935478002D40F04385302C13
:1070F80040F02485C3F101029818013311931C78DC
:10710800302CF9D0A4F13103082B00F20183119F30
:10711800431CA4F1300B0B930125BC464FF0000E25
:1071280006EB86060BEB460600200CF101031193D3
:107138009CF80140A4F13001092900F2BB8201301A
:107148008B46002940F04F84DDF844C0EDE700206D
:10715800652CAE460B90844601D0452C30D1002DCD
:107168006BD1089B034367D1079B9FED778B13B1C6
:10717800079BC3F800A0B0EE480B17B0BDEC108B0E
:10718800BDE8F08F7A7802F0DF02582A00F00C840C
:10719800013711973A78302AFAD0002A00F0B780E0
:1071A8000123089372E76A49012201F001F90028D6
:1071B80000F0C080AE464FF0000CCDF82CC0604601
:1071C8004FF0000B002D7ED007EE906A0B9BB8EEB7
:1071D800677BABEB0303BEF1000F08BFAE46102D73
:1071E8000A932B46A8BF1023092D8DED047B0CDDD7
:1071F800584A02EBC30212ED125B06EE909AB8EE03
:10720800666BA7EE056B8DED046B0F2D00F3A88060
:107218000A9A002A00F0E4830A9A40F33C83162A6B
:1072280040F398840A99C5F125028A4280F2A6841F
:107238000A9AEB1A134499E00025DDF844A00AF1F4
:10724800010311939AF801402B2C00F05E822D2C3B
:1072580000F0F78100230A93A4F13003092B00F210
:10726800EB81302C05D1119B013311931C78302C04
:10727800FAD0A4F13103082BA2D8119A0C92531C0E
:107288001193A4F1300B54782F2C07DCDEE3013383
:1072980011934C782F2CA2F1300B06DD0BEB8B02EF
:1072A800392C194604EB4202F1DD0C9A9B1A082B83
:1072B80040F3CC8344F61F6B0A9B002B82D0CBF1A2
:1072C800000B002D80D1089B034320D1BCF1000F97
:1072D8007FF44AAF692C00F0CF8300F3F382492C86
:1072E80000F0CA834E2C7FF43FAF1B4911A802F06F
:1072F8007BF800283FF438AF119B1B78282B00F04F
:10730800F284164801F0F0FBB0EE408B01E09FEDEF
:107318000E8B079A0AB1119B1360099B002B3FF44F
:107328002AAFB1EE488BB0EE480B17B0BDEC108B0E
:10733800BDE8F08F119B0B905A1C11925C78AE46F9
:10734800F8E600BFAFF30080000000000000000076
:1073580008090020A802002018090020A403002022
:107368000A9AEB1A1344002B40F3B08213F00F0172
:107378000AD0C34A02EBC1029DED046B92ED007B7B
:1073880027EE067B8DED047B33F00F0240F0388248
:107398000023089300962B4672463946404603F070
:1073A80053FF8146002800F0E1820B9BA3EB0B0BF7
:1073B8000A9B9FEDA9EB002B9FEDA9CB9FEDAADBC4
:1073C8009FEDABBBB4BF5A4600224FF0000A23EA38
:1073D800E3730B920C935446D9F80410404603F01B
:1073E800B1FE0646002800F00E81D9F810209DED68
:1073F800048B0232920009F10C010C30FDF784FC79
:10740800B0EE480B14AA13A9404604F0D9FA12901A
:10741800002800F0E4800121404603F0BDFF044647
:10742800002800F0F080139A002AC0F2DE800B9B3F
:107438000C9F02EB030B089B149DD21A2A44914B14
:10744800013A9A42C5F1360580F29880991A1F29A7
:10745800A5EB010500F3E380012202FA01F30D9385
:1074680000230E932F44089B5D44AB455A461F44A6
:10747800A8BF2A46BA42A8BF3A46002A03DDAD1A79
:10748800BF1AABEB020B0B9B002B00F38880002D7F
:1074980000F39C800A9B002B00F3B780002F00F3B9
:1074A800A980BBF1000F08DD21465A46404604F08A
:1074B800AFF80446002800F0A680129932464046EC
:1074C80004F040F98246002800F09D800023C5683A
:1074D800C360214604F014F90028C0F2C78300F005
:1074E80061832146504604F0D5FAB0EE007BB4EE35
:1074F800C70BF1EE10FA46D8002D00F0CB80B7EE9E
:10750800009B0598604B00226049DFF884C100EABF
:107518000107674500F0D480089959B1B7F1D46FD5
:1075280008D8B4EECB9BF1EE10FA40F2568103F185
:10753800D661CB1BB0EE480B43EC1A2B04F0ACF928
:10754800AAEE008B8DED048B18EE903A089A22B9BA
:107558004E4A1A40974200F0E4801299404603F0E0
:1075680017FE3146404603F013FE2146404603F01D
:107578000FFE5146404603F00BFE2DE70123002184
:10758800CDE90D316EE7B6EE009B20EE099B002D8C
:107598005FD1B1EE497B059853EC172BB4E7214630
:1075A8001A46404603F0D4FF044660B30146129AD7
:1075B800404603F01FFF30B30F901299404603F086
:1075C800E7FD0F9A1292002D7FF764AF12992A46B1
:1075D800404604F01DF8129000287FF45BAF222388
:1075E8009FED258BC8F80030BCE00C9BDDF82CB073
:1075F8009F1A20E731463A46404604F009F8064605
:1076080000287FF44EAF1298E9E731460C9A4046BD
:1076180003F09EFF064600287FF440AFF3E7C2F16F
:107628007F4202F57F0202F57B420121E23201FA34
:1076380002F3CDE90D1315E7CDF844A04FF0000B88
:10764800C0E501230A930AF1020311939AF8024054
:1076580002E6B0EE497B9EE79535A094FFFFCF3F49
:107668009535A094FFFFDF3F35E5AF350000E03FDB
:107678000000C0FFFFFFDF41000000000000F07FB6
:10768800A802002002FCFFFF0000F03F0000F07F8E
:107698000000E07FDDE90412002900F08580DDE9C3
:1076A8000412012900F0D8811046B74BB7EE009BB1
:1076B800002229E7652C4FF0010C3FF4BEAD4CE5E4
:1076C80043EC1A2BA0F1547305939DED04FBB0EE27
:1076D8004F0B04F0E1F8AD49AAEE00FB1FEE903A1B
:1076E800AB4A194091428DED04FB72D9A94B18EEB3
:1076F800902A9A4203D118EE103A013383D0A54A52
:107708004FF0FF33CDE9043227E700230A939AE7C5
:10771800652C00F0D080452C00F0CD804FF0010C96
:10772800D1E551EC190B0D9307F0A6FA07F076FA9C
:10773800049B1D430D9B41EC170BC3F313031D431F
:1077480039EE479B00F0A080B4EECC9BF1EE10FA26
:1077580005D4B4EECD9BF1EE10FA7FF7FEAE9DEDA9
:10776800048B12980146404603F012FD314640460C
:1077780003F00EFD2146404603F00AFD4946404607
:1077880003F006FD5146404603F002FDC1E5012223
:107798000992791C11917A78002A3FF4E5AC0F46DA
:1077A80070E400220992F4E7C2F313031046002B99
:1077B8007FF47BAFB7EE007BB4EEC70BF1EE10FAA7
:1077C80000F1D381B6EE009B20EE099BB1EE497B18
:1077D800E2E603F154730593B8E6BCEEC99B19EED3
:1077E800103A012B38BF012309EE103AB8EE499B35
:1077F800002D40F03E81B1EE497B53EC172B96E605
:10780800B2F59A7F00F3B280102A4FEA221340F3B0
:107818008682614C9DED047B00202246014613F0D0
:10782800010F01F101014FEA630304D092ED006BEF
:10783800012027EE067B012B02F10802EFD108B1E7
:107848008DED047B059BA3F15473059304EBC104F0
:107858009DED046B94ED007B4C4B27EE067B17EEF9
:10786800902A4E4913408B428DED047B7ED8A1F5BA
:1078780080118B4240F2D681464C4FF0FF33CDE960
:1078880004340023089385E5B4EECE9BF1EE10FA9C
:107898007FF563AE63E71632FFF662AD0B9BA3EB91
:1078A8000B0B3F4B03EBCB0393ED007B9DED046B80
:1078B80086EE078B2DE54FF0000ECDF82CE04FF04B
:1078C800010C4EE46E2C3FF410AD4DE43FF460AD76
:1078D8005B4213F00F010AD0314A02EBC1029DED61
:1078E800046B92ED007B86EE077B8DED047B1B110C
:1078F8003FF44EAD1F2B33DC13F0100218BF6A2281
:107908009DED047B0892274A0021D80704D592ED03
:10791800006B012127EE067B5B1002F10802F4D10F
:1079280009B18DED047B089B93B1DDE90401C1F336
:107938000A52C2F16B03002B0ADD1F2B40F32F8282
:107948000020342B049040F340824FF05C73059381
:107958009DED047BB5EE407BF1EE10FA7FF41AAD95
:1079680022239FED058BC8F80030D2E422239FED37
:10797800048BC8F80030CCE40000000000000000D0
:10798800000000000000F07F0000F0BF0000F07F62
:10799800FFFF9F7CFFFFEF7F800200200000A07C9C
:1079A800A8020020700300200293099B019312ABE8
:1079B8000093A74A13AB11A9404601F04BFA10F007
:1079C8000F0504463FF4A3AC062D74D1079B9FED29
:1079D8009A8B0137002B3FF4CEAB1F60FFF7CBBB70
:1079E8009DED048B95E40B9BDDF844C003440B9399
:1079F800012805F101031A4614D02844441E03E067
:107A080046009C420DD001332A46082A1D4606EB43
:107A18008600F5D9102BDCBF09EB89094FEA490923
:107A2800EFE70232082D3CDC1546FFF779BB8949A0
:107A38000122384600F0BCFC002800F082804FF09C
:107A4800000EF14676467546FFF7B5BB44F61F6350
:107A58009B45A8BF9B462FE4DDE904231846002B6D
:107A68007FF423AE22239FED748B1298C8F8003060
:107A780078E6B0EE497BC0E6774911A801F0B4FC7E
:107A880000283FF471AB119B7449013B11A8119375
:107A980001F0AAFC10B9119B013311939FED688B7B
:107AA80037E4102ADCBF09EB890901EB49091546BF
:107AB8000020FFF73ABB129A3AB1352114A804F016
:107AC8001BF81299404603F063FB013D139B042DFC
:107AD80000F28F81DFE805F0032D2A1F0300149AB6
:107AE800049203F23342159B23F4801343EA0253B2
:107AF8000593E50502D543F000430593584A1A401B
:107B08009DED048B002A7FF404AC00F033FD2223A2
:107B18000360FFF7FEBB4FF0FF336FF00046CDE97F
:107B28000436E3057FF55CAF059BE4E74C4B059312
:107B3800F7E7149B0493159B0593DAE70020FFF7FA
:107B4800E1BA119B1A4601331193547806468146CF
:107B5800FFF7CDBA434B03EBC20393ED008B9DEDCA
:107B6800047B28EE078BFFF7D4BBBEEE007BB6EE96
:107B7800009B11E5AE460B90FFF7DCBA394BC5F117
:107B88000F054A1B03EBC50503EBC20395ED008BFC
:107B980093ED007B9DED046B28EE068B28EE078B9A
:107BA800FFF7B7BB002D00F09580DDE904BC2E4B34
:107BB800CCF313019942624600F0D2800E9B002B51
:107BC80000F0A580DDE90412134217461AD0B0EE82
:107BD800480B002D00F0A68003F05EFE089B7BB1E9
:107BE800C7F30A53C3F16B03002B09DD1B0503F12F
:107BF8007F51002001F5401141EC170B20EE070BD7
:107C080038EE008B089B5BB19FED0F7B144B28EE81
:107C1800078B18EE902A134013B92223C8F80030B6
:107C280012989FE502F15473059300230893FFF718
:107C3800B1BB00BFAFF300800000000000000000EF
:107C4800000000000000F07F000000000000503934
:107C5800F80B0020080900200C090020100900205A
:107C68000000F07FA8020020FFFF0F00DDE90412EA
:107C78000D43C7D1C2F313031746002BC2D122F01C
:107C880000431B0D1B05B3F1D66FBBD9DAF81430CE
:107C98001BB9DAF81030012BB4DD514601224046F9
:107CA80003F0B6FC2146824603F02AFD0028A9DD30
:107CB800089B002B7ED1504B3B40A3F580136FEA05
:107CC80013536FEA035305934FF0FF3304939DED6D
:107CD800048B97E7DDE90412C2F313030B4317463D
:107CE8007FF46CAFE4E7454911A814AA01F098FBAA
:107CF80005287FF406AB159B43F0FF4343F4E003EC
:107D08000593149B04939DED048BFFF702BBDDE9FB
:107D180004010D9B03423FF475AF0F4657E7384CFB
:107D280000218FE503F0B8FD089B002B55D0C7F361
:107D38000A53C3F16B03002B09DD1B0503F17F51C7
:107D480001F54011284641EC170B20EE070B38EEE1
:107D5800408BB5EE408BF1EE10FA7FF455AF81E61B
:107D6800089B04991BB3244B1340B3F1D46F1ED85E
:107D78001B0DC3F16B034FF0FF3000FA03F3994278
:107D88007FF41CAF1F4B9A4230D01B4B134003F5B6
:107D980080130593002304939DED048B32E74FF085
:107DA800FF3202FA03F3049A1A400492D0E54FF026
:107DB800FF33E4E7104B3B40B3F1D66F3FF77DAF9D
:107DC800B3F15C7F3FF720AF4CE6C2F14B024FF0B6
:107DD800FF3393400B400593BAE538EE408BB5EE80
:107DE800408BF1EE10FA7FF41BAF3BE60131CCD1AA
:107DF80009E400237DE600BF0000F07F0C0C0020A2
:107E080080020020FFFFEF7F10B5234C234B8446F0
:107E18000A4620686146FFF7BFF8B4EE400BF1EE62
:107E280010FA27D6F7EEC07B9FED1D7AF0EEE76AD1
:107E3800F4EE476AF1EE10FA0EDDB0EEC05B9FED8E
:107E4800146BB4EE465BF1EE10FA05DC23682222CF
:107E58001A60B0EE670A10BD17EE903A13F0FF4FA4
:107E6800F7D1104B10EE902A1340002BEED1B0EE54
:107E7800670A10BD10EE903A002B0B4804DA00F0A8
:107E88003BFEF1EE407AE4E7BDE8104000F034BE76
:107E9800FFFFFFFFFFFFEF7F18150020900F002066
:107EA800FFFF7F7F0000F07FA4030020012B2DE956
:107EB800F84F40D0242B98463DD84C4D8E467646F8
:107EC8001EF801BB15F80B4014F00804F7D1BBF1FC
:107ED8002D0F72D0BBF12B0F08BF9EF800B06FF0CA
:107EE800004908BF06F1020E002B42D0102B57D0D4
:107EF800B9FBF8F700252E4608FB179A05E033D0A2
:107F080008FB06C601251EF801BBABF1300CBCF11D
:107F1800090F06D9ABF1410CBCF1190F12D8ABF11E
:107F2800370C634517DDB5F1FF3FECD0B742E6D219
:107F38004FF0FF35E7E700F01DFB16230360002034
:107F4800BDE8F88FABF1610CBCF1190F03D8ABF1A8
:107F5800570C6345E7DC6B1C27D08CB90AB1A5BB6D
:107F680011603046BDE8F88FE245C9DA4FF0FF35B9
:107F7800C9E7BBF1300F05D04FF00A084346B7E711
:107F88007642EBE79EF8003003F0DF03582B21D14F
:107F98004FF010089EF801B043460EF1020EA7E715
:107FA800BBF1300F1AD09846A2E72223036072B1C2
:107FB8000EF1FF314E461160D3E79EF800B04FF046
:107FC800004906F1020E01248EE7B146F0E74E465D
:107FD8003046C7E74FF00808434689E79EF8005047
:107FE80005F0DF05582DD3D0984681E7910700208A
:107FF80010B4054C8446134620685DF8044B0A46C5
:108008006146FFF753BF00BF181500200EB410B526
:108018009DB06FF000411FABCDE9060104910949FD
:1080280053F8042B0290084C0868019302A90594A0
:1080380001F0E6FA029B00221A701DB0BDE810405C
:1080480003B07047181500200802FFFF024A0349D1
:10805800034800F0BBB800BF0C150020799D000054
:10806800200E00200C4B4168994210B5044601D0FF
:1080780003F0A2FDA168094B994202D0204603F003
:108088009BFDE168064B994204D02046BDE81040AC
:1080980003F092BD10BD00BFC0230020282400209B
:1080A800902400202DE9F8432A4C2B4B2B48DFF86D
:1080B800C090DFF8C0802A4F1860002504230822EA
:1080C800294604F15C00274E6566C4E90253C4E9F9
:1080D8000055C4E90455A56100F018F9224B6367FF
:1080E8000822294604F1C400C4E90749C4E90987FC
:1080F800C4E91A55C4E91E55C4F8CC502567C4F81C
:108108008050E66200F002F9184BC4F8DC302946CA
:1081180004F16803082204F59670C4F88430C4E9B1
:108128002298C4E92476C4E93455C4E93855C4F81A
:108138003451C4F8D850C4F8E85000F0E7F804F116
:10814800D003C4E93C98C4E93E76C4F8EC30BDE8F5
:10815800F88300BFC0230020F82400200D6200002F
:1081680029A0000049A00000090001001200020037
:10817800C59F0000E99F000010B504460A4800F0BA
:10818800F3FB636B23B9094B094A1B68626323B18C
:10819800BDE81040044800F0E9BBFFF783FFBDE8E5
:1081A8001040014800F0E2BB88230020F82400209A
:1081B80025620000014800F0D7BB00BF88230020DB
:1081C800014800F0D3BB00BF882300202DE9F84305
:1081D80080460F4616464FF00009D6E90154013D86
:1081E80011D4A389012B05F1FF3508D9B4F90E3054
:1081F8000133214603D04046B84749EA00096B1CC1
:1082080004F16804EDD13668002EE6D14846BDE891
:10821800F88300BF88420DD98B1883420AD900EB36
:10822800020CBAB1624613F801CD02F801CD9942A9
:10823800F9D170470F2A0ED8034602F1FF3C4AB124
:108248000CF1010C013B8C4411F8012B03F8012FB0
:108258006145F9D1704740EA01039B0750D1A2F16B
:10826800100370B501F1200C23F00F0501F1100E79
:1082780000F11004AC441B095EF8105C44F8105C73
:108288005EF80C5C44F80C5C5EF8085C44F8085C2A
:108298005EF8045C44F8045C0EF1100EE64504F147
:1082A8001004E9D1013312F00C0F01EB031102F0B5
:1082B8000F0400EB031327D0043C24F003064FEA15
:1082C800940C1E441C1F8E465EF8045B44F8045F41
:1082D800B442F9D10CF1010402F0030203EB840368
:1082E80001EB840102F1FF3C4AB10CF1010C013BA6
:1082F8008C4411F8012B03F8012F6145F9D170BDA9
:1083080002F1FF3C03469BE72246EBE7830730B5C3
:1083180048D0541E002A3FD0CAB2034601E0013CAF
:108328003AD303F8012B9D07F9D1032C2DD9CDB2EF
:1083380045EA05250F2C45EA054536D9A4F1100272
:1083480022F00F0C03F1200EE6444FEA121C03F151
:10835800100242E9045542E9025510327245F8D13B
:108368000CF1010214F00C0F03EB021204F00F0CD5
:1083780013D0ACF1040323F003030433134442F88D
:10838800045B9342FBD10CF003042CB1C9B21C442A
:1083980003F8011B9C42FBD130BD64461346002CF8
:1083A800F4D1F9E703461446BFE71A46A446E0E7C6
:1083B800002A3ED040EA01039B0730B584462FD1FE
:1083C800032A2DD90B4608E0043A8446194625D0DD
:1083D8001EF0803F22D1032A22D90468194653F897
:1083E800045BA4F1013EAC4284462EEA040E00F17F
:1083F8000400E9D09CF800000C78A0421BD1E646A6
:1084080068B11EF8010F11F8014FA2EB0E03A0424C
:1084180003F1FF330FD11CEB0303F1D1002030BD72
:108428009CF800000C78844205D1012AF6D0E64673
:10843800E6E710467047001B30BD00BF40EA010365
:108448009B0730B501D1032A0FD8844601F1FF3EBE
:1084580007E01EF8011F03F8011B541EC1B19C461A
:1084680022466346002AF4D130BD0B46844619469D
:1084780053F8045BA5F1013424EA050414F0803FA5
:10848800E4D1043A032A4CF8045B1946EFD8DDE737
:108498009444002CE8D003F8011B6345FBD130BDA0
:1084A800F0B4074610B33E468C4616F8010B01E0BF
:1084B800A04216D01CF8014B002CF9D1D8B116F8FF
:1084C800015B0C4601E0002BF9D014F8013B9D42FA
:1084D800F9D14DB1002306F8013C16603846F0BCCE
:1084E80070475BB13746DEE72E46F6E71768002F80
:1084F800D9D13846F3E7F0BC1060704716603846AB
:108508003B70ECE70123FFF7CBBF00BF014B93F8AB
:1085180028017047900F002013460A4601460220A2
:1085280000F09CBA38B5074D0022044608462A6078
:10853800FCF7F2FE431C00D038BD2B68002BFBD0A3
:10854800236038BD1425002038B50C46084D8446F4
:10855800114620461A4600232B606446FBF72CFF81
:10856800431C00D038BD2B68002BFBD0236038BDDE
:1085780014250020014B1868704700BF181500200B
:10858800A2EB0300704700BF02780B78012A28BFCE
:108598009A42F5D16DE9044540EA0104CDE9026744
:1085A8006FF0000C4FEA447212B380EA010414F031
:1085B800070F6AD100F0070420F0070004F0030554
:1085C80021F007014FEAC505F0E8042314F0040F71
:1085D800F1E804670CFA05F462EA040266EA0406A4
:1085E8000AD063EA0403624667EA0407664603E0C2
:1085F800F0E80423F1E8046782FA4CF582EA0604FD
:10860800A4FA8CF46CBB83FA4CF583EA0705A5FA47
:108618008CF595B950E9022351E9026782FA4CF5C5
:1086280082EA0604A4FA8CF483FA4CF583EA070577
:10863800A5FA8CF52543DBD09CB92DBAB5FA85F49B
:1086480024F0070427FA04F1DDE9026723FA04F3AA
:1086580003F0FF0001F0FF01FDE80445A0EB010075
:10866800704724BAB4FA84F424F0070426FA04F113
:10867800DDE9026722FA04F202F0FF0001F0FF01CF
:10868800FDE80445A0EB0100704714F0030F3CD14E
:1086980010F0030428D150F8082B51F8083B82FA4F
:1086A8004CF582EA0305A5FA8CF55DB950F8042C5F
:1086B80051F8043C82FA4CF582EA0305A5FA8CF5D8
:1086C800002DE8D02DBAB5FA85F424F0070423FA72
:1086D80004F122FA04F202F0FF0001F0FF01FDE8C4
:1086E8000445A0EB010070474FEAC40420F00300E2
:1086F80050F8082B21F0030151F8083B0CFA04F458
:1087080062EA040263EA0403C9E710F003041AD01A
:10871800A1EB040120F00300E40750F8042B06D075
:108728000FD28B785FFAA2F4E41A06D12BB1CB787A
:108738005FFAB2F4E41A00D11BB920465DF8104B79
:10874800704701F1040150F8042BCC0721F0030114
:1087580051F8043B48D824D222F07F4482FA4CF5E1
:1087680094EA1325A5FA8CF50AD165B951F8043BAA
:1087780084EA0204B4EB036F0ED150F8042BEBE744
:108788004FEA132355E035F07F454DD10878FDE8D1
:108798000445C0F1000070474FEA126203F0FF037E
:1087A80047E002EA1C4482FA4CF594EA1345A5FA1C
:1087B8008CF50AD165B951F8043B84EA0204B4EB9C
:1087C800034F0CD150F8042BEBE74FEA134330E08A
:1087D80015EA1C4528D10B884FEA124229E04FEAD6
:1087E800124203EA1C4324E002F0FF0482FA4CF52B
:1087F80094EA1365A5FA8CF50AD165B951F8043BDA
:1088080084EA0204B4EB032F09D150F8042BEBE7F8
:108818004FEA13630DE015F0FF0F05D10B684FEA1F
:10882800122223F07F4304E04FF00000FDE80445E6
:10883800704712BA1BBA82FA4CF482EA0304A4FA0B
:108848008CF5B5FA85F402FA04F203FA04F34FEA58
:108858001260FDE80445A0EB1360704780EA01024E
:10886800844612F0030F4FD111F0030F32D14DF8A7
:10887800044D11F0040F51F8043B0BD0A3F1013261
:108888009A4312F0803F04BF4CF8043B51F8043B74
:1088980016D100BF51F8044BA3F101329A4312F0EC
:1088A800803FA4F101320BD14CF8043BA24312F0F3
:1088B800803F04BF51F8043B4CF8044BEAD02346F0
:1088C8000CF8013B13F0FF0F4FEA3323F8D15DF8A2
:1088D800044B704711F0010F06D011F8012B0CF86A
:1088E800012B002A08BF704711F0020FBFD031F8E2
:1088F800022B12F0FF0F16BF2CF8022B8CF8002069
:1089080012F47F4FB3D1704711F8012B0CF8012BEB
:10891800002AF9D1704700BF70B50D4E0D4D761B7A
:10892800B61006D0002455F8043B01349847A642F7
:10893800F9D1094E094D761B06F0DEF9B61006D0BE
:10894800002455F8043B01349847A642F9D170BD7C
:10895800381C0060381C0060481C0060381C00602F
:10896800704700BF704700BF704700BF704700BF27
:1089780000000000000000000000000000000000EF
:1089880090F800F06DE9024520F007016FF0000C47
:1089980010F0070491F820F040F049804FF00004EF
:1089A8006FF00700D1E9002391F840F000F10800CA
:1089B80082FA4CF2A4FA8CF283FA4CF3A2FA8CF302
:1089C8004BBBD1E9022382FA4CF200F10800A4FA69
:1089D8008CF283FA4CF3A2FA8CF3E3B9D1E90423BD
:1089E80082FA4CF200F10800A4FA8CF283FA4CF3F4
:1089F800A2FA8CF37BB9D1E9062301F1200182FAAE
:108A08004CF200F10800A4FA8CF283FA4CF3A2FAB3
:108A18008CF3002BC6D0002A04BF04301A4612BAC1
:108A2800B2FA82F2FDE8024500EBD2007047D1E9C4
:108A3800002304F00305C4F100004FEAC50514F053
:108A4800040F91F840F00CFA05F562EA05021CBF24
:108A580063EA050362464FF00004A9E72DE9F047F1
:108A6800DFF87CA00646DAF8000098460F469146E3
:108A7800FFF77AFF184B1C6824B365681F2D24DCA8
:108A88005EB96B1C0235DAF80000636044F82570A3
:108A9800FFF76CFF0020BDE8F08704EB8501012398
:108AA800C1F88890D4F88821AB401A43022EC4F844
:108AB8008821C1F80881E4D1D4F88C211A43C4F87C
:108AC8008C21DEE7054C1C60D7E7DAF80000FFF7D9
:108AD8004DFF4FF0FF30DEE7EC210020F0210020B1
:108AE800840F0020000000009FED010B704700BFBD
:108AF800000000000000F87F9FED010A704700BFEA
:108B08000000C07FF8B5244F0C460646FEF740F833
:108B1800BB685D68C4F57E610F3125F003054B190C
:108B280023F47F6323F00F03A3F58054B4F5805F2B
:108B380007DB00213046FFF7F5FCBB682B44984261
:108B480004D03046FEF72AF80020F8BD61423046CE
:108B5800FFF7E8FC01300DD0104ABB682D1B45F02B
:108B680001055D60136830461B1B1360FEF716F89D
:108B78000120F8BD00213046FFF7D4FCBA68831AFB
:108B88000F2BDEDD43F001035360054B03491B68DF
:108B9800C01A0860D5E700BFFC1000208C23002015
:108BA80004150020002961D0F8B50C460646FDF7EB
:108BB800EFFF54F8042C7B4FA4F1080522F00101C3
:108BC80005EB010CB868DCF80430604523F00303BA
:108BD80000F08B80D207CCF8043032D454F8082C3B
:108BE800AD1A1144AA6807F1080082426AD00CEB5A
:108BF8000304D4F804E0EC68D4601EF0010FA2600E
:108C080000F0978041F001036B60CCF80010B1F5DB
:108C1800007F35D27868CB080122490901338A40A0
:108C2800024357F833107A6007EBC302083AC5E9E4
:108C3800021247F83350CD603046BDE8F840FDF7E2
:108C4800ADBF0CEB03025268D00710D4194407F1EA
:108C58000800DCF80830834273D0DCF80C20DA60B6
:108C6800936041F001036B606950D0E7704741F0B1
:108C78000103B1F5007F44F8043CCCF80010C9D3D7
:108C8800B1F5206F4FEA512348D28B0903F139001F
:108C980003F13802C300F818FB580838984259D035
:108CA8005A6822F003028A4202D99B689842F7D197
:108CB800D868C5E902308560DD603046BDE8F84017
:108CC800FDF76CBF0CEB03025268D20763D40B4468
:108CD800DCE90212CA60916043F001026A60304622
:108CE800EB50BDE8F840FDF759BF0B44D10707D456
:108CF80054F8082CAD1A1344D5E90212CA609160E1
:108D080043F001026A60284ABD6012689A4293D80B
:108D1800264B30461968FFF7F5FE8DE7142B0AD964
:108D2800542B1FD80B0B03F16F0003F16E02C30025
:108D3800B1E719448DE703F15C0003F15B02C3005E
:108D4800A9E741F00103C7E90455C5E902006B60D2
:108D5800695071E779689210012404FA02F20A4313
:108D68007A60A6E7B3F5AA7F06D8CB0B03F17800A3
:108D780003F17702C3008EE740F25452934206D8BB
:108D88008B0C03F17D0003F17C02C30083E74FF4F1
:108D98007E737E227FE741F001036B60CCF8001000
:108DA8004AE700BFFC10002008150020BC23002063
:108DB8002DE9F0410469B4EB611F2FDD00F1140EB9
:108DC8004E1111F01F0C0EEB84050EEB86032BD011
:108DD8005EF8261004339D4221FA0CF1CCF12008EC
:108DE80018D977461A6802FA08F20A4347F8042B9A
:108DF80053F8041B9D4221FA0CF1F3D8A31B9B00E6
:108E0800053B9B0801330EEB83044EF82310C9B1D0
:108E1800043417E0416174460029F9D10023036145
:108E280000234361BDE8F0819D4288BF00F1100234
:108E3800F4D953F8041B42F8041F9D42F9D8A41B27
:108E48000EEB8404A4EB0E039B1074450361E7D07A
:108E5800BDE8F0812DE9F04F2DED028B0C688B46B3
:108E6800A17885B0302908EE100A9246029340F0A6
:108E7800CE816FF00100001BE21C8318144612F823
:108E8800011B3029F9D0DFF8008318F80120002AE7
:108E980000F0E5802278002718F802203D46264693
:108EA8002AB116F8012F18F80220002AF9D1B5497D
:108EB800019301223046FFF77BFA019B8146002887
:108EC8004DD0002D4ED13278A94602F0DF02502A4B
:108ED800354650D0CBF80060002F69D12B1B013BE1
:108EE800072B394604DD5B10072B01F10101FADC81
:108EF80018EE100A02F026F98346002800F0668270
:108F080000F11406AC42019680F0D2810027CDF81A
:108F18000C909C49A1463C460CE0202F19D03846BD
:108F280004372A7818F8022002F00F02824014430E
:108F38004D4547D015F8012D2E2AEED14D45ECD3DD
:108F480001222846FFF734FA8E490028F0D0202F56
:108F5800E5D1002046F8044B04270446E1E7002D3C
:108F680000F04281327802F0DF02AD1B502A4FEA4E
:108F780085093546AED16A782B2A00F025812D2A3D
:108F880000F0A5806E1C002018F802104A1E182A4E
:108F980000F29B80727818F8022010390136002AF6
:108FA8005AD100B149428944CBF80060002F95D0CE
:108FB800002B14BF00250625284605B0BDEC028B02
:108FC800BDE8F08FDDF80C90234646F8043B1846C0
:108FD800019BF61AB610CBF8106002F08DF97601F5
:108FE800DAF80040301AA04275DCC0F2EF800027A2
:108FF800DAF808304B45C0F25181DAF804304B45B5
:109008004ADDA3EB09094C4500F38280DAF80C200D
:10901800022A00F06581032A00F08181012A00F00C
:109028006F8118EE100A594602F0B2F85025109ACE
:1090380000232846136005B0BDEC028BBDE8F08F15
:1090480001EB810102EB4102A2F1100116F8012F98
:1090580018F80220002AA4D0192AF1DDA1E749490D
:10906800019301222046FFF7A3F9019B00286DD147
:10907800617818F80120651C002A69D030292C462F
:1090880005D114F8013F302BFBD018F80320B2FAB1
:1090980082F77F09012302E7012557B1DAF80C307E
:1090A800022B5DD0032B5FD0012B00F0848045F0AC
:1090B8001005109BC3F800B0029B2846C3F8009027
:1090C80005B0BDEC028BBDE8F08F2E4602E701200B
:1090D800AA78AE1C58E7061B3146584602F03AFDFE
:1090E800074678B1721E53110199012751F82310D0
:1090F80002F01F0307FA03F30B4203D0BA4200F34E
:10910800E280022731465846B144FFF751FE6FE727
:1091180009F1FF35002F40F0CE80002D40F0CD80C2
:109128006B11019A05F01F0552F823200123AB406B
:1091380013424946584618BF47F00207A4EB0904F2
:10914800FFF736FE0225DAF80490A6E721782546CF
:1091580001F0DF01502900F0BF80CBF8005027E76D
:10916800119BC3F101031193119B002B9FD0DBF8D6
:109178001070DDF80480BA004346019208EB8700BE
:10918800002107E0080900202C060020984243F837
:10919800041C3FD91E4653F8042BB2F1FF3FF5D00B
:1091A8000132022D326000F0BF8014F01F0440F03D
:1091B800E78021257DE7BA077FF579AF019B1B681A
:1091C8001F43FB07D3D472E7002081E7221A5946D0
:1091D80018EE100AA9EB020902F01AFA00F11403BA
:1091E80083460193002703E7727818F80200711C80
:1091F800002800F0A0800D4611F8012F18F8020091
:109208000028F8D1751B4FEA85090E465DE6023441
:10921800002338E6DBF808309F4280F28E803B4618
:109228000BEB830201210133022DCBF81030516181
:109238007AD09F42B9DA002B40F39B80DBF81420E8
:1092480008EB83030BF1180083424FEA520240F205
:10925800B1804446016842EAC17244F8042B50F8D0
:10926800042B83424FEA5202F4D8A3EB0B03193BB9
:109278009B08013348F8232008EB8303002A40F0B9
:109288009D80A3EB080292104345CBF8102073D0C1
:10929800DAF8083009F101094B458ADA18EE100AA4
:1092A800594601F075FF109A00231360A32583E641
:1092B800019E002389E6012732E72946584602F035
:1092C80049FC07462CE7B11E584602F043FC00282B
:1092D8003FF417AF032715E74FF0000901274AE6C7
:1092E800119A002A7FF49DAE02990B60019B01221E
:1092F800CBF810201A60109B6225C3F800B05BE61B
:109308004C457FF48EAE012CEED0611E584602F01B
:1093180021FC00283FF485AEDAF80430E4E7119A1E
:10932800002A3FF47EAEDFE7DAF80030013BA342C3
:1093380034D02225BDE60E46C7E5DBF8041018EE4A
:10934800100A013101F0FEFE0646C8B3DBF8103002
:1093580002339A000BF10C010C30FBF7D5FC59468F
:1093680018EE100A01F014FF06F114083369B34629
:1093780056E70023CBF810300023CBF8143087E7EA
:10938800019B4344C4F1200453F8040C01F0B4FFDA
:10939800A042BFF60EAFDBF810304CE7631104F0C3
:1093A8001F0458F823200123A34013420CBF222591
:1093B80021257EE6C8F8002043466AB1043360E7F9
:1093C800074B08483246842102F072FE044B0548D8
:1093D8005A46E42102F06CFECBF81020CCE700BF1F
:1093E800AC050020C005002010B4046809E014F89A
:1093F800013FA3F1410CBCF1190F98BF20339342F0
:1094080009D111F8012B002AF1D10134046001209F
:109418005DF8044B704700205DF8044B704700BFAF
:109428002DE9F04F096885B04B1111F01F0102902A
:1094380002EB8303039140F08F801D1F0193029B71
:1094480001991C68002341F8043C61780134002923
:1094580000F09880DFF87491A846AC469A461E46FC
:109468000EE0202900F28C80564506DDC44501D265
:10947800072B5BDD624551D3082314F8011FA1B106
:1094880019F801000028ECD00133082B06F1010679
:109498003ADCDCF80010090100F00F000843CCF8B2
:1094A800000014F8011F0029EAD1002E6AD0C44533
:1094B80001D2072B74DD624552D2111F634653F85F
:1094C800040B41F8040FAB42F9D9A5EB0C0323F0C8
:1094D8000303691C04330CF1010C614538BF0423F4
:1094E8001344002143F8041BAB42FBD9019B53F8FA
:1094F800043C2BB9AA4249D055F8043D002BF9D0B9
:10950800052005B0BDE8F08F6245B6D200234CF8BF
:10951800043C1946ACF1040C0123BDE70023ACF16F
:1095280004084CF8043CB246C446A6E7C3F1080157
:10953800DCF800308900C1F1200E60469B46476880
:1095480007FA0EF343EA0B0327FA01FB036040F81E
:1095580004BF4045F3D38DE7191D01911D466EE701
:10956800039B002BC2D0039B0198C3F120014FF04D
:10957800FF33CB4050F8041C0B4040F8043CB8E7DC
:10958800292909D0042005B0BDE8F08F0123052062
:109598002B6005B0BDE8F08F029901340C6084E7B8
:1095A800DCF80010C3F108039B00C3F120076446F0
:1095B8000846666806FA07F1014326FA03F02160B7
:1095C80044F8040F4445F4D375E700BF2C06002087
:1095D80082B049B15AB16BB113780B601278101E82
:1095E80018BF012002B0704701A9002AF3D1104624
:1095F80002B070476FF00100F4E700BF0000000000
:109608002DE9F04F2DED088BD1B00C460BEE101A5A
:1096180090460893834602F049FC03681293184663
:10962800FFF7AEF920AF1090082200213846FEF768
:109638006DFEA3891B0603D52369002B00F055870F
:1096480000239FED838B9FED849BCDE92533CDE9E6
:109658001333CDE9153327AA0E932492924611931A
:1096680004934446A1467E4BD3F8E450FEF74EFFE0
:109678004A4603461CA900975846A847002800F008
:10968800B080C0F2A6801C9A252A034601D09944CE
:10969800E9E7B9EB0405064640F0A78000234FF040
:1096A800FF328DF867309846069309F1010999F859
:1096B800003003922B25202609F10109A3F120028D
:1096C8005A2A00F2CF80DFE812F0E802CD00CD0080
:1096D800E302CD00CD00CD006A00CD00CD0005022B
:1096E8008402CD001002C902CD00BD025B005B0000
:1096F8005B005B005B005B005B005B005B00CD0018
:10970800CD00CD00CD00CD00CD00CD005301CD0062
:1097180083011A02530153015301CD00CD00CD003E
:10972800CD001502CD00CD009602CD00CD00CD00B4
:10973800AB01CD00AA02CD00CD00E306CD00CD00DF
:10974800CD00CD00CD00CD00CD00CD005301CD0022
:109758008301DE015301530153017702DE017F00CB
:10976800CD008902CD005F02E0062F027F00CD0008
:10977800AB017C00B806CD00CD00BD06CD007C0055
:10978800A3F13002002119F8013B01EB810102EB42
:109798004101A3F13002092AF5D906918EE758460E
:1097A80002F084FB436815931846FFF7E9F8169012
:1097B800584602F07BFB83681393169B002B40F0FE
:1097C8002D8699F8003077E799F8003048F020089E
:1097D80072E7082200213846FEF798FD01239944D4
:1097E80041E7B9EB0405064611D0269B2B44269386
:1097F800259B0133072BCAE9004525931CDC0AF198
:10980800080A049B2B440493002E7FF447AF269B41
:10981800002B41F00B821BEE103AB3F90C3013F019
:10982800400F049B18BF4FF0FF330493049851B0C6
:10983800BDEC088BBDE8F08F1BEE101A24AA584621
:1098480003F0B0FB0028E6D10DF19C0AD9E700BF70
:109858000000000000000000FFFFFFFFFFFFEF7F98
:10986800900F00200B93002BD1D00021CDE90C11D3
:109878008DF8DC3001238DF867100293079105936A
:1098880003910F9137AC18F00203099302D0029BA1
:109898000233029318F084030A9305D1069B029AB7
:1098A8009D1A002D00F36983269A89B125990DF137
:1098B800670001310132CAF8000007294FF00100A2
:1098C80026922591CAF8040000F3A2830AF1080A37
:1098D800099B83B1259B1AA901330232CAF80010EB
:1098E800072B4FF0020126922593CAF8041000F3C3
:1098F800A3830AF1080A0A9B802B00F06C82039B61
:1099080005995D1A002D00F3A58218F4807F40F0B8
:109918000D82059BCAF804301A44259BCAF80040FA
:109928000133072B2692259300F31B830AF1080ABB
:1099380018F0040F05D0069B02995C1A002C00F35E
:109948008883049B069902988142ACBF5B181B1858
:109958000493002A40F0B08200232593079B1BB193
:1099680007995846FFF71EF90DF19C0A4C4679E60F
:109978000B93089B073323F00703B3EC028BB0EE7D
:10998800C87BB4EE497BF1EE10FA089340F3E98402
:10999800B5EEC08BF1EE10FA01F159809DF8671011
:1099A800AB4CAC4B28F080080B9A472AC8BF1C4622
:1099B8000023CDE90C330322079302920592039307
:1099C8000F9300293FF45FAF029B013302935AE7DC
:1099D800432B0B9303D018F0100F00F05D85089D02
:1099E8000822002122A837ACFEF790FC22AB55F8DC
:1099F800042B2146584602F0EBFA03460133059042
:109A080001F0EE82059B089523EAE3730293002197
:109A1800CDE90C118DF86710079103910F9132E78A
:109A28000B93089B1A4600238DF86730134653F8AA
:109A3800044B0893002C00F048850B9B532B00F037
:109A4800EC8618F010030C9340F0E786039B5D1C2E
:109A580001F0E5800C991A46204602F069FA079051
:109A6800002801F02883079B1A1B05920C9B03937F
:109A780022EAE2720F930D93079373239DF8671000
:109A880002920B939DE718F0200F0B93089B3DD093
:109A9800073323F007031A4611465B6851F8082B71
:109AA80008911946002BC0F20C84039B013300F087
:109AB8009E8228F0800052EA0103029040F09982C9
:109AC800039B002B40F09A82804600230393059362
:109AD80050AC06E1089B53F8042B0692002A80F24A
:109AE8001984069A08935242069299F8003048F071
:109AF8000408E1E599F8003048F00808DCE548F08A
:109B0800100818F0200F0B93089BC1D118F0100F04
:109B180040F00B8418F0400F00F0038433F9042B55
:109B28000893D1170B46BDE7089B48F00202029242
:109B380053F8042B089347F63003ADF868307820C3
:109B4800454B1193002102230B900020039C8DF8B4
:109B58006700601C00F0AD80029820F0800852EA8F
:109B6800010040F0A480002C40F0AE86002BACD160
:109B7800029B13F00103059300F0D18330238DF885
:109B88003F310DF23F14ACE018F0200F40F0D483C1
:109B980018F0100F40F09F8618F0400F40F097879C
:109BA80018F4007F00F09786089B049953F8042B5B
:109BB800089311704C4655E599F80030682B03BF9F
:109BC80099F8013048F4007809F1010948F0400893
:109BD80072E599F800308DF867506DE599F8003016
:109BE8006C2B03BF99F8013048F0200809F10109EE
:109BF80048F0100860E50B9348F0100818F02001B1
:109C080000F05183089B073323F00703596853F882
:109C1800082B089328F480630293002395E70B939D
:109C280048F010030293029B13F0200100F02983EF
:109C3800089B073323F00703596853F8082B089348
:109C4800012382E799F8003048F0800834E500BF26
:109C58001C090020F404002024090020494611F8BA
:109C6800013B2A2B01F04982A3F13002092A8946D7
:109C780098BF002101F2448119F8013B01EB8101F1
:109C880002EB4101A3F13002092AF5D9039115E548
:109C980099F8003048F001080EE59DF86730002B70
:109CA8007FF48FAD99F800308DF8676004E5CDF842
:109CB8000880012B00F09D81022B50AC20D1119817
:109CC80002F00F031209C35C04F8013D42EA017275
:109CD800090952EA0103F3D150AB1B1BDDF80880D8
:109CE8000593059A03989DF8671082424FF0000388
:109CF800B8BF0246CDE90C33079302920F9360E692
:109D080002F00703D20842EA4172C908303352EA26
:109D18000105204604F8013DF2D1029AD10700F16D
:109D28004D8250AB1B1B90460593DAE70B9B652BC6
:109D380040F3D480B5EE408BF1EE10FA40F0C181CB
:109D4800259BBA49CAF80010013301320121072BBB
:109D580026922593CAF8041000F351850AF1080ADF
:109D68001B9B0E998B4280F2D082109B12991A4449
:109D7800CAE90013259B26920133072B259300F38C
:109D880097830AF1080A0E9B5C1E002C7FF7D0AD62
:109D9800102C259B40F36E851BEE106A102505E0FC
:109DA8000AF1080A103C102C40F364850133A049DD
:109DB8001032072BCAE90015CDE92532F0DD24AAB7
:109DC8003146584603F0EEF800287ED1DDE9253209
:109DD8000DF19C0AE6E7069B02995D1A002D7FF7B4
:109DE8008EAD102D259B21DD099410261BEE104AFF
:109DF80004E0103D102D0AF1080A16DD01338C49E4
:109E08001032072BCAE90016CDE92532F1DD24AA64
:109E1800214658460DF19C0A03F0C4F8002854D195
:109E2800103D102DDDE92532E8DC099C8049CAF88F
:109E3800045001332A44072BCDE92532CAF8001013
:109E480000F32685039B05995D1A002D0AF1080A7F
:109E58007FF75BAD102D259B1FDD514610261BEEAD
:109E680010AA04E0103D102D01F1080114DD0133A2
:109E78006F481032072BC1E90006CDE92532F1DD24
:109E880024AA5146584603F08DF8F0B9103D102D1C
:109E9800DDE9253227A9EADC8A4601336449CAF894
:109EA80004502A44072BCDE92532CAF8001000F3E4
:109EB800DA810AF1080A28E51BEE101A24AA584686
:109EC80003F070F800283FF447AD079B002B3FF4E0
:109ED800A2AC07995846FEF765FE9CE40E9B012B41
:109EE80040F37A81259BCAF80040013301320121F1
:109EF800072B26922593CAF8041000F3F8810AF17B
:109F0800080A1099129801330A44072BCAE900017C
:109F1800CDE9253200F3DD810AF1080AB5EE408B60
:109F2800F1EE10FA00F077810E990133013901340E
:109F38000A44072BCAF800402593CAF80410269251
:109F480000F35B810AF1080A1499CAF80410013376
:109F58000A44072B1EA9CDE92532CAF800107FF75D
:109F6800E5AC1BEE101A24AA584603F01BF800288B
:109F7800ABD1269A0DF19C0ADAE4102DDDE9251201
:109F88002C4E24DD179410231BEE104A084604E0DB
:109F9800103D102D0AF1080A17DD0130103207288C
:109FA800CAE90063CDE92502F2DD24AA2146584614
:109FB8000DF19C0A02F0F6FF002886D1103D102D05
:109FC800DDE925024FF01003E7DC179C014601315B
:109FD8002A440729CDE92512CAF80060CAF80450B6
:109FE80000F3BD839DF867100AF1080A5DE4CDF817
:109FF80008800A2A71F1000380F04583303201237A
:10A00800DDF808808DF83F2105930DF23F1468E6CE
:10A018001BEE101A24AA584602F0C4FF00287FF449
:10A0280054AF269A0DF19C0A52E400BF540900204F
:10A03800FC0D0020580900201BEE101A24AA5846CF
:10A0480002F0B0FF00287FF440AF269A0DF19C0A79
:10A0580051E4102C259BBE4E1FDD1BEE108A1025E7
:10A0680004E0103C102C0AF1080A16DD0133103206
:10A07800072BCAE90065CDE92532F2DD24AA41465D
:10A0880058460DF19C0A02F08DFF00287FF41DAFA1
:10A09800103C102CDDE92532E8DC01332244072B83
:10A0A800CAE90064CDE925327FF74BAC1BEE101AE4
:10A0B80024AA584602F076FF00287FF406AF269AB5
:10A0C8003FE41B99002940F35A830C9E0E9B9E4245
:10A0D800A8BF1E46002E0BDD259B01333244072BFB
:10A0E800CAE900462692259300F389860AF1080AF0
:10A0F8000C9D002EA8BFAD1B002D00F303820C9B06
:10A1080018F4806F2344059340F01F821B9B0E991F
:10A118008B4203DB18F0010F00F0CF8410991298DE
:10A128000A44CAE900012599269201310729259197
:10A1380000F3A5860AF1080A0E996518CC1A059B42
:10A14800ED1AA542A8BF2546002D0DDDCAF800303E
:10A15800259BCAF8045001332A44072B26922593DD
:10A1680000F3BB860AF1080A002DA8BF641B002C67
:10A178007FF7DEAB102C259B40F37C831BEE106A27
:10A18800102505E00AF1080A103C102C40F37283F0
:10A19800013370491032072BCAE90015CDE9253281
:10A1A800F0DD24AA3146584602F0FCFE00287FF470
:10A1B8008CAEDDE925320DF19C0AE5E7302B3FF442
:10A1C8008BAD3023023804F8013C50AB1B1ADDF884
:10A1D80008800593044684E518F0010F7FF482AEE9
:10A1E800259BCAF80040013301320121072B269232
:10A1F8002593CAF804107FF7A5AE1BEE101A24AAFF
:10A20800584602F0CFFE00287FF45FAEDDE9253224
:10A218000DF19C0A98E60E994C1E002C7FF794AE1F
:10A22800102C40F361831BEE106A102505E00AF13B
:10A23800080A103C102C40F357830133454910326B
:10A24800072BCAE90015CDE92532F0DD24AA3146ED
:10A25800584602F0A7FE00287FF437AEDDE9253224
:10A268000DF19C0AE5E71BEE101A24AA584602F0E5
:10A2780099FE00287FF429AE269A0DF19C0AFFF773
:10A2880044BB029B13F0100340F0C180029A12F005
:10A29800400200F07A83089850F8042B0890194679
:10A2A80092B2012351E418F0100355D118F040027E
:10A2B80000F05D83089850F8042B0890194692B274
:10A2C800A8E4524261EB4101CDF808802D2001231A
:10A2D8003CE41BEE101A24AA584602F063FE00283C
:10A2E8007FF4F3ADDDE925320DF19C0A16E61BEE8D
:10A2F800101A24AA584602F055FE00287FF4E5AD4E
:10A30800DDE925320DF19C0AFBE518F0010F3FF459
:10A318000FAB2AE5089399F80030FFF7CDB950AC98
:10A32800DFE418F4007F40F0DB8353F8042B089334
:10A33800D1170B46FFF7B6BB089B049853F8041BCC
:10A348000893C217C1E900024C46FFF78BB900BF5A
:10A3580058090020FC0D0020089B53F8042B089393
:10A3680058E4B4EE488BF1EE10FA80F194860B9B1A
:10A37800612B00F05285412B00F0C085039B01330F
:10A388000B9B23F0200500F08084472D04D1039B0C
:10A39800002B08BF0123039318EE903A002B48F4D2
:10A3A80080724646C0F21886B0EE48AB002390464D
:10A3B800099307930B9B413B252B00F29883DFE819
:10A3C80013F06F0496039603960368046C049603CF
:10A3D80096039603960396039603960396039603AD
:10A3E800960396039603960396039603960396039D
:10A3F800960396039603960396039603960396038D
:10A408009603960396039603960368046C04089BC8
:10A4180053F8042B08930123FFF797BB139B002BDA
:10A428003FF4CFA9139B1B78002B3FF4CAA999F8D6
:10A43800003048F48068FFF73FB90B93CDF80880E7
:10A44800FFF7F1BB0B939A4B119318F0200100F022
:10A458000581089B073323F00703596853F8082B35
:10A46800089318F0010F0AD052EA010307D00B9B9A
:10A478008DF86930302348F002088DF8683028F4E8
:10A48800806302930223FFF760BB0B93FFF7B6BB11
:10A498000B93884B1193D8E7089B012153F8042BA1
:10A4A80002918DF8DC200893059137ACFFF7AFBA1D
:10A4B8001BEE101A24AA584602F074FD00287FF4F7
:10A4C80004AD269A0DF19C0A5DE4039B0794062BC4
:10A4D800224628BF062303942146CDE90C22764C58
:10A4E800029305930F92FFF76CBA40215846FCF788
:10A4F8009FF820602061002800F00F8640236361E8
:10A50800FFF79EB8102D259B40F35D82514610261B
:10A518001BEE10AA04E00831103D102D40F35282C2
:10A52800013366481032072BC1E90006CDE9253210
:10A53800F1DD24AA5146584602F034FD00287FF484
:10A54800C4ACDDE9253227A9E6E70E9BCDF82490B7
:10A55800E31803930D9BCDF82880139E059DDDF825
:10A568005890DDF83C800B941BEE101A5046002BD7
:10A5780034D0B8F1000F35D10D9B013B013E0D934E
:10A58800159BC0E90039259B01334A44072B2692C5
:10A5980025936CDC0830039B96F800C05B1B634571
:10A5A800A8BF6346002B9A460CDD259C01341A444B
:10A5B800072CC0E900532692259400F3778196F87A
:10A5C80000C00830BAF1000FACBFACEB0A04644617
:10A5D800002C0ADC65440D9B002BCAD1B8F1000F92
:10A5E80000F0AC8308F1FF38CAE7102CDDF894C0FE
:10A5F80024DD05954FF0100A63460D4604E0103C33
:10A60800102C00F1080016DD01332C491032072BFD
:10A61800C0E9001ACDE92532F1DD24AA29465846B9
:10A6280002F0C0FC00287FF450AC103C102CDDE98F
:10A63800253227A8E8DC2946059D9C460CF1010334
:10A6480022444460072B1D4C0460CDE9253200F3F9
:10A65800C68396F800C008306544BCE718F01003BC
:10A6680000F0C280089B53F8042B0893F9E624AA4B
:10A678005846059102F096FC00287FF426AC269AED
:10A68800059927A887E70298CDF81CA050AC00F4DC
:10A69800806000250AEE10BA094BDDF84CA0CDF811
:10A6A8001490A3464FF00508AC46044610E000BFDE
:10A6B80024090020380900204C090020FC0D002046
:10A6C800CDCCCCCC0A2A71F1000136D34A463146AA
:10A6D800501840F10000A3FB005626F0030505EBD7
:10A6E8009605401B151A4FF0CC3661F1000E06FB9B
:10A6F80005F6A5FB039503FB0E6609F0010E2E4433
:10A70800AEFB085E2D184FEA590930350BF8015C8D
:10A7180049EAC6790CF1010C0BF1FF3B7608002CD5
:10A72800D0D09AF800008445CCD1BCF1FF0FC9D035
:10A738000A2A71F1000180F08F815C4650AB1B1B27
:10A74800DDF81490CDF84CA01AEE10BADDF81CA074
:10A75800DDF80880CDF838C00593FFF7C2BA1BEEC4
:10A76800101A24AA584602F01DFC00287FF4ADAB4D
:10A778009DF86710269A0DF19C0AFFF796B8259B5D
:10A78800BE48CAF80000013301320120072B269287
:10A798002593CAF8040000F377810AF1080A002912
:10A7A80040F0AF800E9908F001030B433FF4C0A8B6
:10A7B800109B12991A44CAE90013259B269201336B
:10A7C800072B259300F352820AF1080A0E99CAF85A
:10A7D800004001330A44072BCDE92532CAF804109A
:10A7E8007FF7A4A8FFF7BDBB18F0400200F0DD809A
:10A7F800089850F8042B0890194692B231E61BEEDF
:10A80800101A24AA584602F0CDFB00287FF45DAB4D
:10A81800269A0DF19C0AFFF7A3BA22AE082200215E
:10A8280030461D94FDF772FD039B5A1C00F0DB8037
:10A838000025CDF80890CDF81C809946A8460CE074
:10A8480037A9584601F0C4FB431C404400F0C883B4
:10A85800484508DC00F0188480461D9A5259334652
:10A868000435002AECD1CDF81480DDF80890DDF825
:10A878001C80C5E001338249CAF804402244072BF2
:10A88800CAF80010CDE925327FF750A8FFF769BB59
:10A898001BEE101A24AA584602F084FB00287FF405
:10A8A80014AB269A0DF19C0AFFF729B824AA58463A
:10A8B800059102F077FB00287FF407AB96F800C0FB
:10A8C800269A059927A87DE6012BCDF808807FF404
:10A8D800F3A9FFF793BB089B049953F8042B4C4644
:10A8E80011600893FEF7BEBE01336549CAF80440FB
:10A8F8002244072BCDE92532CAF800107FF722AB96
:10A908007BE4109B12981A44CAE90003259B2692FF
:10A918000133072B259300F3A9810AF1080A0029BE
:10A92800BFF654AF4D42103180F20F831BEE101A60
:10A93800102605E00AF1080A103D102D40F30583A2
:10A9480001334F481032072BCAE90006CDE92532FA
:10A95800F0DD24AA5846039102F024FB00287FF476
:10A96800B4AADDE9253203990DF19C0AE4E7089BB6
:10A9780018F400711ABF114653F8042B53F8042B2E
:10A98800089318BFD2B2FFF745B9029B13F40071C0
:10A99800089B1ABF114653F8042B53F8042B08934D
:10A9A80018BFD2B20123FFF7D0B8089B18F4007182
:10A9B8001ABF114653F8042B53F8042B089318BFF9
:10A9C800D2B24EE58A4601332D49CAF804502A44CA
:10A9D800072BCDE92532CAF8001000F339810AF1B6
:10A9E800080AFFF78CBB0023194600961DAA584693
:10A9F80001F014FB03460133059000F0F1821D9429
:10AA0800059B002B4ED0632B00F31881002307937E
:10AA180037AC082200213046FDF778FC059D0096EA
:10AA28002B461DAA2146584601F0F8FA854240F007
:10AA38007C83059A0023A35422EAE272CDE90C3301
:10AA48009DF86710039302920F93FEF7BABF2D216A
:10AA58008DF86710FEF7A4BF169B1599ABEB030B97
:10AA68001A465846FDF7EAFC9AF80120054B0AB148
:10AA78000AF1010A4FF0000C28E600BF5409002033
:10AA8800FC0D0020CDCCCCCC1BEE101A24AA5846C5
:10AA980002F088FA00287FF418AA1B99269A0DF16B
:10AAA8009C0A7CE6059B9DF867100F93CDE902335D
:10AAB800CDE90C330793FEF784BF0E990598651806
:10AAC8002D1ACC1AA542A8BF2546FFF74DBB089BF7
:10AAD800049953F8042B089311804C46FEF7C2BD25
:10AAE80013F9042B0893D1170B46FEF7DBBF039A23
:10AAF800022122AB01931DAB009358461BABB0EE6D
:10AB08004A0B029201F0C4FB472D029A044600F05A
:10AB18006181462D104405D12378302B00F06F82D7
:10AB28001B9A1044B5EE40ABF1EE10FA40F04681A6
:10AB380003461B1B0E93472D00F01081462D00F095
:10AB4800B5811B9B0C930C9B412D03F1FF331B9389
:10AB580000F0E5819DF82C200021002BB8BF0C9B4C
:10AB68008DF87820BABFC3F101032D222B22092BBF
:10AB78008DF8792040F3DA810DF18F05DFF81CC4D8
:10AB88002A4610468CFB0321DA17C2EBA10202EB1E
:10AB98008201A3EB4101303100F8011C19466329F9
:10ABA800134600F1FF32ECDC3033D9B2831E9D42EC
:10ABB80002F8011C40F28B8213460DF17A0201E083
:10ABC80013F8011B02F8011B9D42F9D10DF1910305
:10ABD8000DF17A021B1A13441EAA9B1A14930E9B9A
:10ABE800149A012B1A44059240F30382059B109A8C
:10ABF8001344059326F48063059A43F48078002370
:10AC0800CDE90C3322EAE2720F930292099B002BE2
:10AC180040F0B1809DF867100393FEF7D2BE20463E
:10AC2800FDF7AEFE02460590FEF720BF1BEE101A98
:10AC380024AA584602F0B6F9FEF7EDBD591C58464D
:10AC4800FBF7F6FC0446002800F0CA810790E0E60E
:10AC58001BEE101A24AA584602F0A4F900287FF423
:10AC680034A9269A0DF19C0AFFF749BA1BEE101A6F
:10AC780024AA584602F096F900287FF426A9DDE9AF
:10AC880025321B990DF19C0A49E606230393FFF729
:10AC980083BB039B02215A1C2BE7039A032128E755
:10ACA8001BA8B0EE4A0B01F0C7F9B4EE007B20EE0A
:10ACB800070BB5EE400BF1EE10FA01D101231B93FF
:10ACC800B348039BB3EE005B013B224604E0B5EEBC
:10ACD800400BF1EE10FA13D020EE050BFDEEC07B11
:10ACE800B3F1FF3F17EE901A415CB8EEE76B94465C
:10ACF80030EE460B02F8011B194603F1FF33E6D18B
:10AD0800B6EE006BB4EEC60BF1EE10FA00F3488114
:10AD1800B4EE460BF1EE10FA04D117EE903ADB07C9
:10AD280000F13E81002906DB4B1C1344302102F858
:10AD3800011B9342FBD1131B0E93FCE60B9C0E9B4D
:10AD4800DDF82490DDF828801396E3189D42294603
:10AD580028BF194682460591FFF7D8B91B9B0C936B
:10AD6800DA1C02DB039A93420CDD0B9B023B0B932C
:10AD780023F02005E7E62D2100238DF867100393C3
:10AD8800FEF722BE0C9B0E9A9342C0F2BD80F007DC
:10AD98000C9B40F13281109A13440593710503D539
:10ADA8000C9B002B00F33581059B23EAE373029388
:10ADB80067230B9300230F930D9327E7229B83426E
:10ADC800BFF4B7AE30215A1C22921970229B9842C8
:10ADD800F9D8AEE6F30700F1A780229BA9E624AADA
:10ADE8005846059102F0DEF800287FF46EA896F820
:10ADF80000C0269A059927A86544FFF7ECBB1BEE0F
:10AE0800101A24AA584602F0CDF800287FF45DA84D
:10AE1800269A0DF19C0AFFF76BB978238DF86930F3
:10AE280030238DF86830039B632B48F0020600F34B
:10AE3800A6800023079337AC18EE903A002B48F40D
:10AE480081782BDBB0EE48AB0B9B23F02005002369
:10AE580009930B9B612B7FF4ADAAB0EE4A0B1BA89C
:10AE680001F0EAF8B4EE007B20EE070BB5EE400BDC
:10AE7800F1EE10FA01D101231B93464821E71BEE9E
:10AE8800101A24AA584602F08DF800287FF41DA84D
:10AE98001B9B269A0DF19C0AFFF74EB90B9B23F0DA
:10AEA80020052D230993B1EE48ABD2E71B9A0C92EB
:10AEB800002A06F0010340F30D8103990B4340F08B
:10AEC800CF800C9B059366230B93720500F1A3803A
:10AED800059B23EAE37302936CE71BEE101A24AA7E
:10AEE800584602F05FF800287EF4EFAF1B9C0E9BDB
:10AEF800269A1C1B0DF19C0AFFF736B958238DE7DB
:10AF080000220392FEF7DABB0E9B109A9A180C9B4C
:10AF18000592002B40F3AB8067230B93D5E70B9A80
:10AF28000F32D2B2012118E6A018FBE5002940F043
:10AF3800A88030228DF87A200DF17B02303302F898
:10AF4800013B1EABD31A149349E601331249CAF8E0
:10AF580004502A44072BCDE92532CAF800107FF7A0
:10AF680033AC1BEE101A24AA584602F01BF800282E
:10AF78007EF4ABAFDDE925320DF19C0A26E4591CBD
:10AF88005846FBF755FB044650B3079054E700BFFB
:10AF98003809002024090020FC0D00206766666639
:10AFA800CDF888C012F8011C90F80FC0614513460F
:10AFB8000AD14FF0300E03F801EC229B591E229162
:10AFC80013F8011C8C45F6D0392916BF0131817A56
:10AFD800C9B203F8011CAEE600239046079360E768
:10AFE8001BEE102AB2F90C3043F040039381FEF7B0
:10AFF80016BCF5077FF5FEADF8E50593CEE6B5EE90
:10B0080040ABF1EE10FA3FF48BADC2F101021B9296
:10B0180087E567230B9313990B78FF2B79D00025CD
:10B028000C9A284603E001300131FF2B08D09342E7
:10B0380006DAD21A4B78002BF5D10B780135F4E7F4
:10B048000C9213910D900F950F9A0D9B169913441E
:10B05800059A01FB0323059323EAE3730293D5E5DD
:10B06800109BD3181944662305910B932DE7C3F160
:10B0780001031A4422EAE2730293672305920B93B1
:10B0880098E60DF17A0259E7039BDDF80890DDF8A0
:10B098001C800593B4E418EE903A002BB4BF2D2120
:10B0A8009DF86710254C264BB8BF8DF8671028F01F
:10B0B8008008FEF779BC039B0293059373239DF8E0
:10B0C800671003900F900D900B93FEF77ABC022344
:10B0D800149384E5039A134305D10123662202934E
:10B0E8000B92059366E6109B01331A4422EAE27339
:10B0F8000293662305920B935CE6089A99F801304F
:10B10800894652F8041B089241EAE1710391FEF75F
:10B11800D3BA00230F930D9396E70C23CBF8003096
:10B128004FF0FF330493FEF781BB1BEE102A93897F
:10B1380043F040039381FEF7C8BE00BF20090020FA
:10B14800F0040020436C70B505460C464BB153F82B
:10B15800240080B1026843F824200023C0E90333A7
:10B1680070BD2122042100F0C3FF03466864002853
:10B17800EDD1002070BD012101FA04F6721D920084
:10B18800284600F0B5FF0028F3D0C0E90146E4E7FF
:10B1980031B1436C4A6853F82200086043F8221022
:10B1A800704700BF2DE9F0410E6980460F461D46E5
:10B1B80001F1140E0020DEF800108CB202FB0453DB
:10B1C800090C4FEA134C02FB01CC01309CB204EB92
:10B1D8000C4486424EF8044B4FEA1C45EBDC3DB16B
:10B1E800BB68B34207DD07EB860301365D613E614C
:10B1F8003846BDE8F081796840460131FFF7A2FF83
:10B208000446B0B13A69023207F10C0192000C30E1
:10B21800F9F77AFDD8F844307A6853F82210396083
:10B2280043F82270274607EB860301365D613E61CD
:10B23800DEE7034B03482246BA2100F039FF00BF7E
:10B24800AC0500202C0700202DE9F8431746274AB3
:10B258001E4608330C46092E82FB03124FEAE3739D
:10B268000546C3EB620339DD4FF0010C00214FEABC
:10B278004C0C634501F10101F9DC2846FFF762FF38
:10B28800014668B3089B4361092F4FF0010303612E
:10B2980012DC0A340927BE420BDDF21BA61814F88B
:10B2A800013B0A22303B2846FFF77CFFA6420146B5
:10B2B800F5D10846BDE8F88304F10909C8463C44BD
:10B2C80018F8013B0A22303B2846FFF76BFFA045E0
:10B2D8000146F5D1A7F108044C44DCE70021CCE78E
:10B2E8000A46034B0348D32100F0E2FE398EE338C7
:10B2F800AC0500202C070020030C1B04D3B9000464
:10B30800102310F07F4F04BF0002083310F0704F75
:10B3180004BF0001043310F0404F04BF8000023323
:10B32800002805DB10F0804F03F1010308BF20233C
:10B33800184670470023E4E7036813F0070208D0B3
:10B34800D9071FD49A0722D55B080360012210464B
:10B35800704799B209B91B0C1022D9B209B9083241
:10B368001B0A190704BF1B090432990704BF9B086D
:10B378000232D90703D45B0802F1010205D0036049
:10B38800104670470022104670472022DFE79B08CE
:10B39800022203601046704738B5436C04460D46D8
:10B3A8004BB15868B0B102685A6000220123C0E965
:10B3B8000435C26038BD2122042100F099FE0346FD
:10B3C80060640028EDD1094B0948002240F245117C
:10B3D80000F06EFE1C220121204600F089FE0028A4
:10B3E800F1D001220223C0E90123DEE7AC050020E9
:10B3F8002C0700202DE9F04F0E691569AE4285B083
:10B408008846144605DB2A46234635460C4616462A
:10B418009846A3686168AF19BB42B8BF0131FFF70E
:10B4280091FE0190002800F08780019B03F1140928
:10B4380009EB870AD14505D24B46002243F8042B75
:10B448009A45FBD808F1140808EB860B04F114039D
:10B45800D8451A4603EB85055FD22B1B153B23F015
:10B46800030304331534A54238BF0423CDE902A7EA
:10B47800AC461F46924605E0090C29D1C34509F19F
:10B48800040948D958F8041B8DB2002DF4D056464B
:10B498004C46002356F8041B22681FFA81FE90B21E
:10B4A800090C05FB0E00120C034405FB012202EBFC
:10B4B80013429BB243EA0243B44544F8043B4FEAC3
:10B4C8001243E7D849F8073058F8041C090CD5D0BE
:10B4D800D9F8003050461A464C4600260588120C0A
:10B4E80001FB052216449BB243EA064344F8043B99
:10B4F80050F8045B22682D0C93B201FB053303EB73
:10B50800164384454FEA1346E8D8C34549F807303F
:10B5180009F10409B6D8DDE902A7002F02DC05E02D
:10B52800013F03D05AF8043D002BF9D0019B18467F
:10B538001F6105B0BDE8F08F034B0448019A4FF432
:10B54800B17100F0B5FD00BFAC0500202C0700204C
:10B5580012F003032DE9F0411446064632D10D4698
:10B56800A41020D0D6F84080B8F1000F33D0E307FC
:10B578004FF0000707D4641015D0D8F80000A8B120
:10B588008046E307F7D5424629463046FFF732FFA3
:10B59800B5B16968736C641053F821202A6043F8C8
:10B5A80021500546E9D12846BDE8F081424641468A
:10B5B8003046FFF71FFFC8F8000007608046E0E745
:10B5C8000546D8E7013B0F4A52F823200023FFF72E
:10B5D800E9FD0546C4E701213046FFF7B3FD804683
:10B5E80040B1012340F27122C0E9043200233064E3
:10B5F8000360BCE7044B0548424640F2451100F0A1
:10B6080057FD00BF880C0020AC0500202C07002047
:10B618002DE9F0470D4614462F69AB68496807EBDA
:10B6280062177E1C9E4280464FEA621904DD5B0069
:10B638009E4201F10101FADC4046FFF783FD844692
:10B64800002852D0B9F1000F00F114020EDD09F103
:10B6580005014FEA810E134600EB8101002043F8F3
:10B66800040B8B42FBD1AEF114031A44296905F18E
:10B67800140314F01F0E03EB81012ED0CEF1200924
:10B6880010464FF0000A1C6804FA0EF444EA0A0453
:10B6980040F8044B53F8044B994224FA09FAF2D8BB
:10B6A8004B1B153B23F00303043305F115008142BE
:10B6B80038BF0423BAF1000F18BF374642F803A079
:10B6C800D8F844306A68CCF8107053F82210296012
:10B6D800604643F82250BDE8F087043A53F8040B5B
:10B6E80042F8040F9942F9D8EAE7034B0348624647
:10B6F8004FF4EF7100F0DCFCAC0500202C070020B3
:10B708000B6984460069C01A16D10CF1140C143167
:10B718000CEB830210B401EB830301E0944508D2DB
:10B7280052F8044D53F8041D8C42F7D005D24FF05F
:10B73800FF305DF8044B7047704701205DF8044BFB
:10B74800704700BF2DE9F84F0F691369FF1A002FE2
:10B758000E4690467FD101F11405143202EB8302A4
:10B7680005EB830301E09D4278D253F8041D52F89B
:10B77800044DA142F7D069D37168FFF7E3FC814615
:10B78800002877D03569D8F81020C76008F1140E62
:10B7980006F1140009F1140A06F110010EEB8202F9
:10B7A80000EB850756464FF0000C5EF8044B51F845
:10B7B80004BFA3B21CFA8BFCACEB03034FEA144C96
:10B7C800CCEB1B4C0CEB234C9BB243EA0C4372456D
:10B7D80046F8043B4FEA2C4CE7D8A2EB0801153990
:10B7E80008F11508424521F0030404F1040438BFA8
:10B7F8000424204421F0030238BF00228742524427
:10B80800544418D92646014651F8043B1CFA83FCD7
:10B818004FEA2C4202EB13421FFA8CFC4CEA02431B
:10B828008F4246F8043B4FEA224CEDD8013F3F1ABD
:10B8380027F00307E21923B952F8043D013D002B14
:10B84800FAD0C9F810504846BDE8F88F33460127AA
:10B858004646984690E7F9DB00278DE70021FFF779
:10B8680071FC814668B101220023C9E904234846D6
:10B87800BDE8F88F064B07484A4640F2452100F0DC
:10B8880017FC034B03484A4640F2372100F010FCEE
:10B89800AC0500202C07002082B08DED000B164B64
:10B8A800019A1340A3F15073002B06DD00221946BC
:10B8B800104641EC100B02B070475B42B3F1A07F19
:10B8C8004FEA235209DA4FF40023134100221946A4
:10B8D800104641EC100B02B07047A2F114031E2B66
:10B8E800DABF4FF00042DA40012200231946104621
:10B8F80041EC100B02B070470000F07FF8B5046906
:10B9080000F1140606EB8404271F54F8045C28464B
:10B91800FFF7F2FCC0F120030A280B601BDDBE42D2
:10B928000BD20B3854F8081C2ED145F07F5343F442
:10B9380040130A4643EC102BF8BDB0F10B01F4D0CC
:10B9480005FA01F141F07F53002143F440130A4600
:10B9580043EC102BF8BDC0F10B0C25FA0CF1BE42DC
:10B9680041F07F5338BF54F8081C00F1150034BF6C
:10B9780021FA0CF1002105FA00F0014343F44013C9
:10B988000A4643EC102BF8BDC0F1200C854021FA83
:10B998000CF345EA0307A4F10805AE4201FA00F1E9
:10B9A8003CBF54F80C0C20FA0CF047F07F5338BF1A
:10B9B800014343F440130A4643EC102BF8BD00BF83
:10B9C8002DE9F043884683B0012157EC106B1546EA
:10B9D800FFF7B8FB0446002851D0C7F30A59C7F34C
:10B9E8001303B9F1000F01D043F48013002E019323
:10B9F80018D101A8FFF7A0FC019A6261012200F1A9
:10BA080020032261B9F1000F25D0A9F2334909EBCF
:10BA180003022046C3F13503C8F800202B6003B0A9
:10BA2800BDE8F08368460096FFF786FC034610B32E
:10BA3800DDE90002C3F1200102FA01F10143DA4015
:10BA480061610192002AA26114BF022201222261CF
:10BA5800B9F1000FD9D1A3F23243C8F8003004EB92
:10BA680082031869FFF748FCC0EB421320462B609D
:10BA780003B0BDE8F083009A6261019AE2E7034BE4
:10BA88000348224640F20F3100F012FBAC050020BB
:10BA98002C070020F0B583B00E4669460746FFF72D
:10BAA8002DFF01A9304655EC104BB0EE407BFFF757
:10BAB80025FF33693A69D21ADDE900315B1A03EBD5
:10BAC8004213002B09DD17EE902A02EB035545ECD3
:10BAD800174B87EE000B03B0F0BD10EE902A51EC27
:10BAE800100BC3EB033302EB035141EC100B87EE51
:10BAF800000B03B0F0BD00BF0139491101F1010C81
:10BB0800116902F1140303EB81018B4200EB8C0CE9
:10BB180017D210B5A0F1040E53F8044B4EF8044F99
:10BB28009942F9D88A1AA2F1150323F003030433C2
:10BB38001844844504D9002340F8043B8445FBD8C5
:10BB480010BD844505D9002340F8043B8445FBD843
:10BB58007047704703694A11934200F1140009DAEB
:10BB680000EB830302E053F8042DC2B98342FAD8EC
:10BB78000020704710DD11F01F010DD010B450F8EF
:10BB8800224000EB820324FA01F28A4094420CD04E
:10BB980001205DF8044B704700EB8203E6E70120C3
:10BBA800704753F8042D002AF2D18342F9D80020B7
:10BBB8005DF8044B704700BF70B500294BD00646AE
:10BBC8000C4610B1436B002B48D0636ED80734D5B0
:10BBD800B4F90C30002B3ED02146304600F050F826
:10BBE800E36A054633B1E169304698470028B8BF93
:10BBF8004FF0FF35A3891A063CD4216B41B104F1FB
:10BC08004003994202D03046FCF7CCFF002323635F
:10BC1800616C21B13046FCF7C5FF00236364FCF773
:10BC2800C9FA636E0022DB07A2811FD5A06DFCF75D
:10BC380099FEFCF7C5FA284670BDA3899905CBD4AF
:10BC4800A06DFCF791FEB4F90C30002BC4D1656EE1
:10BC580015F0010505D00025284670BDFCF78CFAC3
:10BC6800B3E7A06DFCF782FE284670BDA06DFCF717
:10BC78007DFEDBE721693046FCF794FFBDE700BF96
:10BC8800B1F90C202DE9F0410C461107804647D444
:10BC9800636842F40062002BA2815EDDA56A002D74
:10BCA80058D00023D8F80060C8F8003093B212F4D6
:10BCB800805256D10123E1694046A847431C67D00A
:10BCC800A389A56A5F0705D56368C01A236B0BB102
:10BCD800E36BC01AE169024600234046A847411CAD
:10BCE80041D1D8F80030002B3DD01D2B01D0162BA8
:10BCF80056D1A3892269226023F400630021616080
:10BD0800A381216BC8F8006021B304F14003994274
:10BD180002D04046FCF746FF00202063BDE8F081D2
:10BD28002669BEB193B2256826609A070CBF63697D
:10BD38000023AD1BA3600BE02B463246E169676A1E
:10BD48004046B847B0F1000CA5EB0C05664417DD7A
:10BD5800002DF1DC0020BDE8F081E36B002B9DDCB9
:10BD6800F8E7206DAEE7B4F90C302269226023F4BD
:10BD78000063A3810022DB046260C2D52065C0E7AE
:10BD8800A38943F040034FF0FF30A381BDE8F08161
:10BD9800D8F80030002B93D01D2B06D0162B04D0DA
:10BDA800A38943F04003A381D5E7C8F80060D1E731
:10BDB80038B50C46054608B1436B03B3B4F90C001B
:10BDC80088B1636EDB0701D481050FD5284621466B
:10BDD800FFF756FF636EDA07054602D4A3899B0571
:10BDE80008D5284638BD0546284638BDA06DFCF75D
:10BDF800BBFDEBE7A06DFCF7B9FD284638BDFCF7A5
:10BE0800BBF9DBE710B50C46B1F90E1000F07AF873
:10BE1800002803DB236D0344236510BDA38923F4A5
:10BE28008053A38110BD00BF2DE9F0410C46B1F944
:10BE38000C101F46CB05054616460BD421F480513D
:10BE4800A1813B46B4F90E1032462846BDE8F041C0
:10BE5800FCF77ABBB4F90E100223002200F03CF87C
:10BE6800B4F90C10EAE700BF10B50C46B1F90E1092
:10BE780000F032F8A389421C0EBF23F4805343F428
:10BE880080532065A38110BDB1F90E1000F012B8DF
:10BE980049B1FF2A02D80A70012070478A2303603B
:10BEA8004FF0FF3070470846704700BF00487047A2
:10BEB8008010002038B5074D0022044608462A6045
:10BEC800F9F746FA431C00D038BD2B68002BFBD08D
:10BED800236038BD1425002038B50C46084D84462B
:10BEE800114620461A4600232B606446F9F73CFAAF
:10BEF800431C00D038BD2B68002BFBD0236038BD15
:10BF08001425002038B50C46084D844611462046B5
:10BF18001A4600232B606446F9F718FA431C00D030
:10BF280038BD2B68002BFBD0236038BD14250020BA
:10BF380001F0FF01102A2BDB10F0070F08D010F8D2
:10BF4800013B013A8B422DD010F0070F42B3F6D1D6
:10BF5800F0B441EA012141EA014122F007047FF0EF
:10BF680000070023F0E80256083C85EA010586EA46
:10BF7800010685FA47F5A3FA87F586FA47F6A5FA82
:10BF880087F68EB9EED1F0BC01F0FF0102F007028E
:10BF980032B110F8013B013A83EA010313B1F8D139
:10BFA8000020704701387047002D06BF354603381A
:10BFB800073815F0010F07D1013015F4807F02BF53
:10BFC800013015F4C03F0130F0BC0138704700BFA4
:10BFD80070B5054684B05BB11C4669B10E4B284666
:10BFE800D3F8E0602346B047431C0FD004B070BDBF
:10BFF80000F582740029F1D1074A2346D2F8E0609F
:10C0080028460A4601A9B047431CEFD100228A23DB
:10C0180022602B6004B070BD900F002010B582B074
:10C02800049CCDE900344FF0FF3302F06BFB02B003
:10C0380010BD00BF0000000030B482B08DED000BD1
:10C04800019A194C22F000430021A342016021DC2F
:10C05800009C1C431ED0154C144054B99FED107B16
:10C0680020EE077B8DED007B019A6FF0350122F001
:10C07800004322F0FF42DDE9004522F4E00242F0ED
:10C088007F551B1545F40015A3F2FE33CDE9004595
:10C098000B4403609DED000B02B030BC704700BF3D
:10C0A8000000000000005043FFFFEF7F0000F07F1A
:10C0B80000B50B4C25681446EE681A4685B0034651
:10C0C8000D464CB107490095CDE9011430460649A3
:10C0D80000F054FFF9F74CF904490C46F3E700BFA8
:10C0E800181500206C0500207C050020A403002002
:10C0F80038B5A1FB02148CBBFAF79AFA0546E0B1F1
:10C1080050F8042C22F00302043A242A17D8132AE0
:10C118001AD91B2AC0E900441DD9242A14BF00F1EA
:10C12800100200F118024FF00003C0E9024404BFF6
:10C1380004614461C2E900339360284638BD214652
:10C14800FCF7E4F8284638BD02460023C2E900336C
:10C158009360284638BD00F10802F6E7FCF70AFAB2
:10C168000C2300250360E8E72DE9F04F03690C690B
:10C17800A34283B0C0F28780013C01F11405A300FB
:10C1880000F11408009355F8243058F8242001339E
:10C1980081469A4208EB840005EB84070190B2FBC4
:10C1A800F3F63BD34FF0000CAE464046E2466346FA
:10C1B8005EF804BB02681FFA8BFC06FB0C334FEADF
:10C1C800134C4FEA1B4B06FB0BCC9BB2AAEB0303A9
:10C1D8001FFA8CFA13FA82F3CAEB124202EB2342DB
:10C1E8009BB243EA0243774540F8043B4FEA224AB0
:10C1F8004FEA1C43DCD2009B58F8033073B9019B0B
:10C20800043B984504D307E0984504F1FF3403D272
:10C2180053F80429002AF7D0C9F810404846FFF718
:10C228006FFA00282BDB01364146002355F8040B32
:10C23800D1F800C082B29A1A030C12FA8CF2C3EB3E
:10C248001C4303EB224392B242EA0342AF4241F855
:10C25800042B4FEA2343E9D258F8242008EB84033F
:10C268006AB9043B984504D307E0984504F1FF34C4
:10C2780003D253F80429002AF7D0C9F810403046F1
:10C2880003B0BDE8F08F002003B0BDE8F08F00BF19
:10C298002DE9F04F2DED028B8FB08DED020B019142
:10C2A800816B1A9D059357EC106B0446934641B178
:10C2B800C26B4A60012393408B60FEF769FF00233D
:10C2C800A363B7F10008B4BF012300232B60BE4B62
:10C2D800BCBF28F00048CDF80C8033EA080300F012
:10C2E8009F809DED028BB5EE408BF1EE10FA11D1D7
:10C2F800059A012313601B9B002B00F03F82B34B70
:10C308001B9A1360013B009300980FB0BDEC028BA1
:10C31800BDE8F08F0CAA0DA92046B0EE480BFFF738
:10C328004FFB5FEA1853054640F09280DDE90C1395
:10C338000B4403F23242202A40F3FA82C2F140024F
:10C3480008FA02F803F21242D64048EA060207EE5B
:10C35800102AB8EE477B581E17EE906A53EC172B3D
:10C368004FF0010AA6F1F8739FED913B9FED927B88
:10C378009FED935B06EE900A43EC122BB8EEE64B6A
:10C38800B7EE086B32EE466BA6EE037BA4EE057B98
:10C39800FDEEC76BB5EEC07BF1EE10FA16EE907AA3
:10C3A80008D5B8EEE66BB4EE476BF1EE10FA18BF9D
:10C3B80007F1FF37162F00F24581854B03EBC703C2
:10C3C80093ED007BB4EEC78BF1EE10FA57D5091A3E
:10C3D8000023B1F1010807F1FF370A9300F1398111
:10C3E80000230693002F52DA069B0497DB1B069363
:10C3F8007B420893019B092B4FF000074ED8052B71
:10C4080040F39D82043B01930026019B9A1E032A58
:10C4180000F22581DFE812F0AA03A7039D037E033B
:10C42800059AC8F3130842F20F7358EA0608136016
:10C438001ED11B9B002B00F09185664B009308339F
:10C448001B9A009813600FB0BDEC028BBDE8F08F0B
:10C4580018EE906AC6F31306A3F2FF3053EC182BBC
:10C4680046F07F530C994FF0000A43F440137BE7E2
:10C478001B9B002B40F03B83574B009344E7091A62
:10C488000023B1F101080A9300F1E3800693002329
:10C498000893019B0497092BB844B0D900230126BF
:10C4A800019307964FF0FF399B460021E163CDF8D1
:10C4B8002C902046FEF746FE0090002800F04085AC
:10C4C800009BA363B9F10E0F00F2DC80002E00F090
:10C4D800D980049B002B40F3DE833D4A03F00F0113
:10C4E80002EBC10292ED007B1A11DB0540F1828359
:10C4F8003A4991ED086B02F00F02032088EE065BC3
:10C508005AB13649D60704D591ED006B013027EEB4
:10C51800067B521001F10801F4D185EE076B0A9BE6
:10C528003BB1B7EE007BB4EEC76BF1EE10FA00F149
:10C53800AE8407EE900AB8EEE75BB1EE0C7BA5EE91
:10C54800067B17EE902A51EC170BA2F15071B9F146
:10C55800000F00F08883049E4A46079B002B00F0DA
:10C568004784B6EE003B1A4BFDEEC64B03EBC20CFC
:10C57800B8EEE47B36EE477B1CED026B83EE065B80
:10C5880041EC160B14EE900A35EE465B0099B4EEBA
:10C59800C75B3030F1EE10FA01F8010B00F3AC8400
:10C5A800B7EE002BB2EE044B4FF0000C31E000BFA9
:10C5B80061436F63A787D23FB3C8608B288AC63FA1
:10C5C800FB799F501344D33F0000F07F55090020AA
:10C5D800A802002094080020A00800208002002063
:10C5E8000CF1010C94454DDA27EE047B25EE045B33
:10C5F800FDEEC76B16EE903AB8EEE63B303337EEF9
:10C60800437BB4EEC57BF1EE10FA01F8013B00F173
:10C61800738432EE476BB4EEC56BF1EE10FADFD5DA
:10C62800009A049602E08A4200F05084894611F884
:10C63800013D392BF7D00133DBB20B70049B01337A
:10C64800049355E1091A0123B1F101080A937FF512
:10C65800C7AEC1F1010306934FF00008C2E60026F9
:10C66800E66331462046FEF76DFD0090002800F095
:10C678006784009BA3634FF0FF330B939946012314
:10C68800B34607930D9A002A55DB04990E2952DC0C
:10C69800B74BBBF1000F03EBC10393ED006B15DA49
:10C6A800B9F1000F12DC40F0F282B1EE047B26EE05
:10C6B800077BB4EEC78BF1EE10FACA464E4600F27D
:10C6C8006D82DDF800806FEA0B0B70E288EE067B66
:10C6D800BDEEC77B009917EE103AB9F1010F03F1CF
:10C6E8003003B8EEC75B01F8013BA5EE468B00F0BE
:10C6F8003483B2EE044B012311E088EE067BBDEED5
:10C70800C77B013317EE102A4B4502F13002B8EE11
:10C71800C75B01F8012BA5EE468B00F01E8328EEBF
:10C72800048BB5EE408BF1EE10FAE6D1049B013391
:10C7380004938946DCE0079B43B3019B012B40F33C
:10C748007682089B09F1FF3A534580F23F82089BA5
:10C75800CDF820A0AAEB030217444FF0000AB9F164
:10C76800000FC0F22583069B09934B44C8440693E7
:10C7780001212046FEF710FE06460CE07D4B009393
:10C7880000980FB0BDEC028BBDE8F08F069BDDF87A
:10C7980020A0079E0993099B6BB1B8F1000F0ADD31
:10C7A800434506991A46A8BF4246891A9B1A06911C
:10C7B8000993A8EB0208089B63B1079B002B00F0C4
:10C7C800A782BAF1000F00F30482089BB3EB0A02B8
:10C7D80040F0FF8201212046FEF7DEFD002F824651
:10C7E80000F3AF80019B012B40F38781002308935E
:10C7F8000120002F40F0B180404410F01F0000F0ED
:10C808007A81C0F12002042A00F3888040F0F68182
:10C81800069B002B05DD29461A462046FEF7F8FE42
:10C828000546B8F1000F05DD514642462046FEF7A1
:10C83800EFFE82460A9B002B40F03F81B9F1000FC2
:10C8480040F32581079B002B40F0A380049B013314
:10C858000493DDF80080012707E0294600230A2217
:10C868002046FEF79FFC0137054651462846FFF74C
:10C878007BFCB94500F1300008F8010BEDDCB9F19B
:10C88800000F009ACCBFCB464FF0010B03469344F0
:10C8980000272946012220460193FEF7B9FE51469A
:10C8A8000546FEF72DFF002840F3AF811BF8013C39
:10C8B800009A0BF1FF3B04E05A4500F0B1811BF8E8
:10C8C800013D392B0BF10109F6D001338BF800300B
:10C8D80051462046FEF75CFC56B12FB1B74203D053
:10C8E80039462046FEF754FC31462046FEF750FCF8
:10C8F80029462046FEF74CFC002389F80030DDE984
:10C9080004231A601B9B002B3FF4FEAC0098C3F86D
:10C9180000900FB0BDEC028BBDE8F08FC0F11C0099
:10C92800069B03440693099B0344099380446FE7DD
:10C93800C2F1200206FA02F207EE102A09E50126E2
:10C9480063E501463A462046FEF702FE019B012BAD
:10C95800824640F3C58100230893DAF810200AEBD9
:10C9680082021069FEF7C8FCC0F1200044E700BF4E
:10C97800A802002054090020314600230A2220463C
:10C98800FEF710FC0B9B002B064640F3CE82049763
:10C998009946099B002B05DD31461A462046FEF7CD
:10C9A80037FE0646089B002B40F0EB81B046029B01
:10C9B800009F03F001027B1E4B440893019B0A92DF
:10C9C8001343099351462846FFF7CEFB3146834669
:10C9D8002846FEF795FE4246514681462046FEF718
:10C9E800B1FEC26801460BF13003002A42D1CDE9FD
:10C9F80006032846FEF784FE069902902046FEF7B5
:10CA0800C7FB029A079B1AB90999002900F07E8290
:10CA1800B9F1000FC0F28381019949EA01090A9925
:10CA280051EA090900F07B81002A00F3C681089ABF
:10CA38003B7007F101099742CB4600F0C4812946B3
:10CA480000230A222046FEF7ADFB4645054631463F
:10CA58004FF000034FF00A02204612D0FEF7A2FB67
:10CA68004146064600230A222046FEF79BFB4F4616
:10CA78008046A7E720460293FEF78AFB029B012225
:10CA8800C6E7FEF78FFB4F46064680469AE7019BAE
:10CA9800022B71DC079B002B7FF47BAF049B514674
:10CAA800013328460493FFF75FFBDDF800B000F17F
:10CAB80030030BF8013B0027EBE651462846FEF70A
:10CAC8001FFE0028BFF6BAAE294600230A222046D8
:10CAD800FEF768FB049B5F1E079B0546002B7FF44F
:10CAE8004BAF0B9B002B40F318829946B1E6BC4B29
:10CAF80000930333A4E41C2012E7DDE902010028B7
:10CB08007FF474AEC1F31302002A00F0F480029B94
:10CB180008936DE601230793049B5B4403F1010925
:10CB2800B9F1010FCC460B93B8BF4FF0010C0021AF
:10CB3800BCF1170FE1637FF7BCAC0120042252005F
:10CB480002F114036345014600F10100F7D9E163DE
:10CB5800AFE401230793BBF1000F52DDCDF82CB0F1
:10CB6800D946DC46E3E700230793D5E7002307937C
:10CB7800F1E7DDF82C900497B9F1000F7FF4A1AD2F
:10CB880051464B4605222046FEF70CFB01468246DD
:10CB98002846FEF7B5FD00287FF793AD049B03F107
:10CBA800010B009B3122984603F8012B0093514654
:10CBB8002046FEF7EDFA0BF10103DDF8009004932F
:10CBC800CDF80080002E7FF48FAE91E6A3EB0A0A21
:10CBD800C5E5314652462046FEF7BAFC2A460146CC
:10CBE80006462046FEF706FC294605462046FEF77F
:10CBF800CFFAEAE50220B0EE485B81E4C0F13C00E0
:10CC08008EE64FF0010BD9464FE403D1019BDB07B9
:10CC18003FF54CAED9461BF8013D302BFAD057E60C
:10CC2800049B009A013304933123137050E6BAF140
:10CC3800000F00F0238102F23342069B099313444C
:10CC4800DDF820A00693904492E507EE900AB1EE35
:10CC58000C5BB8EEE77BA6EE075B15EE902A51EC6D
:10CC6800150BA2F1507141EC150BB1EE047B36EEB9
:10CC7800477BB4EEC57BF1EE10FA00F33781B1EED5
:10CC8800455BB4EEC57BF1EE10FA7FF5FBAC4FF0D7
:10CC9800000A564615E500F0F580049B51495A42B2
:10CCA80002F00F0001EBC00191ED006B121128EEAC
:10CCB800066B00F04281B0EE467B4B49002602200D
:10CCC800D30705D591ED005B0130012627EE057BE2
:10CCD800521001F10801F3D1002E06FE076B1EE485
:10CCE800029B002B7FF437AEDDE90201C1F313028A
:10CCF800002A40F037813D4A0A40002A00F0FA80B5
:10CD0800069B01330693012308F1010808936FE598
:10CD18002946089A2046FEF71BFC05465AE5002AD4
:10CD280012DD2946012220460193FEF771FC514687
:10CD38000546FEF7E5FC0028019B40F3E180392B0E
:10CD480000F0CA800BF13103B94609F8013B049B96
:10CD58000133374604934646BAE538EE088BB4EEFD
:10CD6800C68BF1EE10FA0ADCB4EE468BF1EE10FA3F
:10CD78007FF4DCAC17EE103AD8077FF5D7AC009AF1
:10CD880054E471682046FEF7DDF90746002800F0F4
:10CD9800DE80336902339A0006F10C010C30F7F794
:10CDA800B3FF394601222046FEF732FC8046FEE5F5
:10CDB800069BA3EB09030993DAE4392B00F08C8076
:10CDC800B9460133C1E7049A013237460492464610
:10CDD8005FE529462046FEF7BBFB0546FAE400BF9F
:10CDE800A0080020A8020020800200200000F07F98
:10CDF8005E4BFDEEC65B03EBC20C1CED023BB8EECE
:10CE0800E57B36EE477B41EC160B15EE901A23EEC8
:10CE1800063B00983031012A00F8011B00F083809E
:10CE2800B2EE044B009B991827EE047BFDEEC76B0E
:10CE380016EE903A303300F8013B8142B8EEE65BDB
:10CE480037EE457BF0D1B6EE006B33EE065BB4EE01
:10CE5800C75BF1EE10FA3FF5E3AB36EE436BB4EE89
:10CE6800C76BF1EE10FA7FF70DAC8946013919F856
:10CE7800013C302BF9D0731C049339E50C9AC2F1AC
:10CE88003602DAE60220B0EE486BFFF748BBB9F18C
:10CE9800000F3FF4DAAE0B9A002A7FF7F3ABB2EE3D
:10CEA800044B26EE046B013007EE900A049BB8EEA3
:10CEB800E75BB1EE0C7BA6EE057B17EE90CA51EC52
:10CEC800170B5E1EACF15071FFF747BB049B013393
:10CED80004933123FFF7B1BB049BBB460133049392
:10CEE800392337460BF8013B4646E1E44FF0000A88
:10CEF800564653E608927BE4731C04938946F7E48C
:10CF08007FF422AFDA077FF51FAF18E7392BE3D09C
:10CF1800B9F1000F3FF716AF16E7019B022B3FF759
:10CF280028AE0497BAE501468DE7019B022B3FF72F
:10CF380020AEDDF82C9004972BE50220FFF7EFBA1E
:10CF48000B4B0C48002240F2AF11FFF7B1F8084B29
:10CF580008483A4640F2EF21FFF7AAF8064B00933B
:10CF6800FFF7D2B9029B0893F7E400BFA80200209C
:10CF7800AC050020A4080020940800200EB410B5C9
:10CF880083B005AB064C53F8042B01930146206887
:10CF980000F0C4F803B0BDE8104003B0704700BF0C
:10CFA800181500202DE9F04F9368176883B0924652
:10CFB800002B70D081468A6808680C46083743E021
:10CFC800A38913F4906F2ED0D4E90416A0EB0108BE
:10CFD80006EB460606EBD67608F1010076102844E3
:10CFE800B042324684BF064632465B0537D5114605
:10CFF8004846F9F71DFB019000283AD042462169BE
:10D00800F7F782FEA289019B22F4906242F0800227
:10D01800A281A6EB080203EB08006661A260236107
:10D0280020602E46A84642465946FBF7F3F8DAF840
:10D038000830A2682068921B40445B1BA2602060F5
:10D04800CAF808303BB3083757E902B5002DFAD0C3
:10D05800AA4216469046B3D92E46A846E3E7484664
:10D06800F9F7AEFD03460028D3D121694846FBF7FE
:10D0780099FDA3890C2243F04003C9F800204FF022
:10D08800FF30A38100220023CAF80820CAF8043020
:10D0980003B0BDE8F08F00200023CAF8043003B0C5
:10D0A800BDE8F08F2DE9F84F4B6E9C0490462DD5C6
:10D0B8009368126843B38B46064602F1080959E99A
:10D0C800025A5FEA9A0715D0043D002401E0A742FE
:10D0D8000ED055F8041F5A46304601F05BFA431C3F
:10D0E80004F10104F3D10023C8E90133BDE8F88F46
:10D0F800D8F808302AF0030AA3EB0A03C8F8083066
:10D1080009F10809002BDAD10020ECE701F00CF84E
:10D118000023C8E90133BDE8F88F00BF2DE9F04FBF
:10D128002DED028BC5B00DF1500A834608EE101A9A
:10D1380016460021082250461C460793FBF7E6F8DE
:10D14800BBF1000F04D0DBF83430002B00F0A086D0
:10D1580018EE102A536EDB0740F11385B2F90C1054
:10D168008AB295040BD418EE103A41F40051998113
:10D178005B6E8AB218EE101A23F400534B66100740
:10D1880040F1058118EE103A1B69002B00F0FF8072
:10D1980002F01A030A2B00F00A810023CDE91933A3
:10D1A800CDE90D331BAA0C93189291460B93059366
:10D1B800B0464446A84BD3F8E450FBF7A7F92246FB
:10D1C800034612A9CDF800A05846A847002800F049
:10D1D8004581C0F23981129A252A034601D01C44A0
:10D1E800E8E7B4EB0806054640F03C810023617887
:10D1F8008DF8433004F1010806934FF0FF371E46BF
:10D208002B2408F10108A1F120035A2B00F27881A0
:10D21800DFE813F0B50276017601B00276017601F7
:10D2280076016A00760176017D028D027601880218
:10D238009702760192025B005B005B005B005B007B
:10D248005B005B005B005B0076017601760176018E
:10D25800760176017601760176015C02840076011A
:10D2680076017601760176017601760176017601FE
:10D278007601E80076017601760133027601DA025A
:10D28800760176018B0576017601760176017601C5
:10D29800760176017601760176015C0286007601D8
:10D2A80076017601CD0286007F007601C002760104
:10D2B800FD02EA00ED027F00760133027C00690579
:10D2C800760176016B0576017C00A1F1300300221E
:10D2D80018F8011B02EB820203EB4202A1F13003B2
:10D2E800092BF5D906928EE75846FEF7DFFD43680D
:10D2F8000D931846FBF744FB0E9005465846FEF77B
:10D30800D5FD83680B93002D40F0D68498F8001063
:10D3180077E798F8001046F0200672E746F0100606
:10D32800B40640F18E81079B073323F007031A46A2
:10D33800596852F8083B07920A460029C0F27084DF
:10D34800791C00F0A28526F08001039153EA0201BE
:10D3580000F03F840A2B72F1000180F041853033E0
:10D368008DF80F31039E012304930DF20F14049BD3
:10D37800BB42B8BF3B460393002308939DF8433054
:10D38800002B00F0CB80039B01330393C6E018EE1B
:10D39800101A584618EE105A01F040F8002840F0CC
:10D3A8005286AA8902F01A030A2B7FF4F6AE18EE09
:10D3B800101AB1F90E30002BFFF6EFAE4B6EDB07FB
:10D3C80002D4970540F1128618EE101A2346324609
:10D3D800584600F069FE0590059845B0BDEC028BF3
:10D3E800BDE8F08F46F0100616F0200200F03681F6
:10D3F800079B073323F0070319465A6851F8083B7F
:10D40800079126F480610391002100208DF84300E4
:10D41800781C00F01082039820F0800653EA02007E
:10D4280040F00882002F40F03885002940F0D5836D
:10D43800039B13F00103049300F0118430238DF84B
:10D448000F310DF20F1492E7082200215046FAF727
:10D458005DFF01231C44ADE6900F0020B4EB0806E5
:10D4680005461BD0199B1A9A01333244072BC9E988
:10D4780000861A9219931CDD002A00F0A68318EE84
:10D48800101A18AA5846FFF70DFE20BB0DF16C09BB
:10D49800059B33440593002D7FF4A8AE1A9B002BFF
:10D4A80040F0C18518EE103A0022B3F90C301992F9
:10D4B80015E009F10809EBE718EE101A18AA584602
:10D4C800FFF7F0FD002800F0A680089B1BB1089923
:10D4D8005846FBF767FB18EE103AB3F90C3018EE14
:10D4E800102A526E12F0010F9AB200F0A080500676
:10D4F80000F1B285059845B0BDEC028BBDE8F08F10
:10D508000029CBD000238DF843300123CDE9033324
:10D518008DF8AC102BAC002308931F4616F00203BD
:10D52800099302D0039B0233039316F084030A93F2
:10D5380005D1069B039A9D1A002D00F37B82DDE935
:10D548001903411C9DF8432082B101220133C9F817
:10D55800042007290DF14302CDE91913C9F8002069
:10D5680000F34A82084609F108090131099AE2B133
:10D5780011AA0233C9F8002007294FF00202CDE9A9
:10D588001913C9F8042040F35082002B00F043839C
:10D5980018EE101A18AA5846FFF784FD002894D1EF
:10D5A800DDE919030DF16C09411C0A9A802A00F083
:10D5B8008481049ABD1A002D00F3D781049AC9F812
:10D5C800004013440729CDE91913C9F8042040F392
:10D5D8006E81002B00F0758218EE101A18AA5846B2
:10D5E800FFF760FD00287FF470AF1A9B0DF16C09FE
:10D5F800750705D5069A0399541A002C00F36B8217
:10D60800DDE9052103988142ACBF52181218059232
:10D61800002B7FF451AF089900231993002900F0DB
:10D6280049815846FBF7BEFA0DF16C09C1E59C0526
:10D638003FF55DAF18EE104AA06DFBF797F9A28988
:10D6480055E7F006079A00F11F83710640F1198328
:10D6580032F9043B0792DA1711466EE616F010030A
:10D66800079940F0098316F0400000F001831A463C
:10D6780051F8043B07919BB2C3E6079B1A46002367
:10D688008DF84330134653F8044B0393002C00F0F5
:10D698001284532900F0658316F0100540F0618369
:10D6A8007B1C00F0B3843A4629462046FEF740FC2E
:10D6B8000890002800F09F84031B039A049323EA30
:10D6C800E3732F4607920393089557E6432902D040
:10D6D800F50640F12D83079D0822002116A82BACE2
:10D6E800FAF714FE16AB55F8042B21465846FEF7F8
:10D6F8006FFC03460133049000F0B384049B079544
:10D7080023EAE373039300238DF8433003E7079B71
:10D7180053F8042B0692002A80F29C82069A524201
:10D72800CDE9062398F8001046F0040669E598F854
:10D7380000108DF8434064E598F8001046F0800624
:10D748005FE5424612F8011B2A2900F09684A1F1F0
:10D758003003092B90464FF000073FF654AD18F8F8
:10D76800011B07EB870703EB4707A1F13003092BE0
:10D77800F5D948E598F8001046F0010641E59DF80E
:10D788004330002B7FF4C2AD202398F800108DF8A9
:10D79800433036E598F800106C2903BF98F801105B
:10D7A80046F0200608F1010846F0100629E598F829
:10D7B8000010682903BF98F8011046F4007608F1B4
:10D7C800010846F040061CE546F010030393039B4E
:10D7D80013F0200200F00682079B073323F00703AB
:10D7E80019465A6851F8083B079101210DE6079A36
:10D7F80046F00203039352F8043B079247F63002BF
:10D80800ADF84420B84A0C9202210022FDE5B70683
:10D8180000F14882F50600F14683740600F1D583CD
:10D82800B00540F14083079B059953F8042B0793F3
:10D838001170BEE4039601293FF48CAD022944AC73
:10D8480011D10C9803F00F011B09415C04F8011D6C
:10D8580043EA0273120953EA0201F3D1039E44AB6F
:10D868001B1B049383E503F00701DB0843EA4273BB
:10D87800D208303153EA0205204604F8011DF2D1DE
:10D88800039EF307EBD53029E8D03023023804F89B
:10D89800013C44AB1B1A039E0493044667E5049BB2
:10D8A8001B9401221C931A9319920DF16C0909F12A
:10D8B80008099DE60DF16C097BE4069A039D551B4A
:10D8C800002D7FF776AE102D40F3BB83099418EE38
:10D8D800104A07E000F1020C09F108091046103D52
:10D8E800102D1EDD8149C9F80010421C103310218B
:10D8F800072ACDE91923C9F80410EBDD18AA002B73
:10D9080074D0214658460DF16C09FFF7CBFB00286F
:10D918007FF4DBADDDE91903103D102D00F1010C9A
:10D92800E0DC099C714AC9F804502B44BCF1070F8C
:10D93800CDE919C3C9F8002040F39481002B00F009
:10D948001F8318EE101A18AA5846FFF7ABFB0028D9
:10D958007FF4BBAD049ADDE91903BD1A002D00F16F
:10D9680001010DF16C097FF729AE102D29DD09940D
:10D97800102718EE104A07E000F1020C09F1080917
:10D988001046103D102D1ADD421C58491033072A45
:10D99800C9E90017CDE91923EEDD18AA03B321461A
:10D9A80058460DF16C09FFF77DFB00287FF48DAD1B
:10D9B800DDE91903103D102D00F1010CE4DC099C90
:10D9C80061464A4AC9F804502B440729CDE919137E
:10D9D800C9F8002000F3E78009F108090131EDE5F5
:10D9E8004FF0010C18460DF16C09CAE74FF0010C15
:10D9F80018460DF16C0972E7002B00F0048118EE4F
:10DA0800101A18AA5846FFF74DFB00287FF45DADA1
:10DA1800DDE919030DF16C09411CA7E5022311AAE0
:10DA28001C931B9201210DF16C09084609F10809A4
:10DA3800411CBAE5102D40F3E582DDE919130F9476
:10DA4800084618EE104A07E000F1020C09F108092F
:10DA58001046103D102D1DDD2549C9F80010421C47
:10DA680010331021072ACDE91923C9F80410EBDD7A
:10DA780018AA03B3214658460DF16C09FFF712FBAB
:10DA880000287FF422ADDDE91903103D102D00F1C7
:10DA9800010CE1DC0F9C6046154AC9F804502B4480
:10DAA8000728CDE91903C9F8002000F3C18009F15E
:10DAB8000809411C46E518464FF0010C0DF16C09A8
:10DAC800C7E77607199353D5069A0399541A002C79
:10DAD8004EDD0DF16C09102C40F3B082199918EE47
:10DAE800106A10250DE000BF240900200C0E00204C
:10DAF80068090020881C09F108091146103C102CFF
:10DB08001ADD4A1CB3481033072AC9E90005CDE9D4
:10DB18001923EFDD18AA33B331465846FFF7C2FA86
:10DB280000287FF4D2ACDDE91913103C102C01F168
:10DB380001000DF16C09E4DCA64AC9F8044023444D
:10DB48000728CDE91903C9F800207FF759AD7BB143
:10DB580018EE101A18AA5846FFF7A4FA00287FF4FE
:10DB6800B4AC1A9B4CE5012019460DF16C09C5E7C8
:10DB7800DDE9053203998A42ACBF9B185B1805930F
:10DB880049E5B2F90C108F0518EE103A8AB23FF544
:10DB9800E8AA18EE105A986DFAF7E6FEB5F90C10D7
:10DBA8008AB2FFF7DEBA002B3FF479AE18EE101AEE
:10DBB80018AA5846FFF776FA00287FF486AC199918
:10DBC8001A9B01310DF16C09F8E419920DF16C09F9
:10DBD8005EE4002F7FF4C3AB039E0027049744AC98
:10DBE800FFF7C5BB039B13F0100354D1039A12F03F
:10DBF800400000F06B8107991A4651F8043B0791E1
:10DC08009BB2012101E4099A002A64D11846012136
:10DC18000DF16C09C9E4012118460DF16C09C4E441
:10DC28005B4262EB420203962D200121FFF7EEBB17
:10DC3800002B00F0888018EE101A18AA5846FFF733
:10DC480031FA00287FF441ACDDE919030DF16C09C4
:10DC5800411C77E498F800100793FFF7D2BA44AC58
:10DC6800FFF785BB09F108090CF101016046A0E442
:10DC780016F4007240F0978151F8043B0791FFF7C2
:10DC8800C0BBB30500F1888152F8043B0792DA174C
:10DC98001146FFF752BB079951F8043B0791012140
:10DCA800FFF7B3BB079B059853F8041B0793C217EC
:10DCB800C1E90002FFF77DBA0B9B002B3FF426ABAE
:10DCC8000B9B1B78002B3FF421AB98F8001046F40F
:10DCD8008066FFF796BA022311AA1C931B920120B3
:10DCE8000DF16C09A2E6039671E53B4B0C9316F017
:10DCF800200259D0079B073323F0070318465A68B8
:10DD080050F8083B0790F40709D553EA020006D0FB
:10DD18008DF84510302146F002068DF8441026F49F
:10DD2800806103910221FFF770BB2C4B0C93DEE757
:10DD3800079B012153F8042B03918DF8AC2007931E
:10DD480004912BACDFE49DF84320002A40F0328197
:10DD5800099A002A7FF462AE184601210DF16C0978
:10DD680027E40021082216A81394FAF7CFFA791CA1
:10DD780000F0BC80002507942C460CE02BA95846DF
:10DD8800FEF726F9421C204400F06B81B84208DCFB
:10DD980000F070810446139A525916AB0435002AD4
:10DDA800ECD10494079CAFE016F0100307980CD14F
:10DDB80016F0400405D01A4650F8043B07909BB271
:10DDC800A1E716F4007240F0E18050F8043B079098
:10DDD80099E700BF680900202409002038090020BD
:10DDE8000399049744AC9E4608EE90BA01F4806605
:10DDF8004FF0000C234606E0BEF10A0F72F1000254
:10DE080039D3A6462A46A6491EEB020040F1000077
:10DE18000F46A1FB001424F0030101EB9401401A02
:10DE2800BEEB00014FF0CC3562F1000405FB01F5B3
:10DE380007FB0455A1FB07410D44052704F0010128
:10DE4800A1FB071B09186408303103F8011C44EAD8
:10DE5800C5740CF1010C013B6D08002ECCD00B9958
:10DE680009786145C8D1BCF1FF0FC5D0BEF10A0FD2
:10DE780072F100026CD21C4644AB1B1B049F039E2C
:10DE8800049318EE90BAFFF772BA0396FFF762BAD6
:10DE98005846FAF771F9FFF75BB9012903967FF441
:10DEA800CDACFFF75CBA079B059953F8042B1160BA
:10DEB8000793FFF77EB9062F3B46039A794C0792E2
:10DEC80028BF062304930393FFF725BB039B0799F9
:10DED80013F4007214BF51F8043B51F8043B079146
:10DEE8001CBF0246DBB20121FFF78FBA16AB0093C5
:10DEF8000023194613AA5846FEF790F80346013343
:10DF0800049000F0AE801394049B002B30D0632B58
:10DF180063DC002308932BAC0822002116A8FAF72B
:10DF2800F5F9049D16AB009313AA2B4621465846D3
:10DF3800FEF774F8854240F0AB80039B049A079380
:10DF48000023A3541F4622EAE2730393FFF716BA8D
:10DF58000E9A0D999B1A18460893FAF76FFA0B99BF
:10DF6800089B4A780AB101310B914FF0000C48E741
:10DF7800039B0793049B03931F460893FFF7FEB97F
:10DF8800012118460DF16C09FFF713BB50F8043B4B
:10DF980007902246DBB2B6E612F9043B0792DA177D
:10DFA8001146FFF7CAB951F8043B07910246DBB2A4
:10DFB800FFF727BA01231C9301210DF143031B939B
:10DFC8000DF16C090B46FFF7CDBA079B059953F87D
:10DFD800042B07931180FFF7ECB8591C5846F8F743
:10DFE80027FB044600283CD0089095E7886DFAF78F
:10DFF800BDFCFFF7E9B9039B0793CDE90377089FB9
:10E00800FFF7BCB919981A9B013045E5039B0793A4
:10E018002046FAF7B5FC20EAE0732F4604900393F4
:10E028000895FFF7ABB918EE101A18AA5846FFF76B
:10E0380039F800283FF436AAFFF74DBA199801308D
:10E048007AE58C466EE46B6ED90705D4AB899A05E0
:10E0580002D4A86DFAF78AFC4FF0FF330593FFF757
:10E0680049BA18EE102AB2F90C3043F040039381F4
:10E07800FFF735BA079C049746E7079B98F8011005
:10E0880053F8047B0793904647EAE777FFF7B9B858
:10E0980018EE102A938943F040039381FFF715BACD
:10E0A800CDCCCCCC4C09002070B50C468989ADF597
:10E0B8008E6D21F00201ADF81410616E1B91E1899B
:10E0C800ADF81610E1690991616A0B911CA90291DA
:10E0D80006914FF4806106460491079118A8002123
:10E0E800CDE900320891FAF73BFCDDE9003202A9DC
:10E0F8003046FFF713F8051E07DB02A93046FDF787
:10E1080057FE002818BF4FF0FF35BDF814305B06E6
:10E1180003D5A38943F04003A3811898FAF722FC9A
:10E1280028460DF58E6D70BD9368002B00F0858034
:10E138002DE9F04FB1F90C300C461907804683B031
:10E14800174698B225D523691BB310F002033D6822
:10E158002DD04FF0000ADFF8C0B25646B9465E45EA
:10E168003346524628BF5B464046002E52D0E169EE
:10E17800676AB847002856DDD9F808301B1A824468
:10E18800361AC9F80830002BE9D1002003B0BDE8E1
:10E19800F08F2146404600F041F9002840F03881D0
:10E1A800B4F90C303D6898B210F00203D1D110F0E8
:10E1B800010944D14E46009746B38205D4F808B009
:10E1C80040F18580B3455A4600F2B48010F4906F50
:10E1D80040F0C180206801924946FAF71BF8A3680D
:10E1E800019AA3EB0B012368A1601344B246236094
:10E1F8000026009A9368A3EB0A03D1449360002B8E
:10E20800C3D0B4F90C0080B2002ED6D1D5E900965F
:10E218000835D1E7D5E900A60835A0E721464046EC
:10E22800FDF7C6FD88B3B4F90C3043F040034FF056
:10E23800FF30A38103B0BDE8F08F002070471E4671
:10E24800BA469946184600951F4666B3002832D04C
:10E258004A46D4E904132068A568B24228BF32466A
:10E26800884204D905EB030B5A4500F3A780934273
:10E2780064DCE169656A3A464046A847B0F1000B9C
:10E28800D1DDB9EB0B09C9D00120DAF80830A3EBCE
:10E298000B035F44A6EB0B06CAF80830002B3FF4CB
:10E2A80074AF002ED2D1009A5668134608320092F5
:10E2B800002EF8D01F6832460A213846FDF738FE8E
:10E2C800002800F09C800130A0EB0709C0E7206817
:10E2D8002369984216D86269B24213D86FF0004396
:10E2E800B34228BF3346E16993FBF2F3676A02FB46
:10E2F80003F340464A46B847B0F1000A93DDA6EB5F
:10E308000A0676E7B345DA4628BFB246524649467A
:10E31800F9F780FFA3682268A3EB0A035244A360BD
:10E328002260002BEBD121464046FDF741FD002835
:10E33800E5D078E72068B34632464CE73946019283
:10E34800F9F768FF019AA3689B1AA360236813442E
:10E358002360934695E723682169A3EB010B636962
:10E3680003EB430A0AEBDA7A0BF101034FEA6A0A74
:10E3780033445345524684BF9A46524643052CD5EA
:10E3880011464046F8F754F900283BD05A4621690F
:10E398000190F6F7B9FCA289019B22F4906242F041
:10E3A8008002A28103EB0B002361AAEB0B03C4F8E4
:10E3B80014A0A3602060B34632460CE739465A469B
:10E3C800F9F728FF23685B44236021464046FDF7A0
:10E3D800EFFC00283FF455AF25E74046F8F7F0FB7F
:10E3E80003460028DED121694046FAF7DBFBB4F981
:10E3F8000C300C2223F08003C8F8002015E7721CAB
:10E40800914626E70C22B4F90C30C8F800200CE736
:10E418004FF0FF30BAE600BF00FCFF7F38B5314B44
:10E428001B6805460C4613B15A6B002A4ED0B4F946
:10E438000C3018079AB21CD5216929B312F00100D3
:10E4480007D00020A06060694042A06139B1002077
:10E4580038BD950758BF6069A0600029F7D112063A
:10E4680058BF0846F4D543F04003A3814FF0FF306E
:10E4780038BDD1062ED5520714D4216943F00803BC
:10E48800A3819AB20029D9D102F42070B0F5007F97
:10E49800D4D02146284600F047F9B4F90C30216958
:10E4A8009AB2CBE7216B51B104F14002914204D0FA
:10E4B8002846FAF777FBB4F90C3000222263216969
:10E4C8000022C4E9001223F02403D7E71846F9F71D
:10E4D80053FEACE7092243F040032A604FF0FF30B7
:10E4E800A38138BD181500202DE9F04782B0824677
:10E4F80088461446FAF70AF8012803D108F1FF33D1
:10E50800FE2B36D90DF10409424604F15C03494655
:10E518005046FDF75DFD421C064632D020B39DF8FB
:10E5280004C0002509E023685A1C226083F800C053
:10E538000135B54218D219F801CFA368013B002B69
:10E54800A360F0DAA769BB4261462246504602DB67
:10E55800BCF10A0FE7D100F053F9431CE8D1064695
:10E56800304602B0BDE8F0874646304602B0BDE806
:10E57800F0875FFA88FC8DF804C006460DF104099F
:10E58800CFE7A389304643F04003A38102B0BDE83A
:10E59800F08700BF30B5536E13F0010FB2F90C309D
:10E5A800144683B005469AB201D198051CD590044B
:10E5B80006D4626E43F4005342F40052A3816266AB
:10E5C80022462846FFF790FF636EDA07054602D415
:10E5D800A3899B0502D5284603B030BDA06DFAF784
:10E5E800C5F9284603B030BDA06D0191FAF7BCF912
:10E5F800B4F90C3001999AB2D9E700BF2DE9F04F70
:10E608008BB0DDE9158A149F0391814605921E4659
:10E61800B8F1000F5CD0039B002B5ED0059B1D68F2
:10E62800002F6AD0741E4EB3039B0493043D00264A
:10E6380001950BE0039B2BBB019B1A68002A3AD07B
:10E64800BC455CD2013C631C664617D0D8F8003044
:10E658000293019BDAF8E05053F8042F019307A9BD
:10E6680043464846D8F804B0A847421C3AD000EBC5
:10E67800060CBC45DED9029BC8E9003B30460BB00E
:10E68800BDE8F08F00280EDD049B019D18445A1E3A
:10E6980007A900F1FF3E11F8013B02F8013F72455E
:10E6A800F9D101950490059B1A6804321A60019B00
:10E6B8001A68002AC4D1039B0BB1059B1A600CF1A0
:10E6C800FF3600223046C8F800200BB0BDE8F08FB6
:10E6D800039B00F58678002BA0D1059B4FF0FF37F0
:10E6E8001D689FE706468A2100223046C9F80010B7
:10E6F800C8F800200BB0BDE8F08F3E46BEE766467E
:10E70800BCE700BF10B584B0054C06980090079888
:10E718000190044800680294FFF770FF04B010BD30
:10E72800900F0020181500202DE9F0418B890C4628
:10E73800990796B008D504F143030122C4E90432CD
:10E74800236016B0BDE8F081B4F90E100029064622
:10E7580025DB6A4600F0ACF800281FDB019D05F4B4
:10E768007045A5F50055B5FA85F54FF480686D0933
:10E778004FF4006741463046F7F75AFFE0B1B4F965
:10E788000C30C4F8148043F0800320602061A3811A
:10E7980035BB3B43A38116B0BDE8F081A38913F0D4
:10E7A800800519D04FF040080025414630462F46D5
:10E7B800F7F73EFF0028E2D1B4F90C309A05C0D42F
:10E7C80023F0030304F1430243F002030121C4E9E7
:10E7D8000421A3812260B4E74FF480682F46C9E77B
:10E7E800B4F90E10304600F079F810B9B4F90C30CD
:10E7F800CFE7A38923F0030343F001031BB2C8E763
:10E80800F8B50D461446064610B1436B002B4CD0A4
:10E81800B4F90C20A369A360170790B21BD523692C
:10E82800CBB1EDB281042F4622D522686169D31A93
:10E83800994229DD0133A1680139A160511C216089
:10E84800157062699A4227D0A389DB0701D50A2D82
:10E8580022D03846F8BD21463046FFF7DFFD08BB19
:10E86800B4F90C20236990B2EDB281042F46DCD4B0
:10E8780042F40052A281626E616922F4005262661B
:10E888002268D31A9942D5DC21463046FDF790FA22
:10E8980040B922680123CEE721463046FDF788FAC1
:10E8A8000028D6D04FF0FF37D3E7F9F765FCAFE77C
:10E8B80070B50C46084D03460026204611461C46F6
:10E8C8002E60F6F749FD431C00D070BD2B68002B65
:10E8D800FBD0236070BD00BF1425002038B5074D5C
:10E8E8000022044608462A60F6F73CFD431C00D087
:10E8F80038BD2B68002BFBD0236038BD14250020C1
:10E9080081F0004102E000BF83F0004330B54FEAD8
:10E9180041044FEA430594EA050F08BF90EA020F45
:10E928001FBF54EA000C55EA020C7FEA645C7FEAD8
:10E93800655C00F0E2804FEA5454D4EB5555B8BFFB
:10E948006D420CDD2C4480EA020281EA030382EA6C
:10E95800000083EA010180EA020281EA0303362DFE
:10E9680088BF30BD11F0004F4FEA01314FF4801CD1
:10E978004CEA113102D0404261EB410113F0004FE3
:10E988004FEA03334CEA133302D0524263EB43039A
:10E9980094EA050F00F0A780A4F10104D5F1200E38
:10E9A8000DDB02FA0EFC22FA05F2801841F1000193
:10E9B80003FA0EF2801843FA05F359410EE0A5F167
:10E9C80020050EF1200E012A03FA0EFC28BF4CF098
:10E9D800020C43FA05F3C01851EBE37101F000454E
:10E9E80007D54FF0000EDCF1000C7EEB00006EEB5B
:10E9F8000101B1F5801F1BD3B1F5001F0CD34908E5
:10EA08005FEA30004FEA3C0C04F101044FEA44523B
:10EA180012F5800F80F09A80BCF1004F08BF5FEAC2
:10EA2800500C50F1000041EB045141EA050130BDA2
:10EA38005FEA4C0C404141EB0101013C28BFB1F5B4
:10EA4800801FE9D291F0000F04BF01460020B1FAFF
:10EA580081F308BF2033A3F10B03B3F120020CDAD2
:10EA68000C3208DD02F1140CC2F10C0201FA0CF0B0
:10EA780021FA02F10CE002F11402D8BFC2F1200C15
:10EA880001FA02F120FA0CFCDCBF41EA0C019040CB
:10EA9800E41AA2BF01EB0451294330BD6FEA040414
:10EAA8001F3C1CDA0C340EDC04F11404C4F12002FF
:10EAB80020FA04F001FA02F340EA030021FA04F311
:10EAC80045EA030130BDC4F10C04C4F1200220FA68
:10EAD80002F001FA04F340EA0300294630BD21FAA6
:10EAE80004F0294630BD94F0000F83F4801306BF6C
:10EAF80081F480110134013D4EE77FEA645C18BF60
:10EB08007FEA655C29D094EA050F08BF90EA020FF6
:10EB180005D054EA000C04BF1946104630BD91EAEE
:10EB2800030F1EBF0021002030BD5FEA545C05D1F1
:10EB38004000494128BF41F0004130BD14F5800430
:10EB48003CBF01F5801130BD01F0004545F0FE41A4
:10EB580041F470014FF0000030BD7FEA645C1ABFD9
:10EB6800194610467FEA655C1CBF0B46024650EA10
:10EB7800013406BF52EA033591EA030F41F400213C
:10EB880030BD00BF90F0000F04BF0021704730B5C2
:10EB98004FF4806404F132044FF000054FF0000197
:10EBA80050E700BF90F0000F04BF0021704730B558
:10EBB8004FF4806404F1320410F0004548BF40422D
:10EBC8004FF000013EE700BF42004FEAE2014FEA82
:10EBD80031014FEA02701FBF12F07F4393F07F4F5D
:10EBE80081F06051704732F07F4208BF704793F060
:10EBF8007F4F04BF41F40021704730B54FF4607473
:10EC080001F0004521F000411CE700BF50EA010275
:10EC180008BF704730B54FF000050AE050EA01021E
:10EC280008BF704730B511F0004502D5404261EB8E
:10EC380041014FF4806404F132045FEA915C3FF4CF
:10EC4800D8AE4FF003025FEADC0C18BF03325FEA6C
:10EC5800DC0C18BF033202EBDC02C2F1200300FA1D
:10EC680003FC20FA02F001FA03FE40EA0E0021FA42
:10EC780002F11444BDE600BF08B502460B4643EC5A
:10EC8800172BB5EEC07BF1EE10FA03D4BDE80840AF
:10EC980000F00AB8B1EE477B51EC170B00F004F80E
:10ECA800404261EB410108BD9FED0B6B41EC170B36
:10ECB8009FED0B5B27EE066BBCEEC66BB8EE464BC2
:10ECC800A4EE457BFCEEC77B16EE101A17EE900AF1
:10ECD800704700BFAFF30080000000000000F03D67
:10ECE800000000000000F0415FF800F0491B0060E0
:10ECF8005FF800F0651700605FF800F0F11B006036
:04ED0800F8B500BF9B
:08ED0C00F878FF7F0100000010
:10ED140000000000000000000000000000000000EF
:10ED240000000000000000000000000000000000DF
:10ED340000000000000000000000000000000000CF
:10ED440000000000000000000000000000000000BF
:10ED540000000000000000000000000000000000AF
:10ED6400000000000000000000000000000000009F
:10ED7400000000000000000000000000000000008F
:10ED8400000000000000000000000000000000007F
:10ED9400000000000000000000000000000000006F
:10EDA400000000000000000000000000000000005F
:10EDB400000000000000000000000000000000004F
:10EDC400000000000000000000000000000000003F
:10EDD400000000000000000000000000000000002F
:10EDE400000000000000000000000000000000001F
:10EDF400000000000000000000000000000000000F
:10EE040000000000000000000000000000000000FE
:10EE140000000000000000000000000000000000EE
:10EE240000000000000000000000000000000000DE
:10EE340000000000000000000000000000000000CE
:10EE440000000000000000000000000000000000BE
:10EE540000000000000000000000000000000000AE
:10EE6400000000000000000000000000000000009E
:10EE7400000000000000000000000000000000008E
:10EE8400000000000000000000000000000000007E
:10EE9400000000000000000000000000000000006E
:10EEA400000000000000000000000000000000005E
:10EEB400000000000000000000000000000000004E
:10EEC400000000000000000000000000000000003E
:10EED400000000000000000000000000000000002E
:10EEE400000000000000000000000000000000001E
:10EEF400000000000000000000000000000000000E
:10EF040000000000000000000000000000000000FD
:10EF140000000000000000000000000000000000ED
:10EF240000000000000000000000000000000000DD
:10EF340000000000000000000000000000000000CD
:10EF440000000000000000000000000000000000BD
:10EF540000000000000000000000000000000000AD
:10EF6400000000000000000000000000000000009D
:10EF7400000000000000000000000000000000008D
:10EF8400000000000000000000000000000000007D
:10EF94000080E03779C34143176E05B5B5B8934691
:10EFA400F5F93FE9034F384D321D30F94877825A5D
:10EFB4003CBF737FDD4F1575000000000000F03F7B
:10EFC4000000000000002440000000000000594040
:10EFD4000000000000408F40000000000088C34093
:10EFE40000000000006AF8400000000080842E4108
:10EFF40000000000D01263410000000084D7974154
:10F004000000000065CDCD41000000205FA0024259
:10F01400000000E876483742000000A2941A6D42CE
:10F02400000040E59C30A2420000901EC4BCD642C1
:10F0340000003426F56B0C430080E03779C341436C
:10F0440000A0D8855734764300C84E676DC1AB43E2
:10F05400003D9160E458E143408CB5781DAF154400
:10F0640050EFE2D6E41A4B4492D54D06CFF08044DB
:10F07400F64AE1C7022DB544B49DD9794378EA44F0
:10F08400BC89D897B2D29C3C33A7A8D523F649397A
:10F094003DA7F444FD0FA5329D978CCF08BA5B259C
:10F0A400436FAC64280668115432303030300A00A3
:10F0B40054653F0A0000000050313030300A00002F
:10F0C400543F000054653F0043616C69627261748F
:10F0D400696F6E00416E616C6F67207265616400D8
:10F0E400436F6D70617269736F6E0000416E616C85
:10F0F4006F6720646966666572656E7469616C2009
:10F104007265616400000000436F6E74696E756F10
:10F114007573207265616400436F6E74696E756FF8
:10F12400757320646966666572656E7469616C20C6
:10F13400726561640000000057726F6E672041447D
:10F144004300000053796E6368726F6E6F757300CD
:10F15400556E6B6E6F776E0057726F6E67207069B5
:10F164006E00000000190000A123000055330000C8
:10F17400381D006074C00F40C00000000000000093
:10F184000200000050851F4001000000FF00000045
:10F19400FF0000000000000000000000010000006B
:10F1A4000200000054851F4001000000FF00000021
:10F1B400FF0000000000000000000000FF0040000D
:10F1C400260018007C00000007080C0B06050F0041
:10F1D4000D0E01021F1F07080C0B06050F000D0E74
:10F1E40001021F1F07080C0B06050F000D0E1F1F41
:10F1F400030407080C0B06050F000D0E1F1F030464
:10F204006E616E00696E66006F7666000000000035
:10F214000000000039220000A9240000251D000080
:10F22400751E0000451D0000E11D00006D1D00005D
:10F23400000000000000000021240000F53E000052
:10F24400F13E0000ED3E0000E93E0000FD26000016
:10F2540001270000E53E000000000000000000005F
:10F26400B9170000E51700006D170000B51700007E
:10F27400711700007D1700009D1700002C20667593
:10F284006E6374696F6E3A200000000061737365E9
:10F294007274696F6E2022257322206661696C6521
:10F2A400643A2066696C6520222573222C206C69DF
:10F2B4006E65202564257325730A000042616C6C19
:10F2C4006F632073756363656564656400000000A3
:10F2D4002F566F6C756D65732F646174612F6A6549
:10F2E4006E6B696E732F776F726B73706163652FCA
:10F2F400474E552D746F6F6C636861696E2F617230
:10F304006D2D31312F7372632F6E65776C69622DA9
:10F3140063796777696E2F6E65776C69622F6C69A4
:10F3240062632F7374646C69622F6764746F612DF8
:10F334006765746865782E630000000000000000B3
:10F3440000000000000000000000000000000000B9
:10F3540000000000000000000000000000000000A9
:10F364000000000000000000000000001011121353
:10F37400141516171819000000000000001A1B1CB1
:10F384001D1E1F000000000000000000000000001F
:10F39400000000000000000000000000001A1B1C18
:10F3A4001D1E1F00000000000000000000000000FF
:10F3B4000000000000000000000000000000000049
:10F3C4000000000000000000000000000000000039
:10F3D4000000000000000000000000000000000029
:10F3E4000000000000000000000000000000000019
:10F3F4000000000000000000000000000000000009
:10F4040000000000000000000000000000000000F8
:10F4140000000000000000000000000000000000E8
:10F4240000000000000000000000000000000000D8
:10F434000000000000000000000000002F566F6C68
:10F44400756D65732F646174612F6A656E6B696E87
:10F45400732F776F726B73706163652F474E552DF1
:10F46400746F6F6C636861696E2F61726D2D3131D9
:10F474002F7372632F6E65776C69622D637967777A
:10F48400696E2F6E65776C69622F6C6962632F7386
:10F4940074646C69622F6D707265632E6300000082
:10F4A4000020202020202020202028282828282050
:10F4B4002020202020202020202020202020202048
:10F4C40020881010101010101010101010101010B0
:10F4D40010040404040404040404041010101010A0
:10F4E400101041414141414101010101010101016A
:10F4F40001010101010101010101010110101010BC
:10F50400101042424242424202020202020202023B
:10F51400020202020202020202020202101010108F
:10F5240020000000000000000000000000000000B7
:10F5340000000000000000000000000000000000C7
:10F5440000000000000000000000000000000000B7
:10F5540000000000000000000000000000000000A7
:10F564000000000000000000000000000000000097
:10F574000000000000000000000000000000000087
:10F584000000000000000000000000000000000077
:10F594000000000000000000000000000000000067
:10F5A40000000000496E66696E697479000000000D
:10F5B4004E614E002F566F6C756D65732F646174C8
:10F5C400612F6A656E6B696E732F776F726B7370E0
:10F5D4006163652F474E552D746F6F6C6368616965
:10F5E4006E2F61726D2D31312F7372632F6E6577BB
:10F5F4006C69622D63796777696E2F6E65776C69C4
:10F60400622F6C6962632F7374646C69622F647413
:10F614006F612E63000000002E0000006E66000083
:10F62400696E697479000000616E0000494E4600FD
:10F634004E414E0030313233343536373839616219
:10F644006364656600000000303132333435363788
:10F65400383941424344454600000000286E756C29
:10F664006C290000300000002020202020202020D1
:10F674002020202020202020202020202020202086
:10F68400202020202020202000000042C8801F408D
:10F69400B8821F400800000000000042C4801F40E0
:10F6A400B4821F400400000000C0004224801F40B8
:10F6B40014821F401000000000C0004228801F4038
:10F6C40018821F402000000000C000422C801F4010
:10F6D4001C821F404000000000C0004234801F40D4
:10F6E40024821F40000100000040004264811F404A
:10F6F40054831F40000400000040004280811F40EA
:10F7040070831F4000000200004000427C811F40C3
:10F714006C831F40000001000040004268811F40CC
:10F7240058831F4000080000004000423C811F40F5
:10F734002C831F40010000000040004244811F4010
:10F7440034831F40040000000040004240811F40F9
:10F7540030831F40020000000040004248811F40E7
:10F7640038831F40080000000000004204811F404D
:10F77400F4821F40000004000000004208811F4082
:10F78400F8821F40000008000000004218811F405A
:10F7940008831F40000080000000004214811F40C5
:10F7A40004831F40000040000000004200811F400D
:10F7B400F0821F400000020000000042FC801F4055
:10F7C400EC821F40000001000000004224811F4021
:10F7D40014831F40000000040000004228811F40E1
:10F7E40018831F4000000008000000421C811F40D5
:10F7F4000C831F40000000010000004220811F40D4
:10F8040010831F400000000200000042EC801F40F3
:10F81400DC821F400010000000000042F0801F4006
:10F82400E0821F40002000000000004234811F409D
:10F8340024831F40000000400000004238811F4024
:10F8440028831F40000000800080004294801F40F5
:10F8540084821F400000040000C0004290801F40CA
:10F8640080821F400000008000800042A8801F406A
:10F8740098821F400000800000800042A4801F4046
:10F8840094821F4000004000004000426C811F40F1
:10F894005C831F400010000000C0004230801F4005
:10F8A40020821F408000000000800042C8811F4069
:10F8B400B8831F400080000000800042C4811F40C4
:10F8C400B4831F400040000000800042C0811F40FC
:10F8D400B0831F400020000000800042BC811F4014
:10F8E400AC831F400010000000800042D0811F4004
:10F8F400C0831F400000020000800042CC811F40F2
:10F90400BC831F400000010035000000CEFBFFFF58
:10F91400CB030000010000000000000034000000E0
:10F92400CEFBFFFFCB03000001000000000000003D
:10F93400453F0000413F000072656164696E6720C5
:10F94400746865207365742074656D706572617484
:10F954007572650072656164696E672074686520FC
:10F9640061637475616C2074656D70657261747522
:10F9740072650000302E312E356200002575253069
:10F98400327500004E4F5F53455249414C00000010
:10F994003B00000073000000050000001900000097
:10F9A4007D00000001010004010000040132010196
:10F9B40001320201011001010111010101120102D0
:10F9C4000103020601030106011202020200000102
:10F9D40002020001020100010210000102220001E2
:10F9E40002230001000000000000000002210001C9
:10F9F40002200001000000000000000001300101AD
:10FA040001310101010200040103000400000000AF
:10FA14000000000001210201012101010000000099
:10FA240000000000000000000110020101010201B9
:10FA340001010101010002010100010101020201B1
:10FA4400010201014C435F434F4C4C4154450000BB
:10FA54004C435F4354595045000000004C435F4DF4
:10FA64004F4E4554415259004C435F4E554D4552FB
:10FA7400494300004C435F54494D45004C435F4D9E
:10FA84004553534147455300000100001C15002015
:10FA94001200000000060000381E00600A0000008A
:10FAA40000020000D41D0060620000000007000096
:10FAB400701D006062000000EE0300005815002075
:10FAC40012000000000004EE3015002028000000A1
:10FAD400000300006C1D0060000000000103090425
:10FAE400541D006000000000020309043C1D006076
:10FAF40000000000030309046C150020000000004E
:10FB04000000000000000000000000003030303031
:10FB140030303030303030303030303030303030E1
:10FB24003030303030303030303030300000000091
:10FB340000000000C023002028240020902400207E
:10FB440000000000000000000000000000000000B1
:10FB540000000000000000000000000000000000A1
:10FB64000000000000000000000000000000000091
:10FB74000000000000000000000000000000000081
:10FB84000000000000000000000000000000000071
:10FB94000000000000000000000000000000000061
:10FBA4000000000000000000000000000000000051
:10FBB4000000000000000000000000000000000041
:10FBC4000000000000000000010000000000000030
:10FBD4000E33CDAB34126DE6ECDE05000B000000F5
:10FBE4000000000000000000000000000000000011
:10FBF4000000000000000000000000000000000001
:10FC040000000000000000000000000000000000F0
:10FC140000000000000000000000000000000000E0
:10FC240000000000000000000000000000000000D0
:10FC340000000000000000000000000000000000C0
:10FC440000000000000000000000000000000000B0
:10FC5400F40100000A000000040000000B00000092
:10FC640008000000020000000029DE07007B9A174C
:10FC74000700000006000000050000000900000065
:10FC84002805002000000000E80300000000000038
:10FC940003000000802300208030202000000000AA
:10FCA400430000000000000000000000000000000D
:10FCB4000000000000000000000000000000000040
:10FCC40043000000000000000000000000000000ED
:10FCD4000000000000000000000000000000000020
:10FCE40043000000000000000000000000000000CD
:10FCF4000000000000000000000000000000000000
:10FD040043000000000000000000000000000000AC
:10FD140000000000000000000000000000000000DF
:10FD2400430000000000000000000000000000008C
:10FD340000000000000000000000000000000000BF
:10FD4400430000000000000000000000000000006C
:10FD5400000000000000000000000000000000009F
:10FD6400430000000000000000000000000000004C
:10FD7400000000000000000000000000000000007F
:10FD840051A00000917700000000000090070020BF
:10FD940008090020A4030020A4030020A4030020D9
:10FDA400A4030020A4030020A4030020A403002033
:10FDB400A4030020A4030020FFFFFFFFFFFFFFFFB9
:10FDC400FFFFFFFFFFFF00000100415343494900CB
:10FDD400000000000000000000000000000000001F
:10FDE40000000000000000000000415343494900A6
:10FDF40000000000000000000000000000000000FF
:10FE040000000000000000000000000000000000EE
:10FE140000000000FC100020FC1000200411002051
:10FE2400041100200C1100200C11002014110020DA
:10FE3400141100201C1100201C110020241100208A
:10FE4400241100202C1100202C110020341100203A
:10FE5400341100203C1100203C11002044110020EA
:10FE6400441100204C1100204C110020541100209A
:10FE7400541100205C1100205C110020641100204A
:10FE8400641100206C1100206C11002074110020FA
:10FE9400741100207C1100207C11002084110020AA
:10FEA400841100208C1100208C110020941100205A
:10FEB400941100209C1100209C110020A41100200A
:10FEC400A4110020AC110020AC110020B4110020BA
:10FED400B4110020BC110020BC110020C41100206A
:10FEE400C4110020CC110020CC110020D41100201A
:10FEF400D4110020DC110020DC110020E4110020CA
:10FF0400E4110020EC110020EC110020F411002079
:10FF1400F4110020FC110020FC1100200412002028
:10FF2400041200200C1200200C12002014120020D5
:10FF3400141200201C1200201C1200202412002085
:10FF4400241200202C1200202C1200203412002035
:10FF5400341200203C1200203C12002044120020E5
:10FF6400441200204C1200204C1200205412002095
:10FF7400541200205C1200205C1200206412002045
:10FF8400641200206C1200206C12002074120020F5
:10FF9400741200207C1200207C12002084120020A5
:10FFA400841200208C1200208C1200209412002055
:10FFB400941200209C1200209C120020A412002005
:10FFC400A4120020AC120020AC120020B4120020B5
:10FFD400B4120020BC120020BC120020C412002065
:10FFE400C4120020CC120020CC120020D412002015
:0CFFF400D4120020DC120020DC120020DF
:02000004600199
:10000000E4120020E4120020EC120020EC12002088
:10001000F4120020F4120020FC120020FC12002038
:1000200004130020041300200C1300200C130020E4
:1000300014130020141300201C1300201C13002094
:1000400024130020241300202C1300202C13002044
:1000500034130020341300203C1300203C130020F4
:1000600044130020441300204C1300204C130020A4
:1000700054130020541300205C1300205C13002054
:1000800064130020641300206C1300206C13002004
:1000900074130020741300207C1300207C130020B4
:1000A00084130020841300208C1300208C13002064
:1000B00094130020941300209C1300209C13002014
:1000C000A4130020A4130020AC130020AC130020C4
:1000D000B4130020B4130020BC130020BC13002074
:1000E000C4130020C4130020CC130020CC13002024
:1000F000D4130020D4130020DC130020DC130020D4
:10010000E4130020E4130020EC130020EC13002083
:10011000F4130020F4130020FC130020FC13002033
:1001200004140020041400200C1400200C140020DF
:1001300014140020141400201C1400201C1400208F
:1001400024140020241400202C1400202C1400203F
:1001500034140020341400203C1400203C140020EF
:1001600044140020441400204C1400204C1400209F
:1001700054140020541400205C1400205C1400204F
:1001800064140020641400206C1400206C140020FF
:1001900074140020741400207C1400207C140020AF
:1001A00084140020841400208C1400208C1400205F
:1001B00094140020941400209C1400209C1400200F
:1001C000A4140020A4140020AC140020AC140020BF
:1001D000B4140020B4140020BC140020BC1400206F
:1001E000C4140020C4140020CC140020CC1400201F
:1001F000D4140020D4140020DC140020DC140020CF
:10020000E4140020E4140020EC140020EC1400207E
:10021000F4140020F4140020FFFFFFFF0000020090
:100220000000000003000000C0230020200E00207A
:1002300012010002EF020140C0168304790201029C
:10024000030100002800000000010400010000007C
:1002500000000000020157494E55534200000000C3
:1002600000000000000000000000000012034D002C
:10027000530046005400310030003000F800000008
:100280000C0300000000000000000000000000005F
:100290000000000000000108010000000000000054
:1002A000000000000000000000000000000000004E
:1002B000000000000000000000000000000000003E
:1002C000000000000000000000000000000000002E
:1002D000000000000000000000000000000000001E
:1002E000000000000000000000000000000000000E
:1002F00000000000000000000000000000000000FE
:1003000000000000000000000000000000000000ED
:1003100000000000000000000000000000000000DD
:1003200000000000000000000000000000000000CD
:1003300000000000000000000000000000000000BD
:1003400000000000000000000000000000000000AD
:10035000000000000000000000000000000000009D
:10036000000000000000000000000000000000008D
:10037000000000000000000000000000000000007D
:10038000000000000000000000000000000000006D
:10039000000000000000000000000000000000005D
:1003A000000000000000000000000000000000004D
:1003B000000000000000000000000000000000003D
:1003C000000000000000000000000000000000002D
:1003D000000000000000000000000000000000001D
:1003E000000000000000000000000000000000000D
:1003F00000000000000000000000000000000000FD
:1004000000000000000000000000000000000000EC
:1004100000000000000000000000000000000000DC
:1004200000000000000000000000000000000000CC
:1004300000000000000000000000000000000000BC
:1004400000000000000000000000000000000000AC
:10045000000000000000000000000000000000009C
:10046000000000000000000000000000000000008C
:10047000000000000000000000000000000000007C
:10048000000000000000000000000000000000006C
:10049000000000000000000000000000000000005C
:1004A000000000000000000000000000000000004C
:1004B000000000000000000000000000000000003C
:1004C000000000000000000000000000000000002C
:1004D000000000000000000000000000000000001C
:1004E000000000000000000000000000000000000C
:1004F00000000000000000000000000000000000FC
:1005000000000000000000000000000000000000EB
:1005100000000000000000000000000000000000DB
:1005200000000000000000000000000000000000CB
:1005300000000000000000000000000000000000BB
:1005400000000000000000000000000000000000AB
:10055000000000000000000000000000000000009B
:10056000000000000000000000000000000000008B
:10057000000000000000000000000000000000007B
:10058000000000000000000000000000000000006B
:10059000000000000000000000000000000000005B
:1005A000000000000000000000000000000000004B
:1005B000000000000000000000000000000000003B
:1005C000000000000000000000000000000000002B
:1005D000000000000000000000000000000000001B
:1005E000000000000000000000000000000000000B
:1005F00000000000000000000000000000000000FB
:1006000000000000000000000000000000000000EA
:1006100000000000000000000000000000000000DA
:1006200000000000000000000000000000000000CA
:1006300000000000000000000000000000000000BA
:1006400000000000000000000000000000000000AA
:10065000000000000000000000000000000000009A
:10066000000000000000000000000000000000008A
:10067000000000000000000000000000000000007A
:10068000000000000000000000000000000000006A
:10069000000000000000000000000000000000005A
:1006A000000000000000000000000000000000004A
:1006B000000000000000000000000000000000003A
:1006C000000000000000000000000000000000002A
:1006D000000000000000000000000000000000001A
:1006E000000000000000000000000000000000000A
:1006F00000000000000000000000000000000000FA
:1007000000000000000000000000000000000000E9
:1007100000000000000000000000000000000000D9
:1007200000000000000000000000000000000000C9
:1007300000000000000000000000000000000000B9
:1007400000000000000000000000000000000000A9
:100750000000000000000000000000000000000099
:100760000000000000000000000000000000000089
:100770000000000000000000000000000000000079
:100780000000000000000000000000000000000069
:100790000000000000000000000000000000000059
:1007A0000000000000000000000000000000000049
:1007B0000000000000000000000000000000000039
:1007C0000000000000000000000000000000000029
:0407D0000000000025
:1007D400FFFFFFFFFFFFFFFFFFFFFFFFFFFFFFFF25
:1007E400FFFFFFFFFFFFFFFFFFFFFFFFFFFFFFFF15
:1007F400FFFFFFFFFFFFFFFFFFFFFFFF0000000001
:1008040000000000000000000000000000000000E4
:1008140000000000000000000000000000000000D4
:1008240000000000000000000000000000000000C4
:1008340000000000000000000000000000000000B4
:1008440000000000000000000000000000000000A4
:100854000000000000000000000000000000000094
:100864000000000000000000000000000000000084
:100874000000000000000000000000000000000074
:100884000000000000000000000000000000000064
:100894000000000000000000000000000000000054
:1008A4000000000000000000000000000000000044
:1008B4000000000000000000000000000000000034
:1008C4000000000000000000000000000000000024
:1008D4000000000000000000000000000000000014
:1008E4000000000000000000000000000000000004
:1008F40000000000000000000000000000000000F4
:1009040000000000000000000000000000000000E3
:1009140000000000000000000000000000000000D3
:1009240000000000000000000000000000000000C3
:1009340000000000000000000000000000000000B3
:1009440000000000000000000000000000000000A3
:100954000000000000000000000000000000000093
:100964000000000000000000000000000000000083
:100974000000000000000000000000000000000073
:100984000000000000000000000000000000000063
:100994000000000000000000000000000000000053
:1009A4000000000000000000000000000000000043
:1009B4000000000000000000000000000000000033
:1009C4000000000000000000000000000000000023
:1009D4000000000000000000000000000000000013
:1009E4000000000000000000000000000000000003
:1009F40000000000000000000000000000000000F3
:100A040000000000000000000000000000000000E2
:100A140000000000000000000000000000000000D2
:100A240000000000000000000000000000000000C2
:100A340000000000000000000000000000000000B2
:100A440000000000000000000000000000000000A2
:100A54000000000000000000000000000000000092
:100A64000000000000000000000000000000000082
:100A74000000000000000000000000000000000072
:100A84000000000000000000000000000000000062
:100A94000000000000000000000000000000000052
:100AA4000000000000000000000000000000000042
:100AB4000000000000000000000000000000000032
:100AC4000000000000000000000000000000000022
:100AD4000000000000000000000000000000000012
:100AE4000000000000000000000000000000000002
:100AF40000000000000000000000000000000000F2
:100B040000000000000000000000000000000000E1
:100B140000000000000000000000000000000000D1
:100B240000000000000000000000000000000000C1
:100B340000000000000000000000000000000000B1
:100B440000000000000000000000000000000000A1
:100B54000000000000000000000000000000000091
:100B64000000000000000000000000000000000081
:100B74000000000000000000000000000000000071
:100B84000000000000000000000000000000000061
:100B94000000000000000000000000000000000051
:100BA4000000000000000000000000000000000041
:100BB4000000000000000000000000000000000031
:100BC4000000000000000000000000000000000021
:100BD4000000000000000000000000000000000011
:100BE4000000000000000000000000000000000001
:100BF40000000000000000000000000000000000F1
:100C040000000000000000000000000000000000E0
:100C140000000000000000000000000000000000D0
:100C240000000000000000000000000000000000C0
:100C340000000000000000000000000000000000B0
:100C440000000000000000000000000000000000A0
:100C54000000000000000000000000000000000090
:100C64000000000000000000000000000000000080
:100C74000000000000000000000000000000000070
:100C84000000000000000000000000000000000060
:100C94000000000000000000000000000000000050
:100CA4000000000000000000000000000000000040
:100CB4000000000000000000000000000000000030
:100CC4000000000000000000000000000000000020
:100CD4000000000000000000000000000000000010
:100CE4000000000000000000000000000000000000
:100CF40000000000000000000000000000000000F0
:100D040000000000000000000000000000000000DF
:100D140000000000000000000000000000000000CF
:100D240000000000000000000000000000000000BF
:100D340000000000000000000000000000000000AF
:100D4400000000000000000000000000000000009F
:100D5400000000000000000000000000000000008F
:100D6400000000000000000000000000000000007F
:100D7400000000000000000000000000000000006F
:100D8400000000000000000000000000000000005F
:100D9400000000000000000000000000000000004F
:100DA400000000000000000000000000000000003F
:100DB400000000000000000000000000000000002F
:100DC400000000000000000000000000000000001F
:100DD400000000000000000000000000000000000F
:100DE40000000000000000000000000000000000FF
:100DF40000000000000000000000000000000000EF
:100E040000000000000000000000000000000000DE
:100E140000000000000000000000000000000000CE
:100E240000000000000000000000000000000000BE
:100E340000000000000000000000000000000000AE
:100E4400000000000000000000000000000000009E
:100E5400000000000000000000000000000000008E
:100E6400000000000000000000000000000000007E
:100E7400000000000000000000000000000000006E
:100E8400000000000000000000000000000000005E
:100E9400000000000000000000000000000000004E
:100EA400000000000000000000000000000000003E
:100EB400000000000000000000000000000000002E
:100EC400000000000000000000000000000000001E
:100ED400000000000000000000000000000000000E
:100EE40000000000000000000000000000000000FE
:100EF40000000000000000000000000000000000EE
:100F040000000000000000000000000000000000DD
:100F140000000000000000000000000000000000CD
:100F240000000000000000000000000000000000BD
:100F340000000000000000000000000000000000AD
:100F4400000000000000000000000000000000009D
:100F5400000000000000000000000000000000008D
:100F6400000000000000000000000000000000007D
:100F7400000000000000000000000000000000006D
:100F8400000000000000000000000000000000005D
:100F9400000000000000000000000000000000004D
:100FA400000000000000000000000000000000003D
:100FB400000000000000000000000000000000002D
:100FC400000000000000000000000000000000001D
:100FD400000000000000000000000000000000000D
:100FE40000000000000000000000000000000000FD
:100FF40000000000000000000000000000000000ED
:1010040000000000000000000000000000000000DC
:1010140000000000000000000000000000000000CC
:1010240000000000000000000000000000000000BC
:1010340000000000000000000000000000000000AC
:10104400000000000000000000000000000000009C
:10105400000000000000000000000000000000008C
:10106400000000000000000000000000000000007C
:10107400000000000000000000000000000000006C
:10108400000000000000000000000000000000005C
:10109400000000000000000000000000000000004C
:1010A400000000000000000000000000000000003C
:1010B400000000000000000000000000000000002C
:1010C400000000000000000000000000000000001C
:1010D400000000000000000000000000000000000C
:1010E40000000000000000000000000000000000FC
:1010F40000000000000000000000000000000000EC
:1011040000000000000000000000000000000000DB
:1011140000000000000000000000000000000000CB
:1011240000000000000000000000000000000000BB
:1011340000000000000000000000000000000000AB
:10114400000000000000000000000000000000009B
:10115400000000000000000000000000000000008B
:10116400000000000000000000000000000000007B
:10117400000000000000000000000000000000006B
:10118400000000000000000000000000000000005B
:10119400000000000000000000000000000000004B
:1011A400000000000000000000000000000000003B
:1011B400000000000000000000000000000000002B
:1011C400000000000000000000000000000000001B
:1011D400000000000000000000000000000000000B
:1011E40000000000000000000000000000000000FB
:1011F40000000000000000000000000000000000EB
:1012040000000000000000000000000000000000DA
:1012140000000000000000000000000000000000CA
:1012240000000000000000000000000000000000BA
:1012340000000000000000000000000000000000AA
:10124400000000000000000000000000000000009A
:10125400000000000000000000000000000000008A
:10126400000000000000000000000000000000007A
:10127400000000000000000000000000000000006A
:10128400000000000000000000000000000000005A
:10129400000000000000000000000000000000004A
:1012A400000000000000000000000000000000003A
:1012B400000000000000000000000000000000002A
:1012C400000000000000000000000000000000001A
:1012D400000000000000000000000000000000000A
:1012E40000000000000000000000000000000000FA
:1012F40000000000000000000000000000000000EA
:1013040000000000000000000000000000000000D9
:1013140000000000000000000000000000000000C9
:1013240000000000000000000000000000000000B9
:1013340000000000000000000000000000000000A9
:101344000000000000000000000000000000000099
:101354000000000000000000000000000000000089
:101364000000000000000000000000000000000079
:101374000000000000000000000000000000000069
:101384000000000000000000000000000000000059
:101394000000000000000000000000000000000049
:1013A4000000000000000000000000000000000039
:1013B4000000000000000000000000000000000029
:1013C4000000000000000000000000000000000019
:1013D4000000000000000000000000000000000009
:1013E40000000000000000000000000000000000F9
:0C13F400000000000000000000000000ED
:040000056000100087
:00000001FF
