estimator,fres,gamma,D_ppm,w03,w3_mid,fold,delta,depth,r_min,baseline_deg,Gmax_mS,Rm_ohm,ratio_dB_peak,window_right_gamma,window_left_gamma,set,phase,n,replica,conc,mtime,one_sided,baseline_frac,rms_rel,converged,n_fit,phi_deg,gate_ok,gate_reason,gmax,g_off,bias_pred,bias_meas,hh_factor_pred,hh_factor_meas,theta_deg,R1,C0
mag_argmax,5000111.0,181.85380521882325,72.7399072615881,99.7214421723038,5000095.5666079745,True,4.872018482779561,1.0558945419392163,-4.872018482779561,87.16447641842652,13.640296887843416,73.31218728026556,-7.607382539694674,54.42636851609603,108.49973048435776,air_00,air,1,0,,2024-05-29T12:49:34,,,,,,,,,,,,,,,,,
argmax_hh,5000106.0,110.47953710565343,44.19087799564787,,,True,4.872018482779561,1.0558945419392163,-4.872018482779561,87.16447641842652,13.640296887843416,73.31218728026556,-7.607382539694674,54.42636851609603,108.49973048435776,air_00,air,1,0,,2024-05-29T12:49:34,False,-0.0024294459057158458,,,,,,,,,,,,,,,
midpoint,5000091.714783436,110.47953710565343,44.191004248584484,,,True,4.872018482779561,1.0558945419392163,-4.872018482779561,87.16447641842652,13.640296887843416,73.31218728026556,-7.607382539694674,54.42636851609603,108.49973048435776,air_00,air,1,0,,2024-05-29T12:49:34,,,,,,,,,,,,,,,,,
sym,5000092.196609186,118.68794945861042,47.47430438946653,,,True,4.872018482779561,1.0558945419392163,-4.872018482779561,87.16447641842652,13.640296887843416,73.31218728026556,-7.607382539694674,54.42636851609603,108.49973048435776,air_00,air,1,0,,2024-05-29T12:49:34,,,0.030192794343584503,True,663.0,,,,,,,,,,,,
sym_lin,5000096.621643999,115.79444380617852,46.31688247980539,,,True,4.872018482779561,1.0558945419392163,-4.872018482779561,87.16447641842652,13.640296887843416,73.31218728026556,-7.607382539694674,54.42636851609603,108.49973048435776,air_00,air,1,0,,2024-05-29T12:49:34,,,0.01832482074142528,True,663.0,,,,,,,,,,,,
psl,5000106.565378377,115.3422818666716,46.135929448112954,,,True,4.872018482779561,1.0558945419392163,-4.872018482779561,87.16447641842652,13.640296887843416,73.31218728026556,-7.607382539694674,54.42636851609603,108.49973048435776,air_00,air,1,0,,2024-05-29T12:49:34,,,0.01185912058660777,True,663.0,-7.36771977282055,True,ok,0.015038273974182509,-0.0010477559349092952,-7.426223794486336,-0.5653783772140741,1.0041367723953871,0.9578407442412212,,,
circle,5000109.775101756,113.26603663117591,45.30541997105288,,,True,4.872018482779561,1.0558945419392163,-4.872018482779561,87.16447641842652,13.640296887843416,73.31218728026556,-7.607382539694674,54.42636851609603,108.49973048435776,air_00,air,1,0,,2024-05-29T12:49:34,,,0.022280535543818026,,,,,,,,,,,,-9.735064661002944,72.50825342323172,-1.5615179429051558e-11
mag_argmax,14977492.0,116.6005642414093,15.570105360952194,68.72161535732448,14977481.579232214,True,4.253621409094044,1.0563856037626564,-4.253621409094044,75.43807506254231,29.830949275576895,33.52223191967669,-4.275822178384296,112.64019245352728,224.77426322353895,air_00,air,3,0,,2024-05-29T12:49:36,,,,,,,,,,,,,,,,,
argmax_hh,14977476.0,53.34685487579554,7.123610797412801,,,True,4.253621409094044,1.0563856037626564,-4.253621409094044,75.43807506254231,29.830949275576895,33.52223191967669,-4.275822178384296,112.64019245352728,224.77426322353895,air_00,air,3,0,,2024-05-29T12:49:36,False,0.004114177642522795,,,,,,,,,,,,,,,
midpoint,14977461.997133974,53.34685487579554,7.123617457484289,,,True,4.253621409094044,1.0563856037626564,-4.253621409094044,75.43807506254231,29.830949275576895,33.52223191967669,-4.275822178384296,112.64019245352728,224.77426322353895,air_00,air,3,0,,2024-05-29T12:49:36,,,,,,,,,,,,,,,,,
sym,14977461.682839606,60.449591065366924,8.072074206622997,,,True,4.253621409094044,1.0563856037626564,-4.253621409094044,75.43807506254231,29.830949275576895,33.52223191967669,-4.275822178384296,112.64019245352728,224.77426322353895,air_00,air,3,0,,2024-05-29T12:49:36,,,0.06964410088093395,True,321.0,,,,,,,,,,,,
sym_lin,14977467.893818345,52.55691194108103,7.018130476216593,,,True,4.253621409094044,1.0563856037626564,-4.253621409094044,75.43807506254231,29.830949275576895,33.52223191967669,-4.275822178384296,112.64019245352728,224.77426322353895,air_00,air,3,0,,2024-05-29T12:49:36,,,0.034755527274148004,True,321.0,,,,,,,,,,,,
psl,14977480.225277985,51.890986285036696,6.929201107868409,,,True,4.253621409094044,1.0563856037626564,-4.253621409094044,75.43807506254231,29.830949275576895,33.52223191967669,-4.275822178384296,112.64019245352728,224.77426322353895,air_00,air,3,0,,2024-05-29T12:49:36,,,0.01417532118772382,True,321.0,-19.75251873949392,True,ok,0.03235593828745677,-0.0008406952491394833,-9.034272417066349,-4.2252779845148325,1.0298651921022672,1.0280562906004864,,,
circle,14977484.403628185,51.14918715986202,6.830143938920945,,,True,4.253621409094044,1.0563856037626564,-4.253621409094044,75.43807506254231,29.830949275576895,33.52223191967669,-4.275822178384296,112.64019245352728,224.77426322353895,air_00,air,3,0,,2024-05-29T12:49:36,,,0.02263752625928069,,,,,,,,,,,,-25.46497266820421,33.989299722260135,-4.002586871657387e-11
mag_argmax,24955266.0,114.87323846109211,9.206332520045438,63.05287791788578,24955250.503552534,True,4.4012238524309355,1.0553941345727638,-4.4012238524309355,79.4528858763852,18.573563263683102,53.83996521309945,-6.112690066184923,85.1418113988077,169.90105849277802,air_00,air,5,0,,2024-05-29T12:49:40,,,,,,,,,,,,,,,,,
argmax_hh,24955251.0,70.57637019082904,5.656234047962815,,,True,4.4012238524309355,1.0553941345727638,-4.4012238524309355,79.4528858763852,18.573563263683102,53.83996521309945,-6.112690066184923,85.1418113988077,169.90105849277802,air_00,air,5,0,,2024-05-29T12:49:40,False,0.0038822363842699846,,,,,,,,,,,,,,,
midpoint,24955233.198259484,70.57637019082904,5.656238082820354,,,True,4.4012238524309355,1.0553941345727638,-4.4012238524309355,79.4528858763852,18.573563263683102,53.83996521309945,-6.112690066184923,85.1418113988077,169.90105849277802,air_00,air,5,0,,2024-05-29T12:49:40,,,,,,,,,,,,,,,,,
sym,24955233.423758026,78.37856339097647,6.2815331806400225,,,True,4.4012238524309355,1.0553941345727638,-4.4012238524309355,79.4528858763852,18.573563263683102,53.83996521309945,-6.112690066184923,85.1418113988077,169.90105849277802,air_00,air,5,0,,2024-05-29T12:49:40,,,0.06868039403338526,True,423.0,,,,,,,,,,,,
sym_lin,24955241.350203097,68.52345300160012,5.4917082980680085,,,True,4.4012238524309355,1.0553941345727638,-4.4012238524309355,79.4528858763852,18.573563263683102,53.83996521309945,-6.112690066184923,85.1418113988077,169.90105849277802,air_00,air,5,0,,2024-05-29T12:49:40,,,0.03478270774734382,True,423.0,,,,,,,,,,,,
psl,24955257.318605117,67.42616730555805,5.403764541052375,,,True,4.4012238524309355,1.0553941345727638,-4.4012238524309355,79.4528858763852,18.573563263683102,53.83996521309945,-6.112690066184923,85.1418113988077,169.90105849277802,air_00,air,5,0,,2024-05-29T12:49:40,,,0.013024913564671848,True,423.0,-19.546726299767894,True,ok,0.019629504134955233,-0.000173991740007355,-11.614242262635921,-6.318605117499828,1.0292429222555877,1.0467207763863409,,,
circle,24955262.242488846,65.92963813224061,5.283826512549226,,,True,4.4012238524309355,1.0553941345727638,-4.4012238524309355,79.4528858763852,18.573563263683102,53.83996521309945,-6.112690066184923,85.1418113988077,169.90105849277802,air_00,air,5,0,,2024-05-29T12:49:40,,,0.025989101227363528,,,,,,,,,,,,-25.507140635576572,55.78468370255307,-1.4162467415586681e-11
mag_argmax,34931737.0,144.89324598759413,8.295793935903854,75.61399536579847,34931705.906062104,True,4.562367396121991,1.0723682185059948,-4.562367396121991,63.04379864959701,9.822226179913805,101.80991372861823,-9.36263043992887,56.42802580623202,112.60250581503215,air_00,air,7,0,,2024-05-29T12:49:43,,,,,,,,,,,,,,,,,
argmax_hh,34931724.0,106.4896372705698,6.097015839846313,,,True,4.562367396121991,1.0723682185059948,-4.562367396121991,63.04379864959701,9.822226179913805,101.80991372861823,-9.36263043992887,56.42802580623202,112.60250581503215,air_00,air,7,0,,2024-05-29T12:49:43,False,0.033121167740795765,,,,,,,,,,,,,,,
midpoint,34931693.829572566,106.4896372705698,6.097021105825537,,,True,4.562367396121991,1.0723682185059948,-4.562367396121991,63.04379864959701,9.822226179913805,101.80991372861823,-9.36263043992887,56.42802580623202,112.60250581503215,air_00,air,7,0,,2024-05-29T12:49:43,,,,,,,,,,,,,,,,,
sym,34931692.72359136,124.60756682413911,7.134356059417902,,,True,4.562367396121991,1.0723682185059948,-4.562367396121991,63.04379864959701,9.822226179913805,101.80991372861823,-9.36263043992887,56.42802580623202,112.60250581503215,air_00,air,7,0,,2024-05-29T12:49:43,,,0.08487607889837928,True,639.0,,,,,,,,,,,,
sym_lin,34931709.39918459,100.50406042395053,5.754316759906207,,,True,4.562367396121991,1.0723682185059948,-4.562367396121991,63.04379864959701,9.822226179913805,101.80991372861823,-9.36263043992887,56.42802580623202,112.60250581503215,air_00,air,7,0,,2024-05-29T12:49:43,,,0.04027282574825026,True,639.0,,,,,,,,,,,,
psl,34931739.903099604,98.63331771779157,5.647203259350934,,,True,4.562367396121991,1.0723682185059948,-4.562367396121991,63.04379864959701,9.822226179913805,101.80991372861823,-9.36263043992887,56.42802580623202,112.60250581503215,air_00,air,7,0,,2024-05-29T12:49:43,,,0.010733129923198848,True,639.0,-25.331646540734827,True,ok,0.010188989352860386,0.00028573801868604767,-22.166163998288734,-15.903099603950977,1.049290172613609,1.0796517823242713,,,
circle,34931744.325534426,98.76037933011739,5.65447739510251,,,True,4.562367396121991,1.0723682185059948,-4.562367396121991,63.04379864959701,9.822226179913805,101.80991372861823,-9.36263043992887,56.42802580623202,112.60250581503215,air_00,air,7,0,,2024-05-29T12:49:43,,,0.014663145987080127,,,,,,,,,,,,-28.71757536628298,104.32604586510041,-4.300862793239878e-12
mag_argmax,44909701.0,189.53361279517412,8.44065351471274,91.10695618391037,44909638.194774106,True,2.6948681259830742,1.0456986631775285,-2.6948681259830742,58.97039297438855,6.237781249745336,160.3134127284162,-12.179287402012648,39.28962644596757,78.50072599031095,air_00,air,9,0,,2024-05-29T12:49:32,,,,,,,,,,,,,,,,,
argmax_hh,44909699.0,152.81387335807085,6.80538399324702,,,True,2.6948681259830742,1.0456986631775285,-2.6948681259830742,58.97039297438855,6.237781249745336,160.3134127284162,-12.179287402012648,39.28962644596757,78.50072599031095,air_00,air,9,0,,2024-05-29T12:49:32,False,0.08401736585739697,,,,,,,,,,,,,,,
midpoint,44909651.055449225,152.81387335807085,6.805391258524543,,,True,2.6948681259830742,1.0456986631775285,-2.6948681259830742,58.97039297438855,6.237781249745336,160.3134127284162,-12.179287402012648,39.28962644596757,78.50072599031095,air_00,air,9,0,,2024-05-29T12:49:32,,,,,,,,,,,,,,,,,
sym,44909647.6035534,187.8052470513203,8.363692750795957,,,True,2.6948681259830742,1.0456986631775285,-2.6948681259830742,58.97039297438855,6.237781249745336,160.3134127284162,-12.179287402012648,39.28962644596757,78.50072599031095,air_00,air,9,0,,2024-05-29T12:49:32,,,0.09130038743627318,True,917.0,,,,,,,,,,,,
sym_lin,44909675.81182626,142.6880593280318,6.3544461966682535,,,True,2.6948681259830742,1.0456986631775285,-2.6948681259830742,58.97039297438855,6.237781249745336,160.3134127284162,-12.179287402012648,39.28962644596757,78.50072599031095,air_00,air,9,0,,2024-05-29T12:49:32,,,0.04211419987895509,True,917.0,,,,,,,,,,,,
psl,44909723.86911248,140.27451145202346,6.246954973976134,,,True,2.6948681259830742,1.0456986631775285,-2.6948681259830742,58.97039297438855,6.237781249745336,160.3134127284162,-12.179287402012648,39.28962644596757,78.50072599031095,air_00,air,9,0,,2024-05-29T12:49:32,,,0.00943019318406514,True,917.0,-28.10976148076843,True,ok,0.006223574449179644,0.0004954810032038448,-35.11711234490082,-24.869112476706505,1.06082320814181,1.0893915920736326,,,
circle,44909731.461596675,140.93658185674624,6.27643841412253,,,True,2.6948681259830742,1.0456986631775285,-2.6948681259830742,58.97039297438855,6.237781249745336,160.3134127284162,-12.179287402012648,39.28962644596757,78.50072599031095,air_00,air,9,0,,2024-05-29T12:49:32,,,0.030936661417691733,,,,,,,,,,,,-33.09788345882611,175.9030722997932,-5.862712080551811e-13
mag_argmax,5000111.0,182.0286362869665,72.80983813637998,99.94193204678595,5000095.878577197,True,4.892910388210825,1.0561334541050653,-4.892910388210825,87.16567448446567,13.626559044928031,73.38609818538247,-7.612730267259712,53.870145850502034,107.39089278396273,air_01,air,1,1,,2024-05-29T12:54:17,,,,,,,,,,,,,,,,,
argmax_hh,5000106.0,111.62026582751423,44.6471598112177,,,True,4.892910388210825,1.0561334541050653,-4.892910388210825,87.16567448446567,13.626559044928031,73.38609818538247,-7.612730267259712,53.870145850502034,107.39089278396273,air_01,air,1,1,,2024-05-29T12:54:17,False,-0.002435326383846626,,,,,,,,,,,,,,,
midpoint,5000090.929168978,111.62026582751423,44.64729438273063,,,True,4.892910388210825,1.0561334541050653,-4.892910388210825,87.16567448446567,13.626559044928031,73.38609818538247,-7.612730267259712,53.870145850502034,107.39089278396273,air_01,air,1,1,,2024-05-29T12:54:17,,,,,,,,,,,,,,,,,
sym,5000091.997871134,119.56090705756192,47.82348289130152,,,True,4.892910388210825,1.0561334541050653,-4.892910388210825,87.16567448446567,13.626559044928031,73.38609818538247,-7.612730267259712,53.870145850502034,107.39089278396273,air_01,air,1,1,,2024-05-29T12:54:17,,,0.03001499217755543,True,669.0,,,,,,,,,,,,
sym_lin,5000096.303910638,116.76573407464615,46.705394047439526,,,True,4.892910388210825,1.0561334541050653,-4.892910388210825,87.16567448446567,13.626559044928031,73.38609818538247,-7.612730267259712,53.870145850502034,107.39089278396273,air_01,air,1,1,,2024-05-29T12:54:17,,,0.019028202291075703,True,669.0,,,,,,,,,,,,
psl,5000106.084357599,116.27607413961324,46.50944287097145,,,True,4.892910388210825,1.0561334541050653,-4.892910388210825,87.16567448446567,13.626559044928031,73.38609818538247,-7.612730267259712,53.870145850502034,107.39089278396273,air_01,air,1,1,,2024-05-29T12:54:17,,,0.013132072246413858,True,669.0,-7.158505048291461,True,ok,0.015066700463375481,-0.0010897722171843798,-7.273199878690532,-0.08435759879648685,1.0039050193293313,0.9599590169641541,,,
circle,5000109.040724152,113.01606552061124,45.205440361453974,,,True,4.892910388210825,1.0561334541050653,-4.892910388210825,87.16567448446567,13.626559044928031,73.38609818538247,-7.612730267259712,53.870145850502034,107.39089278396273,air_01,air,1,1,,2024-05-29T12:54:17,,,0.01750384046855238,,,,,,,,,,,,-9.237375520322871,72.18055723452913,-1.4265496519999963e-11
mag_argmax,14977492.0,116.75706989690661,15.591004141001259,68.67465387098491,14977482.2014709,True,4.295095482055644,1.0570041095973108,-4.295095482055644,75.34711992516173,29.68404375648467,33.68813252680722,-4.297329441050602,112.35764913127716,224.15444477271433,air_01,air,3,1,,2024-05-29T12:54:19,,,,,,,,,,,,,,,,,
argmax_hh,14977476.0,53.48990519531071,7.142712857000834,,,True,4.295095482055644,1.0570041095973108,-4.295095482055644,75.34711992516173,29.68404375648467,33.68813252680722,-4.297329441050602,112.35764913127716,224.15444477271433,air_01,air,3,1,,2024-05-29T12:54:19,False,0.004124986107959607,,,,,,,,,,,,,,,
midpoint,14977462.610706998,53.48990519531071,7.142719242319747,,,True,4.295095482055644,1.0570041095973108,-4.295095482055644,75.34711992516173,29.68404375648467,33.68813252680722,-4.297329441050602,112.35764913127716,224.15444477271433,air_01,air,3,1,,2024-05-29T12:54:19,,,,,,,,,,,,,,,,,
sym,14977462.336093863,60.52147505122423,8.08167280853377,,,True,4.295095482055644,1.0570041095973108,-4.295095482055644,75.34711992516173,29.68404375648467,33.68813252680722,-4.297329441050602,112.35764913127716,224.15444477271433,air_01,air,3,1,,2024-05-29T12:54:19,,,0.06990552889701172,True,321.0,,,,,,,,,,,,
sym_lin,14977468.593827559,52.74701016668519,7.043514708276275,,,True,4.295095482055644,1.0570041095973108,-4.295095482055644,75.34711992516173,29.68404375648467,33.68813252680722,-4.297329441050602,112.35764913127716,224.15444477271433,air_01,air,3,1,,2024-05-29T12:54:19,,,0.03450120492509347,True,321.0,,,,,,,,,,,,
psl,14977480.959956998,52.02589375985409,6.947215476213627,,,True,4.295095482055644,1.0570041095973108,-4.295095482055644,75.34711992516173,29.68404375648467,33.68813252680722,-4.297329441050602,112.35764913127716,224.15444477271433,air_01,air,3,1,,2024-05-29T12:54:19,,,0.01390854567778668,True,321.0,-19.800390566650332,True,ok,0.03218381232427936,-0.0008348981957066947,-9.080154730153449,-4.959956998005509,1.0300109003366014,1.0281400535320804,,,
circle,14977485.046242256,51.24709664160711,6.843217867804133,,,True,4.295095482055644,1.0570041095973108,-4.295095482055644,75.34711992516173,29.68404375648467,33.68813252680722,-4.297329441050602,112.35764913127716,224.15444477271433,air_01,air,3,1,,2024-05-29T12:54:19,,,0.022275626185010073,,,,,,,,,,,,-25.359617679611237,34.134536093046776,-3.9765143544014836e-11
mag_argmax,24955267.0,114.95155218057334,9.212608479049601,62.81243175640702,24955251.55057639,True,4.481787438640739,1.056436352546345,-4.481787438640739,79.41313065829942,18.50903613532645,54.02766479511023,-6.126759439207874,85.0003311364892,169.61873367576,air_01,air,5,1,,2024-05-29T12:54:08,,,,,,,,,,,,,,,,,
argmax_hh,24955252.0,70.6938422434032,5.6656484369224716,,,True,4.481787438640739,1.056436352546345,-4.481787438640739,79.41313065829942,18.50903613532645,54.02766479511023,-6.126759439207874,85.0003311364892,169.61873367576,air_01,air,5,1,,2024-05-29T12:54:08,False,0.0038532135674010314,,,,,,,,,,,,,,,
midpoint,24955234.316074155,70.6938422434032,5.665652451747801,,,True,4.481787438640739,1.056436352546345,-4.481787438640739,79.41313065829942,18.50903613532645,54.02766479511023,-6.126759439207874,85.0003311364892,169.61873367576,air_01,air,5,1,,2024-05-29T12:54:08,,,,,,,,,,,,,,,,,
sym,24955234.567347586,78.42631479088108,6.285359857406203,,,True,4.481787438640739,1.056436352546345,-4.481787438640739,79.41313065829942,18.50903613532645,54.02766479511023,-6.126759439207874,85.0003311364892,169.61873367576,air_01,air,5,1,,2024-05-29T12:54:08,,,0.0688126186276597,True,425.0,,,,,,,,,,,,
sym_lin,24955242.49133361,68.62959781585181,5.500214861841981,,,True,4.481787438640739,1.056436352546345,-4.481787438640739,79.41313065829942,18.50903613532645,54.02766479511023,-6.126759439207874,85.0003311364892,169.61873367576,air_01,air,5,1,,2024-05-29T12:54:08,,,0.03496925143920786,True,425.0,,,,,,,,,,,,
psl,24955258.521847475,67.4932512903539,5.409140621105236,,,True,4.481787438640739,1.056436352546345,-4.481787438640739,79.41313065829942,18.50903613532645,54.02766479511023,-6.126759439207874,85.0003311364892,169.61873367576,air_01,air,5,1,,2024-05-29T12:54:08,,,0.013018238762867155,True,425.0,-19.56341714557619,True,ok,0.01955493673540721,-0.00017067588041000961,-11.635920237161175,-6.521847475320101,1.0292931435421186,1.0474209034512274,,,
circle,24955263.23300689,65.9973951361287,5.289256580458566,,,True,4.481787438640739,1.056436352546345,-4.481787438640739,79.41313065829942,18.50903613532645,54.02766479511023,-6.126759439207874,85.0003311364892,169.61873367576,air_01,air,5,1,,2024-05-29T12:54:08,,,0.025642603253555187,,,,,,,,,,,,-25.35525802374598,55.90333121557199,-1.4115862266868095e-11
mag_argmax,34931740.0,144.9769992865622,8.30058847836164,74.35711634904146,34931708.21739347,True,4.566395508278953,1.072455745145074,-4.566395508278953,63.02323575771567,9.79838046202185,102.0576822747353,-9.37506238685828,56.17561599481132,112.12682872998955,air_01,air,7,1,,2024-05-29T12:54:11,,,,,,,,,,,,,,,,,
argmax_hh,34931727.0,106.95031809806824,6.123391385605884,,,True,4.566395508278953,1.072455745145074,-4.566395508278953,63.02323575771567,9.79838046202185,102.0576822747353,-9.37506238685828,56.17561599481132,112.12682872998955,air_01,air,7,1,,2024-05-29T12:54:11,False,0.03318974012757925,,,,,,,,,,,,,,,
midpoint,34931696.335309856,106.95031809806824,6.123396761007573,,,True,4.566395508278953,1.072455745145074,-4.566395508278953,63.02323575771567,9.79838046202185,102.0576822747353,-9.37506238685828,56.17561599481132,112.12682872998955,air_01,air,7,1,,2024-05-29T12:54:11,,,,,,,,,,,,,,,,,
sym,34931695.197637185,125.53331996773015,7.187359173809655,,,True,4.566395508278953,1.072455745145074,-4.566395508278953,63.02323575771567,9.79838046202185,102.0576822747353,-9.37506238685828,56.17561599481132,112.12682872998955,air_01,air,7,1,,2024-05-29T12:54:11,,,0.08492988954334993,True,641.0,,,,,,,,,,,,
sym_lin,34931712.06436466,100.918557541097,5.778048173255634,,,True,4.566395508278953,1.072455745145074,-4.566395508278953,63.02323575771567,9.79838046202185,102.0576822747353,-9.37506238685828,56.17561599481132,112.12682872998955,air_01,air,7,1,,2024-05-29T12:54:11,,,0.0406690257059805,True,641.0,,,,,,,,,,,,
psl,34931742.82812335,98.91018875525161,5.663054903497089,,,True,4.566395508278953,1.072455745145074,-4.566395508278953,63.02323575771567,9.79838046202185,102.0576822747353,-9.37506238685828,56.17561599481132,112.12682872998955,air_01,air,7,1,,2024-05-29T12:54:11,,,0.010994616749633071,True,641.0,-25.44267994730451,True,ok,0.01014641701798481,0.0002915002517522428,-22.329087318580267,-15.828123353421688,1.049727178554736,1.0812871701489877,,,
circle,34931747.0474465,99.0522147171016,5.671185846076502,,,True,4.566395508278953,1.072455745145074,-4.566395508278953,63.02323575771567,9.79838046202185,102.0576822747353,-9.37506238685828,56.17561599481132,112.12682872998955,air_01,air,7,1,,2024-05-29T12:54:11,,,0.015172843830878812,,,,,,,,,,,,-28.74905623725741,104.67734522274041,-4.279545723448211e-12
mag_argmax,44909700.0,190.03474958240986,8.462971232602749,92.22437266260386,44909641.46553905,True,2.685638791337097,1.0455345695842815,-2.685638791337097,58.980216917745594,6.2458445133463085,160.1064512354046,-12.172553575851794,39.27527463737722,78.41324600067672,air_01,air,9,1,,2024-05-29T12:54:15,,,,,,,,,,,,,,,,,
argmax_hh,44909699.0,152.94609790667892,6.811272456164933,,,True,2.685638791337097,1.0455345695842815,-2.685638791337097,58.980216917745594,6.2458445133463085,160.1064512354046,-12.172553575851794,39.27527463737722,78.41324600067672,air_01,air,9,1,,2024-05-29T12:54:15,False,0.08387851748010035,,,,,,,,,,,,,,,
midpoint,44909654.54957083,152.94609790667892,6.811279197788464,,,True,2.685638791337097,1.0455345695842815,-2.685638791337097,58.980216917745594,6.2458445133463085,160.1064512354046,-12.172553575851794,39.27527463737722,78.41324600067672,air_01,air,9,1,,2024-05-29T12:54:15,,,,,,,,,,,,,,,,,
sym,44909651.372248344,186.04876093066412,8.285468946910234,,,True,2.685638791337097,1.0455345695842815,-2.685638791337097,58.980216917745594,6.2458445133463085,160.1064512354046,-12.172553575851794,39.27527463737722,78.41324600067672,air_01,air,9,1,,2024-05-29T12:54:15,,,0.09174035600750172,True,917.0,,,,,,,,,,,,
sym_lin,44909679.3505285,142.68270826649297,6.354207392701585,,,True,2.685638791337097,1.0455345695842815,-2.685638791337097,58.980216917745594,6.2458445133463085,160.1064512354046,-12.172553575851794,39.27527463737722,78.41324600067672,air_01,air,9,1,,2024-05-29T12:54:15,,,0.04146297509779832,True,917.0,,,,,,,,,,,,
psl,44909727.08882361,140.20988186196817,6.244076326033221,,,True,2.685638791337097,1.0455345695842815,-2.685638791337097,58.980216917745594,6.2458445133463085,160.1064512354046,-12.172553575851794,39.27527463737722,78.41324600067672,air_01,air,9,1,,2024-05-29T12:54:15,,,0.00854836404452327,True,917.0,-28.00079530191547,True,ok,0.006230791794122285,0.0004928579806286888,-34.95928341885242,-28.08882360905409,1.0603472346685914,1.0908367932101184,,,
circle,44909734.95866264,140.7536062022443,6.268289328886113,,,True,2.685638791337097,1.0455345695842815,-2.685638791337097,58.980216917745594,6.2458445133463085,160.1064512354046,-12.172553575851794,39.27527463737722,78.41324600067672,air_01,air,9,1,,2024-05-29T12:54:15,,,0.031428228356488,,,,,,,,,,,,-33.06190678369549,175.83941582335544,-5.899662948478408e-13
mag_argmax,5000113.0,182.33959053596482,72.93418790173935,102.7969377739355,5000096.000310488,True,4.837234979946858,1.0555351983641938,-4.837234979946858,87.1021464301755,13.60726812210287,73.49013711103827,-7.619074555896369,54.40047510316149,108.47519885839986,air_02,air,1,2,,2024-05-29T12:57:05,,,,,,,,,,,,,,,,,
argmax_hh,5000107.0,110.51374070905149,44.204550306244045,,,True,4.837234979946858,1.0555351983641938,-4.837234979946858,87.1021464301755,13.60726812210287,73.49013711103827,-7.619074555896369,54.40047510316149,108.47519885839986,air_02,air,1,2,,2024-05-29T12:57:05,False,-0.0024208339138750918,,,,,,,,,,,,,,,
midpoint,5000092.220676488,110.51374070905149,44.20468096650406,,,True,4.837234979946858,1.0555351983641938,-4.837234979946858,87.1021464301755,13.60726812210287,73.49013711103827,-7.619074555896369,54.40047510316149,108.47519885839986,air_02,air,1,2,,2024-05-29T12:57:05,,,,,,,,,,,,,,,,,
sym,5000092.808721788,118.36662212259444,47.34577002895808,,,True,4.837234979946858,1.0555351983641938,-4.837234979946858,87.1021464301755,13.60726812210287,73.49013711103827,-7.619074555896369,54.40047510316149,108.47519885839986,air_02,air,1,2,,2024-05-29T12:57:05,,,0.030219006262300268,True,663.0,,,,,,,,,,,,
sym_lin,5000097.242538055,115.43205086705684,46.171922371839074,,,True,4.837234979946858,1.0555351983641938,-4.837234979946858,87.1021464301755,13.60726812210287,73.49013711103827,-7.619074555896369,54.40047510316149,108.47519885839986,air_02,air,1,2,,2024-05-29T12:57:05,,,0.018129815349792137,True,663.0,,,,,,,,,,,,
psl,5000107.203967731,115.03394186061904,46.012590197800655,,,True,4.837234979946858,1.0555351983641938,-4.837234979946858,87.1021464301755,13.60726812210287,73.49013711103827,-7.619074555896369,54.40047510316149,108.47519885839986,air_02,air,1,2,,2024-05-29T12:57:05,,,0.01156072775668882,True,663.0,-7.400101612920042,True,ok,0.0150103821984199,-0.0010268982057416826,-7.439013758319501,-0.20396773144602776,1.0041732409117838,0.9607055006682771,,,
circle,5000110.206156198,113.06919076163045,45.226679452952155,,,True,4.837234979946858,1.0555351983641938,-4.837234979946858,87.1021464301755,13.60726812210287,73.49013711103827,-7.619074555896369,54.40047510316149,108.47519885839986,air_02,air,1,2,,2024-05-29T12:57:05,,,0.021474171305940162,,,,,,,,,,,,-9.669693941174021,72.52894552401202,-1.5647868353338027e-11
mag_argmax,14977493.0,116.71665993053466,15.585607007866358,68.75416994281113,14977482.39794314,True,4.304472966695894,1.0570992384929085,-4.304472966695894,75.38582090250638,29.721016172715228,33.6462250882939,-4.286333751383705,112.41596789068109,224.32682159713045,air_02,air,3,2,,2024-05-29T12:56:52,,,,,,,,,,,,,,,,,
argmax_hh,14977477.0,53.45326035749167,7.137819054236127,,,True,4.304472966695894,1.0570992384929085,-4.304472966695894,75.38582090250638,29.721016172715228,33.6462250882939,-4.286333751383705,112.41596789068109,224.32682159713045,air_02,air,3,2,,2024-05-29T12:56:52,False,0.004115386820679285,,,,,,,,,,,,,,,
midpoint,14977462.83213967,53.45326035749167,7.137825806222398,,,True,4.304472966695894,1.0570992384929085,-4.304472966695894,75.38582090250638,29.721016172715228,33.6462250882939,-4.286333751383705,112.41596789068109,224.32682159713045,air_02,air,3,2,,2024-05-29T12:56:52,,,,,,,,,,,,,,,,,
sym,14977462.539369654,60.60209119674176,8.09243769262564,,,True,4.304472966695894,1.0570992384929085,-4.304472966695894,75.38582090250638,29.721016172715228,33.6462250882939,-4.286333751383705,112.41596789068109,224.32682159713045,air_02,air,3,2,,2024-05-29T12:56:52,,,0.0696089426443643,True,321.0,,,,,,,,,,,,
sym_lin,14977468.781754326,52.60933394086421,7.0251301748601644,,,True,4.304472966695894,1.0570992384929085,-4.304472966695894,75.38582090250638,29.721016172715228,33.6462250882939,-4.286333751383705,112.41596789068109,224.32682159713045,air_02,air,3,2,,2024-05-29T12:56:52,,,0.034629044241258886,True,321.0,,,,,,,,,,,,
psl,14977481.135649586,51.96655885387303,6.939292179134392,,,True,4.304472966695894,1.0570992384929085,-4.304472966695894,75.38582090250638,29.721016172715228,33.6462250882939,-4.286333751383705,112.41596789068109,224.32682159713045,air_02,air,3,2,,2024-05-29T12:56:52,,,0.01396097788855191,True,321.0,-19.78305467219436,True,ok,0.0322187073101063,-0.0008297174912046591,-9.061697938856529,-4.135649586096406,1.0299580931743575,1.0286088118283752,,,
circle,14977485.226091867,51.21926111174995,6.8395008025142,,,True,4.304472966695894,1.0570992384929085,-4.304472966695894,75.38582090250638,29.721016172715228,33.6462250882939,-4.286333751383705,112.41596789068109,224.32682159713045,air_02,air,3,2,,2024-05-29T12:56:52,,,0.022228686664216606,,,,,,,,,,,,-25.360943476287435,34.08777154561418,-3.981187009587853e-11
mag_argmax,24955267.0,115.17929881252348,9.230860868971948,63.12250014021993,24955251.70139744,True,4.451140821052801,1.056044534241124,-4.451140821052801,79.42149723115492,18.505596900185022,54.037705748902475,-6.131939160338459,84.86681291490241,169.30999781192676,air_02,air,5,2,,2024-05-29T12:56:55,,,,,,,,,,,,,,,,,
argmax_hh,24955252.0,70.81684575602412,5.675506362830888,,,True,4.451140821052801,1.056044534241124,-4.451140821052801,79.42149723115492,18.505596900185022,54.037705748902475,-6.131939160338459,84.86681291490241,169.30999781192676,air_02,air,5,2,,2024-05-29T12:56:55,False,0.0038778533816602417,,,,,,,,,,,,,,,
midpoint,24955234.42781782,70.81684575602412,5.675510359228199,,,True,4.451140821052801,1.056044534241124,-4.451140821052801,79.42149723115492,18.505596900185022,54.037705748902475,-6.131939160338459,84.86681291490241,169.30999781192676,air_02,air,5,2,,2024-05-29T12:56:55,,,,,,,,,,,,,,,,,
sym,24955234.712874975,78.58389069438115,6.297988506101922,,,True,4.451140821052801,1.056044534241124,-4.451140821052801,79.42149723115492,18.505596900185022,54.037705748902475,-6.131939160338459,84.86681291490241,169.30999781192676,air_02,air,5,2,,2024-05-29T12:56:55,,,0.06870288163450003,True,425.0,,,,,,,,,,,,
sym_lin,24955242.645774487,68.82191268605087,5.515627610834234,,,True,4.451140821052801,1.056044534241124,-4.451140821052801,79.42149723115492,18.505596900185022,54.037705748902475,-6.131939160338459,84.86681291490241,169.30999781192676,air_02,air,5,2,,2024-05-29T12:56:55,,,0.034916770038289247,True,425.0,,,,,,,,,,,,
psl,24955258.669626776,67.65127119414183,5.421804846004715,,,True,4.451140821052801,1.056044534241124,-4.451140821052801,79.42149723115492,18.505596900185022,54.037705748902475,-6.131939160338459,84.86681291490241,169.30999781192676,air_02,air,5,2,,2024-05-29T12:56:55,,,0.013136973118275068,True,425.0,-19.525719333686748,True,ok,0.01955467993409763,-0.00017638469612409847,-11.640247269376903,-6.669626776129007,1.0291797763659354,1.0467925362821033,,,
circle,24955263.609106217,66.08612002359487,5.296367216051362,,,True,4.451140821052801,1.056044534241124,-4.451140821052801,79.42149723115492,18.505596900185022,54.037705748902475,-6.131939160338459,84.86681291490241,169.30999781192676,air_02,air,5,2,,2024-05-29T12:56:55,,,0.02565308972992419,,,,,,,,,,,,-25.458967248692662,55.936926075083,-1.4090561474049066e-11
mag_argmax,34931741.0,145.16460305824876,8.311329404294435,75.68294539302588,34931708.69603643,True,4.6335019696609026,1.0734916886875823,-4.6335019696609026,63.04797253140019,9.783037567340468,102.21774097427405,-9.385723554292655,56.20219234063865,112.15185361234784,air_02,air,7,2,,2024-05-29T12:56:59,,,,,,,,,,,,,,,,,
argmax_hh,34931727.0,106.91753737255931,6.121514540209209,,,True,4.6335019696609026,1.0734916886875823,-4.6335019696609026,63.04797253140019,9.783037567340468,102.21774097427405,-9.385723554292655,56.20219234063865,112.15185361234784,air_02,air,7,2,,2024-05-29T12:56:59,False,0.03316003773104737,,,,,,,,,,,,,,,
midpoint,34931696.92188999,106.91753737255931,6.121519811169511,,,True,4.6335019696609026,1.0734916886875823,-4.6335019696609026,63.04797253140019,9.783037567340468,102.21774097427405,-9.385723554292655,56.20219234063865,112.15185361234784,air_02,air,7,2,,2024-05-29T12:56:59,,,,,,,,,,,,,,,,,
sym,34931695.77764919,125.12027358821531,7.1637102524105165,,,True,4.6335019696609026,1.0734916886875823,-4.6335019696609026,63.04797253140019,9.783037567340468,102.21774097427405,-9.385723554292655,56.20219234063865,112.15185361234784,air_02,air,7,2,,2024-05-29T12:56:59,,,0.08505366729084973,True,641.0,,,,,,,,,,,,
sym_lin,34931712.55553596,100.90753696868272,5.77741711393368,,,True,4.6335019696609026,1.0734916886875823,-4.6335019696609026,63.04797253140019,9.783037567340468,102.21774097427405,-9.385723554292655,56.20219234063865,112.15185361234784,air_02,air,7,2,,2024-05-29T12:56:59,,,0.040556892667302384,True,641.0,,,,,,,,,,,,
psl,34931743.255915195,98.90936760410864,5.663007819534442,,,True,4.6335019696609026,1.0734916886875823,-4.6335019696609026,63.04797253140019,9.783037567340468,102.21774097427405,-9.385723554292655,56.20219234063865,112.15185361234784,air_02,air,7,2,,2024-05-29T12:56:59,,,0.010989235813223874,True,641.0,-25.393757442951763,True,ok,0.010149905828675036,0.0002848643252679125,-22.284526846033835,-16.255915194749832,1.0495343845579528,1.080964725206857,,,
circle,34931747.471040174,98.91002534093352,5.663044794591734,,,True,4.6335019696609026,1.0734916886875823,-4.6335019696609026,63.04797253140019,9.783037567340468,102.21774097427405,-9.385723554292655,56.20219234063865,112.15185361234784,air_02,air,7,2,,2024-05-29T12:56:59,,,0.014091437933955184,,,,,,,,,,,,-28.67809530524298,104.56894613554992,-4.2765540115722324e-12
mag_argmax,44909704.0,189.6592995673418,8.446250261072386,90.56426139175892,44909642.57173294,True,2.729118814961451,1.0462710003715616,-2.729118814961451,58.981193253794025,6.236684885561524,160.34159466916282,-12.181039389396432,39.28090094497637,78.52253407827833,air_02,air,9,2,,2024-05-29T12:57:03,,,,,,,,,,,,,,,,,
argmax_hh,44909702.0,152.79690270870924,6.804627771019689,,,True,2.729118814961451,1.0462710003715616,-2.729118814961451,58.981193253794025,6.236684885561524,160.34159466916282,-12.181039389396432,39.28090094497637,78.52253407827833,air_02,air,9,2,,2024-05-29T12:57:03,False,0.08386946678976388,,,,,,,,,,,,,,,
midpoint,44909655.42729079,152.79690270870924,6.804634827630288,,,True,2.729118814961451,1.0462710003715616,-2.729118814961451,58.981193253794025,6.236684885561524,160.34159466916282,-12.181039389396432,39.28090094497637,78.52253407827833,air_02,air,9,2,,2024-05-29T12:57:03,,,,,,,,,,,,,,,,,
sym,44909652.01129304,187.4374256437366,8.347311424127863,,,True,2.729118814961451,1.0462710003715616,-2.729118814961451,58.981193253794025,6.236684885561524,160.34159466916282,-12.181039389396432,39.28090094497637,78.52253407827833,air_02,air,9,2,,2024-05-29T12:57:03,,,0.0914313428921817,True,917.0,,,,,,,,,,,,
sym_lin,44909680.18609455,142.91461037497268,6.364534763230112,,,True,2.729118814961451,1.0462710003715616,-2.729118814961451,58.981193253794025,6.236684885561524,160.34159466916282,-12.181039389396432,39.28090094497637,78.52253407827833,air_02,air,9,2,,2024-05-29T12:57:03,,,0.0419668695968462,True,917.0,,,,,,,,,,,,
psl,44909728.20424959,140.34785786175684,6.250220763904618,,,True,2.729118814961451,1.0462710003715616,-2.729118814961451,58.981193253794025,6.236684885561524,160.34159466916282,-12.181039389396432,39.28090094497637,78.52253407827833,air_02,air,9,2,,2024-05-29T12:57:03,,,0.009295014124207128,True,917.0,-28.08472126226437,True,ok,0.006220776549821364,0.0004939880797162117,-35.10288559057909,-26.2042495906353,1.0607136589082422,1.08870135274323,,,
circle,44909735.75229009,140.96558685616515,6.27772951654372,,,True,2.729118814961451,1.0462710003715616,-2.729118814961451,58.981193253794025,6.236684885561524,160.34159466916282,-12.181039389396432,39.28090094497637,78.52253407827833,air_02,air,9,2,,2024-05-29T12:57:03,,,0.030706639797343768,,,,,,,,,,,,-33.042272584441335,175.9475627071265,-5.803843244795952e-13
mag_argmax,4999323.0,941.1669959109277,376.5177788716303,508.01244823168963,4999211.170069772,True,4.613232902008324,1.0558610813771607,-4.613232902008324,82.58402430237363,1.6357339005101434,611.3463807824278,-22.058367700001433,7.102545774111782,14.358898565994325,gluc05_00,gluc05,1,0,5.0,2024-05-29T13:17:35,,,,,,,,,,,,,,,,,
argmax_hh,4999359.0,838.7133556692861,335.52835700308225,,,True,4.613232902008324,1.0558610813771607,-4.613232902008324,82.58402430237363,1.6357339005101434,611.3463807824278,-22.058367700001433,7.102545774111782,14.358898565994325,gluc05_00,gluc05,1,0,5.0,2024-05-29T13:17:35,False,-0.015317572199990758,,,,,,,,,,,,,,,
midpoint,4999378.325415658,838.7133556692861,335.52705999682627,,,True,4.613232902008324,1.0558610813771607,-4.613232902008324,82.58402430237363,1.6357339005101434,611.3463807824278,-22.058367700001433,7.102545774111782,14.358898565994325,gluc05_00,gluc05,1,0,5.0,2024-05-29T13:17:35,,,,,,,,,,,,,,,,,
sym,4999379.92782706,858.2972207217308,343.361470067262,,,True,4.613232902008324,1.0558610813771607,-4.613232902008324,82.58402430237363,1.6357339005101434,611.3463807824278,-22.058367700001433,7.102545774111782,14.358898565994325,gluc05_00,gluc05,1,0,5.0,2024-05-29T13:17:35,,,0.008626397684372025,True,5033.0,,,,,,,,,,,,
sym_lin,4999374.666996045,857.8680324452527,343.1901346016607,,,True,4.613232902008324,1.0558610813771607,-4.613232902008324,82.58402430237363,1.6357339005101434,611.3463807824278,-22.058367700001433,7.102545774111782,14.358898565994325,gluc05_00,gluc05,1,0,5.0,2024-05-29T13:17:35,,,0.007556902210439526,True,5033.0,,,,,,,,,,,,
psl,4999367.40784393,858.1716927042789,343.31211239158813,,,True,4.613232902008324,1.0558610813771607,-4.613232902008324,82.58402430237363,1.6357339005101434,611.3463807824278,-22.058367700001433,7.102545774111782,14.358898565994325,gluc05_00,gluc05,1,0,5.0,2024-05-29T13:17:35,,,0.007929646510499365,True,5033.0,0.873905870305151,True,ok,0.0017518387184250475,-9.266965193006091e-05,6.544773680833914,-8.407843929715455,1.00005816051818,0.9773258227923185,,,
circle,4999359.202642896,875.7264861735645,350.3354932810646,,,True,4.613232902008324,1.0558610813771607,-4.613232902008324,82.58402430237363,1.6357339005101434,611.3463807824278,-22.058367700001433,7.102545774111782,14.358898565994325,gluc05_00,gluc05,1,0,5.0,2024-05-29T13:17:35,,,0.016632538976577047,,,,,,,,,,,,0.9826082441557399,597.5175753119964,4.3447088987223215e-12
mag_argmax,14975690.0,1549.2154054418206,206.89736572295774,763.5696310251951,14975069.583583305,True,-0.9449649092334811,0.9860793296932104,0.9449649092334811,67.88214133428522,1.124620162305523,889.1891089254118,-24.76722044183282,4.935981521252836,9.871963042505673,gluc05_00,gluc05,3,0,5.0,2024-05-29T13:17:37,,,,,,,,,,,,,,,,,
argmax_hh,14975958.0,1215.5637078797445,162.33535215306352,,,True,-0.9449649092334811,0.9860793296932104,0.9449649092334811,67.88214133428522,1.124620162305523,889.1891089254118,-24.76722044183282,4.935981521252836,9.871963042505673,gluc05_00,gluc05,3,0,5.0,2024-05-29T13:17:37,False,0.15862083452466488,,,,,,,,,,,,,,,
midpoint,14975693.94668718,1215.5637078797445,162.33821447034086,,,True,-0.9449649092334811,0.9860793296932104,0.9449649092334811,67.88214133428522,1.124620162305523,889.1891089254118,-24.76722044183282,4.935981521252836,9.871963042505673,gluc05_00,gluc05,3,0,5.0,2024-05-29T13:17:37,,,,,,,,,,,,,,,,,
sym,14975695.898814654,1434.107442155568,191.5246479155709,,,True,-0.9449649092334811,0.9860793296932104,0.9449649092334811,67.88214133428522,1.124620162305523,889.1891089254118,-24.76722044183282,4.935981521252836,9.871963042505673,gluc05_00,gluc05,3,0,5.0,2024-05-29T13:17:37,,,0.06612357228762505,True,7293.0,,,,,,,,,,,,
sym_lin,14975855.932734814,1234.7620710244425,164.9003671737321,,,True,-0.9449649092334811,0.9860793296932104,0.9449649092334811,67.88214133428522,1.124620162305523,889.1891089254118,-24.76722044183282,4.935981521252836,9.871963042505673,gluc05_00,gluc05,3,0,5.0,2024-05-29T13:17:37,,,0.021013119580051486,True,7293.0,,,,,,,,,,,,
psl,14976123.614921037,1242.451489034224,165.92431005261503,,,True,-0.9449649092334811,0.9860793296932104,0.9449649092334811,67.88214133428522,1.124620162305523,889.1891089254118,-24.76722044183282,4.935981521252836,9.871963042505673,gluc05_00,gluc05,3,0,5.0,2024-05-29T13:17:37,,,0.007406652225957905,True,7293.0,-19.54598278664329,True,ok,0.0010046176120281057,0.00014391991031397386,-214.005533569018,-165.6149210371077,1.0292406861085481,0.9783590897577982,,,
circle,14976160.532843467,1501.7316372184005,200.54961803127418,,,True,-0.9449649092334811,0.9860793296932104,0.9449649092334811,67.88214133428522,1.124620162305523,889.1891089254118,-24.76722044183282,4.935981521252836,9.871963042505673,gluc05_00,gluc05,3,0,5.0,2024-05-29T13:17:37,,,0.1577759426495199,,,,,,,,,,,,-14.272921314685814,1031.9348155061757,2.68554810242602e-12
mag_argmax,24952575.0,,,1529.1352137960494,,False,0.0,0.7362743685298082,19.93503423955516,75.59005216301233,0.7901387891472554,1265.600441005097,-26.88454050762094,3.678138434678692,7.385780653592775,gluc05_00,gluc05,5,0,5.0,2024-05-29T13:17:39,,,,,,,,,,,,,,,,,
argmax_hh,24953369.0,1626.9099454171956,130.39601549732188,,,False,0.0,0.7362743685298082,19.93503423955516,75.59005216301233,0.7901387891472554,1265.600441005097,-26.88454050762094,3.678138434678692,7.385780653592775,gluc05_00,gluc05,5,0,5.0,2024-05-29T13:17:39,False,0.1708140503993148,,,,,,,,,,,,,,,
midpoint,24953192.747878056,1626.9099454171956,130.39693652472934,,,False,0.0,0.7362743685298082,19.93503423955516,75.59005216301233,0.7901387891472554,1265.600441005097,-26.88454050762094,3.678138434678692,7.385780653592775,gluc05_00,gluc05,5,0,5.0,2024-05-29T13:17:39,,,,,,,,,,,,,,,,,
sym,24953175.974496663,1809.3615078054943,145.02053844005655,,,False,0.0,0.7362743685298082,19.93503423955516,75.59005216301233,0.7901387891472554,1265.600441005097,-26.88454050762094,3.678138434678692,7.385780653592775,gluc05_00,gluc05,5,0,5.0,2024-05-29T13:17:39,,,0.05063662988152411,True,9761.0,,,,,,,,,,,,
sym_lin,24953321.929760695,1699.4207082416483,136.20797367382386,,,False,0.0,0.7362743685298082,19.93503423955516,75.59005216301233,0.7901387891472554,1265.600441005097,-26.88454050762094,3.678138434678692,7.385780653592775,gluc05_00,gluc05,5,0,5.0,2024-05-29T13:17:39,,,0.014792127948155012,True,9761.0,,,,,,,,,,,,
psl,24953588.666456167,1702.4956644178696,136.45297172878765,,,False,0.0,0.7362743685298082,19.93503423955516,75.59005216301233,0.7901387891472554,1265.600441005097,-26.88454050762094,3.678138434678692,7.385780653592775,gluc05_00,gluc05,5,0,5.0,2024-05-29T13:17:39,,,0.002394358890773059,True,9761.0,-14.26435947561363,True,ok,0.0007029149223878192,9.690599464579099e-05,-213.02814132351708,-219.66645616665483,1.0155360763444836,0.9556029888472468,,,
circle,24953493.029086117,1594.5427831836364,127.80116846367092,,,False,0.0,0.7362743685298082,19.93503423955516,75.59005216301233,0.7901387891472554,1265.600441005097,-26.88454050762094,3.678138434678692,7.385780653592775,gluc05_00,gluc05,5,0,5.0,2024-05-29T13:17:39,,,0.09140919819173819,,,,,,,,,,,,-14.847812313856641,1636.4489710996436,3.176199626933733e-12
mag_argmax,34928171.0,,,2271.201188839972,,False,0.0,0.40390441928047144,36.03532811320702,60.45226517148456,0.8233931882610802,1214.486607682406,-25.121120414674664,3.12440008517064,6.329155391896349,gluc05_00,gluc05,7,0,5.0,2024-05-29T13:17:31,,,,,,,,,,,,,,,,,
argmax_hh,34929240.0,1904.0455248467624,109.02301480632057,,,False,0.0,0.40390441928047144,36.03532811320702,60.45226517148456,0.8233931882610802,1214.486607682406,-25.121120414674664,3.12440008517064,6.329155391896349,gluc05_00,gluc05,7,0,5.0,2024-05-29T13:17:31,False,0.49991092283938987,,,,,,,,,,,,,,,
midpoint,34928749.74094331,1904.0455248467624,109.02454505062627,,,False,0.0,0.40390441928047144,36.03532811320702,60.45226517148456,0.8233931882610802,1214.486607682406,-25.121120414674664,3.12440008517064,6.329155391896349,gluc05_00,gluc05,7,0,5.0,2024-05-29T13:17:31,,,,,,,,,,,,,,,,,
sym,34928645.449449524,2640.9455206452985,151.21946394785945,,,False,0.0,0.40390441928047144,36.03532811320702,60.45226517148456,0.8233931882610802,1214.486607682406,-25.121120414674664,3.12440008517064,6.329155391896349,gluc05_00,gluc05,7,0,5.0,2024-05-29T13:17:31,,,0.08741912742877656,True,11425.0,,,,,,,,,,,,
sym_lin,34929056.12855862,1945.2466857413099,111.38272265827655,,,False,0.0,0.40390441928047144,36.03532811320702,60.45226517148456,0.8233931882610802,1214.486607682406,-25.121120414674664,3.12440008517064,6.329155391896349,gluc05_00,gluc05,7,0,5.0,2024-05-29T13:17:31,,,0.0350212991601592,True,11425.0,,,,,,,,,,,,
psl,34929666.930129796,1919.9150923575633,109.9303406584432,,,False,0.0,0.40390441928047144,36.03532811320702,60.45226517148456,0.8233931882610802,1214.486607682406,-25.121120414674664,3.12440008517064,6.329155391896349,gluc05_00,gluc05,7,0,5.0,2024-05-29T13:17:31,,,0.005989470207536434,True,11425.0,-27.857796089142163,True,ok,0.00047277595029618846,0.00037745709314997855,-476.158723492635,-426.93012979626656,1.0597255402389423,0.9917342347200814,,,
circle,34929770.48890356,1951.8481300185697,111.7584285667511,,,False,0.0,0.40390441928047144,36.03532811320702,60.45226517148456,0.8233931882610802,1214.486607682406,-25.121120414674664,3.12440008517064,6.329155391896349,gluc05_00,gluc05,7,0,5.0,2024-05-29T13:17:31,,,0.049968047686286265,,,,,,,,,,,,-27.84566648708939,2176.851562446947,3.2317912709297114e-12
mag_argmax,44905119.0,,,4122.677565731108,,False,0.0,0.2409238700441726,43.322742827766334,57.07298796273227,0.8641491834432826,1157.2075969746418,-23.834547617544654,2.6099392177302074,5.376954002117419,gluc05_00,gluc05,9,0,5.0,2024-05-29T13:17:33,,,,,,,,,,,,,,,,,
argmax_hh,44906797.0,2253.692331239581,100.3719918496784,,,False,0.0,0.2409238700441726,43.322742827766334,57.07298796273227,0.8641491834432826,1157.2075969746418,-23.834547617544654,2.6099392177302074,5.376954002117419,gluc05_00,gluc05,9,0,5.0,2024-05-29T13:17:33,False,0.683501331236749,,,,,,,,,,,,,,,
midpoint,44906198.10727616,2253.692331239581,100.37333046345846,,,False,0.0,0.2409238700441726,43.322742827766334,57.07298796273227,0.8641491834432826,1157.2075969746418,-23.834547617544654,2.6099392177302074,5.376954002117419,gluc05_00,gluc05,9,0,5.0,2024-05-29T13:17:33,,,,,,,,,,,,,,,,,
sym,44906012.02368439,3272.8988997868423,145.76662465866022,,,False,0.0,0.2409238700441726,43.322742827766334,57.07298796273227,0.8641491834432826,1157.2075969746418,-23.834547617544654,2.6099392177302074,5.376954002117419,gluc05_00,gluc05,9,0,5.0,2024-05-29T13:17:33,,,0.09762274134653942,True,12644.0,,,,,,,,,,,,
sym_lin,44906592.115112744,2438.602033471976,108.60775305420226,,,False,0.0,0.2409238700441726,43.322742827766334,57.07298796273227,0.8641491834432826,1157.2075969746418,-23.834547617544654,2.6099392177302074,5.376954002117419,gluc05_00,gluc05,9,0,5.0,2024-05-29T13:17:33,,,0.035612154970609,True,12644.0,,,,,,,,,,,,
psl,44907376.52794645,2303.7464520260905,102.5999125374175,,,False,0.0,0.2409238700441726,43.322742827766334,57.07298796273227,0.8641491834432826,1157.2075969746418,-23.834547617544654,2.6099392177302074,5.376954002117419,gluc05_00,gluc05,9,0,5.0,2024-05-29T13:17:33,,,0.005884608518871935,True,12644.0,-30.822315763963996,True,ok,0.0003293825422105892,0.0005587689362920053,-635.0401935432733,-579.5279464498162,1.0732995015685973,0.9782727301685097,,,
circle,44907433.87055558,2323.093546704718,103.46142482338092,,,False,0.0,0.2409238700441726,43.322742827766334,57.07298796273227,0.8641491834432826,1157.2075969746418,-23.834547617544654,2.6099392177302074,5.376954002117419,gluc05_00,gluc05,9,0,5.0,2024-05-29T13:17:33,,,0.023341466375541037,,,,,,,,,,,,-30.636496929034593,2993.7999341014165,3.3566419137788317e-12
mag_argmax,4999321.0,943.0952038760297,377.2893174397202,509.75951299630105,4999211.152308842,True,4.575453818385733,1.0554050100823495,-4.575453818385733,82.58195083053243,1.6352654682579346,611.5215048632504,-22.06052958532466,7.096586036202063,14.34325093117577,gluc05_01,gluc05,1,1,5.0,2024-05-29T13:25:32,,,,,,,,,,,,,,,,,
argmax_hh,4999358.0,839.558622921817,335.86657443688455,,,True,4.575453818385733,1.0554050100823495,-4.575453818385733,82.58195083053243,1.6352654682579346,611.5215048632504,-22.06052958532466,7.096586036202063,14.34325093117577,gluc05_01,gluc05,1,1,5.0,2024-05-29T13:25:32,False,-0.01516910832272069,,,,,,,,,,,,,,,
midpoint,4999377.740565559,839.558622921817,335.86524823260953,,,True,4.575453818385733,1.0554050100823495,-4.575453818385733,82.58195083053243,1.6352654682579346,611.5215048632504,-22.06052958532466,7.096586036202063,14.34325093117577,gluc05_01,gluc05,1,1,5.0,2024-05-29T13:25:32,,,,,,,,,,,,,,,,,
sym,4999379.63360589,859.6976630566026,343.92173672017407,,,True,4.575453818385733,1.0554050100823495,-4.575453818385733,82.58195083053243,1.6352654682579346,611.5215048632504,-22.06052958532466,7.096586036202063,14.34325093117577,gluc05_01,gluc05,1,1,5.0,2024-05-29T13:25:32,,,0.008728069045676612,True,5037.0,,,,,,,,,,,,
sym_lin,4999374.439507334,859.2653687418631,343.7491546748557,,,True,4.575453818385733,1.0554050100823495,-4.575453818385733,82.58195083053243,1.6352654682579346,611.5215048632504,-22.06052958532466,7.096586036202063,14.34325093117577,gluc05_01,gluc05,1,1,5.0,2024-05-29T13:25:32,,,0.007705079660498278,True,5037.0,,,,,,,,,,,,
psl,4999367.417981018,859.576766665439,343.8742123948861,,,True,4.575453818385733,1.0554050100823495,-4.575453818385733,82.58195083053243,1.6352654682579346,611.5215048632504,-22.06052958532466,7.096586036202063,14.34325093117577,gluc05_01,gluc05,1,1,5.0,2024-05-29T13:25:32,,,0.008076437814055237,True,5037.0,0.8512813616427971,True,ok,0.0017522594106799563,-9.309604964394707e-05,6.385768270243972,-9.417981018312275,1.0000551880422899,0.9767116277220027,,,
circle,4999358.95427771,876.6564967463239,350.7075626150874,,,True,4.575453818385733,1.0554050100823495,-4.575453818385733,82.58195083053243,1.6352654682579346,611.5215048632504,-22.06052958532466,7.096586036202063,14.34325093117577,gluc05_01,gluc05,1,1,5.0,2024-05-29T13:25:32,,,0.01653937724949926,,,,,,,,,,,,0.9829086888047684,597.756008561062,4.350418444520467e-12
mag_argmax,14975690.0,1549.6966157620773,206.9616312519927,764.6215962450951,14975070.27531309,True,-0.9698370835550474,0.9857198289758131,0.9698370835550474,67.91494877143953,1.1247049988866502,889.1220373252576,-24.76953402179194,4.93389677895688,9.87026091752984,gluc05_01,gluc05,3,1,5.0,2024-05-29T13:25:33,,,,,,,,,,,,,,,,,
argmax_hh,14975959.0,1215.874646098353,162.37686629595512,,,True,-0.9698370835550474,0.9857198289758131,0.9698370835550474,67.91494877143953,1.1247049988866502,889.1220373252576,-24.76953402179194,4.93389677895688,9.87026091752984,gluc05_01,gluc05,3,1,5.0,2024-05-29T13:25:33,False,0.15854661987854418,,,,,,,,,,,,,,,
midpoint,14975693.691684969,1215.874646098353,162.37974295286892,,,True,-0.9698370835550474,0.9857198289758131,0.9698370835550474,67.91494877143953,1.1247049988866502,889.1220373252576,-24.76953402179194,4.93389677895688,9.87026091752984,gluc05_01,gluc05,3,1,5.0,2024-05-29T13:25:33,,,,,,,,,,,,,,,,,
sym,14975695.480324255,1435.2259482655306,191.6740294500773,,,True,-0.9698370835550474,0.9857198289758131,0.9698370835550474,67.91494877143953,1.1247049988866502,889.1220373252576,-24.76953402179194,4.93389677895688,9.87026091752984,gluc05_01,gluc05,3,1,5.0,2024-05-29T13:25:33,,,0.06613141898475484,True,7295.0,,,,,,,,,,,,
sym_lin,14975855.69587403,1235.0571464668667,164.93977660416894,,,True,-0.9698370835550474,0.9857198289758131,0.9698370835550474,67.91494877143953,1.1247049988866502,889.1220373252576,-24.76953402179194,4.93389677895688,9.87026091752984,gluc05_01,gluc05,3,1,5.0,2024-05-29T13:25:33,,,0.021060592818778354,True,7295.0,,,,,,,,,,,,
psl,14976123.654788544,1242.727256725032,165.9611372569932,,,True,-0.9698370835550474,0.9857198289758131,0.9698370835550474,67.91494877143953,1.1247049988866502,889.1220373252576,-24.76953402179194,4.93389677895688,9.87026091752984,gluc05_01,gluc05,3,1,5.0,2024-05-29T13:25:33,,,0.007376760305497767,True,7295.0,-19.55735185608409,True,ok,0.001004474638510373,0.0001442026033711757,-214.17998894349643,-164.65478854440153,1.0292748885557144,0.9783921930726426,,,
circle,14976159.9813597,1502.6188076246322,200.6681031045193,,,True,-0.9698370835550474,0.9857198289758131,0.9698370835550474,67.91494877143953,1.1247049988866502,889.1220373252576,-24.76953402179194,4.93389677895688,9.87026091752984,gluc05_01,gluc05,3,1,5.0,2024-05-29T13:25:33,,,0.15826394658483656,,,,,,,,,,,,-14.258892216291994,1032.5560293104581,2.683949491117242e-12
mag_argmax,24952568.0,,,1526.6986448653042,,False,0.0,0.7356613760771757,19.94236871650237,75.44250787325238,0.7902238698360067,1265.464178154385,-26.887792101446376,3.677088757798403,7.394774346980997,gluc05_01,gluc05,5,1,5.0,2024-05-29T13:25:26,,,,,,,,,,,,,,,,,
argmax_hh,24953373.0,1625.7426441833377,130.30243600200563,,,False,0.0,0.7356613760771757,19.94236871650237,75.44250787325238,0.7902238698360067,1265.464178154385,-26.887792101446376,3.677088757798403,7.394774346980997,gluc05_01,gluc05,5,1,5.0,2024-05-29T13:25:26,False,0.17227134181716505,,,,,,,,,,,,,,,
midpoint,24953194.234205972,1625.7426441833377,130.30336949445623,,,False,0.0,0.7356613760771757,19.94236871650237,75.44250787325238,0.7902238698360067,1265.464178154385,-26.887792101446376,3.677088757798403,7.394774346980997,gluc05_01,gluc05,5,1,5.0,2024-05-29T13:25:26,,,,,,,,,,,,,,,,,
sym,24953176.609420165,1811.2576400974658,145.17250997323453,,,False,0.0,0.7356613760771757,19.94236871650237,75.44250787325238,0.7902238698360067,1265.464178154385,-26.887792101446376,3.677088757798403,7.394774346980997,gluc05_01,gluc05,5,1,5.0,2024-05-29T13:25:26,,,0.05063581751477834,True,9755.0,,,,,,,,,,,,
sym_lin,24953322.88688325,1699.8903823599878,136.2456126637577,,,False,0.0,0.7356613760771757,19.94236871650237,75.44250787325238,0.7902238698360067,1265.464178154385,-26.887792101446376,3.677088757798403,7.394774346980997,gluc05_01,gluc05,5,1,5.0,2024-05-29T13:25:26,,,0.01475542559029916,True,9755.0,,,,,,,,,,,,
psl,24953589.682596788,1703.3876133948877,136.52445480281898,,,False,0.0,0.7356613760771757,19.94236871650237,75.44250787325238,0.7902238698360067,1265.464178154385,-26.887792101446376,3.677088757798403,7.394774346980997,gluc05_01,gluc05,5,1,5.0,2024-05-29T13:25:26,,,0.002405431896338471,True,9755.0,-14.27086538114389,True,ok,0.0007026057156843692,9.718441735957969e-05,-213.2379724414532,-216.68259678781033,1.015550289411308,0.9544173219289754,,,
circle,24953493.737790093,1594.5285704355626,127.80002569506131,,,False,0.0,0.7356613760771757,19.94236871650237,75.44250787325238,0.7902238698360067,1265.464178154385,-26.887792101446376,3.677088757798403,7.394774346980997,gluc05_01,gluc05,5,1,5.0,2024-05-29T13:25:26,,,0.09144772847682467,,,,,,,,,,,,-14.850213864491812,1637.3731184884327,3.1780026709665836e-12
mag_argmax,34928170.0,,,2251.9997563287616,,False,0.0,0.40388929098372234,36.02555847247497,60.434342023356,0.8234063216300019,1214.4672365648298,-25.120366334262894,3.1210040505582883,6.32545179441383,gluc05_01,gluc05,7,1,5.0,2024-05-29T13:25:28,,,,,,,,,,,,,,,,,
argmax_hh,34929238.0,1905.476540133357,109.10495901074951,,,False,0.0,0.40388929098372234,36.02555847247497,60.434342023356,0.8234063216300019,1214.4672365648298,-25.120366334262894,3.1210040505582883,6.32545179441383,gluc05_01,gluc05,7,1,5.0,2024-05-29T13:25:28,False,0.49990302911180423,,,,,,,,,,,,,,,
midpoint,34928746.38773394,1905.476540133357,109.10649463231297,,,False,0.0,0.40388929098372234,36.02555847247497,60.434342023356,0.8234063216300019,1214.4672365648298,-25.120366334262894,3.1210040505582883,6.32545179441383,gluc05_01,gluc05,7,1,5.0,2024-05-29T13:25:28,,,,,,,,,,,,,,,,,
sym,34928645.40848778,2640.3022231500745,151.1826291728148,,,False,0.0,0.40388929098372234,36.02555847247497,60.434342023356,0.8234063216300019,1214.4672365648298,-25.120366334262894,3.1210040505582883,6.32545179441383,gluc05_01,gluc05,7,1,5.0,2024-05-29T13:25:28,,,0.0875655316773655,True,11433.0,,,,,,,,,,,,
sym_lin,34929056.27764329,1945.793347263337,111.41402343061654,,,False,0.0,0.40388929098372234,36.02555847247497,60.434342023356,0.8234063216300019,1214.4672365648298,-25.120366334262894,3.1210040505582883,6.32545179441383,gluc05_01,gluc05,7,1,5.0,2024-05-29T13:25:28,,,0.0351242995715941,True,11433.0,,,,,,,,,,,,
psl,34929667.888930574,1919.3126486815388,109.89584297134304,,,False,0.0,0.40388929098372234,36.02555847247497,60.434342023356,0.8234063216300019,1214.4672365648298,-25.120366334262894,3.1210040505582883,6.32545179441383,gluc05_01,gluc05,7,1,5.0,2024-05-29T13:25:28,,,0.0060774920728099546,True,11433.0,-27.88106599100211,True,ok,0.0004727884808554286,0.0003777363772265628,-476.42305672589725,-429.8889305740595,1.0598264799053065,0.9927911127154367,,,
circle,34929771.82971343,1951.331676736929,111.7288533260332,,,False,0.0,0.40388929098372234,36.02555847247497,60.434342023356,0.8234063216300019,1214.4672365648298,-25.120366334262894,3.1210040505582883,6.32545179441383,gluc05_01,gluc05,7,1,5.0,2024-05-29T13:25:28,,,0.0497064860710031,,,,,,,,,,,,-27.88428200579476,2177.5103274978865,3.2330642336553586e-12
mag_argmax,44905121.0,,,4114.092679664493,,False,0.0,0.2408674793449431,43.331708711985435,57.080559102637864,0.8644883151594671,1156.75363387131,-23.826516585657792,2.627020560875031,5.384902532271455,gluc05_01,gluc05,9,1,5.0,2024-05-29T13:25:30,,,,,,,,,,,,,,,,,
argmax_hh,44906789.0,2246.6516204327345,100.05843973536983,,,False,0.0,0.2408674793449431,43.331708711985435,57.080559102637864,0.8644883151594671,1156.75363387131,-23.826516585657792,2.627020560875031,5.384902532271455,gluc05_01,gluc05,9,1,5.0,2024-05-29T13:25:30,False,0.6833409399072021,,,,,,,,,,,,,,,
midpoint,44906205.85868166,2246.6516204327345,100.05973907049163,,,False,0.0,0.2408674793449431,43.331708711985435,57.080559102637864,0.8644883151594671,1156.75363387131,-23.826516585657792,2.627020560875031,5.384902532271455,gluc05_01,gluc05,9,1,5.0,2024-05-29T13:25:30,,,,,,,,,,,,,,,,,
sym,44906012.29071126,3280.528627221084,146.10643251882138,,,False,0.0,0.2408674793449431,43.331708711985435,57.080559102637864,0.8644883151594671,1156.75363387131,-23.826516585657792,2.627020560875031,5.384902532271455,gluc05_01,gluc05,9,1,5.0,2024-05-29T13:25:30,,,0.09742162342615655,True,12642.0,,,,,,,,,,,,
sym_lin,44906592.89160358,2435.4889213364013,108.46910284265977,,,False,0.0,0.2408674793449431,43.331708711985435,57.080559102637864,0.8644883151594671,1156.75363387131,-23.826516585657792,2.627020560875031,5.384902532271455,gluc05_01,gluc05,9,1,5.0,2024-05-29T13:25:30,,,0.035542722400066125,True,12642.0,,,,,,,,,,,,
psl,44907377.23647127,2303.7174403961203,102.59861885343724,,,False,0.0,0.2408674793449431,43.331708711985435,57.080559102637864,0.8644883151594671,1156.75363387131,-23.826516585657792,2.627020560875031,5.384902532271455,gluc05_01,gluc05,9,1,5.0,2024-05-29T13:25:30,,,0.0058613639786502586,True,12642.0,-30.822783935039443,True,ok,0.00032937899822681703,0.0005589914727145405,-635.0423235033769,-588.236471273005,1.073301759639802,0.9752288110673966,,,
circle,44907433.63782441,2323.547085137581,103.48162417281914,,,False,0.0,0.2408674793449431,43.331708711985435,57.080559102637864,0.8644883151594671,1156.75363387131,-23.826516585657792,2.627020560875031,5.384902532271455,gluc05_01,gluc05,9,1,5.0,2024-05-29T13:25:30,,,0.02339556908812585,,,,,,,,,,,,-30.611119272691422,2994.183899989556,3.3584517220214497e-12
mag_argmax,4999324.0,942.3283696305007,376.9823158613047,508.5292590847239,4999210.468673717,True,4.587032053420881,1.055551854719759,-4.587032053420881,82.57207750417987,1.6355020407025886,611.4330493714419,-22.060254059665283,7.094371829170428,14.349573246407692,gluc05_02,gluc05,1,2,5.0,2024-05-29T13:29:02,,,,,,,,,,,,,,,,,
argmax_hh,4999360.0,839.397785088513,335.80209670378326,,,True,4.587032053420881,1.055551854719759,-4.587032053420881,82.57207750417987,1.6355020407025886,611.4330493714419,-22.060254059665283,7.094371829170428,14.349573246407692,gluc05_02,gluc05,1,2,5.0,2024-05-29T13:29:02,False,-0.015231545734461697,,,,,,,,,,,,,,,
midpoint,4999377.918768005,839.397785088513,335.80089312206485,,,True,4.587032053420881,1.055551854719759,-4.587032053420881,82.57207750417987,1.6355020407025886,611.4330493714419,-22.060254059665283,7.094371829170428,14.349573246407692,gluc05_02,gluc05,1,2,5.0,2024-05-29T13:29:02,,,,,,,,,,,,,,,,,
sym,4999379.268489427,858.1419676368279,343.2994064065546,,,True,4.587032053420881,1.055551854719759,-4.587032053420881,82.57207750417987,1.6355020407025886,611.4330493714419,-22.060254059665283,7.094371829170428,14.349573246407692,gluc05_02,gluc05,1,2,5.0,2024-05-29T13:29:02,,,0.008551458682150457,True,5037.0,,,,,,,,,,,,
sym_lin,4999374.022585023,857.7613193862153,343.14748827001875,,,True,4.587032053420881,1.055551854719759,-4.587032053420881,82.57207750417987,1.6355020407025886,611.4330493714419,-22.060254059665283,7.094371829170428,14.349573246407692,gluc05_02,gluc05,1,2,5.0,2024-05-29T13:29:02,,,0.007475819152152283,True,5037.0,,,,,,,,,,,,
psl,4999366.921553441,858.0570930868173,343.26630013393583,,,True,4.587032053420881,1.055551854719759,-4.587032053420881,82.57207750417987,1.6355020407025886,611.4330493714419,-22.060254059665283,7.094371829170428,14.349573246407692,gluc05_02,gluc05,1,2,5.0,2024-05-29T13:29:02,,,0.007867735568083664,True,5037.0,0.861911520154346,True,ok,0.0017510234686222155,-9.211890939859803e-05,6.454081321381201,-6.92155344132334,1.000056574954067,0.9782540018040311,,,
circle,4999358.856793328,876.0707834311406,350.4732540816512,,,True,4.587032053420881,1.055551854719759,-4.587032053420881,82.57207750417987,1.6355020407025886,611.4330493714419,-22.060254059665283,7.094371829170428,14.349573246407692,gluc05_02,gluc05,1,2,5.0,2024-05-29T13:29:02,,,0.016677880580897714,,,,,,,,,,,,0.9731017738958503,597.7601039973108,4.348139349799609e-12
mag_argmax,14975691.0,1550.3179117441177,207.04459136398017,762.2059311680496,14975070.163407702,True,-0.932057472557668,0.9862682973066668,0.932057472557668,67.87632192256748,1.1242661962905627,889.4690628424387,-24.76831780515809,4.93646068390018,9.870453548761583,gluc05_02,gluc05,3,2,5.0,2024-05-29T13:28:55,,,,,,,,,,,,,,,,,
argmax_hh,14975957.0,1215.648292221129,162.3466590109906,,,True,-0.932057472557668,0.9862682973066668,0.932057472557668,67.87632192256748,1.1242661962905627,889.4690628424387,-24.76831780515809,4.93646068390018,9.870453548761583,gluc05_02,gluc05,3,2,5.0,2024-05-29T13:28:55,False,0.15834694153369375,,,,,,,,,,,,,,,
midpoint,14975694.177802162,1215.648292221129,162.3495081814682,,,True,-0.932057472557668,0.9862682973066668,0.932057472557668,67.87632192256748,1.1242661962905627,889.4690628424387,-24.76831780515809,4.93646068390018,9.870453548761583,gluc05_02,gluc05,3,2,5.0,2024-05-29T13:28:55,,,,,,,,,,,,,,,,,
sym,14975696.428805321,1433.5123798702618,191.44517073849627,,,True,-0.932057472557668,0.9862682973066668,0.932057472557668,67.87632192256748,1.1242661962905627,889.4690628424387,-24.76831780515809,4.93646068390018,9.870453548761583,gluc05_02,gluc05,3,2,5.0,2024-05-29T13:28:55,,,0.0661308900502488,True,7293.0,,,,,,,,,,,,
sym_lin,14975856.33039052,1235.0455964726639,164.93822713381465,,,True,-0.932057472557668,0.9862682973066668,0.932057472557668,67.87632192256748,1.1242661962905627,889.4690628424387,-24.76831780515809,4.93646068390018,9.870453548761583,gluc05_02,gluc05,3,2,5.0,2024-05-29T13:28:55,,,0.021066351266475186,True,7293.0,,,,,,,,,,,,
psl,14976124.087797267,1242.2797617221163,165.9013713347022,,,True,-0.932057472557668,0.9862682973066668,0.932057472557668,67.87632192256748,1.1242661962905627,889.4690628424387,-24.76831780515809,4.93646068390018,9.870453548761583,gluc05_02,gluc05,3,2,5.0,2024-05-29T13:28:55,,,0.007339777504977881,True,7293.0,-19.544725847462587,True,ok,0.0010041853806118778,0.00014407841251474354,-213.9619238290908,-167.08779726736248,1.029236906008586,0.9785624218299513,,,
circle,14976160.958548518,1501.5133687354505,200.52046354087483,,,True,-0.932057472557668,0.9862682973066668,0.932057472557668,67.87632192256748,1.1242661962905627,889.4690628424387,-24.76831780515809,4.93646068390018,9.870453548761583,gluc05_02,gluc05,3,2,5.0,2024-05-29T13:28:55,,,0.15790728365603027,,,,,,,,,,,,-14.266867520448864,1032.5100605100681,2.6851856333286648e-12
mag_argmax,24952567.0,,,1537.2013531513512,,False,0.0,0.7356970449405505,19.964911648797056,75.53798119399144,0.790059123732767,1265.7280575095851,-26.89153400726219,3.6660456809606043,7.3744131206607575,gluc05_02,gluc05,5,2,5.0,2024-05-29T13:28:57,,,,,,,,,,,,,,,,,
argmax_hh,24953375.0,1630.367027623579,130.6730674807379,,,False,0.0,0.7356970449405505,19.964911648797056,75.53798119399144,0.790059123732767,1265.7280575095851,-26.89153400726219,3.6660456809606043,7.3744131206607575,gluc05_02,gluc05,5,2,5.0,2024-05-29T13:28:57,False,0.17059008277423374,,,,,,,,,,,,,,,
midpoint,24953192.375357844,1630.367027623579,130.67402383621456,,,False,0.0,0.7356970449405505,19.964911648797056,75.53798119399144,0.790059123732767,1265.7280575095851,-26.89153400726219,3.6660456809606043,7.3744131206607575,gluc05_02,gluc05,5,2,5.0,2024-05-29T13:28:57,,,,,,,,,,,,,,,,,
sym,24953176.708680425,1811.5572731136783,145.19652501667207,,,False,0.0,0.7356970449405505,19.964911648797056,75.53798119399144,0.790059123732767,1265.7280575095851,-26.89153400726219,3.6660456809606043,7.3744131206607575,gluc05_02,gluc05,5,2,5.0,2024-05-29T13:28:57,,,0.05060779733592013,True,9783.0,,,,,,,,,,,,
sym_lin,24953322.651047666,1700.0377294094787,136.25742376541606,,,False,0.0,0.7356970449405505,19.964911648797056,75.53798119399144,0.790059123732767,1265.7280575095851,-26.89153400726219,3.6660456809606043,7.3744131206607575,gluc05_02,gluc05,5,2,5.0,2024-05-29T13:28:57,,,0.014882156043472336,True,9783.0,,,,,,,,,,,,
psl,24953589.74733898,1703.3577130001436,136.5220579681757,,,False,0.0,0.7356970449405505,19.964911648797056,75.53798119399144,0.790059123732767,1265.7280575095851,-26.89153400726219,3.6660456809606043,7.3744131206607575,gluc05_02,gluc05,5,2,5.0,2024-05-29T13:28:57,,,0.002425314216862824,True,9783.0,-14.261420987523762,True,ok,0.0007022947162992805,9.728017803939497e-05,-213.09164367233282,-214.74733898043633,1.0155296589512486,0.9571489389342622,,,
circle,24953494.393996604,1596.0116967370936,127.91889356554948,,,False,0.0,0.7356970449405505,19.964911648797056,75.53798119399144,0.790059123732767,1265.7280575095851,-26.89153400726219,3.6660456809606043,7.3744131206607575,gluc05_02,gluc05,5,2,5.0,2024-05-29T13:28:57,,,0.09135661186725112,,,,,,,,,,,,-14.862034021351668,1637.410308426461,3.1777371188097508e-12
mag_argmax,34928175.0,,,2255.741395533085,,False,0.0,0.4034182289272919,36.05476231862639,60.435574915064294,0.823421980478567,1214.4441412880515,-25.125842194614695,3.121558227407726,6.329753478788922,gluc05_02,gluc05,7,2,5.0,2024-05-29T13:28:59,,,,,,,,,,,,,,,,,
argmax_hh,34929245.0,1904.4975511915982,109.04888160002302,,,False,0.0,0.4034182289272919,36.05476231862639,60.435574915064294,0.823421980478567,1214.4441412880515,-25.125842194614695,3.121558227407726,6.329753478788922,gluc05_02,gluc05,7,2,5.0,2024-05-29T13:28:59,False,0.4999058279376978,,,,,,,,,,,,,,,
midpoint,34928750.66265507,1904.4975511915982,109.05042493992426,,,False,0.0,0.4034182289272919,36.05476231862639,60.435574915064294,0.823421980478567,1214.4441412880515,-25.125842194614695,3.121558227407726,6.329753478788922,gluc05_02,gluc05,7,2,5.0,2024-05-29T13:28:59,,,,,,,,,,,,,,,,,
sym,34928646.63871886,2642.5482353753414,151.3112295880392,,,False,0.0,0.4034182289272919,36.05476231862639,60.435574915064294,0.823421980478567,1214.4441412880515,-25.125842194614695,3.121558227407726,6.329753478788922,gluc05_02,gluc05,7,2,5.0,2024-05-29T13:28:59,,,0.08741163352436267,True,11427.0,,,,,,,,,,,,
sym_lin,34929057.50494989,1944.641179479131,111.34804763647291,,,False,0.0,0.4034182289272919,36.05476231862639,60.435574915064294,0.823421980478567,1214.4441412880515,-25.125842194614695,3.121558227407726,6.329753478788922,gluc05_02,gluc05,7,2,5.0,2024-05-29T13:28:59,,,0.03504426554256959,True,11427.0,,,,,,,,,,,,
psl,34929668.4942414,1919.5875842897271,109.91158330667785,,,False,0.0,0.4034182289272919,36.05476231862639,60.435574915064294,0.823421980478567,1214.4441412880515,-25.125842194614695,3.121558227407726,6.329753478788922,gluc05_02,gluc05,7,2,5.0,2024-05-29T13:28:59,,,0.006036813621063358,True,11427.0,-27.866352251414952,True,ok,0.0004726453383772614,0.0003778547628990729,-476.22964606078096,-423.49424140155315,1.0597626447112392,0.992138919202422,,,
circle,34929772.35199917,1952.5232424916144,111.79707802360548,,,False,0.0,0.4034182289272919,36.05476231862639,60.435574915064294,0.823421980478567,1214.4441412880515,-25.125842194614695,3.121558227407726,6.329753478788922,gluc05_02,gluc05,7,2,5.0,2024-05-29T13:28:59,,,0.049779198083602455,,,,,,,,,,,,-27.861037606334726,2177.8885494431097,3.2329718402776615e-12
mag_argmax,44905125.0,,,4114.9842282906175,,False,0.0,0.24102933383731495,43.31650525515214,57.072700153430254,0.8641999398331704,1157.1396315915563,-23.821468639939013,2.6214421035015865,5.368052963045748,gluc05_02,gluc05,9,2,5.0,2024-05-29T13:29:00,,,,,,,,,,,,,,,,,
argmax_hh,44906782.0,2252.958397254348,100.33933837674442,,,False,0.0,0.24102933383731495,43.31650525515214,57.072700153430254,0.8641999398331704,1157.1396315915563,-23.821468639939013,2.6214421035015865,5.368052963045748,gluc05_02,gluc05,9,2,5.0,2024-05-29T13:29:00,False,0.6837808226380608,,,,,,,,,,,,,,,
midpoint,44906199.23698044,2252.958397254348,100.34064051446275,,,False,0.0,0.24102933383731495,43.31650525515214,57.072700153430254,0.8641999398331704,1157.1396315915563,-23.821468639939013,2.6214421035015865,5.368052963045748,gluc05_02,gluc05,9,2,5.0,2024-05-29T13:29:00,,,,,,,,,,,,,,,,,
sym,44906015.29401798,3262.709150237692,145.31278844829166,,,False,0.0,0.24102933383731495,43.31650525515214,57.072700153430254,0.8641999398331704,1157.1396315915563,-23.821468639939013,2.6214421035015865,5.368052963045748,gluc05_02,gluc05,9,2,5.0,2024-05-29T13:29:00,,,0.09754856241666617,True,12665.0,,,,,,,,,,,,
sym_lin,44906592.65395252,2439.657273496719,108.65474886044328,,,False,0.0,0.24102933383731495,43.31650525515214,57.072700153430254,0.8641999398331704,1157.1396315915563,-23.821468639939013,2.6214421035015865,5.368052963045748,gluc05_02,gluc05,9,2,5.0,2024-05-29T13:29:00,,,0.03552612262375425,True,12665.0,,,,,,,,,,,,
psl,44907375.89116184,2305.0629140431324,102.6585440943918,,,False,0.0,0.24102933383731495,43.31650525515214,57.072700153430254,0.8641999398331704,1157.1396315915563,-23.821468639939013,2.6214421035015865,5.368052963045748,gluc05_02,gluc05,9,2,5.0,2024-05-29T13:29:00,,,0.005801726528003968,True,12665.0,-30.747046417233776,True,ok,0.00032942446427143275,0.0005587660149998025,-633.7742513269651,-593.8911618366838,1.072936936889117,0.9773956205397483,,,
circle,44907433.87606398,2322.486400365328,103.43438490718266,,,False,0.0,0.24102933383731495,43.31650525515214,57.072700153430254,0.8641999398331704,1157.1396315915563,-23.821468639939013,2.6214421035015865,5.368052963045748,gluc05_02,gluc05,9,2,5.0,2024-05-29T13:29:00,,,0.022985084365543314,,,,,,,,,,,,-30.58251088105962,2995.092003328064,3.357706883660958e-12
mag_argmax,4999300.0,974.6840810556896,389.9282223734081,516.9919738462195,4999175.529819796,True,4.325890178226621,1.0524963388703525,-4.325890178226621,82.40365464170812,1.5809339099941424,632.5375106943624,-22.332292201226753,6.837908680048496,13.827362683429161,gluc075_00,gluc075,1,0,7.5,2024-05-29T13:31:57,,,,,,,,,,,,,,,,,
argmax_hh,4999335.0,871.026549005881,348.4569643786147,,,True,4.325890178226621,1.0524963388703525,-4.325890178226621,82.40365464170812,1.5809339099941424,632.5375106943624,-22.332292201226753,6.837908680048496,13.827362683429161,gluc075_00,gluc075,1,0,7.5,2024-05-29T13:31:57,False,-0.014857829877600863,,,,,,,,,,,,,,,
midpoint,4999354.137493813,871.026549005881,348.4556304877127,,,True,4.325890178226621,1.0524963388703525,-4.325890178226621,82.40365464170812,1.5809339099941424,632.5375106943624,-22.332292201226753,6.837908680048496,13.827362683429161,gluc075_00,gluc075,1,0,7.5,2024-05-29T13:31:57,,,,,,,,,,,,,,,,,
sym,4999356.021096281,891.161226604004,356.5104076779018,,,True,4.325890178226621,1.0524963388703525,-4.325890178226621,82.40365464170812,1.5809339099941424,632.5375106943624,-22.332292201226753,6.837908680048496,13.827362683429161,gluc075_00,gluc075,1,0,7.5,2024-05-29T13:31:57,,,0.00874035476813064,True,5227.0,,,,,,,,,,,,
sym_lin,4999349.801169252,890.6463209881127,356.30486219620303,,,True,4.325890178226621,1.0524963388703525,-4.325890178226621,82.40365464170812,1.5809339099941424,632.5375106943624,-22.332292201226753,6.837908680048496,13.827362683429161,gluc075_00,gluc075,1,0,7.5,2024-05-29T13:31:57,,,0.007350928391603121,True,5227.0,,,,,,,,,,,,
psl,4999340.643727016,890.9834907364226,356.4404005373769,,,True,4.325890178226621,1.0524963388703525,-4.325890178226621,82.40365464170812,1.5809339099941424,632.5375106943624,-22.332292201226753,6.837908680048496,13.827362683429161,gluc075_00,gluc075,1,0,7.5,2024-05-29T13:31:57,,,0.007765997511950116,True,5227.0,1.0339175184951361,True,ok,0.0016878953309895713,-8.621025977807145e-05,8.039234705853938,-5.6437270157039165,1.0000814090009085,0.9776012216409906,,,
circle,4999331.017719291,910.0228817498314,364.05786235174577,,,True,4.325890178226621,1.0524963388703525,-4.325890178226621,82.40365464170812,1.5809339099941424,632.5375106943624,-22.332292201226753,6.837908680048496,13.827362683429161,gluc075_00,gluc075,1,0,7.5,2024-05-29T13:31:57,,,0.017645670816015802,,,,,,,,,,,,1.1912582428777974,621.3582617129623,4.394183140475996e-12
mag_argmax,14975625.0,1624.4494348373264,216.94579489501461,787.4781755637378,14974962.17859534,True,-1.7818112791515572,0.9736772257678507,1.7818112791515572,67.6908620435356,1.0969344553468021,911.6314973293863,-24.964994419407773,4.798084214240179,9.56504830801547,gluc075_00,gluc075,3,0,7.5,2024-05-29T13:31:59,,,,,,,,,,,,,,,,,
argmax_hh,14975891.0,1253.2085164645687,167.3634665829991,,,True,-1.7818112791515572,0.9736772257678507,1.7818112791515572,67.6908620435356,1.0969344553468021,911.6314973293863,-24.964994419407773,4.798084214240179,9.56504830801547,gluc075_00,gluc075,3,0,7.5,2024-05-29T13:31:59,False,0.16855239882224907,,,,,,,,,,,,,,,
midpoint,14975620.325363219,1253.2085164645687,167.36649156924634,,,True,-1.7818112791515572,0.9736772257678507,1.7818112791515572,67.6908620435356,1.0969344553468021,911.6314973293863,-24.964994419407773,4.798084214240179,9.56504830801547,gluc075_00,gluc075,3,0,7.5,2024-05-29T13:31:59,,,,,,,,,,,,,,,,,
sym,14975615.105796508,1499.9853714548065,200.32370768853662,,,True,-1.7818112791515572,0.9736772257678507,1.7818112791515572,67.6908620435356,1.0969344553468021,911.6314973293863,-24.964994419407773,4.798084214240179,9.56504830801547,gluc075_00,gluc075,3,0,7.5,2024-05-29T13:31:59,,,0.0680504173792143,True,7519.0,,,,,,,,,,,,
sym_lin,14975788.654847784,1278.5380533635616,170.74734197049295,,,True,-1.7818112791515572,0.9736772257678507,1.7818112791515572,67.6908620435356,1.0969344553468021,911.6314973293863,-24.964994419407773,4.798084214240179,9.56504830801547,gluc075_00,gluc075,3,0,7.5,2024-05-29T13:31:59,,,0.021713469467998486,True,7519.0,,,,,,,,,,,,
psl,14976075.242304739,1285.5200344824905,171.6764924966624,,,True,-1.7818112791515572,0.9736772257678507,1.7818112791515572,67.6908620435356,1.0969344553468021,911.6314973293863,-24.964994419407773,4.798084214240179,9.56504830801547,gluc075_00,gluc075,3,0,7.5,2024-05-29T13:31:59,,,0.007170290486652596,True,7519.0,-20.23318286523863,True,ok,0.0009728279312608429,0.00014987677546830398,-229.37008033688832,-184.24230473861098,1.0313445640564414,0.9748650218190265,,,
circle,14976112.685237234,1570.0678243045431,209.67628346603507,,,True,-1.7818112791515572,0.9736772257678507,1.7818112791515572,67.6908620435356,1.0969344553468021,911.6314973293863,-24.964994419407773,4.798084214240179,9.56504830801547,gluc075_00,gluc075,3,0,7.5,2024-05-29T13:31:59,,,0.1634273401529946,,,,,,,,,,,,-14.764596046523296,1065.9139215685939,2.6238904888549028e-12
mag_argmax,24952448.0,,,1581.493124421686,,False,0.0,0.7207093316881523,21.059033325990416,75.40185088631934,0.7687477260054032,1300.816856000653,-27.041422064437498,3.5818310122549195,7.1923932893140226,gluc075_00,gluc075,5,0,7.5,2024-05-29T13:32:01,,,,,,,,,,,,,,,,,
argmax_hh,24953307.0,1670.6539140250534,133.90240532247316,,,False,0.0,0.7207093316881523,21.059033325990416,75.40185088631934,0.7687477260054032,1300.816856000653,-27.041422064437498,3.5818310122549195,7.1923932893140226,gluc075_00,gluc075,5,0,7.5,2024-05-29T13:32:01,False,0.17716090363619635,,,,,,,,,,,,,,,
midpoint,24953127.13741219,1670.6539140250534,133.90337049341156,,,False,0.0,0.7207093316881523,21.059033325990416,75.40185088631934,0.7687477260054032,1300.816856000653,-27.041422064437498,3.5818310122549195,7.1923932893140226,gluc075_00,gluc075,5,0,7.5,2024-05-29T13:32:01,,,,,,,,,,,,,,,,,
sym,24953108.581734825,1866.4546947949875,149.59696814377628,,,False,0.0,0.7207093316881523,21.059033325990416,75.40185088631934,0.7687477260054032,1300.816856000653,-27.041422064437498,3.5818310122549195,7.1923932893140226,gluc075_00,gluc075,5,0,7.5,2024-05-29T13:32:01,,,0.05096391284606714,True,10023.0,,,,,,,,,,,,
sym_lin,24953260.207440093,1751.4007981998332,140.37450686925737,,,False,0.0,0.7207093316881523,21.059033325990416,75.40185088631934,0.7687477260054032,1300.816856000653,-27.041422064437498,3.5818310122549195,7.1923932893140226,gluc075_00,gluc075,5,0,7.5,2024-05-29T13:32:01,,,0.015225223099794318,True,10023.0,,,,,,,,,,,,
psl,24953537.026334807,1753.5615734077494,140.54613352464796,,,False,0.0,0.7207093316881523,21.059033325990416,75.40185088631934,0.7687477260054032,1300.816856000653,-27.041422064437498,3.5818310122549195,7.1923932893140226,gluc075_00,gluc075,5,0,7.5,2024-05-29T13:32:01,,,0.0022950146141514295,True,10023.0,-14.370775932316969,True,ok,0.0006814235924861431,9.713555342810088e-05,-221.07201375099754,-230.02633480727673,1.0157693809955322,0.9527204173266759,,,
circle,24953439.092161857,1646.0662513537377,131.93101321819682,,,False,0.0,0.7207093316881523,21.059033325990416,75.40185088631934,0.7687477260054032,1300.816856000653,-27.041422064437498,3.5818310122549195,7.1923932893140226,gluc075_00,gluc075,5,0,7.5,2024-05-29T13:32:01,,,0.08938650189639519,,,,,,,,,,,,-14.95936730551785,1683.7136905404755,3.1827466545631584e-12
mag_argmax,34928040.0,,,2373.9185062348843,,False,0.0,0.38975025729747126,36.81792928820755,60.33256011736617,0.8082237919353512,1237.2810723691102,-25.182013058566735,3.0196340217951354,6.126153020491999,gluc075_00,gluc075,7,0,7.5,2024-05-29T13:31:53,,,,,,,,,,,,,,,,,
argmax_hh,34929149.0,1968.119300916791,112.69208424841905,,,False,0.0,0.38975025729747126,36.81792928820755,60.33256011736617,0.8082237919353512,1237.2810723691102,-25.182013058566735,3.0196340217951354,6.126153020491999,gluc075_00,gluc075,7,0,7.5,2024-05-29T13:31:53,False,0.5098630600777205,,,,,,,,,,,,,,,
midpoint,34928654.450628325,1968.119300916791,112.69367983806698,,,False,0.0,0.38975025729747126,36.81792928820755,60.33256011736617,0.8082237919353512,1237.2810723691102,-25.182013058566735,3.0196340217951354,6.126153020491999,gluc075_00,gluc075,7,0,7.5,2024-05-29T13:31:53,,,,,,,,,,,,,,,,,
sym,34928545.36601862,2735.314374938299,156.62343485963999,,,False,0.0,0.38975025729747126,36.81792928820755,60.33256011736617,0.8082237919353512,1237.2810723691102,-25.182013058566735,3.0196340217951354,6.126153020491999,gluc075_00,gluc075,7,0,7.5,2024-05-29T13:31:53,,,0.0866227786453251,True,11809.0,,,,,,,,,,,,
sym_lin,34928967.061171226,2027.5168786356387,116.09372101298278,,,False,0.0,0.38975025729747126,36.81792928820755,60.33256011736617,0.8082237919353512,1237.2810723691102,-25.182013058566735,3.0196340217951354,6.126153020491999,gluc075_00,gluc075,7,0,7.5,2024-05-29T13:31:53,,,0.034401264872987496,True,11809.0,,,,,,,,,,,,
psl,34929594.393512726,2000.1232057859002,114.52312805312,,,False,0.0,0.38975025729747126,36.81792928820755,60.33256011736617,0.8082237919353512,1237.2810723691102,-25.182013058566735,3.0196340217951354,6.126153020491999,gluc075_00,gluc075,7,0,7.5,2024-05-29T13:31:53,,,0.00604251135389533,True,11809.0,-27.57119211805239,True,ok,0.0004566210123439307,0.0003770117035421155,-490.74425291550267,-445.3935127258301,1.0584895495165216,0.9839990332712859,,,
circle,34929705.875374556,2023.1914567572953,115.84360108704182,,,False,0.0,0.38975025729747126,36.81792928820755,60.33256011736617,0.8082237919353512,1237.2810723691102,-25.182013058566735,3.0196340217951354,6.126153020491999,gluc075_00,gluc075,7,0,7.5,2024-05-29T13:31:53,,,0.05019908433498441,,,,,,,,,,,,-27.73243896164807,2256.4005457485637,3.246850981216138e-12
mag_argmax,44904980.0,,,4391.833447478712,,False,0.0,0.22938843614217216,43.92184507406851,56.99608873527333,0.8531254901954854,1172.1604986516809,-23.85329573079523,2.5417015997275647,5.2231709045317976,gluc075_00,gluc075,9,0,7.5,2024-05-29T13:31:55,,,,,,,,,,,,,,,,,
argmax_hh,44906681.0,2318.13207365945,103.24219123027372,,,False,0.0,0.22938843614217216,43.92184507406851,56.99608873527333,0.8531254901954854,1172.1604986516809,-23.85329573079523,2.5417015997275647,5.2231709045317976,gluc075_00,gluc075,9,0,7.5,2024-05-29T13:31:55,False,0.6928108113777244,,,,,,,,,,,,,,,
midpoint,44906098.20688543,2318.13207365945,103.24353111150555,,,False,0.0,0.22938843614217216,43.92184507406851,56.99608873527333,0.8531254901954854,1172.1604986516809,-23.85329573079523,2.5417015997275647,5.2231709045317976,gluc075_00,gluc075,9,0,7.5,2024-05-29T13:31:55,,,,,,,,,,,,,,,,,
sym,44905908.69566517,3301.421718186374,147.03729705418766,,,False,0.0,0.22938843614217216,43.92184507406851,56.99608873527333,0.8531254901954854,1172.1604986516809,-23.85329573079523,2.5417015997275647,5.2231709045317976,gluc075_00,gluc075,9,0,7.5,2024-05-29T13:31:55,,,0.0973648987043056,True,12847.0,,,,,,,,,,,,
sym_lin,44906495.59685794,2562.484445336712,114.12533582406756,,,False,0.0,0.22938843614217216,43.92184507406851,56.99608873527333,0.8531254901954854,1172.1604986516809,-23.85329573079523,2.5417015997275647,5.2231709045317976,gluc075_00,gluc075,9,0,7.5,2024-05-29T13:31:55,,,0.034011907623142594,True,12847.0,,,,,,,,,,,,
psl,44907292.65534064,2402.938062428753,107.01772119157049,,,False,0.0,0.22938843614217216,43.92184507406851,56.99608873527333,0.8531254901954854,1172.1604986516809,-23.85329573079523,2.5417015997275647,5.2231709045317976,gluc075_00,gluc075,9,0,7.5,2024-05-29T13:31:55,,,0.005607285444189841,True,12847.0,-30.48551197736087,True,ok,0.0003171945738868248,0.0005583432510194721,-654.7897301681527,-611.655340641737,1.0716844495359055,0.9647073763176459,,,
circle,44907360.80219237,2416.9939681191768,107.64355441708254,,,False,0.0,0.22938843614217216,43.92184507406851,56.99608873527333,0.8531254901954854,1172.1604986516809,-23.85329573079523,2.5417015997275647,5.2231709045317976,gluc075_00,gluc075,9,0,7.5,2024-05-29T13:31:55,,,0.023636829442589314,,,,,,,,,,,,-30.555161698712467,3113.4395185399176,3.3692583045646003e-12
mag_argmax,4999287.0,973.6645558723249,389.5213680960204,511.49497916642576,4999175.310515683,True,4.404412883941089,1.053460833641018,-4.404412883941089,82.38578757518272,1.5803792568191128,632.7595073683367,-22.33216726844446,6.8471821381757785,13.828757886512028,gluc075_01,gluc075,1,1,7.5,2024-05-29T13:39:37,,,,,,,,,,,,,,,,,
argmax_hh,4999329.0,870.577104523778,348.2775806608359,,,True,4.404412883941089,1.053460833641018,-4.404412883941089,82.38578757518272,1.5803792568191128,632.7595073683367,-22.33216726844446,6.8471821381757785,13.828757886512028,gluc075_01,gluc075,1,1,7.5,2024-05-29T13:39:37,False,-0.015040883720957014,,,,,,,,,,,,,,,
midpoint,4999354.166663218,870.577104523778,348.27582743746206,,,True,4.404412883941089,1.053460833641018,-4.404412883941089,82.38578757518272,1.5803792568191128,632.7595073683367,-22.33216726844446,6.8471821381757785,13.828757886512028,gluc075_01,gluc075,1,1,7.5,2024-05-29T13:39:37,,,,,,,,,,,,,,,,,
sym,4999356.5907765515,890.7706083867054,356.35409965758885,,,True,4.404412883941089,1.053460833641018,-4.404412883941089,82.38578757518272,1.5803792568191128,632.7595073683367,-22.33216726844446,6.8471821381757785,13.828757886512028,gluc075_01,gluc075,1,1,7.5,2024-05-29T13:39:37,,,0.008748293917088396,True,5223.0,,,,,,,,,,,,
sym_lin,4999350.39207296,890.0829007505134,356.07942270333416,,,True,4.404412883941089,1.053460833641018,-4.404412883941089,82.38578757518272,1.5803792568191128,632.7595073683367,-22.33216726844446,6.8471821381757785,13.828757886512028,gluc075_01,gluc075,1,1,7.5,2024-05-29T13:39:37,,,0.007370694436056536,True,5223.0,,,,,,,,,,,,
psl,4999341.206328434,890.4855675806148,356.24116491724567,,,True,4.404412883941089,1.053460833641018,-4.404412883941089,82.38578757518272,1.5803792568191128,632.7595073683367,-22.33216726844446,6.8471821381757785,13.828757886512028,gluc075_01,gluc075,1,1,7.5,2024-05-29T13:39:37,,,0.007773548110865993,True,5223.0,1.0350234152113504,True,ok,0.0016881933163285315,-8.699041919142623e-05,8.04333657761853,-12.206328433938324,1.000081583249471,0.9776431378770948,,,
circle,4999331.337800405,909.5387732195067,363.8641697310199,,,True,4.404412883941089,1.053460833641018,-4.404412883941089,82.38578757518272,1.5803792568191128,632.7595073683367,-22.33216726844446,6.8471821381757785,13.828757886512028,gluc075_01,gluc075,1,1,7.5,2024-05-29T13:39:37,,,0.017578212615199044,,,,,,,,,,,,1.2177558235984627,621.0072945467649,4.402048827479e-12
mag_argmax,14975624.0,1624.8925515301526,217.0049877761558,790.2837007269263,14974961.96511168,True,-1.814851154914976,0.973191290718374,1.814851154914976,67.69632718419709,1.0967332906349023,911.7987103510799,-24.968324208994716,4.795752519465233,9.560400041714576,gluc075_01,gluc075,3,1,7.5,2024-05-29T13:39:39,,,,,,,,,,,,,,,,,
argmax_hh,14975892.0,1253.8178264191374,167.44482751600205,,,True,-1.814851154914976,0.973191290718374,1.814851154914976,67.69632718419709,1.0967332906349023,911.7987103510799,-24.968324208994716,4.795752519465233,9.560400041714576,gluc075_01,gluc075,3,1,7.5,2024-05-29T13:39:39,False,0.16895904297187947,,,,,,,,,,,,,,,
midpoint,14975619.510489278,1253.8178264191374,167.44787426535962,,,True,-1.814851154914976,0.973191290718374,1.814851154914976,67.69632718419709,1.0967332906349023,911.7987103510799,-24.968324208994716,4.795752519465233,9.560400041714576,gluc075_01,gluc075,3,1,7.5,2024-05-29T13:39:39,,,,,,,,,,,,,,,,,
sym,14975614.169498136,1501.6716818623477,200.54892772556943,,,True,-1.814851154914976,0.973191290718374,1.814851154914976,67.69632718419709,1.0967332906349023,911.7987103510799,-24.968324208994716,4.795752519465233,9.560400041714576,gluc075_01,gluc075,3,1,7.5,2024-05-29T13:39:39,,,0.06806785007982852,True,7523.0,,,,,,,,,,,,
sym_lin,14975788.081137497,1278.973314513554,170.80547715875647,,,True,-1.814851154914976,0.973191290718374,1.814851154914976,67.69632718419709,1.0967332906349023,911.7987103510799,-24.968324208994716,4.795752519465233,9.560400041714576,gluc075_01,gluc075,3,1,7.5,2024-05-29T13:39:39,,,0.02170150133316136,True,7523.0,,,,,,,,,,,,
psl,14976075.084763614,1286.2671107118495,171.7762635979936,,,True,-1.814851154914976,0.973191290718374,1.814851154914976,67.69632718419709,1.0967332906349023,911.7987103510799,-24.968324208994716,4.795752519465233,9.560400041714576,gluc075_01,gluc075,3,1,7.5,2024-05-29T13:39:39,,,0.0071547217902154445,True,7523.0,-20.25274311800447,True,ok,0.0009725480930138969,0.00015001538210329053,-229.72993474757635,-183.08476361446083,1.0314055361711454,0.9747725149601673,,,
circle,14976112.417436356,1571.3100910240921,209.84218697432462,,,True,-1.814851154914976,0.973191290718374,1.814851154914976,67.69632718419709,1.0967332906349023,911.7987103510799,-24.968324208994716,4.795752519465233,9.560400041714576,gluc075_01,gluc075,3,1,7.5,2024-05-29T13:39:39,,,0.1636077986494116,,,,,,,,,,,,-14.772909003220905,1066.3377234496988,2.6214502588174348e-12
mag_argmax,24952442.0,,,1583.335582781583,,False,0.0,0.7202904513838045,21.06954237051699,75.32650377777287,0.7683105211911102,1301.5570819591303,-27.053949222937447,3.571657718438778,7.182748258794076,gluc075_01,gluc075,5,1,7.5,2024-05-29T13:39:41,,,,,,,,,,,,,,,,,
argmax_hh,24953315.0,1673.7326113693416,134.14911897431998,,,False,0.0,0.7202904513838045,21.06954237051699,75.32650377777287,0.7683105211911102,1301.5570819591303,-27.053949222937447,3.571657718438778,7.182748258794076,gluc075_01,gluc075,5,1,7.5,2024-05-29T13:39:41,False,0.17673566570325572,,,,,,,,,,,,,,,
midpoint,24953127.061704084,1673.7326113693416,134.15012933894306,,,False,0.0,0.7202904513838045,21.06954237051699,75.32650377777287,0.7683105211911102,1301.5570819591303,-27.053949222937447,3.571657718438778,7.182748258794076,gluc075_01,gluc075,5,1,7.5,2024-05-29T13:39:41,,,,,,,,,,,,,,,,,
sym,24953108.617765583,1870.056228996117,149.88563209833617,,,False,0.0,0.7202904513838045,21.06954237051699,75.32650377777287,0.7683105211911102,1301.5570819591303,-27.053949222937447,3.571657718438778,7.182748258794076,gluc075_01,gluc075,5,1,7.5,2024-05-29T13:39:41,,,0.05099794489791527,True,10043.0,,,,,,,,,,,,
sym_lin,24953260.69527388,1752.2978123113355,140.4463996677772,,,False,0.0,0.7202904513838045,21.06954237051699,75.32650377777287,0.7683105211911102,1301.5570819591303,-27.053949222937447,3.571657718438778,7.182748258794076,gluc075_01,gluc075,5,1,7.5,2024-05-29T13:39:41,,,0.015233411323510412,True,10043.0,,,,,,,,,,,,
psl,24953538.30861033,1755.0866134437695,140.66835666653085,,,False,0.0,0.7202904513838045,21.06954237051699,75.32650377777287,0.7683105211911102,1301.5570819591303,-27.053949222937447,3.571657718438778,7.182748258794076,gluc075_01,gluc075,5,1,7.5,2024-05-29T13:39:41,,,0.0023042728999028194,True,10043.0,-14.391807229549183,True,ok,0.0006815502304100096,9.693690161595599e-05,-221.59151895078662,-223.30861033126712,1.0158156969396375,0.9536467309070303,,,
circle,24953441.084217034,1646.9213400975825,131.99953742165482,,,False,0.0,0.7202904513838045,21.06954237051699,75.32650377777287,0.7683105211911102,1301.5570819591303,-27.053949222937447,3.571657718438778,7.182748258794076,gluc075_01,gluc075,5,1,7.5,2024-05-29T13:39:41,,,0.08950255245347429,,,,,,,,,,,,-15.01755588690037,1683.5083840937473,3.1833170951468548e-12
mag_argmax,34928040.0,,,2380.1274296864867,,False,0.0,0.38916726850686106,36.85990026993151,60.34368881940887,0.8078883795709441,1237.7947564131114,-25.18446446370379,3.027931860379589,6.110695484830438,gluc075_01,gluc075,7,1,7.5,2024-05-29T13:39:33,,,,,,,,,,,,,,,,,
argmax_hh,34929152.0,1969.6612324863672,112.78036366221357,,,False,0.0,0.38916726850686106,36.85990026993151,60.34368881940887,0.8078883795709441,1237.7947564131114,-25.18446446370379,3.027931860379589,6.110695484830438,gluc075_01,gluc075,7,1,7.5,2024-05-29T13:39:33,False,0.5104278836449521,,,,,,,,,,,,,,,
midpoint,34928654.31992792,1969.6612324863672,112.78197061045161,,,False,0.0,0.38916726850686106,36.85990026993151,60.34368881940887,0.8078883795709441,1237.7947564131114,-25.18446446370379,3.027931860379589,6.110695484830438,gluc075_01,gluc075,7,1,7.5,2024-05-29T13:39:33,,,,,,,,,,,,,,,,,
sym,34928546.34683359,2735.7285948484673,156.6471485920554,,,False,0.0,0.38916726850686106,36.85990026993151,60.34368881940887,0.8078883795709441,1237.7947564131114,-25.18446446370379,3.027931860379589,6.110695484830438,gluc075_01,gluc075,7,1,7.5,2024-05-29T13:39:33,,,0.08665321661084735,True,11817.0,,,,,,,,,,,,
sym_lin,34928968.29787782,2026.8080011098232,116.05312723954495,,,False,0.0,0.38916726850686106,36.85990026993151,60.34368881940887,0.8078883795709441,1237.7947564131114,-25.18446446370379,3.027931860379589,6.110695484830438,gluc075_01,gluc075,7,1,7.5,2024-05-29T13:39:33,,,0.03439012867474662,True,11817.0,,,,,,,,,,,,
psl,34929595.79865404,1999.836031746059,114.50668042503483,,,False,0.0,0.38916726850686106,36.85990026993151,60.34368881940887,0.8078883795709441,1237.7947564131114,-25.18446446370379,3.027931860379589,6.110695484830438,gluc075_01,gluc075,7,1,7.5,2024-05-29T13:39:33,,,0.006027842137981205,True,11817.0,-27.58003442228889,True,ok,0.0004564130460396649,0.000377144007905558,-490.8374002719697,-443.79865404218435,1.0585274823588504,0.9849113633414505,,,
circle,34929707.18454702,2024.0251775087827,115.89133380449383,,,False,0.0,0.38916726850686106,36.85990026993151,60.34368881940887,0.8078883795709441,1237.7947564131114,-25.18446446370379,3.027931860379589,6.110695484830438,gluc075_01,gluc075,7,1,7.5,2024-05-29T13:39:33,,,0.05013157626156831,,,,,,,,,,,,-27.730397567666373,2257.3240381004075,3.246359873072413e-12
mag_argmax,44904981.0,,,4370.587223611772,,False,0.0,0.22905333065664676,43.9280255713292,56.97933114977265,0.853397223964719,1171.7872661387305,-23.847834236176514,2.5328086223774076,5.195714042954569,gluc075_01,gluc075,9,1,7.5,2024-05-29T13:39:35,,,,,,,,,,,,,,,,,
argmax_hh,44906675.0,2329.0350277088583,103.72778780476882,,,False,0.0,0.22905333065664676,43.9280255713292,56.97933114977265,0.853397223964719,1171.7872661387305,-23.847834236176514,2.5328086223774076,5.195714042954569,gluc075_01,gluc075,9,1,7.5,2024-05-29T13:39:35,False,0.6924933371090601,,,,,,,,,,,,,,,
midpoint,44906089.92248139,2329.0350277088583,103.72913926504525,,,False,0.0,0.22905333065664676,43.9280255713292,56.97933114977265,0.853397223964719,1171.7872661387305,-23.847834236176514,2.5328086223774076,5.195714042954569,gluc075_01,gluc075,9,1,7.5,2024-05-29T13:39:35,,,,,,,,,,,,,,,,,
sym,44905911.522333786,3275.272566049366,145.872668208524,,,False,0.0,0.22905333065664676,43.9280255713292,56.97933114977265,0.853397223964719,1171.7872661387305,-23.847834236176514,2.5328086223774076,5.195714042954569,gluc075_01,gluc075,9,1,7.5,2024-05-29T13:39:35,,,0.09766815731420612,True,12887.0,,,,,,,,,,,,
sym_lin,44906494.423630506,2566.3174309873903,114.29604844135655,,,False,0.0,0.22905333065664676,43.9280255713292,56.97933114977265,0.853397223964719,1171.7872661387305,-23.847834236176514,2.5328086223774076,5.195714042954569,gluc075_01,gluc075,9,1,7.5,2024-05-29T13:39:35,,,0.03403119675462929,True,12887.0,,,,,,,,,,,,
psl,44907291.81234882,2403.8752620448345,107.05946250732518,,,False,0.0,0.22905333065664676,43.9280255713292,56.97933114977265,0.853397223964719,1171.7872661387305,-23.847834236176514,2.5328086223774076,5.195714042954569,gluc075_01,gluc075,9,1,7.5,2024-05-29T13:39:35,,,0.005478464107278093,True,12887.0,-30.451019832149242,True,ok,0.0003171807969916725,0.00055855423117546,-654.2678806068915,-616.8123488202691,1.0715201119959368,0.9688668395080059,,,
circle,44907361.01263204,2415.7968827021346,107.59024036271437,,,False,0.0,0.22905333065664676,43.9280255713292,56.97933114977265,0.853397223964719,1171.7872661387305,-23.847834236176514,2.5328086223774076,5.195714042954569,gluc075_01,gluc075,9,1,7.5,2024-05-29T13:39:35,,,0.024421713422677925,,,,,,,,,,,,-30.520530358383,3114.048776846001,3.3691608769841945e-12
mag_argmax,4999293.0,973.066629936453,389.2816964064531,510.79319863114506,4999175.403143346,True,4.430499474508687,1.0537571618218882,-4.430499474508687,82.4169157067503,1.5813436989385583,632.3735951085318,-22.32780067051426,6.844931633714716,13.827680682873352,gluc075_02,gluc075,1,2,7.5,2024-05-29T13:41:18,,,,,,,,,,,,,,,,,
argmax_hh,4999331.0,870.7172429077327,348.3335041859532,,,True,4.430499474508687,1.0537571618218882,-4.430499474508687,82.4169157067503,1.5813436989385583,632.3735951085318,-22.32780067051426,6.844931633714716,13.827680682873352,gluc075_02,gluc075,1,2,7.5,2024-05-29T13:41:18,False,-0.015114507624814946,,,,,,,,,,,,,,,
midpoint,4999354.977242137,870.7172429077327,348.3318335550793,,,True,4.430499474508687,1.0537571618218882,-4.430499474508687,82.4169157067503,1.5813436989385583,632.3735951085318,-22.32780067051426,6.844931633714716,13.827680682873352,gluc075_02,gluc075,1,2,7.5,2024-05-29T13:41:18,,,,,,,,,,,,,,,,,
sym,4999356.213490453,889.5066687241815,355.84848558056456,,,True,4.430499474508687,1.0537571618218882,-4.430499474508687,82.4169157067503,1.5813436989385583,632.3735951085318,-22.32780067051426,6.844931633714716,13.827680682873352,gluc075_02,gluc075,1,2,7.5,2024-05-29T13:41:18,,,0.008595971936901196,True,5225.0,,,,,,,,,,,,
sym_lin,4999349.926748955,888.8700469501601,355.59425124225567,,,True,4.430499474508687,1.0537571618218882,-4.430499474508687,82.4169157067503,1.5813436989385583,632.3735951085318,-22.32780067051426,6.844931633714716,13.827680682873352,gluc075_02,gluc075,1,2,7.5,2024-05-29T13:41:18,,,0.007138281272090121,True,5225.0,,,,,,,,,,,,
psl,4999340.5480788285,889.253975729414,355.74851009945337,,,True,4.430499474508687,1.0537571618218882,-4.430499474508687,82.4169157067503,1.5813436989385583,632.3735951085318,-22.32780067051426,6.844931633714716,13.827680682873352,gluc075_02,gluc075,1,2,7.5,2024-05-29T13:41:18,,,0.007560164869636004,True,5225.0,1.055271375468615,True,ok,0.0016880200904948073,-8.649212201280738e-05,8.18935358071997,-9.54807882849127,1.0000848065114627,0.9791547371981368,,,
circle,4999331.118717936,908.9320726982169,363.6214729986958,,,True,4.430499474508687,1.0537571618218882,-4.430499474508687,82.4169157067503,1.5813436989385583,632.3735951085318,-22.32780067051426,6.844931633714716,13.827680682873352,gluc075_02,gluc075,1,2,7.5,2024-05-29T13:41:18,,,0.017699482941619573,,,,,,,,,,,,1.2162594984969046,620.7365734142222,4.405672844250494e-12
mag_argmax,14975623.0,1627.108417790383,217.30093202671875,798.2009170465171,14974961.394750772,True,-1.749138256752092,0.9741590071067595,1.749138256752092,67.68850809945596,1.096681336086431,911.8419062081937,-24.97439722129125,4.791619732867178,9.568878967034456,gluc075_02,gluc075,3,2,7.5,2024-05-29T13:41:20,,,,,,,,,,,,,,,,,
argmax_hh,14975898.0,1253.438364234753,167.39408404554476,,,True,-1.749138256752092,0.9741590071067595,1.749138256752092,67.68850809945596,1.096681336086431,911.8419062081937,-24.97439722129125,4.791619732867178,9.568878967034456,gluc075_02,gluc075,3,2,7.5,2024-05-29T13:41:20,False,0.1684873018467036,,,,,,,,,,,,,,,
midpoint,14975620.085684288,1253.438364234753,167.39719050871994,,,True,-1.749138256752092,0.9741590071067595,1.749138256752092,67.68850809945596,1.096681336086431,911.8419062081937,-24.97439722129125,4.791619732867178,9.568878967034456,gluc075_02,gluc075,3,2,7.5,2024-05-29T13:41:20,,,,,,,,,,,,,,,,,
sym,14975615.920535961,1502.0644068011836,200.60135286207665,,,True,-1.749138256752092,0.9741590071067595,1.749138256752092,67.68850809945596,1.096681336086431,911.8419062081937,-24.97439722129125,4.791619732867178,9.568878967034456,gluc075_02,gluc075,3,2,7.5,2024-05-29T13:41:20,,,0.0679901449805375,True,7521.0,,,,,,,,,,,,
sym_lin,14975789.690990224,1277.6148392175091,170.62403593797143,,,True,-1.749138256752092,0.9741590071067595,1.749138256752092,67.68850809945596,1.096681336086431,911.8419062081937,-24.97439722129125,4.791619732867178,9.568878967034456,gluc075_02,gluc075,3,2,7.5,2024-05-29T13:41:20,,,0.02177525066616681,True,7521.0,,,,,,,,,,,,
psl,14976076.367015488,1285.2901471067996,171.645778988898,,,True,-1.749138256752092,0.9741590071067595,1.749138256752092,67.68850809945596,1.096681336086431,911.8419062081937,-24.97439722129125,4.791619732867178,9.568878967034456,gluc075_02,gluc075,3,2,7.5,2024-05-29T13:41:20,,,0.007236355028938684,True,7521.0,-20.23978291463606,True,ok,0.0009727202321944612,0.000149673532503465,-229.40544794975432,-178.36701548844576,1.031365130620197,0.975218215946224,,,
circle,14976113.18540639,1571.5204899153296,209.87027414385622,,,True,-1.749138256752092,0.9741590071067595,1.749138256752092,67.68850809945596,1.096681336086431,911.8419062081937,-24.97439722129125,4.791619732867178,9.568878967034456,gluc075_02,gluc075,3,2,7.5,2024-05-29T13:41:20,,,0.1631979595049363,,,,,,,,,,,,-14.722499472251386,1065.159885071046,2.6227569664035274e-12
mag_argmax,24952446.0,,,1587.502249803394,,False,0.0,0.7205388300940876,21.07909875756655,75.42764801515486,0.7686764306470415,1300.9375078122787,-27.03908887564134,3.5746321760806783,7.179735059328348,gluc075_02,gluc075,5,2,7.5,2024-05-29T13:41:13,,,,,,,,,,,,,,,,,
argmax_hh,24953306.0,1673.7386408690363,134.14965062096672,,,False,0.0,0.7205388300940876,21.07909875756655,75.42764801515486,0.7686764306470415,1300.9375078122787,-27.03908887564134,3.5746321760806783,7.179735059328348,gluc075_02,gluc075,5,2,7.5,2024-05-29T13:41:13,False,0.17607627380901653,,,,,,,,,,,,,,,
midpoint,24953126.91670189,1673.7386408690363,134.15061338454956,,,False,0.0,0.7205388300940876,21.07909875756655,75.42764801515486,0.7686764306470415,1300.9375078122787,-27.03908887564134,3.5746321760806783,7.179735059328348,gluc075_02,gluc075,5,2,7.5,2024-05-29T13:41:13,,,,,,,,,,,,,,,,,
sym,24953108.9322981,1866.0170458842874,149.5618883360065,,,False,0.0,0.7205388300940876,21.07909875756655,75.42764801515486,0.7686764306470415,1300.9375078122787,-27.03908887564134,3.5746321760806783,7.179735059328348,gluc075_02,gluc075,5,2,7.5,2024-05-29T13:41:13,,,0.050990101796437474,True,10043.0,,,,,,,,,,,,
sym_lin,24953260.42376939,1751.7080687092669,140.39913333655318,,,False,0.0,0.7205388300940876,21.07909875756655,75.42764801515486,0.7686764306470415,1300.9375078122787,-27.03908887564134,3.5746321760806783,7.179735059328348,gluc075_02,gluc075,5,2,7.5,2024-05-29T13:41:13,,,0.015231394132664472,True,10043.0,,,,,,,,,,,,
psl,24953537.555757016,1753.7239417169285,140.55914419335127,,,False,0.0,0.7205388300940876,21.07909875756655,75.42764801515486,0.7686764306470415,1300.9375078122787,-27.03908887564134,3.5746321760806783,7.179735059328348,gluc075_02,gluc075,5,2,7.5,2024-05-29T13:41:13,,,0.002259554329490426,True,10043.0,-14.372750042500714,True,ok,0.0006813567672495153,9.713560530440072e-05,-221.1231758547168,-231.55575701594353,1.0157737255457246,0.9543911678769778,,,
circle,24953439.768289004,1646.7046870477411,131.98217979874536,,,False,0.0,0.7205388300940876,21.07909875756655,75.42764801515486,0.7686764306470415,1300.9375078122787,-27.03908887564134,3.5746321760806783,7.179735059328348,gluc075_02,gluc075,5,2,7.5,2024-05-29T13:41:13,,,0.08955578093681935,,,,,,,,,,,,-14.970548730228405,1683.806334501061,3.183397547440186e-12
mag_argmax,34928038.0,,,2373.8362428992987,,False,0.0,0.38903202047158447,36.858551586542184,60.328123275776235,0.8081582505029463,1237.3814155552623,-25.20822935798394,3.0147632014763324,6.13474575596322,gluc075_02,gluc075,7,2,7.5,2024-05-29T13:41:15,,,,,,,,,,,,,,,,,
argmax_hh,34929173.0,1967.3186925910413,112.64616500316463,,,False,0.0,0.38903202047158447,36.858551586542184,60.328123275776235,0.8081582505029463,1237.3814155552623,-25.20822935798394,3.0147632014763324,6.13474575596322,gluc075_02,gluc075,7,2,7.5,2024-05-29T13:41:15,False,0.5105875184098974,,,,,,,,,,,,,,,
midpoint,34928654.668147594,1967.3186925910413,112.64783664199318,,,False,0.0,0.38903202047158447,36.858551586542184,60.328123275776235,0.8081582505029463,1237.3814155552623,-25.20822935798394,3.0147632014763324,6.13474575596322,gluc075_02,gluc075,7,2,7.5,2024-05-29T13:41:15,,,,,,,,,,,,,,,,,
sym,34928546.229173966,2744.3479779146273,157.1406928824549,,,False,0.0,0.38903202047158447,36.858551586542184,60.328123275776235,0.8081582505029463,1237.3814155552623,-25.20822935798394,3.0147632014763324,6.13474575596322,gluc075_02,gluc075,7,2,7.5,2024-05-29T13:41:15,,,0.08623641825133622,True,11803.0,,,,,,,,,,,,
sym_lin,34928968.4728506,2023.0884900379076,115.84015094006587,,,False,0.0,0.38903202047158447,36.858551586542184,60.328123275776235,0.8081582505029463,1237.3814155552623,-25.20822935798394,3.0147632014763324,6.13474575596322,gluc075_02,gluc075,7,2,7.5,2024-05-29T13:41:15,,,0.03438545444553829,True,11803.0,,,,,,,,,,,,
psl,34929595.3489187,1999.6876966337097,114.49818852227918,,,False,0.0,0.38903202047158447,36.858551586542184,60.328123275776235,0.8081582505029463,1237.3814155552623,-25.20822935798394,3.0147632014763324,6.13474575596322,gluc075_02,gluc075,7,2,7.5,2024-05-29T13:41:15,,,0.006062882513461376,True,11803.0,-27.572755541958628,True,ok,0.0004564373450884357,0.0003771807525257387,-490.6663228383157,-422.3489186987281,1.058496255565493,0.9838129703467403,,,
circle,34929706.29175062,2024.6627072292874,115.92784034988888,,,False,0.0,0.38903202047158447,36.858551586542184,60.328123275776235,0.8081582505029463,1237.3814155552623,-25.20822935798394,3.0147632014763324,6.13474575596322,gluc075_02,gluc075,7,2,7.5,2024-05-29T13:41:15,,,0.05010365583783046,,,,,,,,,,,,-27.713035017514006,2256.9569704684404,3.2464277058106197e-12
mag_argmax,44904981.0,,,4369.938252136111,,False,0.0,0.2290171170575776,43.94409063112739,56.997491907234945,0.8531779972806443,1172.088360444509,-23.849510782037477,2.5423210539110896,5.212598276778559,gluc075_02,gluc075,9,2,7.5,2024-05-29T13:41:16,,,,,,,,,,,,,,,,,
argmax_hh,44906675.0,2321.1073168441653,103.37471286146949,,,False,0.0,0.2290171170575776,43.94409063112739,56.997491907234945,0.8531779972806443,1172.088360444509,-23.849510782037477,2.5423210539110896,5.212598276778559,gluc075_02,gluc075,9,2,7.5,2024-05-29T13:41:16,False,0.6929144809662989,,,,,,,,,,,,,,,
midpoint,44906096.39255059,2321.1073168441653,103.37604482714337,,,False,0.0,0.2290171170575776,43.94409063112739,56.997491907234945,0.8531779972806443,1172.088360444509,-23.849510782037477,2.5423210539110896,5.212598276778559,gluc075_02,gluc075,9,2,7.5,2024-05-29T13:41:16,,,,,,,,,,,,,,,,,
sym,44905908.77285019,3296.1205891585396,146.80119740283942,,,False,0.0,0.2290171170575776,43.94409063112739,56.997491907234945,0.8531779972806443,1172.088360444509,-23.849510782037477,2.5423210539110896,5.212598276778559,gluc075_02,gluc075,9,2,7.5,2024-05-29T13:41:16,,,0.09737668638035413,True,12865.0,,,,,,,,,,,,
sym_lin,44906494.93261344,2564.1983374718507,114.2016691046442,,,False,0.0,0.2290171170575776,43.94409063112739,56.997491907234945,0.8531779972806443,1172.088360444509,-23.849510782037477,2.5423210539110896,5.212598276778559,gluc075_02,gluc075,9,2,7.5,2024-05-29T13:41:16,,,0.033905102480687295,True,12865.0,,,,,,,,,,,,
psl,44907292.07441987,2405.6219849266186,107.13725427665726,,,False,0.0,0.2290171170575776,43.94409063112739,56.997491907234945,0.8531779972806443,1172.088360444509,-23.849510782037477,2.5423210539110896,5.212598276778559,gluc075_02,gluc075,9,2,7.5,2024-05-29T13:41:16,,,0.0054577271160786145,True,12865.0,-30.466582393937667,True,ok,0.00031715403799137165,0.0005583499319548026,-655.0942094878158,-617.0744198709726,1.071594235321186,0.9648678518021478,,,
circle,44907362.26318675,2416.6403931814725,107.62780405664293,,,False,0.0,0.2290171170575776,43.94409063112739,56.997491907234945,0.8531779972806443,1172.088360444509,-23.849510782037477,2.5423210539110896,5.212598276778559,gluc075_02,gluc075,9,2,7.5,2024-05-29T13:41:16,,,0.02482296225414848,,,,,,,,,,,,-30.56731135632026,3115.093413840438,3.369058819202734e-12
mag_argmax,4999277.0,1005.8281094254926,402.38942928167114,489.9303786959499,4999137.770877966,True,4.014232077016455,1.0487820726609731,-4.014232077016455,82.289084043531,1.5291192849994821,653.9712171639629,-22.600023443414752,6.599196464015593,13.314556486911595,gluc10_00,gluc10,1,0,10.0,2024-05-29T13:48:03,,,,,,,,,,,,,,,,,
argmax_hh,4999306.0,903.8979264409281,361.6093619558107,,,True,4.014232077016455,1.0487820726609731,-4.014232077016455,82.289084043531,1.5291192849994821,653.9712171639629,-22.600023443414752,6.599196464015593,13.314556486911595,gluc10_00,gluc10,1,0,10.0,2024-05-29T13:48:03,False,-0.014229328609431246,,,,,,,,,,,,,,,
midpoint,4999326.702843515,903.8979264409281,361.6078644857554,,,True,4.014232077016455,1.0487820726609731,-4.014232077016455,82.289084043531,1.5291192849994821,653.9712171639629,-22.600023443414752,6.599196464015593,13.314556486911595,gluc10_00,gluc10,1,0,10.0,2024-05-29T13:48:03,,,,,,,,,,,,,,,,,
sym,4999330.009331664,927.694604167672,371.12757206907844,,,True,4.014232077016455,1.0487820726609731,-4.014232077016455,82.289084043531,1.5291192849994821,653.9712171639629,-22.600023443414752,6.599196464015593,13.314556486911595,gluc10_00,gluc10,1,0,10.0,2024-05-29T13:48:03,,,0.008923840749039614,True,5423.0,,,,,,,,,,,,
sym_lin,4999322.826201759,926.9976405233758,370.84928209273625,,,True,4.014232077016455,1.0487820726609731,-4.014232077016455,82.289084043531,1.5291192849994821,653.9712171639629,-22.600023443414752,6.599196464015593,13.314556486911595,gluc10_00,gluc10,1,0,10.0,2024-05-29T13:48:03,,,0.007244680520969745,True,5423.0,,,,,,,,,,,,
psl,4999311.694104578,927.382329398877,371.0040046082702,,,True,4.014232077016455,1.0487820726609731,-4.014232077016455,82.289084043531,1.5291192849994821,653.9712171639629,-22.600023443414752,6.599196464015593,13.314556486911595,gluc10_00,gluc10,1,0,10.0,2024-05-29T13:48:03,,,0.007665734135330375,True,5423.0,1.1836869353875152,True,ok,0.0016239853655091012,-8.060282649120604e-05,9.579845159505961,-5.694104578346014,1.0001067028886041,0.9746766762601878,,,
circle,4999299.801076415,947.312331702626,378.97800467923815,,,True,4.014232077016455,1.0487820726609731,-4.014232077016455,82.289084043531,1.5291192849994821,653.9712171639629,-22.600023443414752,6.599196464015593,13.314556486911595,gluc10_00,gluc10,1,0,10.0,2024-05-29T13:48:03,,,0.018652460771816967,,,,,,,,,,,,1.423251564260683,647.0777977240135,4.437937292669262e-12
mag_argmax,14975556.0,1704.1180506795645,227.58661523880176,820.8290146607906,14974846.707582137,True,-2.6470562560565236,0.9608318029447074,2.6470562560565236,67.58177437474998,1.0710856314306634,933.6321678261023,-25.157692522915845,4.659379483260544,9.260758392040666,gluc10_00,gluc10,3,0,10.0,2024-05-29T13:48:05,,,,,,,,,,,,,,,,,
argmax_hh,14975821.0,1293.0906404266134,172.69045088434396,,,True,-2.6470562560565236,0.9608318029447074,2.6470562560565236,67.58177437474998,1.0710856314306634,933.6321678261023,-25.157692522915845,4.659379483260544,9.260758392040666,gluc10_00,gluc10,3,0,10.0,2024-05-29T13:48:05,False,0.17921733490471167,,,,,,,,,,,,,,,
midpoint,14975540.406385183,1293.0906404266134,172.69368654973852,,,True,-2.6470562560565236,0.9608318029447074,2.6470562560565236,67.58177437474998,1.0710856314306634,933.6321678261023,-25.157692522915845,4.659379483260544,9.260758392040666,gluc10_00,gluc10,3,0,10.0,2024-05-29T13:48:05,,,,,,,,,,,,,,,,,
sym,14975528.607635513,1569.761584551682,209.6435625986937,,,True,-2.6470562560565236,0.9608318029447074,2.6470562560565236,67.58177437474998,1.0710856314306634,933.6321678261023,-25.157692522915845,4.659379483260544,9.260758392040666,gluc10_00,gluc10,3,0,10.0,2024-05-29T13:48:05,,,0.06994817292394512,True,7759.0,,,,,,,,,,,,
sym_lin,14975716.784725733,1323.0906591484663,176.69814115314114,,,True,-2.6470562560565236,0.9608318029447074,2.6470562560565236,67.58177437474998,1.0710856314306634,933.6321678261023,-25.157692522915845,4.659379483260544,9.260758392040666,gluc10_00,gluc10,3,0,10.0,2024-05-29T13:48:05,,,0.02234574066569042,True,7759.0,,,,,,,,,,,,
psl,14976023.3914744,1330.0137934129136,177.61908600784747,,,True,-2.6470562560565236,0.9608318029447074,2.6470562560565236,67.58177437474998,1.0710856314306634,933.6321678261023,-25.157692522915845,4.659379483260544,9.260758392040666,gluc10_00,gluc10,3,0,10.0,2024-05-29T13:48:05,,,0.006989253257521149,True,7759.0,-20.93313797476466,True,ok,0.0009424714317437079,0.00015566164920891503,-245.70087747620877,-202.39147439971566,1.0335639667908365,0.9722385187513336,,,
circle,14976062.345334448,1642.19806113695,219.3097255165408,,,True,-2.6470562560565236,0.9608318029447074,2.6470562560565236,67.58177437474998,1.0710856314306634,933.6321678261023,-25.157692522915845,4.659379483260544,9.260758392040666,gluc10_00,gluc10,3,0,10.0,2024-05-29T13:48:05,,,0.16779101160939383,,,,,,,,,,,,-15.295705437950886,1098.950370353339,2.5562850079742737e-12
mag_argmax,24952339.0,,,1639.6646563187242,,False,0.0,0.7049494832521692,22.195918436109107,75.22751927623017,0.7473381568393931,1338.0823538157777,-27.210443699101198,3.477773238861909,6.993942769755415,gluc10_00,gluc10,5,0,10.0,2024-05-29T13:48:07,,,,,,,,,,,,,,,,,
argmax_hh,24953252.0,1718.9159814100713,137.77089907239917,,,False,0.0,0.7049494832521692,22.195918436109107,75.22751927623017,0.7473381568393931,1338.0823538157777,-27.210443699101198,3.477773238861909,6.993942769755415,gluc10_00,gluc10,5,0,10.0,2024-05-29T13:48:07,False,0.1822791940167353,,,,,,,,,,,,,,,
midpoint,24953060.350427322,1718.9159814100713,137.77195720849807,,,False,0.0,0.7049494832521692,22.195918436109107,75.22751927623017,0.7473381568393931,1338.0823538157777,-27.210443699101198,3.477773238861909,6.993942769755415,gluc10_00,gluc10,5,0,10.0,2024-05-29T13:48:07,,,,,,,,,,,,,,,,,
sym,24953039.05488807,1928.2000333201931,154.54630829365664,,,False,0.0,0.7049494832521692,22.195918436109107,75.22751927623017,0.7473381568393931,1338.0823538157777,-27.210443699101198,3.477773238861909,6.993942769755415,gluc10_00,gluc10,5,0,10.0,2024-05-29T13:48:07,,,0.05115556062164694,True,10313.0,,,,,,,,,,,,
sym_lin,24953196.379048254,1805.3248203318367,144.6968791419173,,,False,0.0,0.7049494832521692,22.195918436109107,75.22751927623017,0.7473381568393931,1338.0823538157777,-27.210443699101198,3.477773238861909,6.993942769755415,gluc10_00,gluc10,5,0,10.0,2024-05-29T13:48:07,,,0.01558360786670587,True,10313.0,,,,,,,,,,,,
psl,24953483.250606988,1807.7880061368103,144.89263787193607,,,False,0.0,0.7049494832521692,22.195918436109107,75.22751927623017,0.7473381568393931,1338.0823538157777,-27.210443699101198,3.477773238861909,6.993942769755415,gluc10_00,gluc10,5,0,10.0,2024-05-29T13:48:07,,,0.002348255142496356,True,10313.0,-14.443754858906392,True,ok,0.000660341045394502,9.686958305629152e-05,-229.07805862782277,-231.25060698762536,1.0159303915328726,0.9508393548219982,,,
circle,24953384.979939066,1700.6723357299657,136.30794676531445,,,False,0.0,0.7049494832521692,22.195918436109107,75.22751927623017,0.7473381568393931,1338.0823538157777,-27.210443699101198,3.477773238861909,6.993942769755415,gluc10_00,gluc10,5,0,10.0,2024-05-29T13:48:07,,,0.08802329586675564,,,,,,,,,,,,-15.130345657381033,1733.7768057210608,3.188771262592028e-12
mag_argmax,34927912.0,,,2498.117517963052,,False,0.0,0.37479793530491706,37.672372024777445,60.25631416164728,0.7932213359275944,1260.6821762183167,-25.276416791518056,2.9193502583208693,5.918238818331611,gluc10_00,gluc10,7,0,10.0,2024-05-29T13:47:59,,,,,,,,,,,,,,,,,
argmax_hh,34929085.0,2036.7545768283308,116.62226919647799,,,False,0.0,0.37479793530491706,37.672372024777445,60.25631416164728,0.7932213359275944,1260.6821762183167,-25.276416791518056,2.9193502583208693,5.918238818331611,gluc10_00,gluc10,7,0,10.0,2024-05-29T13:47:59,False,0.5196685253408808,,,,,,,,,,,,,,,
midpoint,34928552.86591521,2036.7545768283308,116.62404592867539,,,False,0.0,0.37479793530491706,37.672372024777445,60.25631416164728,0.7932213359275944,1260.6821762183167,-25.276416791518056,2.9193502583208693,5.918238818331611,gluc10_00,gluc10,7,0,10.0,2024-05-29T13:47:59,,,,,,,,,,,,,,,,,
sym,34928441.7471983,2821.056484585162,161.53348637784254,,,False,0.0,0.37479793530491706,37.672372024777445,60.25631416164728,0.7932213359275944,1260.6821762183167,-25.276416791518056,2.9193502583208693,5.918238818331611,gluc10_00,gluc10,7,0,10.0,2024-05-29T13:47:59,,,0.08623975699851956,True,12057.0,,,,,,,,,,,,
sym_lin,34928876.15586806,2118.0960642382033,121.28051614293709,,,False,0.0,0.37479793530491706,37.672372024777445,60.25631416164728,0.7932213359275944,1260.6821762183167,-25.276416791518056,2.9193502583208693,5.918238818331611,gluc10_00,gluc10,7,0,10.0,2024-05-29T13:47:59,,,0.03319084734220029,True,12057.0,,,,,,,,,,,,
psl,34929516.718602374,2081.4793619098805,119.1816868626384,,,False,0.0,0.37479793530491706,37.672372024777445,60.25631416164728,0.7932213359275944,1260.6821762183167,-25.276416791518056,2.9193502583208693,5.918238818331611,gluc10_00,gluc10,7,0,10.0,2024-05-29T13:47:59,,,0.005853149661755811,True,12057.0,-27.321443429151394,True,ok,0.00044051506373126256,0.00037650032872828905,-505.8985018894584,-431.71860237419605,1.0574233981806205,0.9785129817282877,,,
circle,34929637.13892731,2096.3425726705323,120.03231320913235,,,False,0.0,0.37479793530491706,37.672372024777445,60.25631416164728,0.7932213359275944,1260.6821762183167,-25.276416791518056,2.9193502583208693,5.918238818331611,gluc10_00,gluc10,7,0,10.0,2024-05-29T13:47:59,,,0.05022953231894202,,,,,,,,,,,,-27.709415527488936,2340.6677635838787,3.2607470138157044e-12
mag_argmax,44904824.0,,,4655.713875181973,,False,0.0,0.2180668779357974,44.493849377471115,56.90237198293006,0.8422264561647538,1187.3291235159004,-23.878363060069752,2.457105668039147,5.055702557662339,gluc10_00,gluc10,9,0,10.0,2024-05-29T13:48:01,,,,,,,,,,,,,,,,,
argmax_hh,44906557.0,2395.9083553366363,106.70639280302146,,,False,0.0,0.2180668779357974,44.493849377471115,56.90237198293006,0.8422264561647538,1187.3291235159004,-23.878363060069752,2.457105668039147,5.055702557662339,gluc10_00,gluc10,9,0,10.0,2024-05-29T13:48:01,False,0.7022083653303224,,,,,,,,,,,,,,,
midpoint,44905974.519233316,2395.9083553366363,106.70777690440565,,,False,0.0,0.2180668779357974,44.493849377471115,56.90237198293006,0.8422264561647538,1187.3291235159004,-23.878363060069752,2.457105668039147,5.055702557662339,gluc10_00,gluc10,9,0,10.0,2024-05-29T13:48:01,,,,,,,,,,,,,,,,,
sym,44905794.28778756,3304.62414274581,147.18030023330533,,,False,0.0,0.2180668779357974,44.493849377471115,56.90237198293006,0.8422264561647538,1187.3291235159004,-23.878363060069752,2.457105668039147,5.055702557662339,gluc10_00,gluc10,9,0,10.0,2024-05-29T13:48:01,,,0.09723093496053832,True,13075.0,,,,,,,,,,,,
sym_lin,44906383.746093564,2701.1654437667785,120.30206925765893,,,False,0.0,0.2180668779357974,44.493849377471115,56.90237198293006,0.8422264561647538,1187.3291235159004,-23.878363060069752,2.457105668039147,5.055702557662339,gluc10_00,gluc10,9,0,10.0,2024-05-29T13:48:01,,,0.032826750372005165,True,13075.0,,,,,,,,,,,,
psl,44907194.29195568,2508.367438624163,111.71338927640339,,,False,0.0,0.2180668779357974,44.493849377471115,56.90237198293006,0.8422264561647538,1187.3291235159004,-23.878363060069752,2.457105668039147,5.055702557662339,gluc10_00,gluc10,9,0,10.0,2024-05-29T13:48:01,,,0.005719896515376282,True,13075.0,-30.139492255729596,True,ok,0.0003054717382346306,0.0005576865154843546,-675.3887602745143,-637.2919556796551,1.0700447532380128,0.9551664235646392,,,
circle,44907272.57504471,2508.0013928812064,111.69689224345906,,,False,0.0,0.2180668779357974,44.493849377471115,56.90237198293006,0.8422264561647538,1187.3291235159004,-23.878363060069752,2.457105668039147,5.055702557662339,gluc10_00,gluc10,9,0,10.0,2024-05-29T13:48:01,,,0.02414099681994499,,,,,,,,,,,,-30.45141339437521,3239.6535104415616,3.3799516225147553e-12
mag_argmax,4999264.0,1005.8476538108662,402.3982945533047,502.81059164274484,4999135.471865128,True,4.090844863142173,1.0497570450861653,-4.090844863142173,82.216394805157,1.5268537942830764,654.9415561229574,-22.60964437602353,6.5981610648881,13.302458768889682,gluc10_01,gluc10,1,1,10.0,2024-05-29T13:52:11,,,,,,,,,,,,,,,,,
argmax_hh,4999301.0,904.4944403916597,361.84836255774945,,,True,4.090844863142173,1.0497570450861653,-4.090844863142173,82.216394805157,1.5268537942830764,654.9415561229574,-22.60964437602353,6.5981610648881,13.302458768889682,gluc10_01,gluc10,1,1,10.0,2024-05-29T13:52:11,False,-0.014418247094471781,,,,,,,,,,,,,,,
midpoint,4999327.222364064,904.4944403916597,361.84646459846874,,,True,4.090844863142173,1.0497570450861653,-4.090844863142173,82.216394805157,1.5268537942830764,654.9415561229574,-22.60964437602353,6.5981610648881,13.302458768889682,gluc10_01,gluc10,1,1,10.0,2024-05-29T13:52:11,,,,,,,,,,,,,,,,,
sym,4999330.0308143245,926.0307419795117,370.46193640817654,,,True,4.090844863142173,1.0497570450861653,-4.090844863142173,82.216394805157,1.5268537942830764,654.9415561229574,-22.60964437602353,6.5981610648881,13.302458768889682,gluc10_01,gluc10,1,1,10.0,2024-05-29T13:52:11,,,0.008861123468177077,True,5427.0,,,,,,,,,,,,
sym_lin,4999322.778940443,925.1844170437246,370.1238979571582,,,True,4.090844863142173,1.0497570450861653,-4.090844863142173,82.216394805157,1.5268537942830764,654.9415561229574,-22.60964437602353,6.5981610648881,13.302458768889682,gluc10_01,gluc10,1,1,10.0,2024-05-29T13:52:11,,,0.007113577717428183,True,5427.0,,,,,,,,,,,,
psl,4999311.467083366,925.6400911410003,370.30703017230707,,,True,4.090844863142173,1.0497570450861653,-4.090844863142173,82.216394805157,1.5268537942830764,654.9415561229574,-22.60964437602353,6.5981610648881,13.302458768889682,gluc10_01,gluc10,1,1,10.0,2024-05-29T13:52:11,,,0.0075469607077574535,True,5427.0,1.2016879654984651,True,ok,0.00162375115547255,-8.046993118648827e-05,9.70727114505343,-10.467083365656435,1.0001099730142053,0.9771556451025418,,,
circle,4999299.846426605,946.0100761535748,378.4570260692657,,,True,4.090844863142173,1.0497570450861653,-4.090844863142173,82.216394805157,1.5268537942830764,654.9415561229574,-22.60964437602353,6.5981610648881,13.302458768889682,gluc10_01,gluc10,1,1,10.0,2024-05-29T13:52:11,,,0.0182891381175484,,,,,,,,,,,,1.4353789694379155,646.4447764081704,4.441606667704268e-12
mag_argmax,14975554.0,1704.268415166065,227.60672695862405,812.1654249057174,14974847.084279863,True,-2.60663584432812,0.9614342235345449,2.60663584432812,67.58935209467361,1.0699656384261262,934.6094529455706,-25.16015625054854,4.6534176837628705,9.248909006317074,gluc10_01,gluc10,3,1,10.0,2024-05-29T13:52:13,,,,,,,,,,,,,,,,,
argmax_hh,14975819.0,1294.7473039058968,172.91171907271274,,,True,-2.60663584432812,0.9614342235345449,2.60663584432812,67.58935209467361,1.0699656384261262,934.6094529455706,-25.16015625054854,4.6534176837628705,9.248909006317074,gluc10_01,gluc10,3,1,10.0,2024-05-29T13:52:13,False,0.1791084995758683,,,,,,,,,,,,,,,
midpoint,14975540.744195614,1294.7473039058968,172.9149318908874,,,True,-2.60663584432812,0.9614342235345449,2.60663584432812,67.58935209467361,1.0699656384261262,934.6094529455706,-25.16015625054854,4.6534176837628705,9.248909006317074,gluc10_01,gluc10,3,1,10.0,2024-05-29T13:52:13,,,,,,,,,,,,,,,,,
sym,14975529.514444442,1568.7341818571879,209.50633903717218,,,True,-2.60663584432812,0.9614342235345449,2.60663584432812,67.58935209467361,1.0699656384261262,934.6094529455706,-25.16015625054854,4.6534176837628705,9.248909006317074,gluc10_01,gluc10,3,1,10.0,2024-05-29T13:52:13,,,0.07000149489597769,True,7769.0,,,,,,,,,,,,
sym_lin,14975717.322650615,1324.217116485731,176.84857265339355,,,True,-2.60663584432812,0.9614342235345449,2.60663584432812,67.58935209467361,1.0699656384261262,934.6094529455706,-25.16015625054854,4.6534176837628705,9.248909006317074,gluc10_01,gluc10,3,1,10.0,2024-05-29T13:52:13,,,0.02243247732753657,True,7769.0,,,,,,,,,,,,
psl,14976024.08295999,1330.4788473857188,177.68118427367693,,,True,-2.60663584432812,0.9614342235345449,2.60663584432812,67.58935209467361,1.0699656384261262,934.6094529455706,-25.16015625054854,4.6534176837628705,9.248909006317074,gluc10_01,gluc10,3,1,10.0,2024-05-29T13:52:13,,,0.006928442298304665,True,7769.0,-20.917644220049855,True,ok,0.0009425446908788547,0.0001552224221872226,-245.60076284911713,-205.0829599890858,1.0335140028720522,0.9731438470066386,,,
circle,14976063.735396383,1642.7202245493952,219.37943822538304,,,True,-2.60663584432812,0.9614342235345449,2.60663584432812,67.58935209467361,1.0699656384261262,934.6094529455706,-25.16015625054854,4.6534176837628705,9.248909006317074,gluc10_01,gluc10,3,1,10.0,2024-05-29T13:52:13,,,0.1673247617087758,,,,,,,,,,,,-15.29041957166065,1098.2710813881004,2.5560946246285156e-12
mag_argmax,24952338.0,,,1640.7648985348642,,False,0.0,0.7054216745968328,22.178540079280616,75.28911045619706,0.7476660016471577,1337.495616755254,-27.20279769851158,3.481881773077486,6.993443634810655,gluc10_01,gluc10,5,1,10.0,2024-05-29T13:52:15,,,,,,,,,,,,,,,,,
argmax_hh,24953249.0,1718.323708249256,137.72344501104897,,,False,0.0,0.7054216745968328,22.178540079280616,75.28911045619706,0.7476660016471577,1337.495616755254,-27.20279769851158,3.481881773077486,6.993443634810655,gluc10_01,gluc10,5,1,10.0,2024-05-29T13:52:15,False,0.18237743966686248,,,,,,,,,,,,,,,
midpoint,24953060.764833346,1718.323708249256,137.7244839375305,,,False,0.0,0.7054216745968328,22.178540079280616,75.28911045619706,0.7476660016471577,1337.495616755254,-27.20279769851158,3.481881773077486,6.993443634810655,gluc10_01,gluc10,5,1,10.0,2024-05-29T13:52:15,,,,,,,,,,,,,,,,,
sym,24953039.11657863,1927.7434351367333,154.5097113125554,,,False,0.0,0.7054216745968328,22.178540079280616,75.28911045619706,0.7476660016471577,1337.495616755254,-27.20279769851158,3.481881773077486,6.993443634810655,gluc10_01,gluc10,5,1,10.0,2024-05-29T13:52:15,,,0.05118883979199761,True,10309.0,,,,,,,,,,,,
sym_lin,24953196.644373745,1805.5740201700614,144.7168509832722,,,False,0.0,0.7054216745968328,22.178540079280616,75.28911045619706,0.7476660016471577,1337.495616755254,-27.20279769851158,3.481881773077486,6.993443634810655,gluc10_01,gluc10,5,1,10.0,2024-05-29T13:52:15,,,0.015608523548093937,True,10309.0,,,,,,,,,,,,
psl,24953483.912645526,1807.5893887078516,144.87671501387672,,,False,0.0,0.7054216745968328,22.178540079280616,75.28911045619706,0.7476660016471577,1337.495616755254,-27.20279769851158,3.481881773077486,6.993443634810655,gluc10_01,gluc10,5,1,10.0,2024-05-29T13:52:15,,,0.002320267738182457,True,10309.0,-14.46486003164074,True,ok,0.000660365293910742,9.700808890967811e-05,-229.39116107174428,-234.91264552623034,1.015977108779259,0.9506161736640826,,,
circle,24953385.654600207,1700.622024410697,136.30391065568162,,,False,0.0,0.7054216745968328,22.178540079280616,75.28911045619706,0.7476660016471577,1337.495616755254,-27.20279769851158,3.481881773077486,6.993443634810655,gluc10_01,gluc10,5,1,10.0,2024-05-29T13:52:15,,,0.08783936826331915,,,,,,,,,,,,-15.139162105332368,1733.366109947055,3.1897685078236176e-12
mag_argmax,34927916.0,,,2507.8803215920925,,False,0.0,0.37452151514040244,37.685017519573826,60.249902165752445,0.7935774255064818,1260.1164900346982,-25.263896372638165,2.924340339102792,5.919430847700006,gluc10_01,gluc10,7,1,10.0,2024-05-29T13:52:17,,,,,,,,,,,,,,,,,
argmax_hh,34929077.0,2035.3308130428195,116.54077278038693,,,False,0.0,0.37452151514040244,37.685017519573826,60.249902165752445,0.7935774255064818,1260.1164900346982,-25.263896372638165,2.924340339102792,5.919430847700006,gluc10_01,gluc10,7,1,10.0,2024-05-29T13:52:17,False,0.5195831830632308,,,,,,,,,,,,,,,
midpoint,34928557.42898414,2035.3308130428195,116.54250635349041,,,False,0.0,0.37452151514040244,37.685017519573826,60.249902165752445,0.7935774255064818,1260.1164900346982,-25.263896372638165,2.924340339102792,5.919430847700006,gluc10_01,gluc10,7,1,10.0,2024-05-29T13:52:17,,,,,,,,,,,,,,,,,
sym,34928443.15658836,2815.7469147486195,161.22945429461552,,,False,0.0,0.37452151514040244,37.685017519573826,60.249902165752445,0.7935774255064818,1260.1164900346982,-25.263896372638165,2.924340339102792,5.919430847700006,gluc10_01,gluc10,7,1,10.0,2024-05-29T13:52:17,,,0.08623914470108465,True,12058.0,,,,,,,,,,,,
sym_lin,34928876.62938359,2116.7172823271826,121.20156653114427,,,False,0.0,0.37452151514040244,37.685017519573826,60.249902165752445,0.7935774255064818,1260.1164900346982,-25.263896372638165,2.924340339102792,5.919430847700006,gluc10_01,gluc10,7,1,10.0,2024-05-29T13:52:17,,,0.0330925283201952,True,12058.0,,,,,,,,,,,,
psl,34929516.251009375,2080.834564993775,119.14476856997092,,,False,0.0,0.37452151514040244,37.685017519573826,60.249902165752445,0.7935774255064818,1260.1164900346982,-25.263896372638165,2.924340339102792,5.919430847700006,gluc10_01,gluc10,7,1,10.0,2024-05-29T13:52:17,,,0.005777935637673897,True,12058.0,-27.29625318922141,True,ok,0.00044045534797779894,0.00037662203273083845,-505.2573683495584,-439.25100937485695,1.0573164266262454,0.9781319703562826,,,
circle,34929636.26615528,2096.1214577338264,120.01965561633072,,,False,0.0,0.37452151514040244,37.685017519573826,60.249902165752445,0.7935774255064818,1260.1164900346982,-25.263896372638165,2.924340339102792,5.919430847700006,gluc10_01,gluc10,7,1,10.0,2024-05-29T13:52:17,,,0.050438483250153425,,,,,,,,,,,,-27.67497745088836,2341.220008178704,3.2611326054730164e-12
mag_argmax,44904824.0,,,4666.022724986076,,False,0.0,0.21815604573865638,44.484624474749545,56.89706268404534,0.8421772328971417,1187.3985200952752,-23.87878589406529,2.4522988513250117,5.044538669709332,gluc10_01,gluc10,9,1,10.0,2024-05-29T13:52:19,,,,,,,,,,,,,,,,,
argmax_hh,44906560.0,2401.012420170009,106.93370501637217,,,False,0.0,0.21815604573865638,44.484624474749545,56.89706268404534,0.8421772328971417,1187.3985200952752,-23.87878589406529,2.4522988513250117,5.044538669709332,gluc10_01,gluc10,9,1,10.0,2024-05-29T13:52:19,False,0.7019976294718285,,,,,,,,,,,,,,,
midpoint,44905972.871838465,2401.012420170009,106.93510313305059,,,False,0.0,0.21815604573865638,44.484624474749545,56.89706268404534,0.8421772328971417,1187.3985200952752,-23.87878589406529,2.4522988513250117,5.044538669709332,gluc10_01,gluc10,9,1,10.0,2024-05-29T13:52:19,,,,,,,,,,,,,,,,,
sym,44905791.64002771,3312.557054160642,147.53362242067348,,,False,0.0,0.21815604573865638,44.484624474749545,56.89706268404534,0.8421772328971417,1187.3985200952752,-23.87878589406529,2.4522988513250117,5.044538669709332,gluc10_01,gluc10,9,1,10.0,2024-05-29T13:52:19,,,0.09765941213490704,True,13092.0,,,,,,,,,,,,
sym_lin,44906384.88354919,2704.1064507065653,120.43305012054871,,,False,0.0,0.21815604573865638,44.484624474749545,56.89706268404534,0.8421772328971417,1187.3985200952752,-23.87878589406529,2.4522988513250117,5.044538669709332,gluc10_01,gluc10,9,1,10.0,2024-05-29T13:52:19,,,0.033064947654814165,True,13092.0,,,,,,,,,,,,
psl,44907199.51382965,2508.158418712161,111.70406731507482,,,False,0.0,0.21815604573865638,44.484624474749545,56.89706268404534,0.8421772328971417,1187.3985200952752,-23.87878589406529,2.4522988513250117,5.044538669709332,gluc10_01,gluc10,9,1,10.0,2024-05-29T13:52:19,,,0.005842426451195133,True,13092.0,-30.266322836728765,True,ok,0.0003053717420886336,0.0005579704454445805,-678.3106706471464,-639.5138296484947,1.070643472489391,0.9572810083514712,,,
circle,44907276.91457629,2509.0821962030864,111.74501633558958,,,False,0.0,0.21815604573865638,44.484624474749545,56.89706268404534,0.8421772328971417,1187.3985200952752,-23.87878589406529,2.4522988513250117,5.044538669709332,gluc10_01,gluc10,9,1,10.0,2024-05-29T13:52:19,,,0.02407661582496759,,,,,,,,,,,,-30.543534274248174,3239.3484912237495,3.3800492751565665e-12
mag_argmax,4999278.0,1005.2317360951565,402.15076500852985,487.31519989762455,4999137.422556438,True,4.04150967692074,1.049127440839431,-4.04150967692074,82.26582960285026,1.5299883249710646,653.5997586902581,-22.59537190748156,6.603017990053788,13.325607734454627,gluc10_02,gluc10,1,2,10.0,2024-05-29T13:58:10,,,,,,,,,,,,,,,,,
argmax_hh,4999306.0,903.2233455949463,361.33949215949025,,,True,4.04150967692074,1.049127440839431,-4.04150967692074,82.26582960285026,1.5299883249710646,653.5997586902581,-22.59537190748156,6.603017990053788,13.325607734454627,gluc10_02,gluc10,1,2,10.0,2024-05-29T13:58:10,False,-0.014310326260789033,,,,,,,,,,,,,,,
midpoint,4999326.769940479,903.2233455949463,361.3379909574104,,,True,4.04150967692074,1.049127440839431,-4.04150967692074,82.26582960285026,1.5299883249710646,653.5997586902581,-22.59537190748156,6.603017990053788,13.325607734454627,gluc10_02,gluc10,1,2,10.0,2024-05-29T13:58:10,,,,,,,,,,,,,,,,,
sym,4999329.984226007,926.7625593422698,370.7547060371733,,,True,4.04150967692074,1.049127440839431,-4.04150967692074,82.26582960285026,1.5299883249710646,653.5997586902581,-22.59537190748156,6.603017990053788,13.325607734454627,gluc10_02,gluc10,1,2,10.0,2024-05-29T13:58:10,,,0.008819797157404352,True,5419.0,,,,,,,,,,,,
sym_lin,4999322.773942008,926.0686230227166,370.4776286298889,,,True,4.04150967692074,1.049127440839431,-4.04150967692074,82.26582960285026,1.5299883249710646,653.5997586902581,-22.59537190748156,6.603017990053788,13.325607734454627,gluc10_02,gluc10,1,2,10.0,2024-05-29T13:58:10,,,0.00709788130952987,True,5419.0,,,,,,,,,,,,
psl,4999311.651900216,926.4636692228955,370.6364930743019,,,True,4.04150967692074,1.049127440839431,-4.04150967692074,82.26582960285026,1.5299883249710646,653.5997586902581,-22.59537190748156,6.603017990053788,13.325607734454627,gluc10_02,gluc10,1,2,10.0,2024-05-29T13:58:10,,,0.007539210865278123,True,5419.0,1.186048459022584,True,ok,0.001624448770218869,-8.060690014910413e-05,9.589450186836475,-5.6519002160057425,1.000107129077741,0.9749150189046886,,,
circle,4999299.920631783,946.4601002708613,378.637055306437,,,True,4.04150967692074,1.049127440839431,-4.04150967692074,82.26582960285026,1.5299883249710646,653.5997586902581,-22.59537190748156,6.603017990053788,13.325607734454627,gluc10_02,gluc10,1,2,10.0,2024-05-29T13:58:10,,,0.018695834139904298,,,,,,,,,,,,1.416643558780008,646.6169766819115,4.4356473337579905e-12
mag_argmax,14975556.0,1708.108139673248,228.1194954862775,824.9028839934617,14974844.489209834,True,-2.6734574635814745,0.9604441310902154,2.6734574635814745,67.58687237231095,1.070202440948761,934.4026529349674,-25.16636422796679,4.652594119784009,9.258816869603395,gluc10_02,gluc10,3,2,10.0,2024-05-29T13:58:02,,,,,,,,,,,,,,,,,
argmax_hh,14975822.0,1293.9018201483414,172.79877126588997,,,True,-2.6734574635814745,0.9604441310902154,2.6734574635814745,67.58687237231095,1.070202440948761,934.4026529349674,-25.16636422796679,4.652594119784009,9.258816869603395,gluc10_02,gluc10,3,2,10.0,2024-05-29T13:58:02,False,0.17955382832797762,,,,,,,,,,,,,,,
midpoint,14975539.704093896,1293.9018201483414,172.80202860329965,,,True,-2.6734574635814745,0.9604441310902154,2.6734574635814745,67.58687237231095,1.070202440948761,934.4026529349674,-25.16636422796679,4.652594119784009,9.258816869603395,gluc10_02,gluc10,3,2,10.0,2024-05-29T13:58:02,,,,,,,,,,,,,,,,,
sym,14975527.451290125,1573.5289016095085,210.14670858540623,,,True,-2.6734574635814745,0.9604441310902154,2.6734574635814745,67.58687237231095,1.070202440948761,934.4026529349674,-25.16636422796679,4.652594119784009,9.258816869603395,gluc10_02,gluc10,3,2,10.0,2024-05-29T13:58:02,,,0.07000920338276988,True,7763.0,,,,,,,,,,,,
sym_lin,14975716.37078678,1324.71859516202,176.91555613942535,,,True,-2.6734574635814745,0.9604441310902154,2.6734574635814745,67.58687237231095,1.070202440948761,934.4026529349674,-25.16636422796679,4.652594119784009,9.258816869603395,gluc10_02,gluc10,3,2,10.0,2024-05-29T13:58:02,,,0.022428568575466063,True,7763.0,,,,,,,,,,,,
psl,14976023.810258245,1331.603952442605,177.83144168487308,,,True,-2.6734574635814745,0.9604441310902154,2.6734574635814745,67.58687237231095,1.070202440948761,934.4026529349674,-25.16636422796679,4.652594119784009,9.258816869603395,gluc10_02,gluc10,3,2,10.0,2024-05-29T13:58:02,,,0.006981543731388639,True,7763.0,-20.96648512038422,True,ok,0.0009415561184558962,0.00015581155143841552,-246.39539097593334,-201.8102582450956,1.0336716325403974,0.9716866773899961,,,
circle,14976062.45923697,1644.4470008938756,219.61006177289408,,,True,-2.6734574635814745,0.9604441310902154,2.6734574635814745,67.58687237231095,1.070202440948761,934.4026529349674,-25.16636422796679,4.652594119784009,9.258816869603395,gluc10_02,gluc10,3,2,10.0,2024-05-29T13:58:02,,,0.16795002154332736,,,,,,,,,,,,-15.315885136139746,1100.137060151827,2.55459016152984e-12
mag_argmax,24952335.0,,,1648.5858170762658,,False,0.0,0.7045253267171884,22.232908072395617,75.2447166634669,0.7469890878597957,1338.7076414531139,-27.213868910318336,3.4735535204397037,6.983707454290965,gluc10_02,gluc10,5,2,10.0,2024-05-29T13:58:04,,,,,,,,,,,,,,,,,
argmax_hh,24953255.0,1721.292032731697,137.96132269971972,,,False,0.0,0.7045253267171884,22.232908072395617,75.2447166634669,0.7469890878597957,1338.7076414531139,-27.213868910318336,3.4735535204397037,6.983707454290965,gluc10_02,gluc10,5,2,10.0,2024-05-29T13:58:04,False,0.18245538589493804,,,,,,,,,,,,,,,
midpoint,24953061.619843945,1721.292032731697,137.96239186640233,,,False,0.0,0.7045253267171884,22.232908072395617,75.2447166634669,0.7469890878597957,1338.7076414531139,-27.213868910318336,3.4735535204397037,6.983707454290965,gluc10_02,gluc10,5,2,10.0,2024-05-29T13:58:04,,,,,,,,,,,,,,,,,
sym,24953039.840877805,1930.6502494471,154.7426896088491,,,False,0.0,0.7045253267171884,22.232908072395617,75.2447166634669,0.7469890878597957,1338.7076414531139,-27.213868910318336,3.4735535204397037,6.983707454290965,gluc10_02,gluc10,5,2,10.0,2024-05-29T13:58:04,,,0.051238303850646406,True,10327.0,,,,,,,,,,,,
sym_lin,24953197.62967649,1806.6096937212799,144.79985455432808,,,False,0.0,0.7045253267171884,22.232908072395617,75.2447166634669,0.7469890878597957,1338.7076414531139,-27.213868910318336,3.4735535204397037,6.983707454290965,gluc10_02,gluc10,5,2,10.0,2024-05-29T13:58:04,,,0.0156587053514446,True,10327.0,,,,,,,,,,,,
psl,24953485.46214863,1809.1222033745157,144.9995597704162,,,False,0.0,0.7045253267171884,22.232908072395617,75.2447166634669,0.7469890878597957,1338.7076414531139,-27.213868910318336,3.4735535204397037,6.983707454290965,gluc10_02,gluc10,5,2,10.0,2024-05-29T13:58:04,,,0.00228389272044189,True,10327.0,-14.47478142487819,True,ok,0.0006598430142969002,9.697817484830038e-05,-229.7448410900516,-230.46214862912893,1.0159990940625958,0.9514514992525154,,,
circle,24953387.46484943,1702.0425248185052,136.41775307790064,,,False,0.0,0.7045253267171884,22.232908072395617,75.2447166634669,0.7469890878597957,1338.7076414531139,-27.213868910318336,3.4735535204397037,6.983707454290965,gluc10_02,gluc10,5,2,10.0,2024-05-29T13:58:04,,,0.08763266543424322,,,,,,,,,,,,-15.157195830018612,1734.026363808558,3.1896039194842505e-12
mag_argmax,34927907.0,,,2493.6996219679713,,False,0.0,0.3746368755289276,37.678604335304186,60.25076129516347,0.7932617174634571,1260.6180003210184,-25.279385407711683,2.9189907891925655,5.917510086264242,gluc10_02,gluc10,7,2,10.0,2024-05-29T13:58:06,,,,,,,,,,,,,,,,,
argmax_hh,34929091.0,2037.005399953574,116.63661101020773,,,False,0.0,0.3746368755289276,37.678604335304186,60.25076129516347,0.7932617174634571,1260.6180003210184,-25.279385407711683,2.9189907891925655,5.917510086264242,gluc10_02,gluc10,7,2,10.0,2024-05-29T13:58:06,False,0.5203540401199828,,,,,,,,,,,,,,,
midpoint,34928557.42883949,2037.005399953574,116.63839275948328,,,False,0.0,0.3746368755289276,37.678604335304186,60.25076129516347,0.7932617174634571,1260.6180003210184,-25.279385407711683,2.9189907891925655,5.917510086264242,gluc10_02,gluc10,7,2,10.0,2024-05-29T13:58:06,,,,,,,,,,,,,,,,,
sym,34928443.56183271,2823.8919211931407,161.69583486845582,,,False,0.0,0.3746368755289276,37.678604335304186,60.25076129516347,0.7932617174634571,1260.6180003210184,-25.279385407711683,2.9189907891925655,5.917510086264242,gluc10_02,gluc10,7,2,10.0,2024-05-29T13:58:06,,,0.08603562175905898,True,12058.0,,,,,,,,,,,,
sym_lin,34928877.75268234,2119.8318288079727,121.3798991091365,,,False,0.0,0.3746368755289276,37.678604335304186,60.25076129516347,0.7932617174634571,1260.6180003210184,-25.279385407711683,2.9189907891925655,5.917510086264242,gluc10_02,gluc10,7,2,10.0,2024-05-29T13:58:06,,,0.033020546185054456,True,12058.0,,,,,,,,,,,,
psl,34929517.9057056,2084.8608977052577,119.3753033370497,,,False,0.0,0.3746368755289276,37.678604335304186,60.25076129516347,0.7932617174634571,1260.6180003210184,-25.279385407711683,2.9189907891925655,5.917510086264242,gluc10_02,gluc10,7,2,10.0,2024-05-29T13:58:06,,,0.00575336765032256,True,12058.0,-27.285451508066867,True,ok,0.0004404564693662356,0.0003764743558173418,-506.02691520351954,-426.90570560097694,1.0572705883587186,0.9770461915208075,,,
circle,34929638.28887461,2097.3962997849885,120.09264352748978,,,False,0.0,0.3746368755289276,37.678604335304186,60.25076129516347,0.7932617174634571,1260.6180003210184,-25.279385407711683,2.9189907891925655,5.917510086264242,gluc10_02,gluc10,7,2,10.0,2024-05-29T13:58:06,,,0.05083084273512224,,,,,,,,,,,,-27.674549601945202,2341.6011627086527,3.261001060581052e-12
mag_argmax,44904828.0,,,4635.564143404365,,False,0.0,0.2179714863029911,44.50625860757069,56.911299048635854,0.8421001826400766,1187.507164367178,-23.87874392565987,2.454857292032846,5.045979791075494,gluc10_02,gluc10,9,2,10.0,2024-05-29T13:58:08,,,,,,,,,,,,,,,,,
argmax_hh,44906558.0,2399.732163298875,106.87669107478132,,,False,0.0,0.2179714863029911,44.50625860757069,56.911299048635854,0.8421001826400766,1187.507164367178,-23.87874392565987,2.454857292032846,5.045979791075494,gluc10_02,gluc10,9,2,10.0,2024-05-29T13:58:08,False,0.7019022355806969,,,,,,,,,,,,,,,
midpoint,44905977.10608634,2399.732163298875,106.87807360831823,,,False,0.0,0.2179714863029911,44.50625860757069,56.911299048635854,0.8421001826400766,1187.507164367178,-23.87874392565987,2.454857292032846,5.045979791075494,gluc10_02,gluc10,9,2,10.0,2024-05-29T13:58:08,,,,,,,,,,,,,,,,,
sym,44905796.869457036,3299.5409320904814,146.95389736351322,,,False,0.0,0.2179714863029911,44.50625860757069,56.911299048635854,0.8421001826400766,1187.507164367178,-23.87874392565987,2.454857292032846,5.045979791075494,gluc10_02,gluc10,9,2,10.0,2024-05-29T13:58:08,,,0.09731412046271548,True,13091.0,,,,,,,,,,,,
sym_lin,44906386.3381592,2703.1551187478376,120.39067665753507,,,False,0.0,0.2179714863029911,44.50625860757069,56.911299048635854,0.8421001826400766,1187.507164367178,-23.87874392565987,2.454857292032846,5.045979791075494,gluc10_02,gluc10,9,2,10.0,2024-05-29T13:58:08,,,0.03273870196017623,True,13091.0,,,,,,,,,,,,
psl,44907198.334533185,2510.2743616877947,111.79830649811075,,,False,0.0,0.2179714863029911,44.50625860757069,56.911299048635854,0.8421001826400766,1187.507164367178,-23.87874392565987,2.454857292032846,5.045979791075494,gluc10_02,gluc10,9,2,10.0,2024-05-29T13:58:08,,,0.005633279396784481,True,13091.0,-30.17084940682428,True,ok,0.0003053585791789124,0.0005577198762031575,-676.638980395997,-640.3345331847668,1.07019253124505,0.9559640969624548,,,
circle,44907276.10909046,2509.2055325916344,111.75051127555263,,,False,0.0,0.2179714863029911,44.50625860757069,56.911299048635854,0.8421001826400766,1187.507164367178,-23.87874392565987,2.454857292032846,5.045979791075494,gluc10_02,gluc10,9,2,10.0,2024-05-29T13:58:08,,,0.024842956375118987,,,,,,,,,,,,-30.46795213248189,3241.2917888654965,3.3801502690696656e-12
mag_argmax,4999345.0,915.5651347185485,366.2740357861074,507.8708743164316,4999235.880634677,True,4.916274222384431,1.0594674286990051,-4.916274222384431,82.67171340580725,1.6840605162197961,593.8028891293621,-21.826662390253663,7.3384133215921485,14.850640901263331,water_00,water,1,0,0.0,2024-05-29T13:01:52,,,,,,,,,,,,,,,,,
argmax_hh,4999380.0,811.2107807397842,324.5245533405279,,,True,4.916274222384431,1.0594674286990051,-4.916274222384431,82.67171340580725,1.6840605162197961,593.8028891293621,-21.826662390253663,7.3384133215921485,14.850640901263331,water_00,water,1,0,0.0,2024-05-29T13:01:52,False,-0.0158761885468914,,,,,,,,,,,,,,,
midpoint,4999393.1671974445,811.2107807397842,324.52369862101966,,,True,4.916274222384431,1.0594674286990051,-4.916274222384431,82.67171340580725,1.6840605162197961,593.8028891293621,-21.826662390253663,7.3384133215921485,14.850640901263331,water_00,water,1,0,0.0,2024-05-29T13:01:52,,,,,,,,,,,,,,,,,
sym,4999395.194403105,830.8816790606019,332.3928782388661,,,True,4.916274222384431,1.0594674286990051,-4.916274222384431,82.67171340580725,1.6840605162197961,593.8028891293621,-21.826662390253663,7.3384133215921485,14.850640901263331,water_00,water,1,0,0.0,2024-05-29T13:01:52,,,0.00871589276985472,True,4867.0,,,,,,,,,,,,
sym_lin,4999390.673181195,830.6427918195409,332.2976122972159,,,True,4.916274222384431,1.0594674286990051,-4.916274222384431,82.67171340580725,1.6840605162197961,593.8028891293621,-21.826662390253663,7.3384133215921485,14.850640901263331,water_00,water,1,0,0.0,2024-05-29T13:01:52,,,0.007891998102793587,True,4867.0,,,,,,,,,,,,
psl,4999385.086224912,830.8739058012505,332.3904406126283,,,True,4.916274222384431,1.0594674286990051,-4.916274222384431,82.67171340580725,1.6840605162197961,593.8028891293621,-21.826662390253663,7.3384133215921485,14.850640901263331,water_00,water,1,0,0.0,2024-05-29T13:01:52,,,0.008240894275416653,True,4867.0,0.7286877613411832,True,ok,0.0018099890071271469,-9.961426500117918e-05,5.283598656464088,-5.086224911734462,1.000040437157699,0.9763344053481807,,,
circle,4999377.731558281,846.4360802160243,338.61657416799926,,,True,4.916274222384431,1.0594674286990051,-4.916274222384431,82.67171340580725,1.6840605162197961,593.8028891293621,-21.826662390253663,7.3384133215921485,14.850640901263331,water_00,water,1,0,0.0,2024-05-29T13:01:52,,,0.015424835185775915,,,,,,,,,,,,0.8210181587809664,576.9036640987831,4.314348566003597e-12
mag_argmax,14975754.0,1473.74069363717,196.81689397905038,729.8804604988545,14975173.827849738,True,-0.007629335955461336,0.999887836454271,0.007629335955461336,68.01974657519332,1.156412426851592,864.7433880683598,-24.538944037615288,5.118848511571105,10.255633919311574,water_00,water,3,0,0.0,2024-05-29T13:01:54,,,,,,,,,,,,,,,,,
argmax_hh,14976012.0,1170.771119022742,156.3528553559842,,,True,-0.007629335955461336,0.999887836454271,0.007629335955461336,68.01974657519332,1.156412426851592,864.7433880683598,-24.538944037615288,5.118848511571105,10.255633919311574,water_00,water,3,0,0.0,2024-05-29T13:01:54,False,0.14832299028036916,,,,,,,,,,,,,,,
midpoint,14975767.29520607,1170.771119022742,156.35541016953707,,,True,-0.007629335955461336,0.999887836454271,0.007629335955461336,68.01974657519332,1.156412426851592,864.7433880683598,-24.538944037615288,5.118848511571105,10.255633919311574,water_00,water,3,0,0.0,2024-05-29T13:01:54,,,,,,,,,,,,,,,,,
sym,14975770.88317068,1366.1224056994579,182.44435179422584,,,True,-0.007629335955461336,0.999887836454271,0.007629335955461336,68.01974657519332,1.156412426851592,864.7433880683598,-24.538944037615288,5.118848511571105,10.255633919311574,water_00,water,3,0,0.0,2024-05-29T13:01:54,,,0.06429878255093019,True,7025.0,,,,,,,,,,,,
sym_lin,14975918.062460566,1189.4629400849803,158.85008653546942,,,True,-0.007629335955461336,0.999887836454271,0.007629335955461336,68.01974657519332,1.156412426851592,864.7433880683598,-24.538944037615288,5.118848511571105,10.255633919311574,water_00,water,3,0,0.0,2024-05-29T13:01:54,,,0.02041718285772389,True,7025.0,,,,,,,,,,,,
psl,14976167.2427586,1196.0735465526413,159.73026037499372,,,True,-0.007629335955461336,0.999887836454271,0.007629335955461336,68.01974657519332,1.156412426851592,864.7433880683598,-24.538944037615288,5.118848511571105,10.255633919311574,water_00,water,3,0,0.0,2024-05-29T13:01:54,,,0.0073788579672402965,True,7025.0,-18.895922304139027,True,ok,0.0010402972771304292,0.0001385293288243996,-199.0374832747107,-155.24275860004127,1.0273188187427484,0.9788454250135146,,,
circle,14976205.243766878,1426.8728203835153,190.55198525372538,,,True,-0.007629335955461336,0.999887836454271,0.007629335955461336,68.01974657519332,1.156412426851592,864.7433880683598,-24.538944037615288,5.118848511571105,10.255633919311574,water_00,water,3,0,0.0,2024-05-29T13:01:54,,,0.15070996447070917,,,,,,,,,,,,-13.96923733667742,996.9138248841813,2.7537765813086873e-12
mag_argmax,24952751.0,6148.212393108755,492.7883417029854,1451.0174264349043,24948165.12327582,False,0.0,0.7582805606742519,18.29123699122528,75.67135288021032,0.8214830975425856,1217.310499743009,-26.65236178170058,3.8098892350566764,7.654170649767827,water_00,water,5,0,0.0,2024-05-29T13:01:47,,,,,,,,,,,,,,,,,
argmax_hh,24953453.0,1570.1243870705366,125.84425787249056,,,False,0.0,0.7582805606742519,18.29123699122528,75.67135288021032,0.8214830975425856,1217.310499743009,-26.65236178170058,3.8098892350566764,7.654170649767827,water_00,water,5,0,0.0,2024-05-29T13:01:47,False,0.16504826287913218,,,,,,,,,,,,,,,
midpoint,24953283.963660557,1570.1243870705366,125.84511035558343,,,False,0.0,0.7582805606742519,18.29123699122528,75.67135288021032,0.8214830975425856,1217.310499743009,-26.65236178170058,3.8098892350566764,7.654170649767827,water_00,water,5,0,0.0,2024-05-29T13:01:47,,,,,,,,,,,,,,,,,
sym,24953269.710299414,1740.6147037198646,139.50994991261038,,,False,0.0,0.7582805606742519,18.29123699122528,75.67135288021032,0.8214830975425856,1217.310499743009,-26.65236178170058,3.8098892350566764,7.654170649767827,water_00,water,5,0,0.0,2024-05-29T13:01:47,,,0.05080623218898297,True,9421.0,,,,,,,,,,,,
sym_lin,24953410.807173844,1635.8096481934595,131.1091025458677,,,False,0.0,0.7582805606742519,18.29123699122528,75.67135288021032,0.8214830975425856,1217.310499743009,-26.65236178170058,3.8098892350566764,7.654170649767827,water_00,water,5,0,0.0,2024-05-29T13:01:47,,,0.014283127836969483,True,9421.0,,,,,,,,,,,,
psl,24953668.11578207,1639.6230384510218,131.4133882716853,,,False,0.0,0.7582805606742519,18.29123699122528,75.67135288021032,0.8214830975425856,1217.310499743009,-26.65236178170058,3.8098892350566764,7.654170649767827,water_00,water,5,0,0.0,2024-05-29T13:01:47,,,0.002603744228241052,True,9421.0,-14.304256656277333,True,ok,0.0007336203487623228,9.77764348119328e-05,-205.74090791126326,-215.11578207090497,1.0156233404610127,0.9576130307084842,,,
circle,24953574.16831668,1529.5962547638005,122.59536405056673,,,False,0.0,0.7582805606742519,18.29123699122528,75.67135288021032,0.8214830975425856,1217.310499743009,-26.65236178170058,3.8098892350566764,7.654170649767827,water_00,water,5,0,0.0,2024-05-29T13:01:47,,,0.09337828445037308,,,,,,,,,,,,-14.833999704437833,1571.8467965790119,3.1616652598337855e-12
mag_argmax,34928362.0,,,2085.869935244322,,False,0.0,0.43058162186814575,34.44556995371113,60.492550427894564,0.8509573224694296,1175.1470650702636,-24.974742949295024,3.303999221210085,6.67619644614711,water_00,water,7,0,0.0,2024-05-29T13:01:49,,,,,,,,,,,,,,,,,
argmax_hh,34929338.0,1803.5718536935747,103.26974153896502,,,False,0.0,0.43058162186814575,34.44556995371113,60.492550427894564,0.8509573224694296,1175.1470650702636,-24.974742949295024,3.303999221210085,6.67619644614711,water_00,water,7,0,0.0,2024-05-29T13:01:49,False,0.4848940257522548,,,,,,,,,,,,,,,
midpoint,34928886.45587778,1803.5718536935747,103.27107656133552,,,False,0.0,0.43058162186814575,34.44556995371113,60.492550427894564,0.8509573224694296,1175.1470650702636,-24.974742949295024,3.303999221210085,6.67619644614711,water_00,water,7,0,0.0,2024-05-29T13:01:49,,,,,,,,,,,,,,,,,
sym,34928784.57437246,2502.5035979741915,143.29176514262676,,,False,0.0,0.43058162186814575,34.44556995371113,60.492550427894564,0.8509573224694296,1175.1470650702636,-24.974742949295024,3.303999221210085,6.67619644614711,water_00,water,7,0,0.0,2024-05-29T13:01:49,,,0.0895319693532206,True,10821.0,,,,,,,,,,,,
sym_lin,34929182.286732085,1830.3013356110803,104.80069762791575,,,False,0.0,0.43058162186814575,34.44556995371113,60.492550427894564,0.8509573224694296,1175.1470650702636,-24.974742949295024,3.303999221210085,6.67619644614711,water_00,water,7,0,0.0,2024-05-29T13:01:49,,,0.03630565360253306,True,10821.0,,,,,,,,,,,,
psl,34929772.41646381,1800.6093890065742,103.09883314085805,,,False,0.0,0.43058162186814575,34.44556995371113,60.492550427894564,0.8509573224694296,1175.1470650702636,-24.974742949295024,3.303999221210085,6.67619644614711,water_00,water,7,0,0.0,2024-05-29T13:01:49,,,0.006098760332778573,True,10821.0,-28.505320092775268,True,ok,0.000501538596136295,0.00037993859720786673,-457.38551782275215,-434.4164638072252,1.0625673351799447,1.0016452567142478,,,
circle,34929866.427238785,1842.0138467831882,105.4692751614281,,,False,0.0,0.43058162186814575,34.44556995371113,60.492550427894564,0.8509573224694296,1175.1470650702636,-24.974742949295024,3.303999221210085,6.67619644614711,water_00,water,7,0,0.0,2024-05-29T13:01:49,,,0.04997331652331008,,,,,,,,,,,,-28.276484919790928,2050.5506226942425,3.202879771434235e-12
mag_argmax,44905345.0,,,3854.14260905236,,False,0.0,0.2657566236885687,41.956909114424114,57.14305428971004,0.8866113246557012,1127.8899470276122,-23.7976472811617,2.7681844126478796,5.747850355368158,water_00,water,9,0,0.0,2024-05-29T13:01:50,,,,,,,,,,,,,,,,,
argmax_hh,44906983.0,2113.659759540111,94.13501501715717,,,False,0.0,0.2657566236885687,41.956909114424114,57.14305428971004,0.8866113246557012,1127.8899470276122,-23.7976472811617,2.7681844126478796,5.747850355368158,water_00,water,9,0,0.0,2024-05-29T13:01:50,False,0.6669605361805057,,,,,,,,,,,,,,,
midpoint,44906367.08975391,2113.659759540111,94.13630611960036,,,False,0.0,0.2657566236885687,41.956909114424114,57.14305428971004,0.8866113246557012,1127.8899470276122,-23.7976472811617,2.7681844126478796,5.747850355368158,water_00,water,9,0,0.0,2024-05-29T13:01:50,,,,,,,,,,,,,,,,,
sym,44906180.54464324,3217.5229411362757,143.29978199493465,,,False,0.0,0.2657566236885687,41.956909114424114,57.14305428971004,0.8866113246557012,1127.8899470276122,-23.7976472811617,2.7681844126478796,5.747850355368158,water_00,water,9,0,0.0,2024-05-29T13:01:50,,,0.09751050498417728,True,12192.0,,,,,,,,,,,,
sym_lin,44906751.17558992,2210.8349134021014,98.46336488504878,,,False,0.0,0.2657566236885687,41.956909114424114,57.14305428971004,0.8866113246557012,1127.8899470276122,-23.7976472811617,2.7681844126478796,5.747850355368158,water_00,water,9,0,0.0,2024-05-29T13:01:50,,,0.038188873375227896,True,12192.0,,,,,,,,,,,,
psl,44907513.05959984,2125.7128396942308,94.6706996164785,,,False,0.0,0.2657566236885687,41.956909114424114,57.14305428971004,0.8866113246557012,1127.8899470276122,-23.7976472811617,2.7681844126478796,5.747850355368158,water_00,water,9,0,0.0,2024-05-29T13:01:50,,,0.006074528370484691,True,12192.0,-31.745606539224912,True,ok,0.0003518512705921216,0.0005621179216891508,-604.4344855990992,-530.0595998391509,1.077823476019296,0.9943298643499497,,,
circle,44907540.9417829,2161.7428813572756,96.27527297296056,,,False,0.0,0.2657566236885687,41.956909114424114,57.14305428971004,0.8866113246557012,1127.8899470276122,-23.7976472811617,2.7681844126478796,5.747850355368158,water_00,water,9,0,0.0,2024-05-29T13:01:50,,,0.017558650395283763,,,,,,,,,,,,-30.919559248926326,2793.904442372563,3.329968822056288e-12
mag_argmax,4999344.0,916.6683720066212,366.715461871246,507.70141777116805,4999234.101342853,True,4.707511038113865,1.0569148786953173,-4.707511038113865,82.71143057889314,1.6837830306880104,593.9007471713206,-21.828880314708844,7.319144141014331,14.800498998384253,water_01,water,1,1,0.0,2024-05-29T13:11:44,,,,,,,,,,,,,,,,,
argmax_hh,4999377.0,813.7563470876776,325.5431015055186,,,True,4.707511038113865,1.0569148786953173,-4.707511038113865,82.71143057889314,1.6837830306880104,593.9007471713206,-21.828880314708844,7.319144141014331,14.800498998384253,water_01,water,1,1,0.0,2024-05-29T13:11:44,False,-0.015105771654064723,,,,,,,,,,,,,,,
midpoint,4999391.365918586,813.7563470876776,325.5421660465097,,,True,4.707511038113865,1.0569148786953173,-4.707511038113865,82.71143057889314,1.6837830306880104,593.9007471713206,-21.828880314708844,7.319144141014331,14.800498998384253,water_01,water,1,1,0.0,2024-05-29T13:11:44,,,,,,,,,,,,,,,,,
sym,4999393.073502835,833.8838147995224,333.59401932973435,,,True,4.707511038113865,1.0569148786953173,-4.707511038113865,82.71143057889314,1.6837830306880104,593.9007471713206,-21.828880314708844,7.319144141014331,14.800498998384253,water_01,water,1,1,0.0,2024-05-29T13:11:44,,,0.008780641814670627,True,4883.0,,,,,,,,,,,,
sym_lin,4999388.79093185,833.6452778801015,333.49887865981157,,,True,4.707511038113865,1.0569148786953173,-4.707511038113865,82.71143057889314,1.6837830306880104,593.9007471713206,-21.828880314708844,7.319144141014331,14.800498998384253,water_01,water,1,1,0.0,2024-05-29T13:11:44,,,0.00805647925683393,True,4883.0,,,,,,,,,,,,
psl,4999383.679652883,833.870808805629,333.5894431145266,,,True,4.707511038113865,1.0569148786953173,-4.707511038113865,82.71143057889314,1.6837830306880104,593.9007471713206,-21.828880314708844,7.319144141014331,14.800498998384253,water_01,water,1,1,0.0,2024-05-29T13:11:44,,,0.00837796391195304,True,4883.0,0.6747099977246138,True,ok,0.0018087709377460235,-9.839999210041626e-05,4.909850935226461,-6.6796528827399015,1.000034668220034,0.9758782037870328,,,
circle,4999375.787090815,849.445840348954,339.82076024065185,,,True,4.707511038113865,1.0569148786953173,-4.707511038113865,82.71143057889314,1.6837830306880104,593.9007471713206,-21.828880314708844,7.319144141014331,14.800498998384253,water_01,water,1,1,0.0,2024-05-29T13:11:44,,,0.015605969115971917,,,,,,,,,,,,0.797944995765132,578.5223055822659,4.307076814847014e-12
mag_argmax,14975751.0,1475.8191662803292,197.09451182519385,733.1870237383991,14975167.952711377,True,-0.1317967570409584,0.9980657946983987,0.1317967570409584,68.14000402741519,1.156583683035347,864.6153448884843,-24.54115117841059,5.11076962135397,10.236886899228523,water_01,water,3,1,0.0,2024-05-29T13:11:46,,,,,,,,,,,,,,,,,
argmax_hh,14976007.0,1172.8174901399761,156.62619417044556,,,True,-0.1317967570409584,0.9980657946983987,0.1317967570409584,68.14000402741519,1.156583683035347,864.6153448884843,-24.54115117841059,5.11076962135397,10.236886899228523,water_01,water,3,1,0.0,2024-05-29T13:11:46,False,0.14879115644554486,,,,,,,,,,,,,,,
midpoint,14975761.336832652,1172.8174901399761,156.62876347467554,,,True,-0.1317967570409584,0.9980657946983987,0.1317967570409584,68.14000402741519,1.156583683035347,864.6153448884843,-24.54115117841059,5.11076962135397,10.236886899228523,water_01,water,3,1,0.0,2024-05-29T13:11:46,,,,,,,,,,,,,,,,,
sym,14975764.468456864,1369.781466892573,182.93309430416255,,,True,-0.1317967570409584,0.9980657946983987,0.1317967570409584,68.14000402741519,1.156583683035347,864.6153448884843,-24.54115117841059,5.11076962135397,10.236886899228523,water_01,water,3,1,0.0,2024-05-29T13:11:46,,,0.06440006401057537,True,7037.0,,,,,,,,,,,,
sym_lin,14975912.50829006,1191.5079803431256,159.1232560531527,,,True,-0.1317967570409584,0.9980657946983987,0.1317967570409584,68.14000402741519,1.156583683035347,864.6153448884843,-24.54115117841059,5.11076962135397,10.236886899228523,water_01,water,3,1,0.0,2024-05-29T13:11:46,,,0.020354593861043088,True,7037.0,,,,,,,,,,,,
psl,14976162.683820723,1198.5782580707842,160.06480209588676,,,True,-0.1317967570409584,0.9980657946983987,0.1317967570409584,68.14000402741519,1.156583683035347,864.6153448884843,-24.54115117841059,5.11076962135397,10.236886899228523,water_01,water,3,1,0.0,2024-05-29T13:11:46,,,0.0073947684145118184,True,7037.0,-18.94407582114135,True,ok,0.0010396071642175407,0.00013906361871972683,-199.97193869942245,-155.68382072262466,1.0274589077563459,0.9785072290796663,,,
circle,14976200.724523704,1431.1760472943695,191.1267181336321,,,True,-0.1317967570409584,0.9980657946983987,0.1317967570409584,68.14000402741519,1.156583683035347,864.6153448884843,-24.54115117841059,5.11076962135397,10.236886899228523,water_01,water,3,1,0.0,2024-05-29T13:11:46,,,0.15146567809288705,,,,,,,,,,,,-14.008190615287429,998.0034718241664,2.7424409443138465e-12
mag_argmax,24952742.0,6170.595382850617,494.58254991380244,1451.1264542639256,24948137.214473188,False,0.0,0.7571741537863704,18.38109129533598,75.69660142011796,0.82097136210171,1218.0692849504173,-26.652114615327008,3.8068828837512663,7.644302261222462,water_01,water,5,1,0.0,2024-05-29T13:11:39,,,,,,,,,,,,,,,,,
argmax_hh,24953445.0,1571.8897015564144,125.98578685679787,,,False,0.0,0.7571741537863704,18.38109129533598,75.69660142011796,0.82097136210171,1218.0692849504173,-26.652114615327008,3.8068828837512663,7.644302261222462,water_01,water,5,1,0.0,2024-05-29T13:11:39,False,0.1648833638982705,,,,,,,,,,,,,,,
midpoint,24953276.265822988,1571.8897015564144,125.98663877330912,,,False,0.0,0.7571741537863704,18.38109129533598,75.69660142011796,0.82097136210171,1218.0692849504173,-26.652114615327008,3.8068828837512663,7.644302261222462,water_01,water,5,1,0.0,2024-05-29T13:11:39,,,,,,,,,,,,,,,,,
sym,24953263.299971774,1740.15028851144,139.47276294827606,,,False,0.0,0.7571741537863704,18.38109129533598,75.69660142011796,0.82097136210171,1218.0692849504173,-26.652114615327008,3.8068828837512663,7.644302261222462,water_01,water,5,1,0.0,2024-05-29T13:11:39,,,0.05069435587882015,True,9431.0,,,,,,,,,,,,
sym_lin,24953403.913757917,1636.429944995706,131.15885517273813,,,False,0.0,0.7571741537863704,18.38109129533598,75.69660142011796,0.82097136210171,1218.0692849504173,-26.652114615327008,3.8068828837512663,7.644302261222462,water_01,water,5,1,0.0,2024-05-29T13:11:39,,,0.014299885176284523,True,9431.0,,,,,,,,,,,,
psl,24953660.797060832,1640.098283752055,131.45151704115767,,,False,0.0,0.7571741537863704,18.38109129533598,75.69660142011796,0.82097136210171,1218.0692849504173,-26.652114615327008,3.8068828837512663,7.644302261222462,water_01,water,5,1,0.0,2024-05-29T13:11:39,,,0.002633777768627948,True,9431.0,-14.268542425753822,True,ok,0.0007328545130472686,9.798032610840727e-05,-205.28135184982116,-215.79706083238125,1.0155452138361183,0.9584118934387275,,,
circle,24953566.33254318,1528.9663517176616,122.54491653352659,,,False,0.0,0.7571741537863704,18.38109129533598,75.69660142011796,0.82097136210171,1218.0692849504173,-26.652114615327008,3.8068828837512663,7.644302261222462,water_01,water,5,1,0.0,2024-05-29T13:11:39,,,0.09393329347063034,,,,,,,,,,,,-14.800161529805665,1574.9827760856945,3.167580949719863e-12
mag_argmax,34928346.0,,,2071.233362585306,,False,0.0,0.43005362416273135,34.49586569081955,60.524756631962205,0.8500913108099103,1176.3442200665088,-24.986280471489714,3.29256472355058,6.666461494548972,water_01,water,7,1,0.0,2024-05-29T13:11:41,,,,,,,,,,,,,,,,,
argmax_hh,34929333.0,1807.4056243859231,103.48927214762006,,,False,0.0,0.43005362416273135,34.49586569081955,60.524756631962205,0.8500913108099103,1176.3442200665088,-24.986280471489714,3.29256472355058,6.666461494548972,water_01,water,7,1,0.0,2024-05-29T13:11:41,False,0.485208104220549,,,,,,,,,,,,,,,
midpoint,34928873.09227657,1807.4056243859231,103.49063478864849,,,False,0.0,0.43005362416273135,34.49586569081955,60.524756631962205,0.8500913108099103,1176.3442200665088,-24.986280471489714,3.29256472355058,6.666461494548972,water_01,water,7,1,0.0,2024-05-29T13:11:41,,,,,,,,,,,,,,,,,
sym,34928773.737119235,2504.38550892107,143.39956665925715,,,False,0.0,0.43005362416273135,34.49586569081955,60.524756631962205,0.8500913108099103,1176.3442200665088,-24.986280471489714,3.29256472355058,6.666461494548972,water_01,water,7,1,0.0,2024-05-29T13:11:41,,,0.08962146438853838,True,10845.0,,,,,,,,,,,,
sym_lin,34929171.6265212,1830.5782896504459,104.8165876490764,,,False,0.0,0.43005362416273135,34.49586569081955,60.524756631962205,0.8500913108099103,1176.3442200665088,-24.986280471489714,3.29256472355058,6.666461494548972,water_01,water,7,1,0.0,2024-05-29T13:11:41,,,0.03644949278075941,True,10845.0,,,,,,,,,,,,
psl,34929762.86068514,1800.794869903556,103.10948156653096,,,False,0.0,0.43005362416273135,34.49586569081955,60.524756631962205,0.8500913108099103,1176.3442200665088,-24.986280471489714,3.29256472355058,6.666461494548972,water_01,water,7,1,0.0,2024-05-29T13:11:41,,,0.006176673043855158,True,10845.0,-28.520496980716462,True,ok,0.0005012508841003308,0.00037975452868801545,-457.68653429859546,-429.8606851398945,1.0626347636973443,1.0036710202771297,,,
circle,34929857.034033984,1841.4195044537764,105.43527290475797,,,False,0.0,0.43005362416273135,34.49586569081955,60.524756631962205,0.8500913108099103,1176.3442200665088,-24.986280471489714,3.29256472355058,6.666461494548972,water_01,water,7,1,0.0,2024-05-29T13:11:41,,,0.04974971904857957,,,,,,,,,,,,-28.31223064452385,2053.274933541723,3.204203873505741e-12
mag_argmax,44905360.0,,,3875.178119316697,,False,0.0,0.2657658883430458,41.97047483570944,57.162251343776724,0.8863060599584947,1128.2784189096367,-23.754489746336947,2.8169681131484854,5.716425699822356,water_01,water,9,1,0.0,2024-05-29T13:11:43,,,,,,,,,,,,,,,,,
argmax_hh,44906913.0,2109.3600500002503,93.94366742600411,,,False,0.0,0.2657658883430458,41.97047483570944,57.162251343776724,0.8863060599584947,1128.2784189096367,-23.754489746336947,2.8169681131484854,5.716425699822356,water_01,water,9,1,0.0,2024-05-29T13:11:43,False,0.6677529630360624,,,,,,,,,,,,,,,
midpoint,44906361.9068719,2109.3600500002503,93.94482030740774,,,False,0.0,0.2657658883430458,41.97047483570944,57.162251343776724,0.8863060599584947,1128.2784189096367,-23.754489746336947,2.8169681131484854,5.716425699822356,water_01,water,9,1,0.0,2024-05-29T13:11:43,,,,,,,,,,,,,,,,,
sym,44906167.463284366,3199.3439481730593,142.4901802536976,,,False,0.0,0.2657658883430458,41.97047483570944,57.162251343776724,0.8863060599584947,1128.2784189096367,-23.754489746336947,2.8169681131484854,5.716425699822356,water_01,water,9,1,0.0,2024-05-29T13:11:43,,,0.09766491984085636,True,12271.0,,,,,,,,,,,,
sym_lin,44906735.47532101,2212.286051174341,98.52802826828182,,,False,0.0,0.2657658883430458,41.97047483570944,57.162251343776724,0.8863060599584947,1128.2784189096367,-23.754489746336947,2.8169681131484854,5.716425699822356,water_01,water,9,1,0.0,2024-05-29T13:11:43,,,0.03752198814731466,True,12271.0,,,,,,,,,,,,
psl,44907498.614326976,2134.3928333296553,95.05730219624006,,,False,0.0,0.2657658883430458,41.97047483570944,57.162251343776724,0.8863060599584947,1128.2784189096367,-23.754489746336947,2.8169681131484854,5.716425699822356,water_01,water,9,1,0.0,2024-05-29T13:11:43,,,0.0051570433108652615,True,12271.0,-31.685297897098092,True,ok,0.00035146234100295675,0.0005620011885168054,-605.6886383406987,-585.6143269762397,1.0775236419791485,0.9882717075608084,,,
circle,44907527.05637904,2163.6215657124694,96.35897175973,,,False,0.0,0.2657658883430458,41.97047483570944,57.162251343776724,0.8863060599584947,1128.2784189096367,-23.754489746336947,2.8169681131484854,5.716425699822356,water_01,water,9,1,0.0,2024-05-29T13:11:43,,,0.01818672386866752,,,,,,,,,,,,-30.87534553513647,2798.1221727040515,3.3319301719046704e-12
mag_argmax,4999340.0,916.7691704775207,366.7560799935674,506.920916617848,4999234.2495810315,True,4.758324251186652,1.0575214388168332,-4.758324251186652,82.72262219202635,1.6835358714707858,593.9879374986949,-21.829114247273807,7.3214605642434964,14.805183182630737,water_02,water,1,2,0.0,2024-05-29T13:14:40,,,,,,,,,,,,,,,,,
argmax_hh,4999375.0,813.4988842373714,325.4402337241641,,,True,4.758324251186652,1.0575214388168332,-4.758324251186652,82.72262219202635,1.6835358714707858,593.9879374986949,-21.829114247273807,7.3214605642434964,14.805183182630737,water_02,water,1,2,0.0,2024-05-29T13:14:40,False,-0.015281735901841582,,,,,,,,,,,,,,,
midpoint,4999391.4580101315,813.4988842373714,325.43916237403903,,,True,4.758324251186652,1.0575214388168332,-4.758324251186652,82.72262219202635,1.6835358714707858,593.9879374986949,-21.829114247273807,7.3214605642434964,14.805183182630737,water_02,water,1,2,0.0,2024-05-29T13:14:40,,,,,,,,,,,,,,,,,
sym,4999392.520663668,832.8361026900561,333.17492045193416,,,True,4.758324251186652,1.0575214388168332,-4.758324251186652,82.72262219202635,1.6835358714707858,593.9879374986949,-21.829114247273807,7.3214605642434964,14.805183182630737,water_02,water,1,2,0.0,2024-05-29T13:14:40,,,0.008710659753936414,True,4881.0,,,,,,,,,,,,
sym_lin,4999388.144826825,832.5586201345305,333.0642054652349,,,True,4.758324251186652,1.0575214388168332,-4.758324251186652,82.72262219202635,1.6835358714707858,593.9879374986949,-21.829114247273807,7.3214605642434964,14.805183182630737,water_02,water,1,2,0.0,2024-05-29T13:14:40,,,0.007943740491995184,True,4881.0,,,,,,,,,,,,
psl,4999382.720760215,832.8013003774727,333.1616509051083,,,True,4.758324251186652,1.0575214388168332,-4.758324251186652,82.72262219202635,1.6835358714707858,593.9879374986949,-21.829114247273807,7.3214605642434964,14.805183182630737,water_02,water,1,2,0.0,2024-05-29T13:14:40,,,0.0082666457552553,True,4881.0,0.7047548510755166,True,ok,0.0018083448447303312,-9.818730137126036e-05,5.121914401709365,-7.720760215073824,1.0000378245377888,0.9768223030735514,,,
circle,4999375.5635713795,848.4134201144166,339.4077557591371,,,True,4.758324251186652,1.0575214388168332,-4.758324251186652,82.72262219202635,1.6835358714707858,593.9879374986949,-21.829114247273807,7.3214605642434964,14.805183182630737,water_02,water,1,2,0.0,2024-05-29T13:14:40,,,0.015394103582869922,,,,,,,,,,,,0.7832919729846594,578.0689457081826,4.2944228460182145e-12
mag_argmax,14975748.0,1476.9030262082815,197.23929999466893,731.6423483304679,14975166.68403068,True,-0.1615630759049358,0.9976280694051259,0.1615630759049358,68.11458828268044,1.1564628111417856,864.7057132885159,-24.543806874703264,5.10808724884208,10.231514099032033,water_02,water,3,2,0.0,2024-05-29T13:14:42,,,,,,,,,,,,,,,,,
argmax_hh,14976006.0,1173.4333632141352,156.7084526026679,,,True,-0.1615630759049358,0.9976280694051259,0.1615630759049358,68.11458828268044,1.1564628111417856,864.7057132885159,-24.543806874703264,5.10808724884208,10.231514099032033,water_02,water,3,2,0.0,2024-05-29T13:14:42,False,0.14896360059970262,,,,,,,,,,,,,,,
midpoint,14975759.654397186,1173.4333632141352,156.71103039765885,,,True,-0.1615630759049358,0.9976280694051259,0.1615630759049358,68.11458828268044,1.1564628111417856,864.7057132885159,-24.543806874703264,5.10808724884208,10.231514099032033,water_02,water,3,2,0.0,2024-05-29T13:14:42,,,,,,,,,,,,,,,,,
sym,14975763.040240178,1371.5091230560408,183.1638387133621,,,True,-0.1615630759049358,0.9976280694051259,0.1615630759049358,68.11458828268044,1.1564628111417856,864.7057132885159,-24.543806874703264,5.10808724884208,10.231514099032033,water_02,water,3,2,0.0,2024-05-29T13:14:42,,,0.06442259939545544,True,7041.0,,,,,,,,,,,,
sym_lin,14975911.37074864,1192.7250284031172,159.28580222940963,,,True,-0.1615630759049358,0.9976280694051259,0.1615630759049358,68.11458828268044,1.1564628111417856,864.7057132885159,-24.543806874703264,5.10808724884208,10.231514099032033,water_02,water,3,2,0.0,2024-05-29T13:14:42,,,0.020344611636863023,True,7041.0,,,,,,,,,,,,
psl,14976161.889167909,1199.8714045799725,160.2375045702232,,,True,-0.1615630759049358,0.9976280694051259,0.1615630759049358,68.11458828268044,1.1564628111417856,864.7057132885159,-24.543806874703264,5.10808724884208,10.231514099032033,water_02,water,3,2,0.0,2024-05-29T13:14:42,,,0.00737248424466567,True,7041.0,-18.95416454963114,True,ok,0.0010395773393050817,0.00013892278575363084,-200.29626820442826,-155.8891679085791,1.0274883041270937,0.977965937628881,,,
circle,14976200.204135813,1432.4189504605627,191.29270855567052,,,True,-0.1615630759049358,0.9976280694051259,0.1615630759049358,68.11458828268044,1.1564628111417856,864.7057132885159,-24.543806874703264,5.10808724884208,10.231514099032033,water_02,water,3,2,0.0,2024-05-29T13:14:42,,,0.15122367952248472,,,,,,,,,,,,-14.030175330767536,997.8205965988451,2.739648688365049e-12
mag_argmax,24952739.0,6155.919180616736,493.40628943513866,1443.9481720142066,24948152.367923588,False,0.0,0.7568323515743706,18.39605813836398,75.65174996537522,0.8204446273085433,1218.8512993015574,-26.65614846383822,3.805983629518067,7.644410041102893,water_02,water,5,2,0.0,2024-05-29T13:14:44,,,,,,,,,,,,,,,,,
argmax_hh,24953444.0,1571.9983537495136,125.9945002981964,,,False,0.0,0.7568323515743706,18.39605813836398,75.65174996537522,0.8204446273085433,1218.8512993015574,-26.65614846383822,3.805983629518067,7.644410041102893,water_02,water,5,2,0.0,2024-05-29T13:14:44,False,0.1651820033483586,,,,,,,,,,,,,,,
midpoint,24953276.18090488,1571.9983537495136,125.99534765318406,,,False,0.0,0.7568323515743706,18.39605813836398,75.65174996537522,0.8204446273085433,1218.8512993015574,-26.65614846383822,3.805983629518067,7.644410041102893,water_02,water,5,2,0.0,2024-05-29T13:14:44,,,,,,,,,,,,,,,,,
sym,24953262.796094097,1741.1680983771894,139.55434306168027,,,False,0.0,0.7568323515743706,18.39605813836398,75.65174996537522,0.8204446273085433,1218.8512993015574,-26.65614846383822,3.805983629518067,7.644410041102893,water_02,water,5,2,0.0,2024-05-29T13:14:44,,,0.05070147994757526,True,9431.0,,,,,,,,,,,,
sym_lin,24953403.381767843,1637.507840239478,131.24525061266152,,,False,0.0,0.7568323515743706,18.39605813836398,75.65174996537522,0.8204446273085433,1218.8512993015574,-26.65614846383822,3.805983629518067,7.644410041102893,water_02,water,5,2,0.0,2024-05-29T13:14:44,,,0.014394551359006493,True,9431.0,,,,,,,,,,,,
psl,24953660.303969897,1640.7659539110641,131.50503244207692,,,False,0.0,0.7568323515743706,18.39605813836398,75.65174996537522,0.8204446273085433,1218.8512993015574,-26.65614846383822,3.805983629518067,7.644410041102893,water_02,water,5,2,0.0,2024-05-29T13:14:44,,,0.002565009648555308,True,9431.0,-14.26141531218647,True,ok,0.0007326545970983592,9.796674095616741e-05,-205.26127351180696,-216.3039698973298,1.0155296465581163,0.9580881112277895,,,
circle,24953565.9721472,1528.7492389805514,122.52751696386147,,,False,0.0,0.7568323515743706,18.39605813836398,75.65174996537522,0.8204446273085433,1218.8512993015574,-26.65614846383822,3.805983629518067,7.644410041102893,water_02,water,5,2,0.0,2024-05-29T13:14:44,,,0.09405804847594351,,,,,,,,,,,,-14.813493524383984,1576.0250653188423,3.167223130542656e-12
mag_argmax,34928349.0,,,2077.1044505387545,,False,0.0,0.42989402210827793,34.500287930007346,60.5155695044472,0.8496549238991594,1176.9483961922924,-24.988036509651575,3.288840214361121,6.667285560697772,water_02,water,7,2,0.0,2024-05-29T13:14:36,,,,,,,,,,,,,,,,,
argmax_hh,34929335.0,1807.9321622364223,103.51941496947607,,,False,0.0,0.42989402210827793,34.500287930007346,60.5155695044472,0.8496549238991594,1176.9483961922924,-24.988036509651575,3.288840214361121,6.667285560697772,water_02,water,7,2,0.0,2024-05-29T13:14:36,False,0.4852900465107177,,,,,,,,,,,,,,,
midpoint,34928873.94056393,1807.9321622364223,103.52078142071551,,,False,0.0,0.42989402210827793,34.500287930007346,60.5155695044472,0.8496549238991594,1176.9483961922924,-24.988036509651575,3.288840214361121,6.667285560697772,water_02,water,7,2,0.0,2024-05-29T13:14:36,,,,,,,,,,,,,,,,,
sym,34928774.84729255,2504.0274908995893,143.3790622114354,,,False,0.0,0.42989402210827793,34.500287930007346,60.5155695044472,0.8496549238991594,1176.9483961922924,-24.988036509651575,3.288840214361121,6.667285560697772,water_02,water,7,2,0.0,2024-05-29T13:14:36,,,0.08964033283611324,True,10847.0,,,,,,,,,,,,
sym_lin,34929172.609928094,1830.3228718958842,104.80195980225666,,,False,0.0,0.42989402210827793,34.500287930007346,60.5155695044472,0.8496549238991594,1176.9483961922924,-24.988036509651575,3.288840214361121,6.667285560697772,water_02,water,7,2,0.0,2024-05-29T13:14:36,,,0.036476641775361154,True,10847.0,,,,,,,,,,,,
psl,34929763.921607,1800.696192923836,103.10382841207544,,,False,0.0,0.42989402210827793,34.500287930007346,60.5155695044472,0.8496549238991594,1176.9483961922924,-24.988036509651575,3.288840214361121,6.667285560697772,water_02,water,7,2,0.0,2024-05-29T13:14:36,,,0.006161415085594848,True,10847.0,-28.520761639887866,True,ok,0.0005010578534727869,0.00037969449248059735,-457.6658822630618,-428.92160700261593,1.0626359398704996,1.0040184287283005,,,
circle,34929857.71206572,1841.685877141109,105.45052272027668,,,False,0.0,0.42989402210827793,34.500287930007346,60.5155695044472,0.8496549238991594,1176.9483961922924,-24.988036509651575,3.288840214361121,6.667285560697772,water_02,water,7,2,0.0,2024-05-29T13:14:36,,,0.049613604777141586,,,,,,,,,,,,-28.30418050074361,2053.912712232199,3.204091849738144e-12
mag_argmax,44905334.0,,,3852.7062360420823,,False,0.0,0.26565653815602097,41.969132740079026,57.1519117698578,0.8861395308888882,1128.490452284527,-23.78787879146683,2.7811681624211517,5.745663199115338,water_02,water,9,2,0.0,2024-05-29T13:14:38,,,,,,,,,,,,,,,,,
argmax_hh,44906960.0,2110.9834634698927,94.0158703002783,,,False,0.0,0.26565653815602097,41.969132740079026,57.1519117698578,0.8861395308888882,1128.490452284527,-23.78787879146683,2.7811681624211517,5.745663199115338,water_02,water,9,2,0.0,2024-05-29T13:14:38,False,0.6673825933419993,,,,,,,,,,,,,,,
midpoint,44906357.97869621,2110.9834634698927,94.01713069099718,,,False,0.0,0.26565653815602097,41.969132740079026,57.1519117698578,0.8861395308888882,1128.490452284527,-23.78787879146683,2.7811681624211517,5.745663199115338,water_02,water,9,2,0.0,2024-05-29T13:14:38,,,,,,,,,,,,,,,,,
sym,44906170.05205406,3214.324156269444,143.15735020570594,,,False,0.0,0.26565653815602097,41.969132740079026,57.1519117698578,0.8861395308888882,1128.490452284527,-23.78787879146683,2.7811681624211517,5.745663199115338,water_02,water,9,2,0.0,2024-05-29T13:14:38,,,0.09747931166105807,True,12204.0,,,,,,,,,,,,
sym_lin,44906739.546168044,2213.4594556177326,98.58027895087343,,,False,0.0,0.26565653815602097,41.969132740079026,57.1519117698578,0.8861395308888882,1128.490452284527,-23.78787879146683,2.7811681624211517,5.745663199115338,water_02,water,9,2,0.0,2024-05-29T13:14:38,,,0.03811060042431271,True,12204.0,,,,,,,,,,,,
psl,44907501.88961336,2128.2687267400875,94.78455212100471,,,False,0.0,0.26565653815602097,41.969132740079026,57.1519117698578,0.8861395308888882,1128.490452284527,-23.78787879146683,2.7811681624211517,5.745663199115338,water_02,water,9,2,0.0,2024-05-29T13:14:38,,,0.006121070249867674,True,12204.0,-31.721644405266613,True,ok,0.0003515123871268548,0.0005620860195251291,-604.6802437312326,-541.8896133601665,1.0777042718206746,0.9918782515323283,,,
circle,44907530.69540128,2163.4968121795273,96.35340793302974,,,False,0.0,0.26565653815602097,41.969132740079026,57.1519117698578,0.8861395308888882,1128.490452284527,-23.78787879146683,2.7811681624211517,5.745663199115338,water_02,water,9,2,0.0,2024-05-29T13:14:38,,,0.017662627879765906,,,,,,,,,,,,-30.920466227867756,2798.271080972226,3.3318099618471486e-12
