estimator,fres,gamma,D_ppm,w03,w3_mid,fold,delta,depth,r_min,baseline_deg,Gmax_mS,Rm_ohm,ratio_dB_peak,window_right_gamma,window_left_gamma,set,phase,n,replica,mtime,one_sided,baseline_frac,rms_rel,converged,n_fit,phi_deg,gate_ok,gate_reason,gmax,g_off,bias_pred,bias_meas,hh_factor_pred,hh_factor_meas,theta_deg,R1,C0
mag_argmax,5004601.0,128.4379445859231,51.32794585859017,69.95469554886222,5004594.349868683,True,4.229156099567533,1.0490309244934832,-4.229156099567533,86.25487166022398,28.015172559573692,35.694943440863,-4.5182751731235795,92.00267051601129,183.95934736237618,air_0,air,1,0,2026-09-11T12:25:49,,,,,,,,,,,,,,,,,
argmax_hh,5004600.0,65.22636752109975,26.0665657679334,,,True,4.229156099567533,1.0490309244934832,-4.229156099567533,86.25487166022398,28.015172559573692,35.694943440863,-4.5182751731235795,92.00267051601129,183.95934736237618,air_0,air,1,0,2026-09-11T12:25:49,False,-0.0004062067818003573,,,,,,,,,,,,,,,
midpoint,5004588.476300105,65.22636752109975,26.066625789508123,,,True,4.229156099567533,1.0490309244934832,-4.229156099567533,86.25487166022398,28.015172559573692,35.694943440863,-4.5182751731235795,92.00267051601129,183.95934736237618,air_0,air,1,0,2026-09-11T12:25:49,,,,,,,,,,,,,,,,,
sym,5004589.300787426,67.8802424016977,27.12719798646309,,,True,4.229156099567533,1.0490309244934832,-4.229156099567533,86.25487166022398,28.015172559573692,35.694943440863,-4.5182751731235795,92.00267051601129,183.95934736237618,air_0,air,1,0,2026-09-11T12:25:49,,,0.03943518041923945,True,391.0,,,,,,,,,,,,
sym_lin,5004591.824526579,66.00921116728475,26.379458498008095,,,True,4.229156099567533,1.0490309244934832,-4.229156099567533,86.25487166022398,28.015172559573692,35.694943440863,-4.5182751731235795,92.00267051601129,183.95934736237618,air_0,air,1,0,2026-09-11T12:25:49,,,0.030767123238313047,True,391.0,,,,,,,,,,,,
psl,5004598.269913371,65.52094877831232,26.184299016450918,,,True,4.229156099567533,1.0490309244934832,-4.229156099567533,86.25487166022398,28.015172559573692,35.694943440863,-4.5182751731235795,92.00267051601129,183.95934736237618,air_0,air,1,0,2026-09-11T12:25:49,,,0.025294499720583362,True,391.0,-7.943139836916645,True,ok,0.03087983583051895,-0.0014264683909747816,-4.54900182310374,1.7300866292789578,1.004808713700028,0.9955040141709597,,,
circle,5004604.81344065,64.85002942746468,25.916143969369877,,,True,4.229156099567533,1.0490309244934832,-4.229156099567533,86.25487166022398,28.015172559573692,35.694943440863,-4.5182751731235795,92.00267051601129,183.95934736237618,air_0,air,1,0,2026-09-11T12:25:49,,,0.03610187841866111,,,,,,,,,,,,-15.899570017705713,37.899145022107575,-4.3805997450266375e-11
mag_argmax,14988759.0,134.7542256200686,17.980704822870074,71.82895946130157,14988742.916685648,True,4.852009731156803,1.0610411805343265,-4.852009731156803,79.48748187182039,19.115128541796675,52.314584116629106,-5.999309845709044,76.89202197928397,153.74560435417902,air_0,air,3,0,2026-09-11T12:25:51,,,,,,,,,,,,,,,,,
argmax_hh,14988747.0,78.04450768139213,10.413746750331049,,,True,4.852009731156803,1.0610411805343265,-4.852009731156803,79.48748187182039,19.115128541796675,52.314584116629106,-5.999309845709044,76.89202197928397,153.74560435417902,air_0,air,3,0,2026-09-11T12:25:51,False,0.003141004452618694,,,,,,,,,,,,,,,
midpoint,14988728.132076915,78.04450768139213,10.413759859233352,,,True,4.852009731156803,1.0610411805343265,-4.852009731156803,79.48748187182039,19.115128541796675,52.314584116629106,-5.999309845709044,76.89202197928397,153.74560435417902,air_0,air,3,0,2026-09-11T12:25:51,,,,,,,,,,,,,,,,,
sym,14988729.216257047,83.71516518485429,11.170415313668526,,,True,4.852009731156803,1.0610411805343265,-4.852009731156803,79.48748187182039,19.115128541796675,52.314584116629106,-5.999309845709044,76.89202197928397,153.74560435417902,air_0,air,3,0,2026-09-11T12:25:51,,,0.05370705392620423,True,469.0,,,,,,,,,,,,
sym_lin,14988735.301174158,77.06221249640718,10.282683755229227,,,True,4.852009731156803,1.0610411805343265,-4.852009731156803,79.48748187182039,19.115128541796675,52.314584116629106,-5.999309845709044,76.89202197928397,153.74560435417902,air_0,air,3,0,2026-09-11T12:25:51,,,0.030245602822903384,True,469.0,,,,,,,,,,,,
psl,14988748.63846232,76.10465320370591,10.154904193725061,,,True,4.852009731156803,1.0610411805343265,-4.852009731156803,79.48748187182039,19.115128541796675,52.314584116629106,-5.999309845709044,76.89202197928397,153.74560435417902,air_0,air,3,0,2026-09-11T12:25:51,,,0.0156532056349839,True,469.0,-14.450519862999458,True,ok,0.020157911240320705,-0.0002979554650590858,-9.648343080231907,-1.638462319970131,1.0159453586615772,1.0254893018498343,,,
circle,14988753.039251542,76.18434756899917,10.165535100817621,,,True,4.852009731156803,1.0610411805343265,-4.852009731156803,79.48748187182039,19.115128541796675,52.314584116629106,-5.999309845709044,76.89202197928397,153.74560435417902,air_0,air,3,0,2026-09-11T12:25:51,,,0.027083452687697077,,,,,,,,,,,,-19.225926676849372,54.23490072157781,-1.8426468636657376e-11
mag_argmax,24973714.0,160.96996379084885,12.891151375470132,88.83912466466427,24973690.49882243,True,6.419321613790929,1.0949567824856477,-6.419321613790929,67.60256029906225,10.511558073780712,95.13337537413501,-8.991325463337963,55.08306422989166,110.11106375045654,air_0,air,5,0,2026-09-11T12:25:53,,,,,,,,,,,,,,,,,
argmax_hh,24973703.0,108.9627108424902,8.726195778214404,,,True,6.419321613790929,1.0949567824856477,-6.419321613790929,67.60256029906225,10.511558073780712,95.13337537413501,-8.991325463337963,55.08306422989166,110.11106375045654,air_0,air,5,0,2026-09-11T12:25:53,False,0.01915507433602864,,,,,,,,,,,,,,,
midpoint,24973675.206421975,108.9627108424902,8.726205489728677,,,True,6.419321613790929,1.0949567824856477,-6.419321613790929,67.60256029906225,10.511558073780712,95.13337537413501,-8.991325463337963,55.08306422989166,110.11106375045654,air_0,air,5,0,2026-09-11T12:25:53,,,,,,,,,,,,,,,,,
sym,24973675.475061517,121.22837057386207,9.708492504030461,,,True,6.419321613790929,1.0949567824856477,-6.419321613790929,67.60256029906225,10.511558073780712,95.13337537413501,-8.991325463337963,55.08306422989166,110.11106375045654,air_0,air,5,0,2026-09-11T12:25:53,,,0.07201908960366657,True,653.0,,,,,,,,,,,,
sym_lin,24973688.515043173,104.77374804112915,8.3907307467231,,,True,6.419321613790929,1.0949567824856477,-6.419321613790929,67.60256029906225,10.511558073780712,95.13337537413501,-8.991325463337963,55.08306422989166,110.11106375045654,air_0,air,5,0,2026-09-11T12:25:53,,,0.034916807104050554,True,653.0,,,,,,,,,,,,
psl,24973714.288354017,103.26712798212718,8.27006562097843,,,True,6.419321613790929,1.0949567824856477,-6.419321613790929,67.60256029906225,10.511558073780712,95.13337537413501,-8.991325463337963,55.08306422989166,110.11106375045654,air_0,air,5,0,2026-09-11T12:25:53,,,0.011963767472352527,True,653.0,-20.63285655350663,True,ok,0.011014055057346693,8.144715108715274e-05,-18.79740679764036,-11.288354016840458,1.032602375830417,1.0551538807329741,,,
circle,24973719.77109686,104.49243071359646,8.368191176272424,,,True,6.419321613790929,1.0949567824856477,-6.419321613790929,67.60256029906225,10.511558073780712,95.13337537413501,-8.991325463337963,55.08306422989166,110.11106375045654,air_0,air,5,0,2026-09-11T12:25:53,,,0.011264576436620545,,,,,,,,,,,,-23.286653873112375,95.1185971680864,-5.960455045842325e-12
mag_argmax,34957591.0,185.83879905939102,10.632242883063139,97.2405508980155,34957552.37865456,True,5.655621029963176,1.0900406392562583,-5.655621029963176,62.81187113595567,6.405743136016962,156.10991242802027,-12.008321293461488,38.54710632785175,77.0556783941295,air_0,air,7,0,2026-09-11T12:25:55,,,,,,,,,,,,,,,,,
argmax_hh,34957591.0,155.70559172332287,8.908256391198288,,,True,5.655621029963176,1.0900406392562583,-5.655621029963176,62.81187113595567,6.405743136016962,156.10991242802027,-12.008321293461488,38.54710632785175,77.0556783941295,air_0,air,7,0,2026-09-11T12:25:55,False,0.04641231012130423,,,,,,,,,,,,,,,
midpoint,34957555.52849779,155.70559172332287,8.908265430424041,,,True,5.655621029963176,1.0900406392562583,-5.655621029963176,62.81187113595567,6.405743136016962,156.10991242802027,-12.008321293461488,38.54710632785175,77.0556783941295,air_0,air,7,0,2026-09-11T12:25:55,,,,,,,,,,,,,,,,,
sym,34957555.91435421,173.33288949661335,9.916762483125412,,,True,5.655621029963176,1.0900406392562583,-5.655621029963176,62.81187113595567,6.405743136016962,156.10991242802027,-12.008321293461488,38.54710632785175,77.0556783941295,air_0,air,7,0,2026-09-11T12:25:55,,,0.07965742156147347,True,935.0,,,,,,,,,,,,
sym_lin,34957576.83579008,147.5673360329351,8.442652459929858,,,True,5.655621029963176,1.0900406392562583,-5.655621029963176,62.81187113595567,6.405743136016962,156.10991242802027,-12.008321293461488,38.54710632785175,77.0556783941295,air_0,air,7,0,2026-09-11T12:25:55,,,0.03661492571032967,True,935.0,,,,,,,,,,,,
psl,34957617.09475582,144.9420231105359,8.292442972737945,,,True,5.655621029963176,1.0900406392562583,-5.655621029963176,62.81187113595567,6.405743136016962,156.10991242802027,-12.008321293461488,38.54710632785175,77.0556783941295,air_0,air,7,0,2026-09-11T12:25:55,,,0.009969306844148589,True,935.0,-22.896505142120834,True,ok,0.006522089700872146,0.00027988775226306704,-29.352488036335654,-26.094755820930004,1.0402029413066984,1.074261200318547,,,
circle,34957627.45118057,144.24567074314234,8.252600720377032,,,True,5.655621029963176,1.0900406392562583,-5.655621029963176,62.81187113595567,6.405743136016962,156.10991242802027,-12.008321293461488,38.54710632785175,77.0556783941295,air_0,air,7,0,2026-09-11T12:25:55,,,0.03344272832805018,,,,,,,,,,,,-27.34054814076366,168.85909266399855,-1.015410976083663e-12
mag_argmax,44943135.0,231.30722921341658,10.293328634658733,123.11708791553974,44943068.22070667,True,-0.5807087989052828,0.9899639724793042,0.5807087989052828,57.862415951707966,4.905076872019198,203.87040327633952,-13.80041340014443,29.327299898126434,58.62528226886388,air_0,air,9,0,2026-09-11T12:25:47,,,,,,,,,,,,,,,,,
argmax_hh,44943136.0,204.6557310372591,9.10731868097763,,,True,-0.5807087989052828,0.9899639724793042,0.5807087989052828,57.862415951707966,4.905076872019198,203.87040327633952,-13.80041340014443,29.327299898126434,58.62528226886388,air_0,air,9,0,2026-09-11T12:25:47,False,0.12044471161142738,,,,,,,,,,,,,,,
midpoint,44943091.7651121,204.6557310372591,9.107327644785082,,,True,-0.5807087989052828,0.9899639724793042,0.5807087989052828,57.862415951707966,4.905076872019198,203.87040327633952,-13.80041340014443,29.327299898126434,58.62528226886388,air_0,air,9,0,2026-09-11T12:25:47,,,,,,,,,,,,,,,,,
sym,44943087.091850825,238.98263797020607,10.63490086837132,,,True,-0.5807087989052828,0.9899639724793042,0.5807087989052828,57.862415951707966,4.905076872019198,203.87040327633952,-13.80041340014443,29.327299898126434,58.62528226886388,air_0,air,9,0,2026-09-11T12:25:47,,,0.09165796001187629,True,1227.0,,,,,,,,,,,,
sym_lin,44943121.251987465,194.5195512170869,8.656254652472981,,,True,-0.5807087989052828,0.9899639724793042,0.5807087989052828,57.862415951707966,4.905076872019198,203.87040327633952,-13.80041340014443,29.327299898126434,58.62528226886388,air_0,air,9,0,2026-09-11T12:25:47,,,0.04125998098905862,True,1227.0,,,,,,,,,,,,
psl,44943183.39720401,189.89445462711151,8.450422968432857,,,True,-0.5807087989052828,0.9899639724793042,0.5807087989052828,57.862415951707966,4.905076872019198,203.87040327633952,-13.80041340014443,29.327299898126434,58.62528226886388,air_0,air,9,0,2026-09-11T12:25:47,,,0.012083285428838826,True,1227.0,-26.83205828184203,True,ok,0.004744107254684628,0.0005416413960153488,-45.29538432292677,-47.397204011678696,1.0553636428642201,1.077734109925083,,,
circle,44943195.39370518,192.36931482364452,8.560553522662435,,,True,-0.5807087989052828,0.9899639724793042,0.5807087989052828,57.862415951707966,4.905076872019198,203.87040327633952,-13.80041340014443,29.327299898126434,58.62528226886388,air_0,air,9,0,2026-09-11T12:25:47,,,0.07178797785152152,,,,,,,,,,,,-31.81485236184015,245.8088069685629,2.4101727047111623e-13
mag_argmax,5004599.0,128.45556882908568,51.33500958981356,71.16511207167059,5004590.557236409,True,4.137193491777924,1.0479627467863772,-4.137193491777924,86.25847702602789,28.010723147125855,35.70061346676117,-4.517941757251705,91.80735902022602,183.6606293718507,air_1,air,1,1,2026-09-11T12:46:32,,,,,,,,,,,,,,,,,
argmax_hh,5004598.0,65.34334571892396,26.11332447438294,,,True,4.137193491777924,1.0479627467863772,-4.137193491777924,86.25847702602789,28.010723147125855,35.70061346676117,-4.517941757251705,91.80735902022602,183.6606293718507,air_1,air,1,1,2026-09-11T12:46:32,False,-0.0003731672830758865,,,,,,,,,,,,,,,
midpoint,5004584.579923576,65.34334571892396,26.113394498738515,,,True,4.137193491777924,1.0479627467863772,-4.137193491777924,86.25847702602789,28.010723147125855,35.70061346676117,-4.517941757251705,91.80735902022602,183.6606293718507,air_1,air,1,1,2026-09-11T12:46:32,,,,,,,,,,,,,,,,,
sym,5004585.510387504,68.08141981992506,27.20761576702624,,,True,4.137193491777924,1.0479627467863772,-4.137193491777924,86.25847702602789,28.010723147125855,35.70061346676117,-4.517941757251705,91.80735902022602,183.6606293718507,air_1,air,1,1,2026-09-11T12:46:32,,,0.04020977592816348,True,393.0,,,,,,,,,,,,
sym_lin,5004588.020786504,66.01708082378823,26.382623524488718,,,True,4.137193491777924,1.0479627467863772,-4.137193491777924,86.25847702602789,28.010723147125855,35.70061346676117,-4.517941757251705,91.80735902022602,183.6606293718507,air_1,air,1,1,2026-09-11T12:46:32,,,0.032000874308756214,True,393.0,,,,,,,,,,,,
psl,5004594.592427663,65.49486657709149,26.17389495492413,,,True,4.137193491777924,1.0479627467863772,-4.137193491777924,86.25847702602789,28.010723147125855,35.70061346676117,-4.517941757251705,91.80735902022602,183.6606293718507,air_1,air,1,1,2026-09-11T12:46:32,,,0.026352187536667807,True,393.0,-8.024155300312845,True,ok,0.03088072515397673,-0.0014018875890215547,-4.593720905753379,3.407572337426245,1.0049073876735246,0.9976865231416392,,,
circle,5004601.3003396895,64.85725559805604,25.919049972533806,,,True,4.137193491777924,1.0479627467863772,-4.137193491777924,86.25847702602789,28.010723147125855,35.70061346676117,-4.517941757251705,91.80735902022602,183.6606293718507,air_1,air,1,1,2026-09-11T12:46:32,,,0.034217939006753316,,,,,,,,,,,,-16.2402901284567,37.822349925936805,-4.46827696455394e-11
mag_argmax,14988747.0,134.3684178274125,17.929239559172288,71.13984377868474,14988730.9064473,True,4.7934020879801365,1.0603036357567965,-4.7934020879801365,79.48777926610987,19.138707224518114,52.250133108203116,-5.991633851634959,76.91071386363544,153.82142772727087,air_1,air,3,1,2026-09-11T12:46:24,,,,,,,,,,,,,,,,,
argmax_hh,14988735.0,78.01253815740347,10.409489280770321,,,True,4.7934020879801365,1.0603036357567965,-4.7934020879801365,79.48777926610987,19.138707224518114,52.250133108203116,-5.991633851634959,76.91071386363544,153.82142772727087,air_1,air,3,1,2026-09-11T12:46:24,False,0.0031589011312618746,,,,,,,,,,,,,,,
midpoint,14988716.160244873,78.01253815740347,10.409502364761435,,,True,4.7934020879801365,1.0603036357567965,-4.7934020879801365,79.48777926610987,19.138707224518114,52.250133108203116,-5.991633851634959,76.91071386363544,153.82142772727087,air_1,air,3,1,2026-09-11T12:46:24,,,,,,,,,,,,,,,,,
sym,14988717.248802861,83.6454709274848,11.161124669846648,,,True,4.7934020879801365,1.0603036357567965,-4.7934020879801365,79.48777926610987,19.138707224518114,52.250133108203116,-5.991633851634959,76.91071386363544,153.82142772727087,air_1,air,3,1,2026-09-11T12:46:24,,,0.05396996114688214,True,469.0,,,,,,,,,,,,
sym_lin,14988723.345295453,76.98467544075895,10.272345905286498,,,True,4.7934020879801365,1.0603036357567965,-4.7934020879801365,79.48777926610987,19.138707224518114,52.250133108203116,-5.991633851634959,76.91071386363544,153.82142772727087,air_1,air,3,1,2026-09-11T12:46:24,,,0.030540985675602744,True,469.0,,,,,,,,,,,,
psl,14988736.742316224,75.9905511277092,10.1396872110206,,,True,4.7934020879801365,1.0603036357567965,-4.7934020879801365,79.48777926610987,19.138707224518114,52.250133108203116,-5.991633851634959,76.91071386363544,153.82142772727087,air_1,air,3,1,2026-09-11T12:46:24,,,0.01588317225255391,True,469.0,-14.513024441432256,True,ok,0.02017655600003708,-0.0002879809755033149,-9.675996090968187,-1.742316223680973,1.0160839811939146,1.0266084006457084,,,
circle,14988740.973905312,76.16816698392648,10.163384251756924,,,True,4.7934020879801365,1.0603036357567965,-4.7934020879801365,79.48777926610987,19.138707224518114,52.250133108203116,-5.991633851634959,76.91071386363544,153.82142772727087,air_1,air,3,1,2026-09-11T12:46:24,,,0.02803728700022906,,,,,,,,,,,,-19.24953863953982,54.22439475722557,-1.8504540336252154e-11
mag_argmax,24973693.0,159.24247222021222,12.752817312218278,88.15065649524331,24973669.970217712,True,6.424531146268531,1.0951178339786019,-6.424531146268531,67.54286633265673,10.649067784169835,93.90493330191123,-8.91694148999056,55.83989912118067,111.67979824236134,air_1,air,5,1,2026-09-11T12:46:26,,,,,,,,,,,,,,,,,
argmax_hh,24973682.0,107.45005084946752,8.60506278965733,,,True,6.424531146268531,1.0951178339786019,-6.424531146268531,67.54286633265673,10.649067784169835,93.90493330191123,-8.91694148999056,55.83989912118067,111.67979824236134,air_1,air,5,1,2026-09-11T12:46:26,False,0.01890113472729127,,,,,,,,,,,,,,,
midpoint,24973654.712854084,107.45005084946752,8.605072191869647,,,True,6.424531146268531,1.0951178339786019,-6.424531146268531,67.54286633265673,10.649067784169835,93.90493330191123,-8.91694148999056,55.83989912118067,111.67979824236134,air_1,air,5,1,2026-09-11T12:46:26,,,,,,,,,,,,,,,,,
sym,24973654.890772097,119.64275048770193,9.581517083581595,,,True,6.424531146268531,1.0951178339786019,-6.424531146268531,67.54286633265673,10.649067784169835,93.90493330191123,-8.91694148999056,55.83989912118067,111.67979824236134,air_1,air,5,1,2026-09-11T12:46:26,,,0.07211338421122362,True,645.0,,,,,,,,,,,,
sym_lin,24973667.77050394,103.40950925050144,8.281483537042726,,,True,6.424531146268531,1.0951178339786019,-6.424531146268531,67.54286633265673,10.649067784169835,93.90493330191123,-8.91694148999056,55.83989912118067,111.67979824236134,air_1,air,5,1,2026-09-11T12:46:26,,,0.035049912041692693,True,645.0,,,,,,,,,,,,
psl,24973693.25804507,101.87827448753485,8.158847266590463,,,True,6.424531146268531,1.0951178339786019,-6.424531146268531,67.54286633265673,10.649067784169835,93.90493330191123,-8.91694148999056,55.83989912118067,111.67979824236134,air_1,air,5,1,2026-09-11T12:46:26,,,0.012006970758456281,True,645.0,-20.662450101226405,True,ok,0.011154863956880732,8.361259380333013e-05,-18.57178129631627,-11.258045069873333,1.0326965111327133,1.0546905254330194,,,
circle,24973698.464098692,103.09668374526902,8.256420961715156,,,True,6.424531146268531,1.0951178339786019,-6.424531146268531,67.54286633265673,10.649067784169835,93.90493330191123,-8.91694148999056,55.83989912118067,111.67979824236134,air_1,air,5,1,2026-09-11T12:46:26,,,0.010650292621839372,,,,,,,,,,,,-23.268403496624284,93.88860368072119,-6.120695687876208e-12
mag_argmax,34957554.0,190.7733024097979,10.91456813081361,101.17930104583502,34957516.00394812,True,5.552882453613628,1.0884065343950233,-5.552882453613628,62.81076949359782,6.236982967834107,160.33393151100205,-12.18261759666824,37.423565861472234,74.7723344560661,air_1,air,7,1,2026-09-11T12:46:28,,,,,,,,,,,,,,,,,
argmax_hh,34957554.0,160.43366958200932,9.178769749279901,,,True,5.552882453613628,1.0884065343950233,-5.552882453613628,62.81076949359782,6.236982967834107,160.33393151100205,-12.18261759666824,37.423565861472234,74.7723344560661,air_1,air,7,1,2026-09-11T12:46:28,False,0.04793632628794511,,,,,,,,,,,,,,,
midpoint,34957521.00775191,160.43366958200932,9.178778412029432,,,True,5.552882453613628,1.0884065343950233,-5.552882453613628,62.81076949359782,6.236982967834107,160.33393151100205,-12.18261759666824,37.423565861472234,74.7723344560661,air_1,air,7,1,2026-09-11T12:46:28,,,,,,,,,,,,,,,,,
sym,34957521.60213088,176.79171917375558,10.11465979687639,,,True,5.552882453613628,1.0884065343950233,-5.552882453613628,62.81076949359782,6.236982967834107,160.33393151100205,-12.18261759666824,37.423565861472234,74.7723344560661,air_1,air,7,1,2026-09-11T12:46:28,,,0.08003387765073115,True,963.0,,,,,,,,,,,,
sym_lin,34957542.88883133,151.9897742328508,8.695678338503042,,,True,5.552882453613628,1.0884065343950233,-5.552882453613628,62.81076949359782,6.236982967834107,160.33393151100205,-12.18261759666824,37.423565861472234,74.7723344560661,air_1,air,7,1,2026-09-11T12:46:28,,,0.03635562826450083,True,963.0,,,,,,,,,,,,
psl,34957584.168453544,149.11513937579272,8.531203910272342,,,True,5.552882453613628,1.0884065343950233,-5.552882453613628,62.81076949359782,6.236982967834107,160.33393151100205,-12.18261759666824,37.423565861472234,74.7723344560661,air_1,air,7,1,2026-09-11T12:46:28,,,0.009925345633685467,True,963.0,-22.831514792793218,True,ok,0.006345241211956305,0.0002792980394128532,-30.10956530147417,-30.16845354437828,1.0399733905435216,1.0759046348586523,,,
circle,34957594.91007628,148.03875879890083,8.469619216065102,,,True,5.552882453613628,1.0884065343950233,-5.552882453613628,62.81076949359782,6.236982967834107,160.33393151100205,-12.18261759666824,37.423565861472234,74.7723344560661,air_1,air,7,1,2026-09-11T12:46:28,,,0.03367274558607348,,,,,,,,,,,,-27.293793908507723,173.70008798264288,-8.782381724625081e-13
mag_argmax,44943100.0,229.13001092523336,10.196448884266255,122.00021985918283,44943032.258369416,True,-0.636645533099367,0.988984355565164,0.636645533099367,57.794669832119084,4.942566719383942,202.3240265180767,-13.747873518869195,29.535521035268662,59.08581229275866,air_1,air,9,1,2026-09-11T12:46:30,,,,,,,,,,,,,,,,,
argmax_hh,44943100.0,203.1113652214408,9.038600595928665,,,True,-0.636645533099367,0.988984355565164,0.636645533099367,57.794669832119084,4.942566719383942,202.3240265180767,-13.747873518869195,29.535521035268662,59.08581229275866,air_1,air,9,1,2026-09-11T12:46:30,False,0.11972928705164437,,,,,,,,,,,,,,,
midpoint,44943054.81913545,203.1113652214408,9.03860968235572,,,True,-0.636645533099367,0.988984355565164,0.636645533099367,57.794669832119084,4.942566719383942,202.3240265180767,-13.747873518869195,29.535521035268662,59.08581229275866,air_1,air,9,1,2026-09-11T12:46:30,,,,,,,,,,,,,,,,,
sym,44943050.42469926,237.06362374430452,10.549511949194349,,,True,-0.636645533099367,0.988984355565164,0.636645533099367,57.794669832119084,4.942566719383942,202.3240265180767,-13.747873518869195,29.535521035268662,59.08581229275866,air_1,air,9,1,2026-09-11T12:46:30,,,0.09167148727026729,True,1219.0,,,,,,,,,,,,
sym_lin,44943084.22610118,192.71656982697286,8.57602779806779,,,True,-0.636645533099367,0.988984355565164,0.636645533099367,57.794669832119084,4.942566719383942,202.3240265180767,-13.747873518869195,29.535521035268662,59.08581229275866,air_1,air,9,1,2026-09-11T12:46:30,,,0.0417776162685794,True,1219.0,,,,,,,,,,,,
psl,44943145.96781143,188.0143162998508,8.366762595324674,,,True,-0.636645533099367,0.988984355565164,0.636645533099367,57.794669832119084,4.942566719383942,202.3240265180767,-13.747873518869195,29.535521035268662,59.08581229275866,air_1,air,9,1,2026-09-11T12:46:30,,,0.012387171704712175,True,1219.0,-26.84062493593153,True,ok,0.004781749044635854,0.0005471046170029044,-44.861771893113115,-45.967811428010464,1.0553993646199316,1.080297337025723,,,
circle,44943157.86850708,190.71348752722062,8.486875269655178,,,True,-0.636645533099367,0.988984355565164,0.636645533099367,57.794669832119084,4.942566719383942,202.3240265180767,-13.747873518869195,29.535521035268662,59.08581229275866,air_1,air,9,1,2026-09-11T12:46:30,,,0.07109614638131677,,,,,,,,,,,,-31.879183791368863,243.80492548829892,2.131086456319285e-13
mag_argmax,5004598.0,128.59461752464995,51.39058822492834,71.41699863784015,5004590.158284534,True,4.002483224856324,1.0463946982466035,-4.002483224856324,86.27027173626121,28.008592796007427,35.70332887779168,-4.519158519524269,91.51030561582176,183.02061123164353,air_2,air,1,2,2026-09-11T12:50:12,,,,,,,,,,,,,,,,,
argmax_hh,5004597.0,65.56638577068225,26.202463763089114,,,True,4.002483224856324,1.0463946982466035,-4.002483224856324,86.27027173626121,28.008592796007427,35.70332887779168,-4.519158519524269,91.51030561582176,183.02061123164353,air_2,air,1,2,2026-09-11T12:50:12,False,-0.00034516992941473293,,,,,,,,,,,,,,,
midpoint,5004584.090541542,65.56638577068225,26.20253135304491,,,True,4.002483224856324,1.0463946982466035,-4.002483224856324,86.27027173626121,28.008592796007427,35.70332887779168,-4.519158519524269,91.51030561582176,183.02061123164353,air_2,air,1,2,2026-09-11T12:50:12,,,,,,,,,,,,,,,,,
sym,5004585.045557899,68.31263707082654,27.300020460821727,,,True,4.002483224856324,1.0463946982466035,-4.002483224856324,86.27027173626121,28.008592796007427,35.70332887779168,-4.519158519524269,91.51030561582176,183.02061123164353,air_2,air,1,2,2026-09-11T12:50:12,,,0.0403617917180442,True,393.0,,,,,,,,,,,,
sym_lin,5004587.574191775,66.2928860447715,26.492846837824633,,,True,4.002483224856324,1.0463946982466035,-4.002483224856324,86.27027173626121,28.008592796007427,35.70332887779168,-4.519158519524269,91.51030561582176,183.02061123164353,air_2,air,1,2,2026-09-11T12:50:12,,,0.032114487390867724,True,393.0,,,,,,,,,,,,
psl,5004594.15418073,65.75710088647567,26.278694679585,,,True,4.002483224856324,1.0463946982466035,-4.002483224856324,86.27027173626121,28.008592796007427,35.70332887779168,-4.519158519524269,91.51030561582176,183.02061123164353,air_2,air,1,2,2026-09-11T12:50:12,,,0.026531663368179113,True,393.0,-8.020575052103869,True,ok,0.030906736672392753,-0.0014152879800576636,-4.610049075446113,2.8458192702382803,1.004903005840428,0.9970997031009217,,,
circle,5004601.0632450655,65.06383727652165,26.001607902122448,,,True,4.002483224856324,1.0463946982466035,-4.002483224856324,86.27027173626121,28.008592796007427,35.70332887779168,-4.519158519524269,91.51030561582176,183.02061123164353,air_2,air,1,2,2026-09-11T12:50:12,,,0.03449456324108288,,,,,,,,,,,,-16.46282354857274,37.86249786610492,-4.466909277356811e-11
mag_argmax,14988745.0,134.24120468925685,17.912267463254175,71.37012903951108,14988729.377660692,True,4.802462907806793,1.0604235919266194,-4.802462907806793,79.4799308462012,19.171683935464266,52.16025902399604,-5.988043307575064,77.06799686144934,154.09746614573083,air_2,air,3,2,2026-09-11T12:50:14,,,,,,,,,,,,,,,,,
argmax_hh,14988733.0,77.86630306206644,10.389978000417571,,,True,4.802462907806793,1.0604235919266194,-4.802462907806793,79.4799308462012,19.171683935464266,52.16025902399604,-5.988043307575064,77.06799686144934,154.09746614573083,air_2,air,3,2,2026-09-11T12:50:14,False,0.003145043140026447,,,,,,,,,,,,,,,
midpoint,14988714.53232805,77.86630306206644,10.389990801962686,,,True,4.802462907806793,1.0604235919266194,-4.802462907806793,79.4799308462012,19.171683935464266,52.16025902399604,-5.988043307575064,77.06799686144934,154.09746614573083,air_2,air,3,2,2026-09-11T12:50:14,,,,,,,,,,,,,,,,,
sym,14988715.641337719,83.46666255585285,11.137266801654205,,,True,4.802462907806793,1.0604235919266194,-4.802462907806793,79.4799308462012,19.171683935464266,52.16025902399604,-5.988043307575064,77.06799686144934,154.09746614573083,air_2,air,3,2,2026-09-11T12:50:14,,,0.05386844448805289,True,467.0,,,,,,,,,,,,
sym_lin,14988721.737455094,76.8679404404772,10.25677062886464,,,True,4.802462907806793,1.0604235919266194,-4.802462907806793,79.4799308462012,19.171683935464266,52.16025902399604,-5.988043307575064,77.06799686144934,154.09746614573083,air_2,air,3,2,2026-09-11T12:50:14,,,0.030234580908887337,True,467.0,,,,,,,,,,,,
psl,14988735.064637825,75.88434238847309,10.125516537750173,,,True,4.802462907806793,1.0604235919266194,-4.802462907806793,79.4799308462012,19.171683935464266,52.16025902399604,-5.988043307575064,77.06799686144934,154.09746614573083,air_2,air,3,2,2026-09-11T12:50:14,,,0.015617110293411585,True,467.0,-14.494723375630013,True,ok,0.020202315309441332,-0.00028730614365827617,-9.650156867290736,-2.0646378248929977,1.016043330484958,1.0261181768361007,,,
circle,14988739.4213436,75.99032821456345,10.13965565461163,,,True,4.802462907806793,1.0604235919266194,-4.802462907806793,79.4799308462012,19.171683935464266,52.16025902399604,-5.988043307575064,77.06799686144934,154.09746614573083,air_2,air,3,2,2026-09-11T12:50:14,,,0.027908968883468714,,,,,,,,,,,,-19.276347946968496,54.15034399531414,-1.8554806233953953e-11
mag_argmax,24973690.0,159.89390595071018,12.804988445897276,89.1819342598319,24973666.999086574,True,6.425986750402557,1.095128816915516,-6.425986750402557,67.55036968565983,10.637242325055919,94.00932774131786,-8.92347636373357,55.7971998837819,111.56650581661374,air_2,air,5,2,2026-09-11T12:50:16,,,,,,,,,,,,,,,,,
argmax_hh,24973679.0,107.55019987560809,8.613084189606832,,,True,6.425986750402557,1.095128816915516,-6.425986750402557,67.55036968565983,10.637242325055919,94.00932774131786,-8.92347636373357,55.7971998837819,111.56650581661374,air_2,air,5,2,2026-09-11T12:50:16,False,0.018903379956997268,,,,,,,,,,,,,,,
midpoint,24973651.62423773,107.55019987560809,8.613093631147411,,,True,6.425986750402557,1.095128816915516,-6.425986750402557,67.55036968565983,10.637242325055919,94.00932774131786,-8.92347636373357,55.7971998837819,111.56650581661374,air_2,air,5,2,2026-09-11T12:50:16,,,,,,,,,,,,,,,,,
sym,24973651.747768953,119.7721921760542,9.59188454982393,,,True,6.425986750402557,1.095128816915516,-6.425986750402557,67.55036968565983,10.637242325055919,94.00932774131786,-8.92347636373357,55.7971998837819,111.56650581661374,air_2,air,5,2,2026-09-11T12:50:16,,,0.07177408625752882,True,645.0,,,,,,,,,,,,
sym_lin,24973664.572493017,103.60219831970275,8.296915978747814,,,True,6.425986750402557,1.095128816915516,-6.425986750402557,67.55036968565983,10.637242325055919,94.00932774131786,-8.92347636373357,55.7971998837819,111.56650581661374,air_2,air,5,2,2026-09-11T12:50:16,,,0.03485125626695303,True,645.0,,,,,,,,,,,,
psl,24973689.948885392,102.13245591417929,8.179204284446367,,,True,6.425986750402557,1.095128816915516,-6.425986750402557,67.55036968565983,10.637242325055919,94.00932774131786,-8.92347636373357,55.7971998837819,111.56650581661374,air_2,air,5,2,2026-09-11T12:50:16,,,0.012041582413490345,True,645.0,-20.546590650038503,True,ok,0.01115470349370626,7.287527658541025e-05,-18.511442612790646,-10.948885392397642,1.032328757439447,1.053046251683023,,,
circle,24973695.387156636,103.21388944882915,8.26580831140509,,,True,6.425986750402557,1.095128816915516,-6.425986750402557,67.55036968565983,10.637242325055919,94.00932774131786,-8.92347636373357,55.7971998837819,111.56650581661374,air_2,air,5,2,2026-09-11T12:50:16,,,0.011131337610900523,,,,,,,,,,,,-23.207877440141875,93.86743184450182,-6.085142924672784e-12
mag_argmax,34957552.0,190.15157664194703,10.87899842883432,98.02989082038403,34957511.124931574,True,5.560572457631485,1.088523601211088,-5.560572457631485,62.814575791738115,6.249334940751644,160.0170273286271,-12.169661541300082,37.498051487751766,74.99610297550353,air_2,air,7,2,2026-09-11T12:50:18,,,,,,,,,,,,,,,,,
argmax_hh,34957552.0,160.00831408426166,9.154434731829143,,,True,5.560572457631485,1.088523601211088,-5.560572457631485,62.814575791738115,6.249334940751644,160.0170273286271,-12.169661541300082,37.498051487751766,74.99610297550353,air_2,air,7,2,2026-09-11T12:50:18,False,0.047789181136441955,,,,,,,,,,,,,,,
midpoint,34957515.84410617,160.00831408426166,9.15444420008689,,,True,5.560572457631485,1.088523601211088,-5.560572457631485,62.814575791738115,6.249334940751644,160.0170273286271,-12.169661541300082,37.498051487751766,74.99610297550353,air_2,air,7,2,2026-09-11T12:50:18,,,,,,,,,,,,,,,,,
sym,34957516.300489165,177.85740559881552,10.175631705066344,,,True,5.560572457631485,1.088523601211088,-5.560572457631485,62.814575791738115,6.249334940751644,160.0170273286271,-12.169661541300082,37.498051487751766,74.99610297550353,air_2,air,7,2,2026-09-11T12:50:18,,,0.07966725966171886,True,961.0,,,,,,,,,,,,
sym_lin,34957537.78681275,151.45356165388716,8.665001670170312,,,True,5.560572457631485,1.088523601211088,-5.560572457631485,62.814575791738115,6.249334940751644,160.0170273286271,-12.169661541300082,37.498051487751766,74.99610297550353,air_2,air,7,2,2026-09-11T12:50:18,,,0.036519554758272746,True,961.0,,,,,,,,,,,,
psl,34957579.11424126,148.76281694770418,8.511048002583232,,,True,5.560572457631485,1.088523601211088,-5.560572457631485,62.814575791738115,6.249334940751644,160.0170273286271,-12.169661541300082,37.498051487751766,74.99610297550353,air_2,air,7,2,2026-09-11T12:50:18,,,0.00965903753804629,True,961.0,-22.90434451794908,True,ok,0.006343303958385358,0.00028544178176359526,-30.13683895065172,-27.114241257309914,1.0402306759965818,1.075593467287667,,,
circle,34957589.64236724,148.1572173705446,8.47639776576494,,,True,5.560572457631485,1.088523601211088,-5.560572457631485,62.814575791738115,6.249334940751644,160.0170273286271,-12.169661541300082,37.498051487751766,74.99610297550353,air_2,air,7,2,2026-09-11T12:50:18,,,0.034307694479898294,,,,,,,,,,,,-27.302568944200384,173.68730358745174,-8.71914127558593e-13
mag_argmax,44943094.0,229.37828543782234,10.207498639849867,122.14928933978081,44943026.7133721,True,-0.6470866983145918,0.9888042433719043,0.6470866983145918,57.79749594509208,4.9412075090199385,202.37968111530384,-13.749743746124807,29.511122217228362,59.022244434456724,air_2,air,9,2,2026-09-11T12:50:19,,,,,,,,,,,,,,,,,
argmax_hh,44943094.0,203.31317649781704,9.047582549515484,,,True,-0.6470866983145918,0.9888042433719043,0.6470866983145918,57.79749594509208,4.9412075090199385,202.37968111530384,-13.749743746124807,29.511122217228362,59.022244434456724,air_2,air,9,2,2026-09-11T12:50:19,False,0.11979725524334764,,,,,,,,,,,,,,,
midpoint,44943049.35596696,203.31317649781704,9.047591536902411,,,True,-0.6470866983145918,0.9888042433719043,0.6470866983145918,57.79749594509208,4.9412075090199385,202.37968111530384,-13.749743746124807,29.511122217228362,59.022244434456724,air_2,air,9,2,2026-09-11T12:50:19,,,,,,,,,,,,,,,,,
sym,44943044.98891372,237.12678041374758,10.55232374540891,,,True,-0.6470866983145918,0.9888042433719043,0.6470866983145918,57.79749594509208,4.9412075090199385,202.37968111530384,-13.749743746124807,29.511122217228362,59.022244434456724,air_2,air,9,2,2026-09-11T12:50:19,,,0.0917385736265104,True,1219.0,,,,,,,,,,,,
sym_lin,44943078.81040338,192.97336405504524,8.587456363153118,,,True,-0.6470866983145918,0.9888042433719043,0.6470866983145918,57.79749594509208,4.9412075090199385,202.37968111530384,-13.749743746124807,29.511122217228362,59.022244434456724,air_2,air,9,2,2026-09-11T12:50:19,,,0.041816311629713165,True,1219.0,,,,,,,,,,,,
psl,44943140.59148852,188.14923445339923,8.37276754482225,,,True,-0.6470866983145918,0.9888042433719043,0.6470866983145918,57.79749594509208,4.9412075090199385,202.37968111530384,-13.749743746124807,29.511122217228362,59.022244434456724,air_2,air,9,2,2026-09-11T12:50:19,,,0.012457839409993296,True,1219.0,-26.840712190102188,True,ok,0.004780686741019268,0.0005470485433815861,-44.894115901385895,-46.591488517820835,1.0553997285188839,1.0805952896299114,,,
circle,44943152.540726334,190.79461346338732,8.490486433522621,,,True,-0.6470866983145918,0.9888042433719043,0.6470866983145918,57.79749594509208,4.9412075090199385,202.37968111530384,-13.749743746124807,29.511122217228362,59.022244434456724,air_2,air,9,2,2026-09-11T12:50:19,,,0.07104653915353022,,,,,,,,,,,,-31.904095247324218,243.89759862944203,2.1460807893974098e-13
mag_argmax,5003529.0,1211.579386212863,484.28994264362734,675.5716902781278,5003370.355501063,True,-3.534366778593445,0.9566495323044195,3.534366778593445,81.5300726029715,1.170782603090697,854.1295346891425,-24.76894318677094,4.668797707756672,9.337595415513343,ipa_0,ipa,1,0,2026-09-11T13:20:02,,,,,,,,,,,,,,,,,
argmax_hh,5003557.0,1285.1274301372468,513.6855361644714,,,True,-3.534366778593445,0.9566495323044195,3.534366778593445,81.5300726029715,1.170782603090697,854.1295346891425,-24.76894318677094,4.668797707756672,9.337595415513343,ipa_0,ipa,1,0,2026-09-11T13:20:02,False,0.03710793689649148,,,,,,,,,,,,,,,
midpoint,5003553.369045207,1285.1274301372468,513.6859089333461,,,True,-3.534366778593445,0.9566495323044195,3.534366778593445,81.5300726029715,1.170782603090697,854.1295346891425,-24.76894318677094,4.668797707756672,9.337595415513343,ipa_0,ipa,1,0,2026-09-11T13:20:02,,,,,,,,,,,,,,,,,
sym,5003549.647374734,1302.389109320889,520.5860643370362,,,True,-3.534366778593445,0.9566495323044195,3.534366778593445,81.5300726029715,1.170782603090697,854.1295346891425,-24.76894318677094,4.668797707756672,9.337595415513343,ipa_0,ipa,1,0,2026-09-11T13:20:02,,,0.019749561874966463,True,7711.0,,,,,,,,,,,,
sym_lin,5003583.968014189,1297.8307311081694,518.7604482725407,,,True,-3.534366778593445,0.9566495323044195,3.534366778593445,81.5300726029715,1.170782603090697,854.1295346891425,-24.76894318677094,4.668797707756672,9.337595415513343,ipa_0,ipa,1,0,2026-09-11T13:20:02,,,0.008878294620422765,True,7711.0,,,,,,,,,,,,
psl,5003657.86808409,1296.4125276448904,518.1859199103432,,,True,-3.534366778593445,0.9566495323044195,3.534366778593445,81.5300726029715,1.170782603090697,854.1295346891425,-24.76894318677094,4.668797707756672,9.337595415513343,ipa_0,ipa,1,0,2026-09-11T13:20:02,,,0.005134184804353467,True,7711.0,-4.9945081905803015,True,ok,0.001160212402970653,2.3962632098961442e-05,-56.54034437558046,-100.86808408983052,1.0019002818286862,0.9912951338659582,,,
circle,5003663.486733333,1393.322693584278,556.9210228779457,,,True,-3.534366778593445,0.9566495323044195,3.534366778593445,81.5300726029715,1.170782603090697,854.1295346891425,-24.76894318677094,4.668797707756672,9.337595415513343,ipa_0,ipa,1,0,2026-09-11T13:20:02,,,0.08138376809591677,,,,,,,,,,,,-3.68808293188135,962.2653637375478,2.6288617676686336e-12
mag_argmax,14986303.0,2775.4064666396007,370.39241321086337,1156.6665073223412,14985020.770270478,False,0.0,0.7755627862899651,16.73796043842204,74.5774738588891,0.7822866596705609,1278.3037875414152,-27.2539609401133,3.595303393966268,7.187012682573689,ipa_0,ipa,3,0,2026-09-11T13:20:04,,,,,,,,,,,,,,,,,
argmax_hh,14986827.0,1669.4001429956406,222.7823331777488,,,False,0.0,0.7755627862899651,16.73796043842204,74.5774738588891,0.7822866596705609,1278.3037875414152,-27.2539609401133,3.595303393966268,7.187012682573689,ipa_0,ipa,3,0,2026-09-11T13:20:04,False,0.14846359310369361,,,,,,,,,,,,,,,
midpoint,14986641.85435103,1669.4001429956406,222.78508544073446,,,False,0.0,0.7755627862899651,16.73796043842204,74.5774738588891,0.7822866596705609,1278.3037875414152,-27.2539609401133,3.595303393966268,7.187012682573689,ipa_0,ipa,3,0,2026-09-11T13:20:04,,,,,,,,,,,,,,,,,
sym,14986636.13779649,1831.7270564572927,244.44805887261833,,,False,0.0,0.7755627862899651,16.73796043842204,74.5774738588891,0.7822866596705609,1278.3037875414152,-27.2539609401133,3.595303393966268,7.187012682573689,ipa_0,ipa,3,0,2026-09-11T13:20:04,,,0.050927617781061134,True,10017.0,,,,,,,,,,,,
sym_lin,14986781.884360762,1721.5029014567126,229.73616547434537,,,False,0.0,0.7755627862899651,16.73796043842204,74.5774738588891,0.7822866596705609,1278.3037875414152,-27.2539609401133,3.595303393966268,7.187012682573689,ipa_0,ipa,3,0,2026-09-11T13:20:04,,,0.017199303309818875,True,10017.0,,,,,,,,,,,,
psl,14987057.39046152,1717.858366439406,229.24558459791223,,,False,0.0,0.7755627862899651,16.73796043842204,74.5774738588891,0.7822866596705609,1278.3037875414152,-27.2539609401133,3.595303393966268,7.187012682573689,ipa_0,ipa,3,0,2026-09-11T13:20:04,,,0.0016405068235083615,True,10017.0,-14.348159778246622,True,ok,0.0007104791328517396,8.197805922936239e-05,-216.22647808628838,-230.39046151936054,1.0157196512334974,0.9717914908525291,,,
circle,14987204.435275773,1501.4772389856112,200.36788654881428,,,False,0.0,0.7755627862899651,16.73796043842204,74.5774738588891,0.7822866596705609,1278.3037875414152,-27.2539609401133,3.595303393966268,7.187012682573689,ipa_0,ipa,3,0,2026-09-11T13:20:04,,,0.14846351455221188,,,,,,,,,,,,-26.65605397468422,1791.7602044457312,4.359113203113352e-12
mag_argmax,24970196.0,,,1892.008974865079,,False,0.0,0.4884849356197155,32.25978918802848,63.067134155886805,0.705766107867889,1416.900002496561,-26.863993369692004,2.9615056815946503,5.92005084434732,ipa_0,ipa,5,0,2026-09-11T13:20:06,,,,,,,,,,,,,,,,,
argmax_hh,24971116.0,2026.671782972291,162.32128215433312,,,False,0.0,0.4884849356197155,32.25978918802848,63.067134155886805,0.705766107867889,1416.900002496561,-26.863993369692004,2.9615056815946503,5.92005084434732,ipa_0,ipa,5,0,2026-09-11T13:20:06,False,0.41688138293398597,,,,,,,,,,,,,,,
midpoint,24970782.931018293,2026.671782972291,162.3234472520117,,,False,0.0,0.4884849356197155,32.25978918802848,63.067134155886805,0.705766107867889,1416.900002496561,-26.863993369692004,2.9615056815946503,5.92005084434732,ipa_0,ipa,5,0,2026-09-11T13:20:06,,,,,,,,,,,,,,,,,
sym,24970664.634649903,2672.3543221574832,214.03950285322074,,,False,0.0,0.4884849356197155,32.25978918802848,63.067134155886805,0.705766107867889,1416.900002496561,-26.863993369692004,2.9615056815946503,5.92005084434732,ipa_0,ipa,5,0,2026-09-11T13:20:06,,,0.08088552773683809,True,12083.0,,,,,,,,,,,,
sym_lin,24971045.267347805,2178.3130282479688,174.4671081988174,,,False,0.0,0.4884849356197155,32.25978918802848,63.067134155886805,0.705766107867889,1416.900002496561,-26.863993369692004,2.9615056815946503,5.92005084434732,ipa_0,ipa,5,0,2026-09-11T13:20:06,,,0.02432281163417635,True,12083.0,,,,,,,,,,,,
psl,24971627.630990073,2171.5533348871077,173.92164955977364,,,False,0.0,0.4884849356197155,32.25978918802848,63.067134155886805,0.705766107867889,1416.900002496561,-26.863993369692004,2.9615056815946503,5.92005084434732,ipa_0,ipa,5,0,2026-09-11T13:20:06,,,0.002386579302222314,True,12083.0,-24.64109764609435,True,ok,0.00048351404318184476,0.0002440066483931356,-474.2911010899557,-511.63099007308483,1.0466167952159733,0.933282066073524,,,
circle,24971739.166837756,2046.6823268470384,163.91988665050724,,,False,0.0,0.4884849356197155,32.25978918802848,63.067134155886805,0.705766107867889,1416.900002496561,-26.863993369692004,2.9615056815946503,5.92005084434732,ipa_0,ipa,5,0,2026-09-11T13:20:06,,,0.0930176798274863,,,,,,,,,,,,-27.904031260336286,2373.0506905345046,3.435457245600158e-12
mag_argmax,34953140.0,,,3715.0611832886934,,False,0.0,0.3317548078961374,40.156455016608895,60.092396460321325,0.7033161916573525,1421.835600917302,-26.078850036575478,2.5159894823431643,5.031978964686329,ipa_0,ipa,7,0,2026-09-11T13:19:59,,,,,,,,,,,,,,,,,
argmax_hh,34954649.0,2384.7476478368044,136.44809580761657,,,False,0.0,0.3317548078961374,40.156455016608895,60.092396460321325,0.7033161916573525,1421.835600917302,-26.078850036575478,2.5159894823431643,5.031978964686329,ipa_0,ipa,7,0,2026-09-11T13:19:59,False,0.5607105880165678,,,,,,,,,,,,,,,
midpoint,34954182.921818085,2384.7476478368044,136.4499152030395,,,False,0.0,0.3317548078961374,40.156455016608895,60.092396460321325,0.7033161916573525,1421.835600917302,-26.078850036575478,2.5159894823431643,5.031978964686329,ipa_0,ipa,7,0,2026-09-11T13:19:59,,,,,,,,,,,,,,,,,
sym,34954155.103837974,2837.3460144161722,162.3467084807111,,,False,0.0,0.3317548078961374,40.156455016608895,60.092396460321325,0.7033161916573525,1421.835600917302,-26.078850036575478,2.5159894823431643,5.031978964686329,ipa_0,ipa,7,0,2026-09-11T13:19:59,,,0.07263354079659712,True,13155.0,,,,,,,,,,,,
sym_lin,34954517.16066321,2687.0986396843327,153.74829109116203,,,False,0.0,0.3317548078961374,40.156455016608895,60.092396460321325,0.7033161916573525,1421.835600917302,-26.078850036575478,2.5159894823431643,5.031978964686329,ipa_0,ipa,7,0,2026-09-11T13:19:59,,,0.022916265335381176,True,13155.0,,,,,,,,,,,,
psl,34955092.794150814,2570.564526091261,147.0781119780866,,,False,0.0,0.3317548078961374,40.156455016608895,60.092396460321325,0.7033161916573525,1421.835600917302,-26.078850036575478,2.5159894823431643,5.031978964686329,ipa_0,ipa,7,0,2026-09-11T13:19:59,,,0.0048316524421285175,True,13155.0,-21.348855114193956,True,ok,0.00035750402011837525,0.0003565520018810521,-484.5250448228401,-443.794150814414,1.0349187242613462,0.9277135911709614,,,
circle,34955111.388914175,2329.641191409932,133.29330669212317,,,False,0.0,0.3317548078961374,40.156455016608895,60.092396460321325,0.7033161916573525,1421.835600917302,-26.078850036575478,2.5159894823431643,5.031978964686329,ipa_0,ipa,7,0,2026-09-11T13:19:59,,,0.0563984488420453,,,,,,,,,,,,-24.6033749663053,3179.4650049710713,3.182493054761247e-12
mag_argmax,44937950.0,,,6468.217389300466,,False,0.0,0.19200362929044293,45.04222238564377,55.74557512688962,0.8053971872144476,1241.6234075246862,-24.28677674389961,2.211524249754156,4.424154445957597,ipa_0,ipa,9,0,2026-09-11T13:20:00,,,,,,,,,,,,,,,,,
argmax_hh,44939783.0,2712.6087361089885,120.72193299682772,,,False,0.0,0.19200362929044293,45.04222238564377,55.74557512688962,0.8053971872144476,1241.6234075246862,-24.28677674389961,2.211524249754156,4.424154445957597,ipa_0,ipa,9,0,2026-09-11T13:20:00,False,0.7384031074246354,,,,,,,,,,,,,,,
midpoint,44939225.76058367,2712.6087361089885,120.72342993003792,,,False,0.0,0.19200362929044293,45.04222238564377,55.74557512688962,0.8053971872144476,1241.6234075246862,-24.28677674389961,2.211524249754156,4.424154445957597,ipa_0,ipa,9,0,2026-09-11T13:20:00,,,,,,,,,,,,,,,,,
sym,44939145.45338273,3151.702885877881,140.26536793616938,,,False,0.0,0.19200362929044293,45.04222238564377,55.74557512688962,0.8053971872144476,1241.6234075246862,-24.28677674389961,2.211524249754156,4.424154445957597,ipa_0,ipa,9,0,2026-09-11T13:20:00,,,0.08997550672764891,True,14137.0,,,,,,,,,,,,
sym_lin,44939673.37197248,3205.0354594430273,142.6372387228747,,,False,0.0,0.19200362929044293,45.04222238564377,55.74557512688962,0.8053971872144476,1241.6234075246862,-24.28677674389961,2.211524249754156,4.424154445957597,ipa_0,ipa,9,0,2026-09-11T13:20:00,,,0.026304550561983563,True,14137.0,,,,,,,,,,,,
psl,44940481.46047008,2919.9279846237687,129.94644871315654,,,False,0.0,0.19200362929044293,45.04222238564377,55.74557512688962,0.8053971872144476,1241.6234075246862,-24.28677674389961,2.211524249754156,4.424154445957597,ipa_0,ipa,9,0,2026-09-11T13:20:00,,,0.004347379115435729,True,14137.0,-27.2286612346066,True,ok,0.0002584630224915882,0.0005622919907343286,-707.1780367292467,-698.4604700803757,1.0570299036394206,0.9289985062623066,,,
circle,44940406.93695887,2685.361343528312,119.5076558739337,,,False,0.0,0.19200362929044293,45.04222238564377,55.74557512688962,0.8053971872144476,1241.6234075246862,-24.28677674389961,2.211524249754156,4.424154445957597,ipa_0,ipa,9,0,2026-09-11T13:20:00,,,0.04812345106749467,,,,,,,,,,,,-28.554747688815304,4378.654448968318,3.2789449844730358e-12
mag_argmax,5003527.0,1211.6165082431398,484.3049745681955,675.3927227258682,5003368.676947523,True,-3.5560686518287143,0.9563980938857424,3.5560686518287143,81.55764205606346,1.170515270075107,854.3246086279886,-24.770740695172886,4.667005932582279,9.33634575711284,ipa_1,ipa,1,1,2026-09-11T13:24:12,,,,,,,,,,,,,,,,,
argmax_hh,5003555.0,1285.406551150605,513.7973105724251,,,True,-3.5560686518287143,0.9563980938857424,3.5560686518287143,81.55764205606346,1.170515270075107,854.3246086279886,-24.770740695172886,4.667005932582279,9.33634575711284,ipa_1,ipa,1,1,2026-09-11T13:24:12,False,0.03716722783542953,,,,,,,,,,,,,,,
midpoint,5003551.797669151,1285.406551150605,513.7976394086287,,,True,-3.5560686518287143,0.9563980938857424,3.5560686518287143,81.55764205606346,1.170515270075107,854.3246086279886,-24.770740695172886,4.667005932582279,9.33634575711284,ipa_1,ipa,1,1,2026-09-11T13:24:12,,,,,,,,,,,,,,,,,
sym,5003547.949177579,1302.7275525045602,520.721522302464,,,True,-3.5560686518287143,0.9563980938857424,3.5560686518287143,81.55764205606346,1.170515270075107,854.3246086279886,-24.770740695172886,4.667005932582279,9.33634575711284,ipa_1,ipa,1,1,2026-09-11T13:24:12,,,0.0196590411142454,True,7713.0,,,,,,,,,,,,
sym_lin,5003582.136624534,1298.227483005912,518.9192252899477,,,True,-3.5560686518287143,0.9563980938857424,3.5560686518287143,81.55764205606346,1.170515270075107,854.3246086279886,-24.770740695172886,4.667005932582279,9.33634575711284,ipa_1,ipa,1,1,2026-09-11T13:24:12,,,0.008823867649994772,True,7713.0,,,,,,,,,,,,
psl,5003655.710969861,1296.7951330131582,518.3390736377422,,,True,-3.5560686518287143,0.9563980938857424,3.5560686518287143,81.55764205606346,1.170515270075107,854.3246086279886,-24.770740695172886,4.667005932582279,9.33634575711284,ipa_1,ipa,1,1,2026-09-11T13:24:12,,,0.005109495190775746,True,7713.0,-4.971916663524185,True,ok,0.0011597729167219966,2.410102137258566e-05,-56.30088591444349,-100.7109698606655,1.0018831243135706,0.9912179020628407,,,
circle,5003661.677518777,1394.345700384465,557.3301275140949,,,True,-3.5560686518287143,0.9563980938857424,3.5560686518287143,81.55764205606346,1.170515270075107,854.3246086279886,-24.770740695172886,4.667005932582279,9.33634575711284,ipa_1,ipa,1,1,2026-09-11T13:24:12,,,0.08122062084093766,,,,,,,,,,,,-3.6838525489095595,962.4162071237764,2.63187391821693e-12
mag_argmax,14986303.0,2774.8955428088084,370.3242277710264,1150.6435901597142,14985019.620764554,False,0.0,0.7751231042950055,16.77316297659428,74.58820046412511,0.7816938704766734,1279.2731755593843,-27.256717528391736,3.59109812569782,7.1839920997665505,ipa_1,ipa,3,1,2026-09-11T13:24:14,,,,,,,,,,,,,,,,,
argmax_hh,14986826.0,1670.5196544397622,222.93174744802698,,,False,0.0,0.7751231042950055,16.77316297659428,74.58820046412511,0.7816938704766734,1279.2731755593843,-27.256717528391736,3.59109812569782,7.1839920997665505,ipa_1,ipa,3,1,2026-09-11T13:24:14,False,0.14859932374074533,,,,,,,,,,,,,,,
midpoint,14986641.13036144,1670.5196544397622,222.9344974512609,,,False,0.0,0.7751231042950055,16.77316297659428,74.58820046412511,0.7816938704766734,1279.2731755593843,-27.256717528391736,3.59109812569782,7.1839920997665505,ipa_1,ipa,3,1,2026-09-11T13:24:14,,,,,,,,,,,,,,,,,
sym,14986635.121568974,1833.8088593571404,244.7258967048443,,,False,0.0,0.7751231042950055,16.77316297659428,74.58820046412511,0.7816938704766734,1279.2731755593843,-27.256717528391736,3.59109812569782,7.1839920997665505,ipa_1,ipa,3,1,2026-09-11T13:24:14,,,0.05094913161974885,True,10023.0,,,,,,,,,,,,
sym_lin,14986781.086924067,1723.512241043281,230.0043259518939,,,False,0.0,0.7751231042950055,16.77316297659428,74.58820046412511,0.7816938704766734,1279.2731755593843,-27.256717528391736,3.59109812569782,7.1839920997665505,ipa_1,ipa,3,1,2026-09-11T13:24:14,,,0.017198109800108927,True,10023.0,,,,,,,,,,,,
psl,14987056.914281573,1719.9632813321543,229.52648957957243,,,False,0.0,0.7751231042950055,16.77316297659428,74.58820046412511,0.7816938704766734,1279.2731755593843,-27.256717528391736,3.59109812569782,7.1839920997665505,ipa_1,ipa,3,1,2026-09-11T13:24:14,,,0.0016125893162429994,True,10023.0,-14.350779114732434,True,ok,0.0007102774104916363,8.172941023505176e-05,-216.53136123950694,-230.91428157314658,1.0157254067338055,0.9712530916043179,,,
circle,14987204.17009872,1502.7139822994307,200.5329299907085,,,False,0.0,0.7751231042950055,16.77316297659428,74.58820046412511,0.7816938704766734,1279.2731755593843,-27.256717528391736,3.59109812569782,7.1839920997665505,ipa_1,ipa,3,1,2026-09-11T13:24:14,,,0.14889542481947185,,,,,,,,,,,,-26.638051948071855,1793.2844431495744,4.360996739830878e-12
mag_argmax,24970194.0,,,1887.3915788941085,,False,0.0,0.48731359914414657,32.32727228023935,63.05467089876734,0.70534874190568,1417.7384045489955,-26.868533276975118,2.957873234213263,5.915746468426526,ipa_1,ipa,5,1,2026-09-11T13:24:16,,,,,,,,,,,,,,,,,
argmax_hh,24971116.0,2028.48449710384,162.46646702564996,,,False,0.0,0.48731359914414657,32.32727228023935,63.05467089876734,0.70534874190568,1417.7384045489955,-26.868533276975118,2.957873234213263,5.915746468426526,ipa_1,ipa,5,1,2026-09-11T13:24:16,False,0.41712723501497767,,,,,,,,,,,,,,,
midpoint,24970783.254304994,2028.48449710384,162.46863195643868,,,False,0.0,0.48731359914414657,32.32727228023935,63.05467089876734,0.70534874190568,1417.7384045489955,-26.868533276975118,2.957873234213263,5.915746468426526,ipa_1,ipa,5,1,2026-09-11T13:24:16,,,,,,,,,,,,,,,,,
sym,24970664.57194723,2673.94554563831,214.1669508181451,,,False,0.0,0.48731359914414657,32.32727228023935,63.05467089876734,0.70534874190568,1417.7384045489955,-26.868533276975118,2.957873234213263,5.915746468426526,ipa_1,ipa,5,1,2026-09-11T13:24:16,,,0.08076257627100984,True,12086.0,,,,,,,,,,,,
sym_lin,24971044.88910216,2182.888776759998,174.83359518629135,,,False,0.0,0.48731359914414657,32.32727228023935,63.05467089876734,0.70534874190568,1417.7384045489955,-26.868533276975118,2.957873234213263,5.915746468426526,ipa_1,ipa,5,1,2026-09-11T13:24:16,,,0.024144668556059005,True,12086.0,,,,,,,,,,,,
psl,24971626.5161515,2176.362573846475,174.30683359282315,,,False,0.0,0.48731359914414657,32.32727228023935,63.05467089876734,0.70534874190568,1417.7384045489955,-26.868533276975118,2.957873234213263,5.915746468426526,ipa_1,ipa,5,1,2026-09-11T13:24:16,,,0.002484958078439507,True,12086.0,-24.58620763279819,True,ok,0.00048324387055617013,0.00024364836685430744,-474.2493854547829,-510.5161514990032,1.0464075793396344,0.9320526466868629,,,
circle,24971738.970137123,2050.0206864817724,164.18725895968433,,,False,0.0,0.48731359914414657,32.32727228023935,63.05467089876734,0.70534874190568,1417.7384045489955,-26.868533276975118,2.957873234213263,5.915746468426526,ipa_1,ipa,5,1,2026-09-11T13:24:16,,,0.09348888076807382,,,,,,,,,,,,-27.88593684603092,2376.4242360730705,3.437147505895349e-12
mag_argmax,34953142.0,,,3718.4506672397256,,False,0.0,0.3310040391051173,40.180626013927245,60.06108909862417,0.703336298456099,1421.7949538437167,-26.077364954561126,2.5213998082153477,5.0377601764409246,ipa_1,ipa,7,1,2026-09-11T13:24:17,,,,,,,,,,,,,,,,,
argmax_hh,34954646.0,2381.2169654481113,136.24609246210713,,,False,0.0,0.3310040391051173,40.180626013927245,60.06108909862417,0.703336298456099,1421.7949538437167,-26.077364954561126,2.5213998082153477,5.0377601764409246,ipa_1,ipa,7,1,2026-09-11T13:24:17,False,0.5606723522212945,,,,,,,,,,,,,,,
midpoint,34954185.9810196,2381.2169654481113,136.24788554601906,,,False,0.0,0.3310040391051173,40.180626013927245,60.06108909862417,0.703336298456099,1421.7949538437167,-26.077364954561126,2.5213998082153477,5.0377601764409246,ipa_1,ipa,7,1,2026-09-11T13:24:17,,,,,,,,,,,,,,,,,
sym,34954156.7724173,2833.8452613277,162.14639533595718,,,False,0.0,0.3310040391051173,40.180626013927245,60.06108909862417,0.703336298456099,1421.7949538437167,-26.077364954561126,2.5213998082153477,5.0377601764409246,ipa_1,ipa,7,1,2026-09-11T13:24:17,,,0.07270563978347508,True,13148.0,,,,,,,,,,,,
sym_lin,34954518.17827396,2682.4189476225138,153.48052769268472,,,False,0.0,0.3310040391051173,40.180626013927245,60.06108909862417,0.703336298456099,1421.7949538437167,-26.077364954561126,2.5213998082153477,5.0377601764409246,ipa_1,ipa,7,1,2026-09-11T13:24:17,,,0.022864698932724102,True,13148.0,,,,,,,,,,,,
psl,34955092.77938746,2567.3262124011453,146.89282781220726,,,False,0.0,0.3310040391051173,40.180626013927245,60.06108909862417,0.703336298456099,1421.7949538437167,-26.077364954561126,2.5213998082153477,5.0377601764409246,ipa_1,ipa,7,1,2026-09-11T13:24:17,,,0.004798342719909576,True,13148.0,-21.336372391369732,True,ok,0.00035712282925584317,0.0003567148026044843,-483.62506105262855,-446.7793874591589,1.0348776471484316,0.9275085316178143,,,
circle,34955110.158267,2329.1405225934222,133.26466499734792,,,False,0.0,0.3310040391051173,40.180626013927245,60.06108909862417,0.703336298456099,1421.7949538437167,-26.077364954561126,2.5213998082153477,5.0377601764409246,ipa_1,ipa,7,1,2026-09-11T13:24:17,,,0.05662668112260527,,,,,,,,,,,,-24.558899433932037,3182.418510273769,3.182779431574987e-12
mag_argmax,44937956.0,,,6474.051684170961,,False,0.0,0.19199598173838303,45.03058993907438,55.7306509885379,0.8057500908604089,1241.079599422898,-24.285302459029282,2.2148280504588795,4.426335519132963,ipa_1,ipa,9,1,2026-09-11T13:24:19,,,,,,,,,,,,,,,,,
argmax_hh,44939784.0,2710.3684183321893,120.62222721551976,,,False,0.0,0.19199598173838303,45.03058993907438,55.7306509885379,0.8057500908604089,1241.079599422898,-24.285302459029282,2.2148280504588795,4.426335519132963,ipa_1,ipa,9,1,2026-09-11T13:24:19,False,0.738366549918627,,,,,,,,,,,,,,,
midpoint,44939234.24088821,2710.3684183321893,120.62370283408818,,,False,0.0,0.19199598173838303,45.03058993907438,55.7306509885379,0.8057500908604089,1241.079599422898,-24.285302459029282,2.2148280504588795,4.426335519132963,ipa_1,ipa,9,1,2026-09-11T13:24:19,,,,,,,,,,,,,,,,,
sym,44939153.40559422,3142.801177332196,139.8691759485156,,,False,0.0,0.19199598173838303,45.03058993907438,55.7306509885379,0.8057500908604089,1241.079599422898,-24.285302459029282,2.2148280504588795,4.426335519132963,ipa_1,ipa,9,1,2026-09-11T13:24:19,,,0.08986473346940395,True,14135.0,,,,,,,,,,,,
sym_lin,44939678.748583645,3199.9556091545574,142.41114748758233,,,False,0.0,0.19199598173838303,45.03058993907438,55.7306509885379,0.8057500908604089,1241.079599422898,-24.285302459029282,2.2148280504588795,4.426335519132963,ipa_1,ipa,9,1,2026-09-11T13:24:19,,,0.0261476942452034,True,14135.0,,,,,,,,,,,,
psl,44940484.80425299,2917.6810452869254,129.84644282301144,,,False,0.0,0.19199598173838303,45.03058993907438,55.7306509885379,0.8057500908604089,1241.079599422898,-24.285302459029282,2.2148280504588795,4.426335519132963,ipa_1,ipa,9,1,2026-09-11T13:24:19,,,0.004327289867983554,True,14135.0,-27.17648539883394,True,ok,0.00025853042324429316,0.000562551547380032,-705.2276028383342,-700.8042529895902,1.0568092372632636,0.9289460966648091,,,
circle,44940408.9901033,2685.8241284233745,119.52824590514263,,,False,0.0,0.19199598173838303,45.03058993907438,55.7306509885379,0.8057500908604089,1241.079599422898,-24.285302459029282,2.2148280504588795,4.426335519132963,ipa_1,ipa,9,1,2026-09-11T13:24:19,,,0.04820379320472091,,,,,,,,,,,,-28.483336615250234,4378.763982723749,3.2785409144084947e-12
mag_argmax,5003526.0,1211.7146997768432,484.34432029606444,674.9354587830603,5003368.225459809,True,-3.6901758453666167,0.9547257504528772,3.6901758453666167,81.50716759039291,1.169825138977908,854.8286121408825,-24.77523837139586,4.665205152141409,9.330410304282818,ipa_2,ipa,1,2,2026-09-11T13:30:02,,,,,,,,,,,,,,,,,
argmax_hh,5003553.0,1286.1170740253292,514.0815232796891,,,True,-3.6901758453666167,0.9547257504528772,3.6901758453666167,81.50716759039291,1.169825138977908,854.8286121408825,-24.77523837139586,4.665205152141409,9.330410304282818,ipa_2,ipa,1,2,2026-09-11T13:30:02,False,0.03831593323964657,,,,,,,,,,,,,,,
midpoint,5003549.473453032,1286.1170740253292,514.0818856090009,,,True,-3.6901758453666167,0.9547257504528772,3.6901758453666167,81.50716759039291,1.169825138977908,854.8286121408825,-24.77523837139586,4.665205152141409,9.330410304282818,ipa_2,ipa,1,2,2026-09-11T13:30:02,,,,,,,,,,,,,,,,,
sym,5003545.573745127,1303.4717406196241,521.0192338246187,,,True,-3.6901758453666167,0.9547257504528772,3.6901758453666167,81.50716759039291,1.169825138977908,854.8286121408825,-24.77523837139586,4.665205152141409,9.330410304282818,ipa_2,ipa,1,2,2026-09-11T13:30:02,,,0.019676014616920142,True,7717.0,,,,,,,,,,,,
sym_lin,5003579.441946819,1298.9340952023158,519.2019474350225,,,True,-3.6901758453666167,0.9547257504528772,3.6901758453666167,81.50716759039291,1.169825138977908,854.8286121408825,-24.77523837139586,4.665205152141409,9.330410304282818,ipa_2,ipa,1,2,2026-09-11T13:30:02,,,0.00913896486078794,True,7717.0,,,,,,,,,,,,
psl,5003653.016440681,1297.4417550445335,518.5978127505975,,,True,-3.6901758453666167,0.9547257504528772,3.6901758453666167,81.50716759039291,1.169825138977908,854.8286121408825,-24.77523837139586,4.665205152141409,9.330410304282818,ipa_2,ipa,1,2,2026-09-11T13:30:02,,,0.005302229083174127,True,7717.0,-4.953750445497511,True,ok,0.001158332592175818,2.503139466314686e-05,-56.12288934863285,-100.01644068118185,1.001869384166414,0.9912715303209773,,,
circle,5003659.36473006,1403.155471550074,560.8517164220559,,,True,-3.6901758453666167,0.9547257504528772,3.6901758453666167,81.50716759039291,1.169825138977908,854.8286121408825,-24.77523837139586,4.665205152141409,9.330410304282818,ipa_2,ipa,1,2,2026-09-11T13:30:02,,,0.08246220108076163,,,,,,,,,,,,-3.6086466364326832,962.2273903729925,2.5808756201302226e-12
mag_argmax,14986302.0,2798.4361360687762,373.4658671724053,1160.6045075394213,14984995.647005482,False,0.0,0.7710625264011356,17.091734962663296,74.65678158312689,0.780194205937894,1281.732153852477,-27.260004476155903,3.5942429180201536,7.174128008138762,ipa_2,ipa,3,2,2026-09-11T13:30:04,,,,,,,,,,,,,,,,,
argmax_hh,14986821.0,1671.5620332388207,223.0709278824136,,,False,0.0,0.7710625264011356,17.091734962663296,74.65678158312689,0.780194205937894,1281.732153852477,-27.260004476155903,3.5942429180201536,7.174128008138762,ipa_2,ipa,3,2,2026-09-11T13:30:04,False,0.14784886589428348,,,,,,,,,,,,,,,
midpoint,14986639.670238271,1671.5620332388207,223.07362691295623,,,False,0.0,0.7710625264011356,17.091734962663296,74.65678158312689,0.780194205937894,1281.732153852477,-27.260004476155903,3.5942429180201536,7.174128008138762,ipa_2,ipa,3,2,2026-09-11T13:30:04,,,,,,,,,,,,,,,,,
sym,14986637.472289337,1825.093476132711,243.5627711029047,,,False,0.0,0.7710625264011356,17.091734962663296,74.65678158312689,0.780194205937894,1281.732153852477,-27.260004476155903,3.5942429180201536,7.174128008138762,ipa_2,ipa,3,2,2026-09-11T13:30:04,,,0.049938300701470414,True,10029.0,,,,,,,,,,,,
sym_lin,14986779.738776457,1720.9082450612773,229.65684090340477,,,False,0.0,0.7710625264011356,17.091734962663296,74.65678158312689,0.780194205937894,1281.732153852477,-27.260004476155903,3.5942429180201536,7.174128008138762,ipa_2,ipa,3,2,2026-09-11T13:30:04,,,0.016488166802466796,True,10029.0,,,,,,,,,,,,
psl,14987048.956354778,1717.8596514358492,229.24588508899822,,,False,0.0,0.7710625264011356,17.091734962663296,74.65678158312689,0.780194205937894,1281.732153852477,-27.260004476155903,3.5942429180201536,7.174128008138762,ipa_2,ipa,3,2,2026-09-11T13:30:04,,,0.0014712452191000282,True,10029.0,-14.04050440623949,True,ok,0.0007067704107608796,8.327053226155027e-05,-211.54303183674705,-227.95635477826,1.015051023659841,0.9730492429004132,,,
circle,14987189.277413579,1499.104190172482,200.05141223267324,,,False,0.0,0.7710625264011356,17.091734962663296,74.65678158312689,0.780194205937894,1281.732153852477,-27.260004476155903,3.5942429180201536,7.174128008138762,ipa_2,ipa,3,2,2026-09-11T13:30:04,,,0.1509611765927552,,,,,,,,,,,,-26.202668276414816,1806.9802923377713,4.395706201749107e-12
mag_argmax,24970189.0,,,1962.8393039517105,,False,0.0,0.48805379227444196,32.36191919124527,63.21351482418581,0.703774435269833,1420.9098112758127,-26.890811905924718,2.965678920956004,5.9447234454616344,ipa_2,ipa,5,2,2026-09-11T13:29:56,,,,,,,,,,,,,,,,,
argmax_hh,24971134.0,2020.1107940804213,161.79567928956862,,,False,0.0,0.48805379227444196,32.36191919124527,63.21351482418581,0.703774435269833,1420.9098112758127,-26.890811905924718,2.965678920956004,5.9447234454616344,ipa_2,ipa,5,2,2026-09-11T13:29:56,False,0.4168619232540734,,,,,,,,,,,,,,,
midpoint,24970771.299121395,2020.1107940804213,161.7980293745672,,,False,0.0,0.48805379227444196,32.36191919124527,63.21351482418581,0.703774435269833,1420.9098112758127,-26.890811905924718,2.965678920956004,5.9447234454616344,ipa_2,ipa,5,2,2026-09-11T13:29:56,,,,,,,,,,,,,,,,,
sym,24970656.958949566,2684.843484658174,215.0398757286934,,,False,0.0,0.48805379227444196,32.36191919124527,63.21351482418581,0.703774435269833,1420.9098112758127,-26.890811905924718,2.965678920956004,5.9447234454616344,ipa_2,ipa,5,2,2026-09-11T13:29:56,,,0.0812798038251637,True,12052.0,,,,,,,,,,,,
sym_lin,24971042.10098332,2160.7098683221934,173.0572444341126,,,False,0.0,0.48805379227444196,32.36191919124527,63.21351482418581,0.703774435269833,1420.9098112758127,-26.890811905924718,2.965678920956004,5.9447234454616344,ipa_2,ipa,5,2,2026-09-11T13:29:56,,,0.025291056505986627,True,12052.0,,,,,,,,,,,,
psl,24971628.141270213,2152.5761680884725,172.4017477683759,,,False,0.0,0.48805379227444196,32.36191919124527,63.21351482418581,0.703774435269833,1420.9098112758127,-26.890811905924718,2.965678920956004,5.9447234454616344,ipa_2,ipa,5,2,2026-09-11T13:29:56,,,0.0017116082660384444,True,12052.0,-24.907366659475098,True,ok,0.00048137580132212647,0.00024475085790714865,-475.389354897027,-494.1412702128291,1.0476385515021212,0.9384619341364896,,,
circle,24971734.566569384,2030.1228913929983,162.59366252521372,,,False,0.0,0.48805379227444196,32.36191919124527,63.21351482418581,0.703774435269833,1420.9098112758127,-26.890811905924718,2.965678920956004,5.9447234454616344,ipa_2,ipa,5,2,2026-09-11T13:29:56,,,0.09318111200456604,,,,,,,,,,,,-28.192387757784562,2385.3620641167495,3.443456369795865e-12
mag_argmax,34953130.0,,,3720.1090631112456,,False,0.0,0.33017692975848206,40.30170463055689,60.167686693779174,0.7013293139919055,1425.8636849329553,-26.08178073375553,2.5188172580966435,5.032600237862648,ipa_2,ipa,7,2,2026-09-11T13:29:58,,,,,,,,,,,,,,,,,
argmax_hh,34954639.0,2383.6584336161613,136.3858132602177,,,False,0.0,0.33017692975848206,40.30170463055689,60.167686693779174,0.7013293139919055,1425.8636849329553,-26.08178073375553,2.5188172580966435,5.032600237862648,ipa_2,ipa,7,2,2026-09-11T13:29:58,False,0.5612092409551706,,,,,,,,,,,,,,,
midpoint,34954178.38111807,2383.6584336161613,136.38761052405638,,,False,0.0,0.33017692975848206,40.30170463055689,60.167686693779174,0.7013293139919055,1425.8636849329553,-26.08178073375553,2.5188172580966435,5.032600237862648,ipa_2,ipa,7,2,2026-09-11T13:29:58,,,,,,,,,,,,,,,,,
sym,34954145.43837267,2842.0302113295684,162.61477290814193,,,False,0.0,0.33017692975848206,40.30170463055689,60.167686693779174,0.7013293139919055,1425.8636849329553,-26.08178073375553,2.5188172580966435,5.032600237862648,ipa_2,ipa,7,2,2026-09-11T13:29:58,,,0.07321597641325332,True,13155.0,,,,,,,,,,,,
sym_lin,34954511.52589958,2687.7717192775444,153.78682761943546,,,False,0.0,0.33017692975848206,40.30170463055689,60.167686693779174,0.7013293139919055,1425.8636849329553,-26.08178073375553,2.5188172580966435,5.032600237862648,ipa_2,ipa,7,2,2026-09-11T13:29:58,,,0.022849647905710094,True,13155.0,,,,,,,,,,,,
psl,34955092.253338896,2571.4135207872373,147.12669056346815,,,False,0.0,0.33017692975848206,40.30170463055689,60.167686693779174,0.7013293139919055,1425.8636849329553,-26.08178073375553,2.5188172580966435,5.032600237862648,ipa_2,ipa,7,2,2026-09-11T13:29:58,,,0.00443030329552626,True,13155.0,-21.53693858798544,True,ok,0.00035676171654140584,0.00035559077547434254,-489.05693628780455,-453.2533388957381,1.0355406378628178,0.9269837054004465,,,
circle,34955111.76718127,2331.1471566942732,133.3794709180673,,,False,0.0,0.33017692975848206,40.30170463055689,60.167686693779174,0.7013293139919055,1425.8636849329553,-26.08178073375553,2.5188172580966435,5.032600237862648,ipa_2,ipa,7,2,2026-09-11T13:29:58,,,0.05580890629239934,,,,,,,,,,,,-24.77524396694382,3186.3808538315493,3.185813621957755e-12
mag_argmax,44937948.0,,,6564.325733155012,,False,0.0,0.19078761180424136,45.25633678911023,55.92640133700246,0.8020065164458297,1246.8726618726214,-24.290168809693906,2.218762253166191,4.431982219272016,ipa_2,ipa,9,2,2026-09-11T13:30:00,,,,,,,,,,,,,,,,,
argmax_hh,44939783.0,2706.4639266468585,120.44846441055837,,,False,0.0,0.19078761180424136,45.25633678911023,55.92640133700246,0.8020065164458297,1246.8726618726214,-24.290168809693906,2.218762253166191,4.431982219272016,ipa_2,ipa,9,2,2026-09-11T13:30:00,False,0.7379547208993933,,,,,,,,,,,,,,,
midpoint,44939218.76201323,2706.4639266468585,120.44997671097083,,,False,0.0,0.19078761180424136,45.25633678911023,55.92640133700246,0.8020065164458297,1246.8726618726214,-24.290168809693906,2.218762253166191,4.431982219272016,ipa_2,ipa,9,2,2026-09-11T13:30:00,,,,,,,,,,,,,,,,,
sym,44939114.64149632,3194.4904486669084,142.1697100243781,,,False,0.0,0.19078761180424136,45.25633678911023,55.92640133700246,0.8020065164458297,1246.8726618726214,-24.290168809693906,2.218762253166191,4.431982219272016,ipa_2,ipa,9,2,2026-09-11T13:30:00,,,0.08965012993222674,True,14125.0,,,,,,,,,,,,
sym_lin,44939652.03803626,3211.427600690909,142.92178310472025,,,False,0.0,0.19078761180424136,45.25633678911023,55.92640133700246,0.8020065164458297,1246.8726618726214,-24.290168809693906,2.218762253166191,4.431982219272016,ipa_2,ipa,9,2,2026-09-11T13:30:00,,,0.025708562425519114,True,14125.0,,,,,,,,,,,,
psl,44940462.11223633,2938.846815061678,130.788455522423,,,False,0.0,0.19078761180424136,45.25633678911023,55.92640133700246,0.8020065164458297,1246.8726618726214,-24.290168809693906,2.218762253166191,4.431982219272016,ipa_2,ipa,9,2,2026-09-11T13:30:00,,,0.0042421813738823255,True,14125.0,-27.263700730657884,True,ok,0.0002572142142949651,0.0005596127235897222,-712.7114060528166,-679.112236328423,1.0571783437691835,0.9209271857165707,,,
circle,44940396.269563034,2689.2385067238374,119.68023114852635,,,False,0.0,0.19078761180424136,45.25633678911023,55.92640133700246,0.8020065164458297,1246.8726618726214,-24.290168809693906,2.218762253166191,4.431982219272016,ipa_2,ipa,9,2,2026-09-11T13:30:00,,,0.05138263882700662,,,,,,,,,,,,-28.756150202962438,4413.244286318512,3.2868138602315824e-12
mag_argmax,5003812.0,908.385831982363,363.077522489799,462.50976180657744,5003717.189707218,True,-0.2962209558672102,0.9964259925263202,0.2962209558672102,82.882019147607,1.5982958053447143,625.666410845847,-22.249920100347126,6.380455557635862,12.767293698357056,wat_0,water,1,0,2026-09-11T12:57:32,,,,,,,,,,,,,,,,,
argmax_hh,5003825.0,940.0582679118961,375.7358692248015,,,True,-0.2962209558672102,0.9964259925263202,0.2962209558672102,82.882019147607,1.5982958053447143,625.666410845847,-22.249920100347126,6.380455557635862,12.767293698357056,wat_0,water,1,0,2026-09-11T12:57:32,False,0.013918674633299074,,,,,,,,,,,,,,,
midpoint,5003827.395870889,940.0582679118961,375.73568931958897,,,True,-0.2962209558672102,0.9964259925263202,0.2962209558672102,82.882019147607,1.5982958053447143,625.666410845847,-22.249920100347126,6.380455557635862,12.767293698357056,wat_0,water,1,0,2026-09-11T12:57:32,,,,,,,,,,,,,,,,,
sym,5003827.029373818,941.5834820427775,376.34533588608394,,,True,-0.2962209558672102,0.9964259925263202,0.2962209558672102,82.882019147607,1.5982958053447143,625.666410845847,-22.249920100347126,6.380455557635862,12.767293698357056,wat_0,water,1,0,2026-09-11T12:57:32,,,0.01982343861880011,True,5641.0,,,,,,,,,,,,
sym_lin,5003852.571249143,939.294663484963,375.4285923138143,,,True,-0.2962209558672102,0.9964259925263202,0.2962209558672102,82.882019147607,1.5982958053447143,625.666410845847,-22.249920100347126,6.380455557635862,12.767293698357056,wat_0,water,1,0,2026-09-11T12:57:32,,,0.007718086777830538,True,5641.0,,,,,,,,,,,,
psl,5003906.307960405,938.7738875937254,375.2164128654,,,True,-0.2962209558672102,0.9964259925263202,0.2962209558672102,82.882019147607,1.5982958053447143,625.666410845847,-22.249920100347126,6.380455557635862,12.767293698357056,wat_0,water,1,0,2026-09-11T12:57:32,,,0.004576349120172615,True,5641.0,-5.054864968003366,True,ok,0.0015982001116910999,1.3755608607535978e-05,-41.43809226979592,-81.30796040501446,1.0019465027967853,1.001368146616714,,,
circle,5003906.153304568,955.3520559423938,381.84251529636765,,,True,-0.2962209558672102,0.9964259925263202,0.2962209558672102,82.882019147607,1.5982958053447143,625.666410845847,-22.249920100347126,6.380455557635862,12.767293698357056,wat_0,water,1,0,2026-09-11T12:57:32,,,0.055981268673495,,,,,,,,,,,,-4.308092948203859,697.6781462437602,2.7672981723568335e-12
mag_argmax,14986971.0,1772.4235575515777,236.5285897399251,843.2114319074899,14986330.85721587,False,0.0,0.878619047267775,9.201594841636384,75.8075681110837,1.013569423865862,986.6122403198524,-25.497466945597633,4.6169500613208605,9.236208982482355,wat_0,water,3,0,2026-09-11T12:57:34,,,,,,,,,,,,,,,,,
argmax_hh,14987315.0,1299.3426223639399,173.39231508298047,,,False,0.0,0.878619047267775,9.201594841636384,75.8075681110837,1.013569423865862,986.6122403198524,-25.497466945597633,4.6169500613208605,9.236208982482355,wat_0,water,3,0,2026-09-11T12:57:34,False,0.11145947511367663,,,,,,,,,,,,,,,
midpoint,14987179.599278046,1299.3426223639399,173.39388158483547,,,False,0.0,0.878619047267775,9.201594841636384,75.8075681110837,1.013569423865862,986.6122403198524,-25.497466945597633,4.6169500613208605,9.236208982482355,wat_0,water,3,0,2026-09-11T12:57:34,,,,,,,,,,,,,,,,,
sym,14987172.18164591,1403.9677405317857,187.35592325430937,,,False,0.0,0.878619047267775,9.201594841636384,75.8075681110837,1.013569423865862,986.6122403198524,-25.497466945597633,4.6169500613208605,9.236208982482355,wat_0,water,3,0,2026-09-11T12:57:34,,,0.048840101291204155,True,7797.0,,,,,,,,,,,,
sym_lin,14987277.61272225,1329.8893799623322,177.46910604143733,,,False,0.0,0.878619047267775,9.201594841636384,75.8075681110837,1.013569423865862,986.6122403198524,-25.497466945597633,4.6169500613208605,9.236208982482355,wat_0,water,3,0,2026-09-11T12:57:34,,,0.01621027671655994,True,7797.0,,,,,,,,,,,,
psl,14987480.159748953,1329.9416399663514,177.47368147156615,,,False,0.0,0.878619047267775,9.201594841636384,75.8075681110837,1.013569423865862,986.6122403198524,-25.497466945597633,4.6169500613208605,9.236208982482355,wat_0,water,3,0,2026-09-11T12:57:34,,,0.002869209526205204,True,7797.0,-13.597054284983024,True,ok,0.0009463255248238564,7.994882247298436e-05,-158.55126552537226,-165.1597489528358,1.0141130348369762,0.9769922102723352,,,
circle,14986951.428208655,1380.9279818699158,184.28404048480644,,,False,0.0,0.878619047267775,9.201594841636384,75.8075681110837,1.013569423865862,986.6122403198524,-25.497466945597633,4.6169500613208605,9.236208982482355,wat_0,water,3,0,2026-09-11T12:57:34,,,0.17847493239784573,,,,,,,,,,,,16.785675407917516,1373.739543748465,4.550965389961249e-12
mag_argmax,24971132.0,6337.146235108376,507.5577859352452,1318.3390560671687,24966358.65101911,False,0.0,0.61318660034458,24.81064050780608,64.14110920125266,0.8514283826872787,1174.4969046530955,-25.868475752910154,3.793847762960444,7.5820075982402875,wat_0,water,5,0,2026-09-11T12:57:36,,,,,,,,,,,,,,,,,
argmax_hh,24971711.0,1582.298598960042,126.72728744618597,,,False,0.0,0.61318660034458,24.81064050780608,64.14110920125266,0.8514283826872787,1174.4969046530955,-25.868475752910154,3.793847762960444,7.5820075982402875,wat_0,water,5,0,2026-09-11T12:57:36,False,0.34259175940654907,,,,,,,,,,,,,,,
midpoint,24971424.610055972,1582.298598960042,126.72874084427299,,,False,0.0,0.61318660034458,24.81064050780608,64.14110920125266,0.8514283826872787,1174.4969046530955,-25.868475752910154,3.793847762960444,7.5820075982402875,wat_0,water,5,0,2026-09-11T12:57:36,,,,,,,,,,,,,,,,,
sym,24971360.44064822,2018.0254983620962,161.62719713717857,,,False,0.0,0.61318660034458,24.81064050780608,64.14110920125266,0.8514283826872787,1174.4969046530955,-25.868475752910154,3.793847762960444,7.5820075982402875,wat_0,water,5,0,2026-09-11T12:57:36,,,0.07879250476173452,True,9493.0,,,,,,,,,,,,
sym_lin,24971635.222817544,1651.4120481977475,132.26302830891817,,,False,0.0,0.61318660034458,24.81064050780608,64.14110920125266,0.8514283826872787,1174.4969046530955,-25.868475752910154,3.793847762960444,7.5820075982402875,wat_0,water,5,0,2026-09-11T12:57:36,,,0.0263187921632691,True,9493.0,,,,,,,,,,,,
psl,24972072.77930818,1646.5444713272814,131.87086918083992,,,False,0.0,0.61318660034458,24.81064050780608,64.14110920125266,0.8514283826872787,1174.4969046530955,-25.868475752910154,3.793847762960444,7.5820075982402875,wat_0,water,5,0,2026-09-11T12:57:36,,,0.001756083368682339,True,9493.0,-23.90545579331084,True,ok,0.000636375151326695,0.00024169426088193892,-348.56421536976,-361.77930818125606,1.04385297015164,0.9609813925551305,,,
circle,24972160.98426369,1531.4461214591265,122.65227045622312,,,False,0.0,0.61318660034458,24.81064050780608,64.14110920125266,0.8514283826872787,1174.4969046530955,-25.868475752910154,3.793847762960444,7.5820075982402875,wat_0,water,5,0,2026-09-11T12:57:36,,,0.10159246219548233,,,,,,,,,,,,-27.352599119900596,1816.82541138287,3.372486892110805e-12
mag_argmax,34954386.0,,,2196.963374078274,,False,0.0,0.440121875476251,33.997912470759005,60.723773588544404,0.8171402987060963,1223.7800553753787,-25.54670863788297,3.285762388115844,6.573167931284921,wat_0,water,7,0,2026-09-11T12:57:38,,,,,,,,,,,,,,,,,
argmax_hh,34955357.0,1825.755879882723,104.46215038700495,,,False,0.0,0.440121875476251,33.997912470759005,60.723773588544404,0.8171402987060963,1223.7800553753787,-25.54670863788297,3.285762388115844,6.573167931284921,wat_0,water,7,0,2026-09-11T12:57:38,False,0.48078480118889755,,,,,,,,,,,,,,,
midpoint,34954992.805029675,1825.755879882723,104.46323877486337,,,False,0.0,0.440121875476251,33.997912470759005,60.723773588544404,0.8171402987060963,1223.7800553753787,-25.54670863788297,3.285762388115844,6.573167931284921,wat_0,water,7,0,2026-09-11T12:57:38,,,,,,,,,,,,,,,,,
sym,34954944.372738674,2268.2539399409707,129.78157915250353,,,False,0.0,0.440121875476251,33.997912470759005,60.723773588544404,0.8171402987060963,1223.7800553753787,-25.54670863788297,3.285762388115844,6.573167931284921,wat_0,water,7,0,2026-09-11T12:57:38,,,0.07462784605167566,True,10955.0,,,,,,,,,,,,
sym_lin,34955233.13574051,1881.6345376839722,107.65967604204397,,,False,0.0,0.440121875476251,33.997912470759005,60.723773588544404,0.8171402987060963,1223.7800553753787,-25.54670863788297,3.285762388115844,6.573167931284921,wat_0,water,7,0,2026-09-11T12:57:38,,,0.026653366217382332,True,10955.0,,,,,,,,,,,,
psl,34955705.72576588,1873.7974895001407,107.2098217212627,,,False,0.0,0.440121875476251,33.997912470759005,60.723773588544404,0.8171402987060963,1223.7800553753787,-25.54670863788297,3.285762388115844,6.573167931284921,wat_0,water,7,0,2026-09-11T12:57:38,,,0.0036160814182464233,True,10955.0,-22.509920128796516,True,ok,0.00047131022190996497,0.00036320012966491346,-372.89012932342825,-348.725765876472,1.0388473812061918,0.9743613651493186,,,
circle,34955754.952257946,1763.3295320632765,100.88922607860171,,,False,0.0,0.440121875476251,33.997912470759005,60.723773588544404,0.8171402987060963,1223.7800553753787,-25.54670863788297,3.285762388115844,6.573167931284921,wat_0,water,7,0,2026-09-11T12:57:38,,,0.06623008876837957,,,,,,,,,,,,-27.041147285592366,2386.978734198805,3.096696456225435e-12
mag_argmax,44939264.0,,,3820.3765894025564,,False,0.0,0.27139908765230814,40.875495517123994,56.10135099256918,0.8878982351926563,1126.255194980785,-24.097993025321948,2.8752176082979797,5.698989971119455,wat_0,water,9,0,2026-09-11T12:57:30,,,,,,,,,,,,,,,,,
argmax_hh,44940663.0,2099.3193637169898,93.42627471770898,,,False,0.0,0.27139908765230814,40.875495517123994,56.10135099256918,0.8878982351926563,1126.255194980785,-24.097993025321948,2.8752176082979797,5.698989971119455,wat_0,water,9,0,2026-09-11T12:57:30,False,0.6695388885091428,,,,,,,,,,,,,,,
midpoint,44940138.197974116,2099.3193637169898,93.42736573122627,,,False,0.0,0.27139908765230814,40.875495517123994,56.10135099256918,0.8878982351926563,1126.255194980785,-24.097993025321948,2.8752176082979797,5.698989971119455,wat_0,water,9,0,2026-09-11T12:57:30,,,,,,,,,,,,,,,,,
sym,44940021.62899812,2852.4274782381417,126.94375190943728,,,False,0.0,0.27139908765230814,40.875495517123994,56.10135099256918,0.8878982351926563,1126.255194980785,-24.097993025321948,2.8752176082979797,5.698989971119455,wat_0,water,9,0,2026-09-11T12:57:30,,,0.08884617175935135,True,12334.0,,,,,,,,,,,,
sym_lin,44940467.54721004,2179.712991278276,97.0044643611455,,,False,0.0,0.27139908765230814,40.875495517123994,56.10135099256918,0.8878982351926563,1126.255194980785,-24.097993025321948,2.8752176082979797,5.698989971119455,wat_0,water,9,0,2026-09-11T12:57:30,,,0.0328969140217159,True,12334.0,,,,,,,,,,,,
psl,44941133.723354995,2136.180792089097,95.06572776907794,,,False,0.0,0.27139908765230814,40.875495517123994,56.10135099256918,0.8878982351926563,1126.255194980785,-24.097993025321948,2.8752176082979797,5.698989971119455,wat_0,water,9,0,2026-09-11T12:57:30,,,0.004339569961887472,True,12334.0,-27.66736225050517,True,ok,0.0003418215006151758,0.0005679798213162886,-526.0280269377757,-470.7233549952507,1.058902795832624,0.9827442375155624,,,
circle,44941116.754429184,2018.8894025856348,89.84598284984374,,,False,0.0,0.27139908765230814,40.875495517123994,56.10135099256918,0.8878982351926563,1126.255194980785,-24.097993025321948,2.8752176082979797,5.698989971119455,wat_0,water,9,0,2026-09-11T12:57:30,,,0.0672877068855643,,,,,,,,,,,,-30.93967549563592,3268.0269256755582,3.216375749792056e-12
mag_argmax,5003807.0,906.8641545623541,362.4696774125597,486.0708678085357,5003723.595785059,True,-0.25185340868059125,0.9969641009880506,0.25185340868059125,82.95842769778604,1.6036620108502944,623.5727935400674,-22.222388442480195,6.403914236059894,12.804627048572348,wat_1,water,1,1,2026-09-11T13:08:48,,,,,,,,,,,,,,,,,
argmax_hh,5003824.0,937.0831305342726,374.54679882197,,,True,-0.25185340868059125,0.9969641009880506,0.25185340868059125,82.95842769778604,1.6036620108502944,623.5727935400674,-22.222388442480195,6.403914236059894,12.804627048572348,wat_1,water,1,1,2026-09-11T13:08:48,False,0.01364624389836928,,,,,,,,,,,,,,,
midpoint,5003831.899100127,937.0831305342726,374.54620755856917,,,True,-0.25185340868059125,0.9969641009880506,0.25185340868059125,82.95842769778604,1.6036620108502944,623.5727935400674,-22.222388442480195,6.403914236059894,12.804627048572348,wat_1,water,1,1,2026-09-11T13:08:48,,,,,,,,,,,,,,,,,
sym,5003830.934151718,936.0847625068001,374.14723831611275,,,True,-0.25185340868059125,0.9969641009880506,0.25185340868059125,82.95842769778604,1.6036620108502944,623.5727935400674,-22.222388442480195,6.403914236059894,12.804627048572348,wat_1,water,1,1,2026-09-11T13:08:48,,,0.01982266523970258,True,5623.0,,,,,,,,,,,,
sym_lin,5003856.1735739745,934.3128883131502,373.43714763321134,,,True,-0.25185340868059125,0.9969641009880506,0.25185340868059125,82.95842769778604,1.6036620108502944,623.5727935400674,-22.222388442480195,6.403914236059894,12.804627048572348,wat_1,water,1,1,2026-09-11T13:08:48,,,0.007782970655668149,True,5623.0,,,,,,,,,,,,
psl,5003909.46990717,933.6308809762687,373.160580378601,,,True,-0.25185340868059125,0.9969641009880506,0.25185340868059125,82.95842769778604,1.6036620108502944,623.5727935400674,-22.222388442480195,6.403914236059894,12.804627048572348,wat_1,water,1,1,2026-09-11T13:08:48,,,0.004649241934970453,True,5623.0,-5.034167131244493,True,ok,0.0016073656260780769,1.3724931010000218e-05,-41.042114447277804,-85.4699071701616,1.0019305898471251,1.003697659994273,,,
circle,5003908.716011202,950.0076917782371,379.70624393624945,,,True,-0.25185340868059125,0.9969641009880506,0.25185340868059125,82.95842769778604,1.6036620108502944,623.5727935400674,-22.222388442480195,6.403914236059894,12.804627048572348,wat_1,water,1,1,2026-09-11T13:08:48,,,0.05570268473132067,,,,,,,,,,,,-4.258772772339728,693.6783130194971,2.7684469112026737e-12
mag_argmax,14986985.0,1769.7217492805794,236.16781484475754,842.8120626211166,14986346.01242023,False,0.0,0.8781584921737298,9.235700847635519,75.80094019194505,1.0149760242362589,985.244947783345,-25.475000741852977,4.629449743574249,9.228873120942046,wat_1,water,3,1,2026-09-11T13:08:50,,,,,,,,,,,,,,,,,
argmax_hh,14987320.0,1298.8584676496685,173.3276486589555,,,False,0.0,0.8781584921737298,9.235700847635519,75.80094019194505,1.0149760242362589,985.244947783345,-25.475000741852977,4.629449743574249,9.228873120942046,wat_1,water,3,1,2026-09-11T13:08:50,False,0.11154633558746396,,,,,,,,,,,,,,,
midpoint,14987191.812633466,1298.8584676496685,173.3291311524811,,,False,0.0,0.8781584921737298,9.235700847635519,75.80094019194505,1.0149760242362589,985.244947783345,-25.475000741852977,4.629449743574249,9.228873120942046,wat_1,water,3,1,2026-09-11T13:08:50,,,,,,,,,,,,,,,,,
sym,14987184.813318213,1401.517427353669,187.0287775604428,,,False,0.0,0.8781584921737298,9.235700847635519,75.80094019194505,1.0149760242362589,985.244947783345,-25.475000741852977,4.629449743574249,9.228873120942046,wat_1,water,3,1,2026-09-11T13:08:50,,,0.04901814222653789,True,7793.0,,,,,,,,,,,,
sym_lin,14987290.357336126,1329.4468603069247,177.40990247195336,,,False,0.0,0.8781584921737298,9.235700847635519,75.80094019194505,1.0149760242362589,985.244947783345,-25.475000741852977,4.629449743574249,9.228873120942046,wat_1,water,3,1,2026-09-11T13:08:50,,,0.016255448559467835,True,7793.0,,,,,,,,,,,,
psl,14987493.375521177,1328.7455759717702,177.31391670097258,,,False,0.0,0.8781584921737298,9.235700847635519,75.80094019194505,1.0149760242362589,985.244947783345,-25.475000741852977,4.629449743574249,9.228873120942046,wat_1,water,3,1,2026-09-11T13:08:50,,,0.002860027719983172,True,7793.0,-13.636668330300662,True,ok,0.0009476948979209753,8.016361985331257e-05,-158.8745667899439,-173.37552117742598,1.0141955900979391,0.9775072753862274,,,
circle,14986962.578372372,1380.7487588239842,184.25998618513097,,,False,0.0,0.8781584921737298,9.235700847635519,75.80094019194505,1.0149760242362589,985.244947783345,-25.475000741852977,4.629449743574249,9.228873120942046,wat_1,water,3,1,2026-09-11T13:08:50,,,0.17911505607246558,,,,,,,,,,,,16.901163008469716,1373.5837786816635,4.5574154541634666e-12
mag_argmax,24971110.0,6387.063684016466,511.5562491228036,1344.6825086399913,24966327.92016821,False,0.0,0.612882161563759,24.82928049326958,64.13881776558587,0.8524238076743834,1173.1253761297914,-25.90425900758611,3.769533778122352,7.595894698628458,wat_1,water,5,1,2026-09-11T13:08:52,,,,,,,,,,,,,,,,,
argmax_hh,24971759.0,1583.7502331584692,126.84330592478241,,,False,0.0,0.612882161563759,24.82928049326958,64.13881776558587,0.8524238076743834,1173.1253761297914,-25.90425900758611,3.769533778122352,7.595894698628458,wat_1,water,5,1,2026-09-11T13:08:52,False,0.34262070733528294,,,,,,,,,,,,,,,
midpoint,24971447.085125297,1583.7502331584692,126.84489030688648,,,False,0.0,0.612882161563759,24.82928049326958,64.13881776558587,0.8524238076743834,1173.1253761297914,-25.90425900758611,3.769533778122352,7.595894698628458,wat_1,water,5,1,2026-09-11T13:08:52,,,,,,,,,,,,,,,,,
sym,24971378.37473266,2031.6420965674445,162.71765747806424,,,False,0.0,0.612882161563759,24.82928049326958,64.13881776558587,0.8524238076743834,1173.1253761297914,-25.90425900758611,3.769533778122352,7.595894698628458,wat_1,water,5,1,2026-09-11T13:08:52,,,0.07859845070673785,True,9503.0,,,,,,,,,,,,
sym_lin,24971655.12333948,1646.9723402689433,131.90734311636547,,,False,0.0,0.612882161563759,24.82928049326958,64.13881776558587,0.8524238076743834,1173.1253761297914,-25.90425900758611,3.769533778122352,7.595894698628458,wat_1,water,5,1,2026-09-11T13:08:52,,,0.026483763616930788,True,9503.0,,,,,,,,,,,,
psl,24972093.952638946,1645.7486852152751,131.80702333865432,,,False,0.0,0.612882161563759,24.82928049326958,64.13881776558587,0.8524238076743834,1173.1253761297914,-25.90425900758611,3.769533778122352,7.595894698628458,wat_1,water,5,1,2026-09-11T13:08:52,,,0.0016901894493841832,True,9503.0,-23.97041357473962,True,ok,0.0006375254575033581,0.00024178603926384572,-349.3705921289401,-334.9526389464736,1.0440935321634717,0.9623281169149491,,,
circle,24972182.359476164,1533.1839990736762,122.7913505518576,,,False,0.0,0.612882161563759,24.82928049326958,64.13881776558587,0.8524238076743834,1173.1253761297914,-25.90425900758611,3.769533778122352,7.595894698628458,wat_1,water,5,1,2026-09-11T13:08:52,,,0.10232163602372192,,,,,,,,,,,,-27.461631818750725,1814.4236918699505,3.371294147595117e-12
mag_argmax,34954415.0,,,2203.4516739174724,,False,0.0,0.4411541929933852,33.941378147760304,60.73478179887025,0.8180708341822087,1222.3880356273285,-25.54636508196661,3.2951514934835977,6.59359923721076,wat_1,water,7,1,2026-09-11T13:08:54,,,,,,,,,,,,,,,,,
argmax_hh,34955387.0,1820.2501499131322,104.14704605691433,,,False,0.0,0.4411541929933852,33.941378147760304,60.73478179887025,0.8180708341822087,1222.3880356273285,-25.54636508196661,3.2951514934835977,6.59359923721076,wat_1,water,7,1,2026-09-11T13:08:54,False,0.48018771041535013,,,,,,,,,,,,,,,
midpoint,34955021.7134873,1820.2501499131322,104.14813441301877,,,False,0.0,0.4411541929933852,33.941378147760304,60.73478179887025,0.8180708341822087,1222.3880356273285,-25.54636508196661,3.2951514934835977,6.59359923721076,wat_1,water,7,1,2026-09-11T13:08:54,,,,,,,,,,,,,,,,,
sym,34954971.95679457,2264.4514991590377,129.56391451024308,,,False,0.0,0.4411541929933852,33.941378147760304,60.73478179887025,0.8180708341822087,1222.3880356273285,-25.54636508196661,3.2951514934835977,6.59359923721076,wat_1,water,7,1,2026-09-11T13:08:54,,,0.07468215160738396,True,10921.0,,,,,,,,,,,,
sym_lin,34955260.61969348,1875.6856175984308,107.31921801445168,,,False,0.0,0.4411541929933852,33.941378147760304,60.73478179887025,0.8180708341822087,1222.3880356273285,-25.54636508196661,3.2951514934835977,6.59359923721076,wat_1,water,7,1,2026-09-11T13:08:54,,,0.026770228657615126,True,10921.0,,,,,,,,,,,,
psl,34955732.56376461,1867.9076305166516,106.87274981917784,,,False,0.0,0.4411541929933852,33.941378147760304,60.73478179887025,0.8180708341822087,1222.3880356273285,-25.54636508196661,3.2951514934835977,6.59359923721076,wat_1,water,7,1,2026-09-11T13:08:54,,,0.0036895298925524087,True,10921.0,-22.54556976805453,True,ok,0.000472344775276689,0.00036314675406596533,-372.3221933573008,-345.56376460939646,1.0389713921021229,0.9744861684673681,,,
circle,34955781.61119125,1759.0091379716132,100.64195717531652,,,False,0.0,0.4411541929933852,33.941378147760304,60.73478179887025,0.8180708341822087,1222.3880356273285,-25.54636508196661,3.2951514934835977,6.59359923721076,wat_1,water,7,1,2026-09-11T13:08:54,,,0.06617136394141104,,,,,,,,,,,,-27.08959673081597,2381.2525517757167,3.0946760875015785e-12
mag_argmax,44939295.0,,,3819.4828233271837,,False,0.0,0.27154811514454,40.88961161760454,56.13220648844623,0.8885199688327245,1125.4671083124108,-24.08831866372559,2.877939572218899,5.695862529724197,wat_1,water,9,1,2026-09-11T13:08:56,,,,,,,,,,,,,,,,,
argmax_hh,44940687.0,2099.4186460077763,93.43064319456337,,,False,0.0,0.27154811514454,40.88961161760454,56.13220648844623,0.8885199688327245,1125.4671083124108,-24.08831866372559,2.877939572218899,5.695862529724197,wat_1,water,9,1,2026-09-11T13:08:56,False,0.6690566027193733,,,,,,,,,,,,,,,
midpoint,44940170.475650005,2099.4186460077763,93.43171704901775,,,False,0.0,0.27154811514454,40.88961161760454,56.13220648844623,0.8885199688327245,1125.4671083124108,-24.08831866372559,2.877939572218899,5.695862529724197,wat_1,water,9,1,2026-09-11T13:08:56,,,,,,,,,,,,,,,,,
sym,44940047.442041665,2863.7064541367927,127.4456355583541,,,False,0.0,0.27154811514454,40.88961161760454,56.13220648844623,0.8885199688327245,1125.4671083124108,-24.08831866372559,2.877939572218899,5.695862529724197,wat_1,water,9,1,2026-09-11T13:08:56,,,0.0895478977962618,True,12341.0,,,,,,,,,,,,
sym_lin,44940499.488105126,2178.779444995154,96.96284953716788,,,False,0.0,0.27154811514454,40.88961161760454,56.13220648844623,0.8885199688327245,1125.4671083124108,-24.08831866372559,2.877939572218899,5.695862529724197,wat_1,water,9,1,2026-09-11T13:08:56,,,0.03304072529069875,True,12341.0,,,,,,,,,,,,
psl,44941171.80710387,2135.1283617141908,95.0188112975145,,,False,0.0,0.27154811514454,40.88961161760454,56.13220648844623,0.8885199688327245,1125.4671083124108,-24.08831866372559,2.877939572218899,5.695862529724197,wat_1,water,9,1,2026-09-11T13:08:56,,,0.004081353221097174,True,12341.0,-27.930117705287298,True,ok,0.0003426096009390998,0.0005679352769829042,-530.9644745255001,-484.8071038722992,1.060039544478941,0.9832751433840048,,,
circle,44941156.965772375,2017.6316912155462,89.78993098696566,,,False,0.0,0.27154811514454,40.88961161760454,56.13220648844623,0.8885199688327245,1125.4671083124108,-24.08831866372559,2.877939572218899,5.695862529724197,wat_1,water,9,1,2026-09-11T13:08:56,,,0.06621574387137756,,,,,,,,,,,,-31.218686407148834,3257.7002451616495,3.2167574853543943e-12
mag_argmax,5003814.0,905.7654847227968,362.0300373766078,474.33705035597086,5003723.842989804,True,-0.11192899881460328,0.9986487703813489,0.11192899881460328,82.8349210745883,1.6068882360724155,622.3208170620613,-22.206716987069843,6.424593590645016,12.8524000135574,wat_2,water,1,2,2026-09-11T13:15:26,,,,,,,,,,,,,,,,,
argmax_hh,5003829.0,933.7555621783249,373.21641574015615,,,True,-0.11192899881460328,0.9986487703813489,0.11192899881460328,82.8349210745883,1.6068882360724155,622.3208170620613,-22.206716987069843,6.424593590645016,12.8524000135574,wat_2,water,1,2,2026-09-11T13:15:26,False,0.013116134354257139,,,,,,,,,,,,,,,
midpoint,5003833.469157051,933.7555621783249,373.21608240316834,,,True,-0.11192899881460328,0.9986487703813489,0.11192899881460328,82.8349210745883,1.6068882360724155,622.3208170620613,-22.206716987069843,6.424593590645016,12.8524000135574,wat_2,water,1,2,2026-09-11T13:15:26,,,,,,,,,,,,,,,,,
sym,5003832.6269872375,933.5686672913538,373.1414445224748,,,True,-0.11192899881460328,0.9986487703813489,0.11192899881460328,82.8349210745883,1.6068882360724155,622.3208170620613,-22.206716987069843,6.424593590645016,12.8524000135574,wat_2,water,1,2,2026-09-11T13:15:26,,,0.01970557364831371,True,5603.0,,,,,,,,,,,,
sym_lin,5003857.804325747,931.5422761070415,372.3296354671548,,,True,-0.11192899881460328,0.9986487703813489,0.11192899881460328,82.8349210745883,1.6068882360724155,622.3208170620613,-22.206716987069843,6.424593590645016,12.8524000135574,wat_2,water,1,2,2026-09-11T13:15:26,,,0.007557579463691561,True,5603.0,,,,,,,,,,,,
psl,5003910.616230862,931.0549332936334,372.1309210734623,,,True,-0.11192899881460328,0.9986487703813489,0.11192899881460328,82.8349210745883,1.6068882360724155,622.3208170620613,-22.206716987069843,6.424593590645016,12.8524000135574,wat_2,water,1,2,2026-09-11T13:15:26,,,0.004602293888172704,True,5603.0,-5.013650783117349,True,ok,0.0016094110804549529,1.326864581933596e-05,-40.76186073172098,-81.61623086221516,1.001914880948359,1.0029006117556758,,,
circle,5003909.6201375,946.6337897194875,378.3576689354655,,,True,-0.11192899881460328,0.9986487703813489,0.11192899881460328,82.8349210745883,1.6068882360724155,622.3208170620613,-22.206716987069843,6.424593590645016,12.8524000135574,wat_2,water,1,2,2026-09-11T13:15:26,,,0.05493654493911586,,,,,,,,,,,,-4.241842780705019,692.1310034561496,2.788623912089919e-12
mag_argmax,14986981.0,1770.2133113248274,236.2334764186099,846.7804328370839,14986349.313888814,True,-9.056571982747274,0.8803959799191959,9.056571982747274,75.72130081103194,1.0656329749622067,938.4093993858116,-25.353337502631263,4.422519263680291,8.847250155597129,wat_2,water,3,2,2026-09-11T13:15:28,,,,,,,,,,,,,,,,,
argmax_hh,14987228.0,1356.4666748354211,181.01635270183667,,,True,-9.056571982747274,0.8803959799191959,9.056571982747274,75.72130081103194,1.0656329749622067,938.4093993858116,-25.353337502631263,4.422519263680291,8.847250155597129,wat_2,water,3,2,2026-09-11T13:15:28,False,0.17997440700707562,,,,,,,,,,,,,,,
midpoint,14987057.426052567,1356.4666748354211,181.01841292439755,,,True,-9.056571982747274,0.8803959799191959,9.056571982747274,75.72130081103194,1.0656329749622067,938.4093993858116,-25.353337502631263,4.422519263680291,8.847250155597129,wat_2,water,3,2,2026-09-11T13:15:28,,,,,,,,,,,,,,,,,
sym,14987030.046600107,1531.994593839188,204.44272001532812,,,True,-9.056571982747274,0.8803959799191959,9.056571982747274,75.72130081103194,1.0656329749622067,938.4093993858116,-25.353337502631263,4.422519263680291,8.847250155597129,wat_2,water,3,2,2026-09-11T13:15:28,,,0.0622966184847657,True,8139.0,,,,,,,,,,,,
sym_lin,14987183.972324986,1391.4991723824055,185.69187846788537,,,True,-9.056571982747274,0.8803959799191959,9.056571982747274,75.72130081103194,1.0656329749622067,938.4093993858116,-25.353337502631263,4.422519263680291,8.847250155597129,wat_2,water,3,2,2026-09-11T13:15:28,,,0.019412417913427026,True,8139.0,,,,,,,,,,,,
psl,14987461.241618335,1395.438042878267,186.21406526187468,,,True,-9.056571982747274,0.8803959799191959,9.056571982747274,75.72130081103194,1.0656329749622067,938.4093993858116,-25.353337502631263,4.422519263680291,8.847250155597129,wat_2,water,3,2,2026-09-11T13:15:28,,,0.003853621045922683,True,8139.0,-17.868837576988653,True,ok,0.0009361936126862274,0.00014853486460211213,-219.37867232686412,-233.24161833524704,1.024417300378529,0.9720723050072059,,,
circle,14987492.38845566,1865.5415959604823,248.94646117017464,,,True,-9.056571982747274,0.8803959799191959,9.056571982747274,75.72130081103194,1.0656329749622067,938.4093993858116,-25.353337502631263,4.422519263680291,8.847250155597129,wat_2,water,3,2,2026-09-11T13:15:28,,,0.15146782352412047,,,,,,,,,,,,-12.486565869737209,1060.7318215865034,2.0454441635282988e-12
mag_argmax,24971154.0,6246.182261370122,500.2718145400988,1320.145899284631,24966473.449893534,False,0.0,0.6153506754488393,24.639136132300354,64.05610138806625,0.8542948070639294,1170.556102801134,-25.862742557086445,3.796481063009973,7.596759872998615,wat_2,water,5,2,2026-09-11T13:15:21,,,,,,,,,,,,,,,,,
argmax_hh,24971741.0,1579.8840822465718,126.53375527533878,,,False,0.0,0.6153506754488393,24.639136132300354,64.05610138806625,0.8542948070639294,1170.556102801134,-25.862742557086445,3.796481063009973,7.596759872998615,wat_2,water,5,2,2026-09-11T13:15:21,False,0.3426453118355917,,,,,,,,,,,,,,,
midpoint,24971449.40309243,1579.8840822465718,126.53523283681893,,,False,0.0,0.6153506754488393,24.639136132300354,64.05610138806625,0.8542948070639294,1170.556102801134,-25.862742557086445,3.796481063009973,7.596759872998615,wat_2,water,5,2,2026-09-11T13:15:21,,,,,,,,,,,,,,,,,
sym,24971382.9423955,2022.1461388268872,161.9570805102477,,,False,0.0,0.6153506754488393,24.639136132300354,64.05610138806625,0.8542948070639294,1170.556102801134,-25.862742557086445,3.796481063009973,7.596759872998615,wat_2,water,5,2,2026-09-11T13:15:21,,,0.07881907853798893,True,9479.0,,,,,,,,,,,,
sym_lin,24971658.940339286,1648.718844822835,132.0472018908996,,,False,0.0,0.6153506754488393,24.639136132300354,64.05610138806625,0.8542948070639294,1170.556102801134,-25.862742557086445,3.796481063009973,7.596759872998615,wat_2,water,5,2,2026-09-11T13:15:21,,,0.02648157137028655,True,9479.0,,,,,,,,,,,,
psl,24972097.24436185,1644.4704746567488,131.70463486225884,,,False,0.0,0.6153506754488393,24.639136132300354,64.05610138806625,0.8542948070639294,1170.556102801134,-25.862742557086445,3.796481063009973,7.596759872998615,wat_2,water,5,2,2026-09-11T13:15:21,,,0.0018931028192210589,True,9479.0,-23.9747443640396,True,ok,0.0006384598302816863,0.0002423132814577185,-349.1641962584579,-356.2443618513644,1.044109594619938,0.9607251127913025,,,
circle,24972186.184628803,1529.2442472697387,122.47580055374074,,,False,0.0,0.6153506754488393,24.639136132300354,64.05610138806625,0.8542948070639294,1170.556102801134,-25.862742557086445,3.796481063009973,7.596759872998615,wat_2,water,5,2,2026-09-11T13:15:21,,,0.10149727359089297,,,,,,,,,,,,-27.460068139297586,1810.499744070549,3.3640986047440373e-12
mag_argmax,34954423.0,,,2192.8586833029985,,False,0.0,0.4417684582093465,33.8930080236397,60.71496410776116,0.8187207052191573,1221.4177479880852,-25.546421871735593,3.291202082530143,6.58405004041411,wat_2,water,7,2,2026-09-11T13:15:22,,,,,,,,,,,,,,,,,
argmax_hh,34955392.0,1822.738272998482,104.28939106152676,,,False,0.0,0.4417684582093465,33.8930080236397,60.71496410776116,0.8187207052191573,1221.4177479880852,-25.546421871735593,3.291202082530143,6.58405004041411,wat_2,water,7,2,2026-09-11T13:15:22,False,0.4797878689863016,,,,,,,,,,,,,,,
midpoint,34955029.84085812,1822.738272998482,104.29047157430406,,,False,0.0,0.4417684582093465,33.8930080236397,60.71496410776116,0.8187207052191573,1221.4177479880852,-25.546421871735593,3.291202082530143,6.58405004041411,wat_2,water,7,2,2026-09-11T13:15:22,,,,,,,,,,,,,,,,,
sym,34954980.2322108,2265.541731099906,129.6262630417524,,,False,0.0,0.4417684582093465,33.8930080236397,60.71496410776116,0.8187207052191573,1221.4177479880852,-25.546421871735593,3.291202082530143,6.58405004041411,wat_2,water,7,2,2026-09-11T13:15:22,,,0.07438542515903052,True,10937.0,,,,,,,,,,,,
sym_lin,34955268.040766284,1880.3018288405067,107.58331629141684,,,False,0.0,0.4417684582093465,33.8930080236397,60.71496410776116,0.8187207052191573,1221.4177479880852,-25.546421871735593,3.291202082530143,6.58405004041411,wat_2,water,7,2,2026-09-11T13:15:22,,,0.026498068603122614,True,10937.0,,,,,,,,,,,,
psl,34955738.795641065,1872.9451809777365,107.16095528275834,,,False,0.0,0.4417684582093465,33.8930080236397,60.71496410776116,0.8187207052191573,1221.4177479880852,-25.546421871735593,3.291202082530143,6.58405004041411,wat_2,water,7,2,2026-09-11T13:15:22,,,0.0035820784002054606,True,10937.0,-22.45259061273553,True,ok,0.00047273973913909803,0.0003629682671891775,-371.7464828390414,-346.79564106464386,1.0386483781414486,0.9731936051897445,,,
circle,34955787.58957547,1761.7258704620979,100.79737817078855,,,False,0.0,0.4417684582093465,33.8930080236397,60.71496410776116,0.8187207052191573,1221.4177479880852,-25.546421871735593,3.291202082530143,6.58405004041411,wat_2,water,7,2,2026-09-11T13:15:22,,,0.06577689420761766,,,,,,,,,,,,-26.991141989984644,2378.445344220884,3.091802821308351e-12
mag_argmax,44939134.0,,,3846.2645851671696,,False,0.0,0.2720834397880847,40.823325985343885,56.082425125015924,0.8908599360618065,1122.5109127936153,-24.105579818638137,2.856283160935576,5.713994701514894,wat_2,water,9,2,2026-09-11T13:15:24,,,,,,,,,,,,,,,,,
argmax_hh,44940736.0,2100.2819615527987,93.46896150311373,,,False,0.0,0.2720834397880847,40.823325985343885,56.082425125015924,0.8908599360618065,1122.5109127936153,-24.105579818638137,2.856283160935576,5.713994701514894,wat_2,water,9,2,2026-09-11T13:15:24,False,0.6674075593318263,,,,,,,,,,,,,,,
midpoint,44940166.20185151,2100.2819615527987,93.4701465997813,,,False,0.0,0.2720834397880847,40.823325985343885,56.082425125015924,0.8908599360618065,1122.5109127936153,-24.105579818638137,2.856283160935576,5.713994701514894,wat_2,water,9,2,2026-09-11T13:15:24,,,,,,,,,,,,,,,,,
sym,44940056.13002264,2891.1915398200917,128.66879967640287,,,False,0.0,0.2720834397880847,40.823325985343885,56.082425125015924,0.8908599360618065,1122.5109127936153,-24.105579818638137,2.856283160935576,5.713994701514894,wat_2,water,9,2,2026-09-11T13:15:24,,,0.0895443496211146,True,12300.0,,,,,,,,,,,,
sym_lin,44940513.95848913,2177.490552875755,96.90545839716341,,,False,0.0,0.2720834397880847,40.823325985343885,56.082425125015924,0.8908599360618065,1122.5109127936153,-24.105579818638137,2.856283160935576,5.713994701514894,wat_2,water,9,2,2026-09-11T13:15:24,,,0.03486097970631873,True,12300.0,,,,,,,,,,,,
psl,44941189.9472731,2119.120295878232,94.30637232189328,,,False,0.0,0.2720834397880847,40.823325985343885,56.082425125015924,0.8908599360618065,1122.5109127936153,-24.105579818638137,2.856283160935576,5.713994701514894,wat_2,water,9,2,2026-09-11T13:15:24,,,0.006515211009171207,True,12300.0,-28.123279051137597,True,ok,0.0003425964823535578,0.0005695872636627359,-530.7781793051598,-453.94727309793234,1.060882389112447,0.9911103044210966,,,
circle,44941169.75795973,2017.132960835092,89.76771061807214,,,False,0.0,0.2720834397880847,40.823325985343885,56.082425125015924,0.8908599360618065,1122.5109127936153,-24.105579818638137,2.856283160935576,5.713994701514894,wat_2,water,9,2,2026-09-11T13:15:24,,,0.06374421414629809,,,,,,,,,,,,-31.348932110012854,3249.2260934506035,3.2139931356248202e-12
