estimator,fres,gamma,D_ppm,w03,w3_mid,fold,delta,depth,r_min,baseline_deg,Gmax_mS,Rm_ohm,ratio_dB_peak,window_right_gamma,window_left_gamma,set,phase,n,replica,conc,mtime,one_sided,baseline_frac,rms_rel,converged,n_fit,phi_deg,gate_ok,gate_reason,gmax,g_off,bias_pred,bias_meas,hh_factor_pred,hh_factor_meas,theta_deg,R1,C0
mag_argmax,5000111.0,181.85380521882325,72.7399072615881,99.7214421723038,5000095.5666079745,True,4.872018482779561,1.0558945419392163,-4.872018482779561,87.16447641842652,13.640296887843398,73.31218728026566,-7.607382539694681,54.42636851609603,108.49973048435776,air_00,air,1,0,,2024-05-29T12:49:34,,,,,,,,,,,,,,,,,
argmax_hh,5000106.0,110.47953710565343,44.19087799564787,,,True,4.872018482779561,1.0558945419392163,-4.872018482779561,87.16447641842652,13.640296887843398,73.31218728026566,-7.607382539694681,54.42636851609603,108.49973048435776,air_00,air,1,0,,2024-05-29T12:49:34,False,-0.002429445905715845,,,,,,,,,,,,,,,
midpoint,5000091.714783436,110.47953710565343,44.191004248584484,,,True,4.872018482779561,1.0558945419392163,-4.872018482779561,87.16447641842652,13.640296887843398,73.31218728026566,-7.607382539694681,54.42636851609603,108.49973048435776,air_00,air,1,0,,2024-05-29T12:49:34,,,,,,,,,,,,,,,,,
sym,5000092.196609392,118.68794984974494,47.4743045459155,,,True,4.872018482779561,1.0558945419392163,-4.872018482779561,87.16447641842652,13.640296887843398,73.31218728026566,-7.607382539694681,54.42636851609603,108.49973048435776,air_00,air,1,0,,2024-05-29T12:49:34,,,0.030192794343584302,True,663.0,,,,,,,,,,,,
sym_lin,5000096.621644049,115.79444381217904,46.31688248220509,,,True,4.872018482779561,1.0558945419392163,-4.872018482779561,87.16447641842652,13.640296887843398,73.31218728026566,-7.607382539694681,54.42636851609603,108.49973048435776,air_00,air,1,0,,2024-05-29T12:49:34,,,0.01832482074142499,True,663.0,,,,,,,,,,,,
psl,5000106.565379091,115.34227980914605,46.13592862511369,,,True,4.872018482779561,1.0558945419392163,-4.872018482779561,87.16447641842652,13.640296887843398,73.31218728026566,-7.607382539694681,54.42636851609603,108.49973048435776,air_00,air,1,0,,2024-05-29T12:49:34,,,0.011859120586608062,True,663.0,-7.367720089927263,True,ok,0.015038273945668531,-0.0010477558346897351,-7.42622398252143,-0.5653790906071663,1.0041367727517283,0.9578407613275993,,,
circle,5000109.775108747,113.26603775251152,45.30542041951393,,,True,4.872018482779561,1.0558945419392163,-4.872018482779561,87.16447641842652,13.640296887843398,73.31218728026566,-7.607382539694681,54.42636851609603,108.49973048435776,air_00,air,1,0,,2024-05-29T12:49:34,,,0.022280535573766476,,,,,,,,,,,,-9.735069098125996,72.50825352070159,-1.561518110487535e-11
mag_argmax,14977492.0,117.00972202420235,15.624741715662722,69.35272538103163,14977481.21729813,True,4.253621409094044,1.0563856037626564,-4.253621409094044,75.4380750625423,29.806101357522905,33.55017779766106,-4.278666758154685,112.71267014832965,224.9188929520088,air_00,air,3,0,,2024-05-29T12:49:36,,,,,,,,,,,,,,,,,
argmax_hh,14977476.0,53.312551216222346,7.119030097757773,,,True,4.253621409094044,1.0563856037626564,-4.253621409094044,75.4380750625423,29.806101357522905,33.55017779766106,-4.278666758154685,112.71267014832965,224.9188929520088,air_00,air,3,0,,2024-05-29T12:49:36,False,0.00411760745905217,,,,,,,,,,,,,,,
midpoint,14977462.062204722,53.312551216222346,7.119036722617423,,,True,4.253621409094044,1.0563856037626564,-4.253621409094044,75.4380750625423,29.806101357522905,33.55017779766106,-4.278666758154685,112.71267014832965,224.9188929520088,air_00,air,3,0,,2024-05-29T12:49:36,,,,,,,,,,,,,,,,,
sym,14977461.681595124,60.51973561773667,8.08144088822549,,,True,4.253621409094044,1.0563856037626564,-4.253621409094044,75.4380750625423,29.806101357522905,33.55017779766106,-4.278666758154685,112.71267014832965,224.9188929520088,air_00,air,3,0,,2024-05-29T12:49:36,,,0.06949952405374558,True,319.0,,,,,,,,,,,,
sym_lin,14977467.910071213,52.56724142289576,7.0195098047979485,,,True,4.253621409094044,1.0563856037626564,-4.253621409094044,75.4380750625423,29.806101357522905,33.55017779766106,-4.278666758154685,112.71267014832965,224.9188929520088,air_00,air,3,0,,2024-05-29T12:49:36,,,0.034466934966659556,True,319.0,,,,,,,,,,,,
psl,14977480.184324963,51.94464972291252,6.936367010156545,,,True,4.253621409094044,1.0563856037626564,-4.253621409094044,75.4380750625423,29.806101357522905,33.55017779766106,-4.278666758154685,112.71267014832965,224.9188929520088,air_00,air,3,0,,2024-05-29T12:49:36,,,0.014133836922393157,True,319.0,-19.722273225167843,True,ok,0.032369151984749656,-0.0008592423151905609,-9.029489976891648,-4.184324963018298,1.0297733191335565,1.026333828423266,,,
circle,14977484.441882517,51.154213787222865,6.830815145990337,,,True,4.253621409094044,1.0563856037626564,-4.253621409094044,75.4380750625423,29.806101357522905,33.55017779766106,-4.278666758154685,112.71267014832965,224.9188929520088,air_00,air,3,0,,2024-05-29T12:49:36,,,0.0223299110054798,,,,,,,,,,,,-25.522779323552864,33.99068141608505,-4.003879374268971e-11
mag_argmax,24955266.0,114.87323846109211,9.206332520045438,63.05287791788578,24955250.503552534,True,4.401223852431002,1.0553941345727647,-4.401223852431002,79.4528858763852,18.57356326368314,53.839965213099326,-6.112690066184915,85.1418113988077,169.90105849277802,air_00,air,5,0,,2024-05-29T12:49:40,,,,,,,,,,,,,,,,,
argmax_hh,24955251.0,70.57637019082904,5.656234047962815,,,True,4.401223852431002,1.0553941345727647,-4.401223852431002,79.4528858763852,18.57356326368314,53.839965213099326,-6.112690066184915,85.1418113988077,169.90105849277802,air_00,air,5,0,,2024-05-29T12:49:40,False,0.0038822363842699378,,,,,,,,,,,,,,,
midpoint,24955233.198259484,70.57637019082904,5.656238082820354,,,True,4.401223852431002,1.0553941345727647,-4.401223852431002,79.4528858763852,18.57356326368314,53.839965213099326,-6.112690066184915,85.1418113988077,169.90105849277802,air_00,air,5,0,,2024-05-29T12:49:40,,,,,,,,,,,,,,,,,
sym,24955233.42375434,78.37854725479123,6.281531887430427,,,True,4.401223852431002,1.0553941345727647,-4.401223852431002,79.4528858763852,18.57356326368314,53.839965213099326,-6.112690066184915,85.1418113988077,169.90105849277802,air_00,air,5,0,,2024-05-29T12:49:40,,,0.06868039403338524,True,423.0,,,,,,,,,,,,
sym_lin,24955241.350203265,68.52345378281863,5.491708360677546,,,True,4.401223852431002,1.0553941345727647,-4.401223852431002,79.4528858763852,18.57356326368314,53.839965213099326,-6.112690066184915,85.1418113988077,169.90105849277802,air_00,air,5,0,,2024-05-29T12:49:40,,,0.034782707747343926,True,423.0,,,,,,,,,,,,
psl,24955257.318604242,67.42616959754248,5.403764724740066,,,True,4.401223852431002,1.0553941345727647,-4.401223852431002,79.4528858763852,18.57356326368314,53.839965213099326,-6.112690066184915,85.1418113988077,169.90105849277802,air_00,air,5,0,,2024-05-29T12:49:40,,,0.013024913564672487,True,423.0,-19.546725385095378,True,ok,0.019629504341878018,-0.00017399208361072442,-11.614242103267276,-6.318604242056608,1.0292429195046182,1.0467207408056793,,,
circle,24955262.242518682,65.92964021474872,5.2838266794422255,,,True,4.401223852431002,1.0553941345727647,-4.401223852431002,79.4528858763852,18.57356326368314,53.839965213099326,-6.112690066184915,85.1418113988077,169.90105849277802,air_00,air,5,0,,2024-05-29T12:49:40,,,0.025989101253164493,,,,,,,,,,,,-25.507173622839556,55.78468375793865,-1.4162467740535875e-11
mag_argmax,34931737.0,144.89324598759413,8.295793935903854,75.61399536579847,34931705.906062104,True,4.56236739612208,1.0723682185059966,-4.56236739612208,63.043798649596994,9.822226179913798,101.8099137286183,-9.36263043992887,56.42802580623202,112.60250581503215,air_00,air,7,0,,2024-05-29T12:49:43,,,,,,,,,,,,,,,,,
argmax_hh,34931724.0,106.4896372705698,6.097015839846313,,,True,4.56236739612208,1.0723682185059966,-4.56236739612208,63.043798649596994,9.822226179913798,101.8099137286183,-9.36263043992887,56.42802580623202,112.60250581503215,air_00,air,7,0,,2024-05-29T12:49:43,False,0.03312116774079566,,,,,,,,,,,,,,,
midpoint,34931693.829572566,106.4896372705698,6.097021105825537,,,True,4.56236739612208,1.0723682185059966,-4.56236739612208,63.043798649596994,9.822226179913798,101.8099137286183,-9.36263043992887,56.42802580623202,112.60250581503215,air_00,air,7,0,,2024-05-29T12:49:43,,,,,,,,,,,,,,,,,
sym,34931692.72360848,124.60755177613053,7.134355197846734,,,True,4.56236739612208,1.0723682185059966,-4.56236739612208,63.043798649596994,9.822226179913798,101.8099137286183,-9.36263043992887,56.42802580623202,112.60250581503215,air_00,air,7,0,,2024-05-29T12:49:43,,,0.08487607889838707,True,639.0,,,,,,,,,,,,
sym_lin,34931709.39918407,100.50408659207082,5.754318258150766,,,True,4.56236739612208,1.0723682185059966,-4.56236739612208,63.043798649596994,9.822226179913798,101.8099137286183,-9.36263043992887,56.42802580623202,112.60250581503215,air_00,air,7,0,,2024-05-29T12:49:43,,,0.040272825748263595,True,639.0,,,,,,,,,,,,
psl,34931739.903098755,98.63331828158063,5.647203291630542,,,True,4.56236739612208,1.0723682185059966,-4.56236739612208,63.043798649596994,9.822226179913798,101.8099137286183,-9.36263043992887,56.42802580623202,112.60250581503215,air_00,air,7,0,,2024-05-29T12:49:43,,,0.01073312992319878,True,639.0,-25.33164608244507,True,ok,0.010188989373126843,0.0002857379827245379,-22.16616371060076,-15.90309875458479,1.0492901708139637,1.0796517761529707,,,
circle,34931744.325499006,98.76037953063563,5.654477406588817,,,True,4.56236739612208,1.0723682185059966,-4.56236739612208,63.043798649596994,9.822226179913798,101.8099137286183,-9.36263043992887,56.42802580623202,112.60250581503215,air_00,air,7,0,,2024-05-29T12:49:43,,,0.014663145997619583,,,,,,,,,,,,-28.717549416994977,104.32604594010724,-4.300862927067108e-12
mag_argmax,44909701.0,189.53361279517412,8.44065351471274,91.10695618391037,44909638.194774106,True,2.694868125983052,1.045698663177528,-2.694868125983052,58.970392974388496,6.237781249745339,160.31341272841613,-12.179287402012644,39.28962644596757,78.50072599031095,air_00,air,9,0,,2024-05-29T12:49:32,,,,,,,,,,,,,,,,,
argmax_hh,44909699.0,152.81387335807085,6.80538399324702,,,True,2.694868125983052,1.045698663177528,-2.694868125983052,58.970392974388496,6.237781249745339,160.31341272841613,-12.179287402012644,39.28962644596757,78.50072599031095,air_00,air,9,0,,2024-05-29T12:49:32,False,0.08401736585739711,,,,,,,,,,,,,,,
midpoint,44909651.055449225,152.81387335807085,6.805391258524543,,,True,2.694868125983052,1.045698663177528,-2.694868125983052,58.970392974388496,6.237781249745339,160.31341272841613,-12.179287402012644,39.28962644596757,78.50072599031095,air_00,air,9,0,,2024-05-29T12:49:32,,,,,,,,,,,,,,,,,
sym,44909647.6035676,187.80517232299073,8.363689422852277,,,True,2.694868125983052,1.045698663177528,-2.694868125983052,58.970392974388496,6.237781249745339,160.31341272841613,-12.179287402012644,39.28962644596757,78.50072599031095,air_00,air,9,0,,2024-05-29T12:49:32,,,0.09130038743628206,True,917.0,,,,,,,,,,,,
sym_lin,44909675.811826244,142.68805964012753,6.354446210567074,,,True,2.694868125983052,1.045698663177528,-2.694868125983052,58.970392974388496,6.237781249745339,160.31341272841613,-12.179287402012644,39.28962644596757,78.50072599031095,air_00,air,9,0,,2024-05-29T12:49:32,,,0.04211419987895516,True,917.0,,,,,,,,,,,,
psl,44909723.869112454,140.27451163391623,6.246954982076511,,,True,2.694868125983052,1.045698663177528,-2.694868125983052,58.970392974388496,6.237781249745339,160.31341272841613,-12.179287402012644,39.28962644596757,78.50072599031095,air_00,air,9,0,,2024-05-29T12:49:32,,,0.00943019318406523,True,917.0,-28.10976146052863,True,ok,0.006223574449782267,0.0004954810003608031,-35.11711236410803,-24.869112454354763,1.0608232080532212,1.0893915906610279,,,
circle,44909731.46167274,140.9365869039193,6.276438638881582,,,True,2.694868125983052,1.045698663177528,-2.694868125983052,58.970392974388496,6.237781249745339,160.31341272841613,-12.179287402012644,39.28962644596757,78.50072599031095,air_00,air,9,0,,2024-05-29T12:49:32,,,0.030936661511635037,,,,,,,,,,,,-33.09792169317874,175.9030728341169,-5.862715457007586e-13
mag_argmax,5000111.0,182.0286362869665,72.80983813637998,99.94193204678595,5000095.878577197,True,4.892910388210869,1.056133454105066,-4.892910388210869,87.16567448446565,13.626559044928058,73.38609818538232,-7.612730267259704,53.870145850502034,107.39089278396273,air_01,air,1,1,,2024-05-29T12:54:17,,,,,,,,,,,,,,,,,
argmax_hh,5000106.0,111.62026582751423,44.6471598112177,,,True,4.892910388210869,1.056133454105066,-4.892910388210869,87.16567448446565,13.626559044928058,73.38609818538232,-7.612730267259704,53.870145850502034,107.39089278396273,air_01,air,1,1,,2024-05-29T12:54:17,False,-0.0024353263838466266,,,,,,,,,,,,,,,
midpoint,5000090.929168978,111.62026582751423,44.64729438273063,,,True,4.892910388210869,1.056133454105066,-4.892910388210869,87.16567448446565,13.626559044928058,73.38609818538232,-7.612730267259704,53.870145850502034,107.39089278396273,air_01,air,1,1,,2024-05-29T12:54:17,,,,,,,,,,,,,,,,,
sym,5000091.997871277,119.56090706682201,47.823482895004126,,,True,4.892910388210869,1.056133454105066,-4.892910388210869,87.16567448446565,13.626559044928058,73.38609818538232,-7.612730267259704,53.870145850502034,107.39089278396273,air_01,air,1,1,,2024-05-29T12:54:17,,,0.030014992177555485,True,669.0,,,,,,,,,,,,
sym_lin,5000096.303910809,116.76573456648471,46.70539424416957,,,True,4.892910388210869,1.056133454105066,-4.892910388210869,87.16567448446565,13.626559044928058,73.38609818538232,-7.612730267259704,53.870145850502034,107.39089278396273,air_01,air,1,1,,2024-05-29T12:54:17,,,0.01902820229107562,True,669.0,,,,,,,,,,,,
psl,5000106.08436675,116.27606796002017,46.50944039910154,,,True,4.892910388210869,1.056133454105066,-4.892910388210869,87.16567448446565,13.626559044928058,73.38609818538232,-7.612730267259704,53.870145850502034,107.39089278396273,air_01,air,1,1,,2024-05-29T12:54:17,,,0.013132072246425328,True,669.0,-7.158508793687373,True,ok,0.015066700333414186,-0.0010897718703897557,-7.273203307473485,-0.08436674997210503,1.0039050234182991,0.9599590679820136,,,
circle,5000109.040711201,113.0160657729022,45.20544046248524,,,True,4.892910388210869,1.056133454105066,-4.892910388210869,87.16567448446565,13.626559044928058,73.38609818538232,-7.612730267259704,53.870145850502034,107.39089278396273,air_01,air,1,1,,2024-05-29T12:54:17,,,0.01750384048807281,,,,,,,,,,,,-9.237366848201692,72.18055731502851,-1.4265497540991373e-11
mag_argmax,14977493.0,116.77215404435992,15.593017342002419,68.59268412552774,14977482.196661673,True,4.295095482055733,1.057004109597312,-4.295095482055733,75.34711992516164,29.6828129856847,33.689529374533194,-4.297471217428906,112.36132127238349,224.1617707247717,air_01,air,3,1,,2024-05-29T12:54:19,,,,,,,,,,,,,,,,,
argmax_hh,14977476.0,53.48815706279129,7.142479422139123,,,True,4.295095482055733,1.057004109597312,-4.295095482055733,75.34711992516164,29.6828129856847,33.689529374533194,-4.297471217428906,112.36132127238349,224.1617707247717,air_01,air,3,1,,2024-05-29T12:54:19,False,0.004124025219849291,,,,,,,,,,,,,,,
midpoint,14977462.614463422,53.48815706279129,7.142485805457981,,,True,4.295095482055733,1.057004109597312,-4.295095482055733,75.34711992516164,29.6828129856847,33.689529374533194,-4.297471217428906,112.36132127238349,224.1617707247717,air_01,air,3,1,,2024-05-29T12:54:19,,,,,,,,,,,,,,,,,
sym,14977462.33822589,60.52059743373469,8.081555615636217,,,True,4.295095482055733,1.057004109597312,-4.295095482055733,75.34711992516164,29.6828129856847,33.689529374533194,-4.297471217428906,112.36132127238349,224.1617707247717,air_01,air,3,1,,2024-05-29T12:54:19,,,0.06991956040719595,True,321.0,,,,,,,,,,,,
sym_lin,14977468.595981967,52.74714922642395,7.043533276454276,,,True,4.295095482055733,1.057004109597312,-4.295095482055733,75.34711992516164,29.6828129856847,33.689529374533194,-4.297471217428906,112.36132127238349,224.1617707247717,air_01,air,3,1,,2024-05-29T12:54:19,,,0.0345169369880962,True,321.0,,,,,,,,,,,,
psl,14977480.963474676,52.02525980112419,6.947130819661503,,,True,4.295095482055733,1.057004109597312,-4.295095482055733,75.34711992516164,29.6828129856847,33.689529374533194,-4.297471217428906,112.36132127238349,224.1617707247717,air_01,air,3,1,,2024-05-29T12:54:19,,,0.013924885397971534,True,321.0,-19.80188621067596,True,ok,0.03218439707186296,-0.0008348640927271832,-9.080743801560512,-4.963474676012993,1.0300154584581693,1.0281189804194977,,,
circle,14977485.047403337,51.24360141045455,6.842751135890963,,,True,4.295095482055733,1.057004109597312,-4.295095482055733,75.34711992516164,29.6828129856847,33.689529374533194,-4.297471217428906,112.36132127238349,224.1617707247717,air_01,air,3,1,,2024-05-29T12:54:19,,,0.022262813341217675,,,,,,,,,,,,-25.36121223509624,34.13417761849531,-3.9770293154313965e-11
mag_argmax,24955267.0,114.95155218057334,9.212608479049601,62.81243175640702,24955251.55057639,True,4.481787438640761,1.0564363525463454,-4.481787438640761,79.4131306582994,18.509036135326422,54.02766479511031,-6.1267594392078815,85.0003311364892,169.61873367576,air_01,air,5,1,,2024-05-29T12:54:08,,,,,,,,,,,,,,,,,
argmax_hh,24955252.0,70.6938422434032,5.6656484369224716,,,True,4.481787438640761,1.0564363525463454,-4.481787438640761,79.4131306582994,18.509036135326422,54.02766479511031,-6.1267594392078815,85.0003311364892,169.61873367576,air_01,air,5,1,,2024-05-29T12:54:08,False,0.0038532135674010553,,,,,,,,,,,,,,,
midpoint,24955234.316074155,70.6938422434032,5.665652451747801,,,True,4.481787438640761,1.0564363525463454,-4.481787438640761,79.4131306582994,18.509036135326422,54.02766479511031,-6.1267594392078815,85.0003311364892,169.61873367576,air_01,air,5,1,,2024-05-29T12:54:08,,,,,,,,,,,,,,,,,
sym,24955234.567346748,78.42631172618766,6.2853596117911374,,,True,4.481787438640761,1.0564363525463454,-4.481787438640761,79.4131306582994,18.509036135326422,54.02766479511031,-6.1267594392078815,85.0003311364892,169.61873367576,air_01,air,5,1,,2024-05-29T12:54:08,,,0.0688126186276582,True,425.0,,,,,,,,,,,,
sym_lin,24955242.49133365,68.62959920195003,5.500214972928708,,,True,4.481787438640761,1.0564363525463454,-4.481787438640761,79.4131306582994,18.509036135326422,54.02766479511031,-6.1267594392078815,85.0003311364892,169.61873367576,air_01,air,5,1,,2024-05-29T12:54:08,,,0.034969251439208565,True,425.0,,,,,,,,,,,,
psl,24955258.52184687,67.4932515530948,5.409140642162323,,,True,4.481787438640761,1.0564363525463454,-4.481787438640761,79.4131306582994,18.509036135326422,54.02766479511031,-6.1267594392078815,85.0003311364892,169.61873367576,air_01,air,5,1,,2024-05-29T12:54:08,,,0.013018238762867278,True,425.0,-19.56341671276955,True,ok,0.019554936762445595,-0.00017067592900215598,-11.635920019962624,-6.521846871823072,1.029293142239274,1.0474208993737781,,,
circle,24955263.232993815,65.99739466812622,5.28925654295402,,,True,4.481787438640761,1.0564363525463454,-4.481787438640761,79.4131306582994,18.509036135326422,54.02766479511031,-6.1267594392078815,85.0003311364892,169.61873367576,air_01,air,5,1,,2024-05-29T12:54:08,,,0.02564260327816227,,,,,,,,,,,,-25.355243369054488,55.90333126921852,-1.411586257174246e-11
mag_argmax,34931740.0,144.9769992865622,8.30058847836164,74.35711634904146,34931708.21739347,True,4.566395508279131,1.0724557451450767,-4.566395508279131,63.02323575771558,9.798380462021848,102.05768227473531,-9.37506238685828,56.17561599481132,112.12682872998955,air_01,air,7,1,,2024-05-29T12:54:11,,,,,,,,,,,,,,,,,
argmax_hh,34931727.0,106.95031809806824,6.123391385605884,,,True,4.566395508279131,1.0724557451450767,-4.566395508279131,63.02323575771558,9.798380462021848,102.05768227473531,-9.37506238685828,56.17561599481132,112.12682872998955,air_01,air,7,1,,2024-05-29T12:54:11,False,0.03318974012757904,,,,,,,,,,,,,,,
midpoint,34931696.335309856,106.95031809806824,6.123396761007573,,,True,4.566395508279131,1.0724557451450767,-4.566395508279131,63.02323575771558,9.798380462021848,102.05768227473531,-9.37506238685828,56.17561599481132,112.12682872998955,air_01,air,7,1,,2024-05-29T12:54:11,,,,,,,,,,,,,,,,,
sym,34931695.19765162,125.53330798044793,7.1873584874797185,,,True,4.566395508279131,1.0724557451450767,-4.566395508279131,63.02323575771558,9.798380462021848,102.05768227473531,-9.37506238685828,56.17561599481132,112.12682872998955,air_01,air,7,1,,2024-05-29T12:54:11,,,0.08492988954335234,True,641.0,,,,,,,,,,,,
sym_lin,34931712.064366475,100.91856011473911,5.778048320608094,,,True,4.566395508279131,1.0724557451450767,-4.566395508279131,63.02323575771558,9.798380462021848,102.05768227473531,-9.37506238685828,56.17561599481132,112.12682872998955,air_01,air,7,1,,2024-05-29T12:54:11,,,0.040669025705979536,True,641.0,,,,,,,,,,,,
psl,34931742.82812323,98.91018879580497,5.6630549058189725,,,True,4.566395508279131,1.0724557451450767,-4.566395508279131,63.02323575771558,9.798380462021848,102.05768227473531,-9.37506238685828,56.17561599481132,112.12682872998955,air_01,air,7,1,,2024-05-29T12:54:11,,,0.010994616749632742,True,641.0,-25.442679899312417,True,ok,0.01014641701378741,0.00029150025257682023,-22.329087284199513,-15.828123226761818,1.0497271783654194,1.0812871697056579,,,
circle,34931747.04740893,99.05221487077033,5.671185854880829,,,True,4.566395508279131,1.0724557451450767,-4.566395508279131,63.02323575771558,9.798380462021848,102.05768227473531,-9.37506238685828,56.17561599481132,112.12682872998955,air_01,air,7,1,,2024-05-29T12:54:11,,,0.015172843842134895,,,,,,,,,,,,-28.749028824110805,104.67734530041523,-4.279545842137781e-12
mag_argmax,44909700.0,190.03474958240986,8.462971232602749,92.22437266260386,44909641.46553905,True,2.685638791337275,1.0455345695842844,-2.685638791337275,58.98021691774555,6.245844513346314,160.10645123540445,-12.17255357585179,39.27527463737722,78.41324600067672,air_01,air,9,1,,2024-05-29T12:54:15,,,,,,,,,,,,,,,,,
argmax_hh,44909699.0,152.94609790667892,6.811272456164933,,,True,2.685638791337275,1.0455345695842844,-2.685638791337275,58.98021691774555,6.245844513346314,160.10645123540445,-12.17255357585179,39.27527463737722,78.41324600067672,air_01,air,9,1,,2024-05-29T12:54:15,False,0.08387851748009947,,,,,,,,,,,,,,,
midpoint,44909654.54957083,152.94609790667892,6.811279197788464,,,True,2.685638791337275,1.0455345695842844,-2.685638791337275,58.98021691774555,6.245844513346314,160.10645123540445,-12.17255357585179,39.27527463737722,78.41324600067672,air_01,air,9,1,,2024-05-29T12:54:15,,,,,,,,,,,,,,,,,
sym,44909651.37225982,186.04869244578705,8.285465897012383,,,True,2.685638791337275,1.0455345695842844,-2.685638791337275,58.98021691774555,6.245844513346314,160.10645123540445,-12.17255357585179,39.27527463737722,78.41324600067672,air_01,air,9,1,,2024-05-29T12:54:15,,,0.09174035600750784,True,917.0,,,,,,,,,,,,
sym_lin,44909679.3505284,142.68270934170422,6.354207440584875,,,True,2.685638791337275,1.0455345695842844,-2.685638791337275,58.98021691774555,6.245844513346314,160.10645123540445,-12.17255357585179,39.27527463737722,78.41324600067672,air_01,air,9,1,,2024-05-29T12:54:15,,,0.04146297509779797,True,917.0,,,,,,,,,,,,
psl,44909727.08882351,140.20988199537075,6.2440763319741555,,,True,2.685638791337275,1.0455345695842844,-2.685638791337275,58.98021691774555,6.245844513346314,160.10645123540445,-12.17255357585179,39.27527463737722,78.41324600067672,air_01,air,9,1,,2024-05-29T12:54:15,,,0.008548364044522859,True,917.0,-28.00079526228128,True,ok,0.006230791794805603,0.0004928579782229151,-34.959283400604676,-28.08882351219654,1.0603472344958182,1.0908367921722426,,,
circle,44909734.958668575,140.75360899987612,6.268289453474387,,,True,2.685638791337275,1.0455345695842844,-2.685638791337275,58.98021691774555,6.245844513346314,160.10645123540445,-12.17255357585179,39.27527463737722,78.41324600067672,air_01,air,9,1,,2024-05-29T12:54:15,,,0.03142822845419798,,,,,,,,,,,,-33.06190891677614,175.83941637021175,-5.899666299271523e-13
mag_argmax,5000113.0,182.33959053596482,72.93418790173935,102.7969377739355,5000096.000310488,True,4.837234979946792,1.055535198364193,-4.837234979946792,87.10214643017554,13.607268122102901,73.4901371110381,-7.619074555896359,54.40047510316149,108.47519885839986,air_02,air,1,2,,2024-05-29T12:57:05,,,,,,,,,,,,,,,,,
argmax_hh,5000107.0,110.51374070905149,44.204550306244045,,,True,4.837234979946792,1.055535198364193,-4.837234979946792,87.10214643017554,13.607268122102901,73.4901371110381,-7.619074555896359,54.40047510316149,108.47519885839986,air_02,air,1,2,,2024-05-29T12:57:05,False,-0.002420833913875038,,,,,,,,,,,,,,,
midpoint,5000092.220676488,110.51374070905149,44.20468096650406,,,True,4.837234979946792,1.055535198364193,-4.837234979946792,87.10214643017554,13.607268122102901,73.4901371110381,-7.619074555896359,54.40047510316149,108.47519885839986,air_02,air,1,2,,2024-05-29T12:57:05,,,,,,,,,,,,,,,,,
sym,5000092.808721916,118.36662256847582,47.34577020730611,,,True,4.837234979946792,1.055535198364193,-4.837234979946792,87.10214643017554,13.607268122102901,73.4901371110381,-7.619074555896359,54.40047510316149,108.47519885839986,air_02,air,1,2,,2024-05-29T12:57:05,,,0.030219006262299956,True,663.0,,,,,,,,,,,,
sym_lin,5000097.24253799,115.43205102458256,46.17192243484874,,,True,4.837234979946792,1.055535198364193,-4.837234979946792,87.10214643017554,13.607268122102901,73.4901371110381,-7.619074555896359,54.40047510316149,108.47519885839986,air_02,air,1,2,,2024-05-29T12:57:05,,,0.01812981534979195,True,663.0,,,,,,,,,,,,
psl,5000107.2039675405,115.03394187017356,46.012590201624135,,,True,4.837234979946792,1.055535198364193,-4.837234979946792,87.10214643017554,13.607268122102901,73.4901371110381,-7.619074555896359,54.40047510316149,108.47519885839986,air_02,air,1,2,,2024-05-29T12:57:05,,,0.011560727756688918,True,663.0,-7.400101537769418,True,ok,0.015010382201016073,-0.0010268982082821067,-7.439013683181139,-0.20396754052489996,1.004173240826963,0.9607055005884825,,,
circle,5000110.206156844,113.06919181299139,45.22667987348142,,,True,4.837234979946792,1.055535198364193,-4.837234979946792,87.10214643017554,13.607268122102901,73.4901371110381,-7.619074555896359,54.40047510316149,108.47519885839986,air_02,air,1,2,,2024-05-29T12:57:05,,,0.02147417133923175,,,,,,,,,,,,-9.669694206768606,72.52894563646016,-1.564786980798341e-11
mag_argmax,14977493.0,116.74338745791465,15.589176033387517,68.74329868890345,14977482.37319674,True,4.304472966695894,1.0570992384929085,-4.304472966695894,75.38582090250631,29.72009909666287,33.64726331320629,-4.28643934225665,112.42583457523455,224.34651063265724,air_02,air,3,2,,2024-05-29T12:56:52,,,,,,,,,,,,,,,,,
argmax_hh,14977477.0,53.44856920745224,7.13719262696277,,,True,4.304472966695894,1.0570992384929085,-4.304472966695894,75.38582090250631,29.72009909666287,33.64726331320629,-4.28643934225665,112.42583457523455,224.34651063265724,air_02,air,3,2,,2024-05-29T12:56:52,False,0.004114669826110894,,,,,,,,,,,,,,,
midpoint,14977462.83872024,53.44856920745224,7.137199375220642,,,True,4.304472966695894,1.0570992384929085,-4.304472966695894,75.38582090250631,29.72009909666287,33.64726331320629,-4.28643934225665,112.42583457523455,224.34651063265724,air_02,air,3,2,,2024-05-29T12:56:52,,,,,,,,,,,,,,,,,
sym,14977462.541696679,60.59745057654901,8.091818010941179,,,True,4.304472966695894,1.0570992384929085,-4.304472966695894,75.38582090250631,29.72009909666287,33.64726331320629,-4.28643934225665,112.42583457523455,224.34651063265724,air_02,air,3,2,,2024-05-29T12:56:52,,,0.0696127268838883,True,321.0,,,,,,,,,,,,
sym_lin,14977468.783227704,52.60690305548247,7.0248055685341875,,,True,4.304472966695894,1.0570992384929085,-4.304472966695894,75.38582090250631,29.72009909666287,33.64726331320629,-4.28643934225665,112.42583457523455,224.34651063265724,air_02,air,3,2,,2024-05-29T12:56:52,,,0.03462831523254865,True,321.0,,,,,,,,,,,,
psl,14977481.136258122,51.965478400250056,6.9391479017723245,,,True,4.304472966695894,1.0570992384929085,-4.304472966695894,75.38582090250631,29.72009909666287,33.64726331320629,-4.28643934225665,112.42583457523455,224.34651063265724,air_02,air,3,2,,2024-05-29T12:56:52,,,0.013961728880179342,True,321.0,-19.782211298631594,True,ok,0.03221945581910857,-0.0008298290458386732,-9.06111544864508,-4.1362581215798855,1.0299555253655164,1.0285399240584119,,,
circle,14977485.227389269,51.215641390900196,6.839017446966644,,,True,4.304472966695894,1.0570992384929085,-4.304472966695894,75.38582090250631,29.72009909666287,33.64726331320629,-4.28643934225665,112.42583457523455,224.34651063265724,air_02,air,3,2,,2024-05-29T12:56:52,,,0.022202522819544233,,,,,,,,,,,,-25.36228640906933,34.087425633150595,-3.981879542841789e-11
mag_argmax,24955267.0,115.17929881252348,9.230860868971948,63.12250014021993,24955251.70139744,True,4.451140821052912,1.0560445342411255,-4.451140821052912,79.42149723115489,18.505596900185058,54.03770574890237,-6.131939160338447,84.86681291490241,169.30999781192676,air_02,air,5,2,,2024-05-29T12:56:55,,,,,,,,,,,,,,,,,
argmax_hh,24955252.0,70.81684575602412,5.675506362830888,,,True,4.451140821052912,1.0560445342411255,-4.451140821052912,79.42149723115489,18.505596900185058,54.03770574890237,-6.131939160338447,84.86681291490241,169.30999781192676,air_02,air,5,2,,2024-05-29T12:56:55,False,0.003877853381660185,,,,,,,,,,,,,,,
midpoint,24955234.42781782,70.81684575602412,5.675510359228199,,,True,4.451140821052912,1.0560445342411255,-4.451140821052912,79.42149723115489,18.505596900185058,54.03770574890237,-6.131939160338447,84.86681291490241,169.30999781192676,air_02,air,5,2,,2024-05-29T12:56:55,,,,,,,,,,,,,,,,,
sym,24955234.712874193,78.58388867187345,6.297988344011262,,,True,4.451140821052912,1.0560445342411255,-4.451140821052912,79.42149723115489,18.505596900185058,54.03770574890237,-6.131939160338447,84.86681291490241,169.30999781192676,air_02,air,5,2,,2024-05-29T12:56:55,,,0.06870288163449788,True,425.0,,,,,,,,,,,,
sym_lin,24955242.645774644,68.82191369532322,5.515627691720798,,,True,4.451140821052912,1.0560445342411255,-4.451140821052912,79.42149723115489,18.505596900185058,54.03770574890237,-6.131939160338447,84.86681291490241,169.30999781192676,air_02,air,5,2,,2024-05-29T12:56:55,,,0.03491677003828907,True,425.0,,,,,,,,,,,,
psl,24955258.669626974,67.65127134537326,5.421804858124879,,,True,4.451140821052912,1.0560445342411255,-4.451140821052912,79.42149723115489,18.505596900185058,54.03770574890237,-6.131939160338447,84.86681291490241,169.30999781192676,air_02,air,5,2,,2024-05-29T12:56:55,,,0.013136973118274635,True,425.0,-19.5257194667771,True,ok,0.019554679920546283,-0.00017638469728971387,-11.640247376296717,-6.669626973569393,1.0291797767657787,1.0467925339420447,,,
circle,24955263.609109003,66.08612045503008,5.29636725062746,,,True,4.451140821052912,1.0560445342411255,-4.451140821052912,79.42149723115489,18.505596900185058,54.03770574890237,-6.131939160338447,84.86681291490241,169.30999781192676,air_02,air,5,2,,2024-05-29T12:56:55,,,0.02565308975375538,,,,,,,,,,,,-25.458970171602015,55.93692612705059,-1.4090561797560397e-11
mag_argmax,34931741.0,145.16460305824876,8.311329404294435,75.68294539302588,34931708.69603643,True,4.6335019696609026,1.0734916886875823,-4.6335019696609026,63.04797253140016,9.783037567340484,102.21774097427388,-9.385723554292646,56.20219234063865,112.15185361234784,air_02,air,7,2,,2024-05-29T12:56:59,,,,,,,,,,,,,,,,,
argmax_hh,34931727.0,106.91753737255931,6.121514540209209,,,True,4.6335019696609026,1.0734916886875823,-4.6335019696609026,63.04797253140016,9.783037567340484,102.21774097427388,-9.385723554292646,56.20219234063865,112.15185361234784,air_02,air,7,2,,2024-05-29T12:56:59,False,0.03316003773104736,,,,,,,,,,,,,,,
midpoint,34931696.92188999,106.91753737255931,6.121519811169511,,,True,4.6335019696609026,1.0734916886875823,-4.6335019696609026,63.04797253140016,9.783037567340484,102.21774097427388,-9.385723554292646,56.20219234063865,112.15185361234784,air_02,air,7,2,,2024-05-29T12:56:59,,,,,,,,,,,,,,,,,
sym,34931695.777667195,125.12025346315794,7.163709100154868,,,True,4.6335019696609026,1.0734916886875823,-4.6335019696609026,63.04797253140016,9.783037567340484,102.21774097427388,-9.385723554292646,56.20219234063865,112.15185361234784,air_02,air,7,2,,2024-05-29T12:56:59,,,0.08505366729085953,True,641.0,,,,,,,,,,,,
sym_lin,34931712.55553358,100.90754748547342,5.777417716068347,,,True,4.6335019696609026,1.0734916886875823,-4.6335019696609026,63.04797253140016,9.783037567340484,102.21774097427388,-9.385723554292646,56.20219234063865,112.15185361234784,air_02,air,7,2,,2024-05-29T12:56:59,,,0.040556892667305465,True,641.0,,,,,,,,,,,,
psl,34931743.25591505,98.90936774377276,5.663007827530867,,,True,4.6335019696609026,1.0734916886875823,-4.6335019696609026,63.04797253140016,9.783037567340484,102.21774097427388,-9.385723554292646,56.20219234063865,112.15185361234784,air_02,air,7,2,,2024-05-29T12:56:59,,,0.010989235813223848,True,641.0,-25.393757380094126,True,ok,0.010149905826079664,0.0002848643218975388,-22.284526820491056,-16.2559150531888,1.0495343843104905,1.0809647236804902,,,
circle,34931747.47107256,98.91002587225455,5.663044825007008,,,True,4.6335019696609026,1.0734916886875823,-4.6335019696609026,63.04797253140016,9.783037567340484,102.21774097427388,-9.385723554292646,56.20219234063865,112.15185361234784,air_02,air,7,2,,2024-05-29T12:56:59,,,0.014091437943708889,,,,,,,,,,,,-28.6781187097528,104.56894620794417,-4.2765541301895195e-12
mag_argmax,44909704.0,189.6592995673418,8.446250261072386,90.56426139175892,44909642.57173294,True,2.7291188149615175,1.0462710003715627,-2.7291188149615175,58.98119325379399,6.236684885561527,160.34159466916273,-12.181039389396428,39.28090094497637,78.52253407827833,air_02,air,9,2,,2024-05-29T12:57:03,,,,,,,,,,,,,,,,,
argmax_hh,44909702.0,152.79690270870924,6.804627771019689,,,True,2.7291188149615175,1.0462710003715627,-2.7291188149615175,58.98119325379399,6.236684885561527,160.34159466916273,-12.181039389396428,39.28090094497637,78.52253407827833,air_02,air,9,2,,2024-05-29T12:57:03,False,0.08386946678976394,,,,,,,,,,,,,,,
midpoint,44909655.42729079,152.79690270870924,6.804634827630288,,,True,2.7291188149615175,1.0462710003715627,-2.7291188149615175,58.98119325379399,6.236684885561527,160.34159466916273,-12.181039389396428,39.28090094497637,78.52253407827833,air_02,air,9,2,,2024-05-29T12:57:03,,,,,,,,,,,,,,,,,
sym,44909652.01130507,187.43735066832295,8.34730808518131,,,True,2.7291188149615175,1.0462710003715627,-2.7291188149615175,58.98119325379399,6.236684885561527,160.34159466916273,-12.181039389396428,39.28090094497637,78.52253407827833,air_02,air,9,2,,2024-05-29T12:57:03,,,0.09143134289218885,True,917.0,,,,,,,,,,,,
sym_lin,44909680.18609458,142.91461081120383,6.3645347826571514,,,True,2.7291188149615175,1.0462710003715627,-2.7291188149615175,58.98119325379399,6.236684885561527,160.34159466916273,-12.181039389396428,39.28090094497637,78.52253407827833,air_02,air,9,2,,2024-05-29T12:57:03,,,0.041966869596846236,True,917.0,,,,,,,,,,,,
psl,44909728.20424955,140.3478579917029,6.250220769691614,,,True,2.7291188149615175,1.0462710003715627,-2.7291188149615175,58.98119325379399,6.236684885561527,160.34159466916273,-12.181039389396428,39.28090094497637,78.52253407827833,air_02,air,9,2,,2024-05-29T12:57:03,,,0.009295014124207204,True,917.0,-28.084721243028255,True,ok,0.006220776549766744,0.0004939880778690054,-35.1028855980468,-26.204249553382397,1.0607136588241248,1.088701351735217,,,
circle,44909735.75231791,140.9655902180507,6.27772966625728,,,True,2.7291188149615175,1.0462710003715627,-2.7291188149615175,58.98119325379399,6.236684885561527,160.34159466916273,-12.181039389396428,39.28090094497637,78.52253407827833,air_02,air,9,2,,2024-05-29T12:57:03,,,0.030706639891449714,,,,,,,,,,,,-33.04228600735624,175.94756324652244,-5.803846521129447e-13
mag_argmax,4999323.0,941.1669959109277,376.5177788716303,508.01244823168963,4999211.170069772,True,4.613232902008368,1.0558610813771614,-4.613232902008368,82.58402430237362,1.6357339005101428,611.346380782428,-22.058367700001437,7.102545774111782,14.358898565994325,gluc05_00,gluc05,1,0,5.0,2024-05-29T13:17:35,,,,,,,,,,,,,,,,,
argmax_hh,4999359.0,838.7133556692861,335.52835700308225,,,True,4.613232902008368,1.0558610813771614,-4.613232902008368,82.58402430237362,1.6357339005101428,611.346380782428,-22.058367700001437,7.102545774111782,14.358898565994325,gluc05_00,gluc05,1,0,5.0,2024-05-29T13:17:35,False,-0.015317572199990819,,,,,,,,,,,,,,,
midpoint,4999378.325415658,838.7133556692861,335.52705999682627,,,True,4.613232902008368,1.0558610813771614,-4.613232902008368,82.58402430237362,1.6357339005101428,611.346380782428,-22.058367700001437,7.102545774111782,14.358898565994325,gluc05_00,gluc05,1,0,5.0,2024-05-29T13:17:35,,,,,,,,,,,,,,,,,
sym,4999379.927826509,858.2972206728552,343.3614700477472,,,True,4.613232902008368,1.0558610813771614,-4.613232902008368,82.58402430237362,1.6357339005101428,611.346380782428,-22.058367700001437,7.102545774111782,14.358898565994325,gluc05_00,gluc05,1,0,5.0,2024-05-29T13:17:35,,,0.008626397684372046,True,5033.0,,,,,,,,,,,,
sym_lin,4999374.66699702,857.8680325711533,343.1901346519603,,,True,4.613232902008368,1.0558610813771614,-4.613232902008368,82.58402430237362,1.6357339005101428,611.346380782428,-22.058367700001437,7.102545774111782,14.358898565994325,gluc05_00,gluc05,1,0,5.0,2024-05-29T13:17:35,,,0.007556902210439532,True,5033.0,,,,,,,,,,,,
psl,4999367.407839111,858.1716924477992,343.31211228931414,,,True,4.613232902008368,1.0558610813771614,-4.613232902008368,82.58402430237362,1.6357339005101428,611.346380782428,-22.058367700001437,7.102545774111782,14.358898565994325,gluc05_00,gluc05,1,0,5.0,2024-05-29T13:17:35,,,0.007929646510499443,True,5033.0,0.8739061239949015,True,ok,0.0017518387182967087,-9.266965166819384e-05,6.544775578860988,-8.407839111052454,1.0000581605519474,0.9773258230844095,,,
circle,4999359.202642696,875.7265140674107,350.33550444004726,,,True,4.613232902008368,1.0558610813771614,-4.613232902008368,82.58402430237362,1.6357339005101428,611.346380782428,-22.058367700001437,7.102545774111782,14.358898565994325,gluc05_00,gluc05,1,0,5.0,2024-05-29T13:17:35,,,0.016632539054480786,,,,,,,,,,,,0.9826079536775335,597.5175781112928,4.344709324696868e-12
mag_argmax,14975690.0,1549.2154054418206,206.89736572295774,763.5696310251951,14975069.583583305,True,-0.9449649092335477,0.9860793296932094,0.9449649092335477,67.88214133428521,1.124620162305523,889.1891089254118,-24.767220441832816,4.935981521252836,9.871963042505673,gluc05_00,gluc05,3,0,5.0,2024-05-29T13:17:37,,,,,,,,,,,,,,,,,
argmax_hh,14975958.0,1215.5637078797445,162.33535215306352,,,True,-0.9449649092335477,0.9860793296932094,0.9449649092335477,67.88214133428521,1.124620162305523,889.1891089254118,-24.767220441832816,4.935981521252836,9.871963042505673,gluc05_00,gluc05,3,0,5.0,2024-05-29T13:17:37,False,0.1586208345246654,,,,,,,,,,,,,,,
midpoint,14975693.94668718,1215.5637078797445,162.33821447034086,,,True,-0.9449649092335477,0.9860793296932094,0.9449649092335477,67.88214133428521,1.124620162305523,889.1891089254118,-24.767220441832816,4.935981521252836,9.871963042505673,gluc05_00,gluc05,3,0,5.0,2024-05-29T13:17:37,,,,,,,,,,,,,,,,,
sym,14975695.898816971,1434.1074448667425,191.5246482776179,,,True,-0.9449649092335477,0.9860793296932094,0.9449649092335477,67.88214133428521,1.124620162305523,889.1891089254118,-24.767220441832816,4.935981521252836,9.871963042505673,gluc05_00,gluc05,3,0,5.0,2024-05-29T13:17:37,,,0.06612357228762537,True,7293.0,,,,,,,,,,,,
sym_lin,14975855.932732526,1234.7620700273333,164.90036704059506,,,True,-0.9449649092335477,0.9860793296932094,0.9449649092335477,67.88214133428521,1.124620162305523,889.1891089254118,-24.767220441832816,4.935981521252836,9.871963042505673,gluc05_00,gluc05,3,0,5.0,2024-05-29T13:17:37,,,0.02101311958005152,True,7293.0,,,,,,,,,,,,
psl,14976123.614921264,1242.4514895057523,165.92431011558318,,,True,-0.9449649092335477,0.9860793296932094,0.9449649092335477,67.88214133428521,1.124620162305523,889.1891089254118,-24.767220441832816,4.935981521252836,9.871963042505673,gluc05_00,gluc05,3,0,5.0,2024-05-29T13:17:37,,,0.007406652225957959,True,7293.0,-19.545982791368292,True,ok,0.0010046176121410436,0.00014391991013813538,-214.00553370298667,-165.61492126435041,1.0292406861227583,0.9783590893864968,,,
circle,14976160.532988988,1501.7352647010184,200.55010246358484,,,True,-0.9449649092335477,0.9860793296932094,0.9449649092335477,67.88214133428521,1.124620162305523,889.1891089254118,-24.767220441832816,4.935981521252836,9.871963042505673,gluc05_00,gluc05,3,0,5.0,2024-05-29T13:17:37,,,0.15777595604500783,,,,,,,,,,,,-14.272930264619147,1031.9349031500628,2.685551492228408e-12
mag_argmax,24952575.0,,,1529.1352137960494,,False,0.0,0.7362743685298091,19.935034239555183,75.59005216301264,0.7901387891472544,1265.600441005099,-26.88454050762094,3.678138434678692,7.385780653592775,gluc05_00,gluc05,5,0,5.0,2024-05-29T13:17:39,,,,,,,,,,,,,,,,,
argmax_hh,24953369.0,1626.9099454171956,130.39601549732188,,,False,0.0,0.7362743685298091,19.935034239555183,75.59005216301264,0.7901387891472544,1265.600441005099,-26.88454050762094,3.678138434678692,7.385780653592775,gluc05_00,gluc05,5,0,5.0,2024-05-29T13:17:39,False,0.17081405039931072,,,,,,,,,,,,,,,
midpoint,24953192.747878056,1626.9099454171956,130.39693652472934,,,False,0.0,0.7362743685298091,19.935034239555183,75.59005216301264,0.7901387891472544,1265.600441005099,-26.88454050762094,3.678138434678692,7.385780653592775,gluc05_00,gluc05,5,0,5.0,2024-05-29T13:17:39,,,,,,,,,,,,,,,,,
sym,24953175.97450058,1809.361506891551,145.0205383667811,,,False,0.0,0.7362743685298091,19.935034239555183,75.59005216301264,0.7901387891472544,1265.600441005099,-26.88454050762094,3.678138434678692,7.385780653592775,gluc05_00,gluc05,5,0,5.0,2024-05-29T13:17:39,,,0.05063662988152419,True,9761.0,,,,,,,,,,,,
sym_lin,24953321.929770797,1699.420706900797,136.20797356629998,,,False,0.0,0.7362743685298091,19.935034239555183,75.59005216301264,0.7901387891472544,1265.600441005099,-26.88454050762094,3.678138434678692,7.385780653592775,gluc05_00,gluc05,5,0,5.0,2024-05-29T13:17:39,,,0.014792127948155242,True,9761.0,,,,,,,,,,,,
psl,24953588.666455947,1702.495664408811,136.45297172806283,,,False,0.0,0.7362743685298091,19.935034239555183,75.59005216301264,0.7901387891472544,1265.600441005099,-26.88454050762094,3.678138434678692,7.385780653592775,gluc05_00,gluc05,5,0,5.0,2024-05-29T13:17:39,,,0.0023943588907730778,True,9761.0,-14.264359469664527,True,ok,0.0007029149223872073,9.69059946435806e-05,-213.02814123261354,-219.6664559468627,1.01553607633149,0.9556029888523313,,,
circle,24953493.028570183,1594.5455887313296,127.80139332843503,,,False,0.0,0.7362743685298091,19.935034239555183,75.59005216301264,0.7901387891472544,1265.600441005099,-26.88454050762094,3.678138434678692,7.385780653592775,gluc05_00,gluc05,5,0,5.0,2024-05-29T13:17:39,,,0.09140923030520298,,,,,,,,,,,,-14.847795894330067,1636.4495461522918,3.176201309187053e-12
mag_argmax,34928171.0,,,2271.201188839972,,False,0.0,0.4039044192804726,36.03532811320693,60.45226517148453,0.8233931882610818,1214.4866076824037,-25.12112041467466,3.12440008517064,6.329155391896349,gluc05_00,gluc05,7,0,5.0,2024-05-29T13:17:31,,,,,,,,,,,,,,,,,
argmax_hh,34929240.0,1904.0455248467624,109.02301480632057,,,False,0.0,0.4039044192804726,36.03532811320693,60.45226517148453,0.8233931882610818,1214.4866076824037,-25.12112041467466,3.12440008517064,6.329155391896349,gluc05_00,gluc05,7,0,5.0,2024-05-29T13:17:31,False,0.4999109228393898,,,,,,,,,,,,,,,
midpoint,34928749.74094331,1904.0455248467624,109.02454505062627,,,False,0.0,0.4039044192804726,36.03532811320693,60.45226517148453,0.8233931882610818,1214.4866076824037,-25.12112041467466,3.12440008517064,6.329155391896349,gluc05_00,gluc05,7,0,5.0,2024-05-29T13:17:31,,,,,,,,,,,,,,,,,
sym,34928645.449228,2640.94540886087,151.21945754808766,,,False,0.0,0.4039044192804726,36.03532811320693,60.45226517148453,0.8233931882610818,1214.4866076824037,-25.12112041467466,3.12440008517064,6.329155391896349,gluc05_00,gluc05,7,0,5.0,2024-05-29T13:17:31,,,0.0874191274287751,True,11425.0,,,,,,,,,,,,
sym_lin,34929056.12855235,1945.2466841934158,111.38272256966582,,,False,0.0,0.4039044192804726,36.03532811320693,60.45226517148453,0.8233931882610818,1214.4866076824037,-25.12112041467466,3.12440008517064,6.329155391896349,gluc05_00,gluc05,7,0,5.0,2024-05-29T13:17:31,,,0.03502129916015935,True,11425.0,,,,,,,,,,,,
psl,34929666.930129394,1919.9150923139623,109.93034065594796,,,False,0.0,0.4039044192804726,36.03532811320693,60.45226517148453,0.8233931882610818,1214.4866076824037,-25.12112041467466,3.12440008517064,6.329155391896349,gluc05_00,gluc05,7,0,5.0,2024-05-29T13:17:31,,,0.005989470207536529,True,11425.0,-27.85779607923286,True,ok,0.0004727759503056896,0.0003774570931394836,-476.1587233055848,-426.9301293939352,1.0597255401959766,0.9917342347426036,,,
circle,34929770.48891716,1951.8509431060284,111.7585896377607,,,False,0.0,0.4039044192804726,36.03532811320693,60.45226517148453,0.8233931882610818,1214.4866076824037,-25.12112041467466,3.12440008517064,6.329155391896349,gluc05_00,gluc05,7,0,5.0,2024-05-29T13:17:31,,,0.04996805846563919,,,,,,,,,,,,-27.84566713571764,2176.8520323309235,3.2317919286066317e-12
mag_argmax,44905119.0,,,4122.677565731108,,False,0.0,0.24092387004417262,43.322742827766376,57.07298796273233,0.8641491834432816,1157.2075969746431,-23.834547617544654,2.6099392177302074,5.376954002117419,gluc05_00,gluc05,9,0,5.0,2024-05-29T13:17:33,,,,,,,,,,,,,,,,,
argmax_hh,44906797.0,2253.692331239581,100.3719918496784,,,False,0.0,0.24092387004417262,43.322742827766376,57.07298796273233,0.8641491834432816,1157.2075969746431,-23.834547617544654,2.6099392177302074,5.376954002117419,gluc05_00,gluc05,9,0,5.0,2024-05-29T13:17:33,False,0.683501331236748,,,,,,,,,,,,,,,
midpoint,44906198.10727616,2253.692331239581,100.37333046345846,,,False,0.0,0.24092387004417262,43.322742827766376,57.07298796273233,0.8641491834432816,1157.2075969746431,-23.834547617544654,2.6099392177302074,5.376954002117419,gluc05_00,gluc05,9,0,5.0,2024-05-29T13:17:33,,,,,,,,,,,,,,,,,
sym,44906012.02377162,3272.8986438554452,145.76661325984108,,,False,0.0,0.24092387004417262,43.322742827766376,57.07298796273233,0.8641491834432816,1157.2075969746431,-23.834547617544654,2.6099392177302074,5.376954002117419,gluc05_00,gluc05,9,0,5.0,2024-05-29T13:17:33,,,0.09762274134654594,True,12644.0,,,,,,,,,,,,
sym_lin,44906592.11511595,2438.602033760064,108.60775306702507,,,False,0.0,0.24092387004417262,43.322742827766376,57.07298796273233,0.8641491834432816,1157.2075969746431,-23.834547617544654,2.6099392177302074,5.376954002117419,gluc05_00,gluc05,9,0,5.0,2024-05-29T13:17:33,,,0.03561215497060965,True,12644.0,,,,,,,,,,,,
psl,44907376.52794612,2303.746452115746,102.59991254141116,,,False,0.0,0.24092387004417262,43.322742827766376,57.07298796273233,0.8641491834432816,1157.2075969746431,-23.834547617544654,2.6099392177302074,5.376954002117419,gluc05_00,gluc05,9,0,5.0,2024-05-29T13:17:33,,,0.005884608518871944,True,12644.0,-30.822315756924468,True,ok,0.0003293825422153498,0.0005587689362814086,-635.040193415711,-579.5279461219907,1.0732995015346447,0.978272730130438,,,
circle,44907433.87071099,2323.093396435617,103.46141813062974,,,False,0.0,0.24092387004417262,43.322742827766376,57.07298796273233,0.8641491834432816,1157.2075969746431,-23.834547617544654,2.6099392177302074,5.376954002117419,gluc05_00,gluc05,9,0,5.0,2024-05-29T13:17:33,,,0.02334146608064059,,,,,,,,,,,,-30.636500984744924,2993.799896286935,3.356641867861196e-12
mag_argmax,4999321.0,943.0952038760297,377.2893174397202,509.75951299630105,4999211.152308842,True,4.575453818385733,1.0554050100823495,-4.575453818385733,82.5819508305324,1.6352654682579355,611.52150486325,-22.060529585324655,7.096586036202063,14.34325093117577,gluc05_01,gluc05,1,1,5.0,2024-05-29T13:25:32,,,,,,,,,,,,,,,,,
argmax_hh,4999358.0,839.558622921817,335.86657443688455,,,True,4.575453818385733,1.0554050100823495,-4.575453818385733,82.5819508305324,1.6352654682579355,611.52150486325,-22.060529585324655,7.096586036202063,14.34325093117577,gluc05_01,gluc05,1,1,5.0,2024-05-29T13:25:32,False,-0.015169108322720563,,,,,,,,,,,,,,,
midpoint,4999377.740565559,839.558622921817,335.86524823260953,,,True,4.575453818385733,1.0554050100823495,-4.575453818385733,82.5819508305324,1.6352654682579355,611.52150486325,-22.060529585324655,7.096586036202063,14.34325093117577,gluc05_01,gluc05,1,1,5.0,2024-05-29T13:25:32,,,,,,,,,,,,,,,,,
sym,4999379.633605609,859.6976630439289,343.9217367151233,,,True,4.575453818385733,1.0554050100823495,-4.575453818385733,82.5819508305324,1.6352654682579355,611.52150486325,-22.060529585324655,7.096586036202063,14.34325093117577,gluc05_01,gluc05,1,1,5.0,2024-05-29T13:25:32,,,0.008728069045676561,True,5037.0,,,,,,,,,,,,
sym_lin,4999374.439508357,859.2653708326659,343.74915551121103,,,True,4.575453818385733,1.0554050100823495,-4.575453818385733,82.5819508305324,1.6352654682579355,611.52150486325,-22.060529585324655,7.096586036202063,14.34325093117577,gluc05_01,gluc05,1,1,5.0,2024-05-29T13:25:32,,,0.0077050796604982395,True,5037.0,,,,,,,,,,,,
psl,4999367.417982496,859.5767645787256,343.87421155999346,,,True,4.575453818385733,1.0554050100823495,-4.575453818385733,82.5819508305324,1.6352654682579355,611.52150486325,-22.060529585324655,7.096586036202063,14.34325093117577,gluc05_01,gluc05,1,1,5.0,2024-05-29T13:25:32,,,0.008076437814055216,True,5037.0,0.8512812828700247,True,ok,0.0017522594092187452,-9.30960474726672e-05,6.385767663817153,-9.417982496321201,1.0000551880320763,0.9767116300930733,,,
circle,4999358.954276426,876.6565252307041,350.70757401039054,,,True,4.575453818385733,1.0554050100823495,-4.575453818385733,82.5819508305324,1.6352654682579355,611.52150486325,-22.060529585324655,7.096586036202063,14.34325093117577,gluc05_01,gluc05,1,1,5.0,2024-05-29T13:25:32,,,0.01653937732853207,,,,,,,,,,,,0.9829084789278612,597.7560114180862,4.3504188840478244e-12
mag_argmax,14975690.0,1549.6966157620773,206.9616312519927,764.6215962450951,14975070.27531309,True,-0.9698370835551806,0.9857198289758112,0.9698370835551806,67.91494877143947,1.1247049988866535,889.122037325255,-24.769534021791937,4.93389677895688,9.87026091752984,gluc05_01,gluc05,3,1,5.0,2024-05-29T13:25:33,,,,,,,,,,,,,,,,,
argmax_hh,14975959.0,1215.874646098353,162.37686629595512,,,True,-0.9698370835551806,0.9857198289758112,0.9698370835551806,67.91494877143947,1.1247049988866535,889.122037325255,-24.769534021791937,4.93389677895688,9.87026091752984,gluc05_01,gluc05,3,1,5.0,2024-05-29T13:25:33,False,0.15854661987854504,,,,,,,,,,,,,,,
midpoint,14975693.691684969,1215.874646098353,162.37974295286892,,,True,-0.9698370835551806,0.9857198289758112,0.9698370835551806,67.91494877143947,1.1247049988866535,889.122037325255,-24.769534021791937,4.93389677895688,9.87026091752984,gluc05_01,gluc05,3,1,5.0,2024-05-29T13:25:33,,,,,,,,,,,,,,,,,
sym,14975695.480326204,1435.2259405204852,191.6740284157037,,,True,-0.9698370835551806,0.9857198289758112,0.9698370835551806,67.91494877143947,1.1247049988866535,889.122037325255,-24.769534021791937,4.93389677895688,9.87026091752984,gluc05_01,gluc05,3,1,5.0,2024-05-29T13:25:33,,,0.06613141898475522,True,7295.0,,,,,,,,,,,,
sym_lin,14975855.695874594,1235.0571464893299,164.93977660716263,,,True,-0.9698370835551806,0.9857198289758112,0.9698370835551806,67.91494877143947,1.1247049988866535,889.122037325255,-24.769534021791937,4.93389677895688,9.87026091752984,gluc05_01,gluc05,3,1,5.0,2024-05-29T13:25:33,,,0.021060592818778482,True,7295.0,,,,,,,,,,,,
psl,14976123.65478885,1242.727256649058,165.9611372468438,,,True,-0.9698370835551806,0.9857198289758112,0.9698370835551806,67.91494877143947,1.1247049988866535,889.122037325255,-24.769534021791937,4.93389677895688,9.87026091752984,gluc05_01,gluc05,3,1,5.0,2024-05-29T13:25:33,,,0.007376760305497841,True,7295.0,-19.557351867564584,True,ok,0.0010044746384817397,0.00014420260342010177,-214.17998905860492,-164.65478884987533,1.0292748885902623,0.9783921931324564,,,
circle,14976159.981485547,1502.6224652145881,200.66859155781225,,,True,-0.9698370835551806,0.9857198289758112,0.9698370835551806,67.91494877143947,1.1247049988866535,889.122037325255,-24.769534021791937,4.93389677895688,9.87026091752984,gluc05_01,gluc05,3,1,5.0,2024-05-29T13:25:33,,,0.158263960037747,,,,,,,,,,,,-14.258900209057296,1032.556117111511,2.6839528993469205e-12
mag_argmax,24952568.0,,,1526.6986448653042,,False,0.0,0.7356613760771767,19.94236871650228,75.44250787325234,0.7902238698360067,1265.464178154385,-26.887792101446376,3.677088757798403,7.394774346980997,gluc05_01,gluc05,5,1,5.0,2024-05-29T13:25:26,,,,,,,,,,,,,,,,,
argmax_hh,24953373.0,1625.7426441833377,130.30243600200563,,,False,0.0,0.7356613760771767,19.94236871650228,75.44250787325234,0.7902238698360067,1265.464178154385,-26.887792101446376,3.677088757798403,7.394774346980997,gluc05_01,gluc05,5,1,5.0,2024-05-29T13:25:26,False,0.17227134181716564,,,,,,,,,,,,,,,
midpoint,24953194.234205972,1625.7426441833377,130.30336949445623,,,False,0.0,0.7356613760771767,19.94236871650228,75.44250787325234,0.7902238698360067,1265.464178154385,-26.887792101446376,3.677088757798403,7.394774346980997,gluc05_01,gluc05,5,1,5.0,2024-05-29T13:25:26,,,,,,,,,,,,,,,,,
sym,24953176.60942354,1811.2576357782762,145.17250962703136,,,False,0.0,0.7356613760771767,19.94236871650228,75.44250787325234,0.7902238698360067,1265.464178154385,-26.887792101446376,3.677088757798403,7.394774346980997,gluc05_01,gluc05,5,1,5.0,2024-05-29T13:25:26,,,0.05063581751477852,True,9755.0,,,,,,,,,,,,
sym_lin,24953322.886891052,1699.8903817706064,136.2456126164764,,,False,0.0,0.7356613760771767,19.94236871650228,75.44250787325234,0.7902238698360067,1265.464178154385,-26.887792101446376,3.677088757798403,7.394774346980997,gluc05_01,gluc05,5,1,5.0,2024-05-29T13:25:26,,,0.014755425590299404,True,9755.0,,,,,,,,,,,,
psl,24953589.682596516,1703.3876133418044,136.5244547985659,,,False,0.0,0.7356613760771767,19.94236871650228,75.44250787325234,0.7902238698360067,1265.464178154385,-26.887792101446376,3.677088757798403,7.394774346980997,gluc05_01,gluc05,5,1,5.0,2024-05-29T13:25:26,,,0.00240543189633844,True,9755.0,-14.27086537399444,True,ok,0.000702605715677931,9.718441736566928e-05,-213.23797232686695,-216.68259651586413,1.0155502893956854,0.9544173219587183,,,
circle,24953493.737054884,1594.5313914847684,127.80025180337427,,,False,0.0,0.7356613760771767,19.94236871650228,75.44250787325234,0.7902238698360067,1265.464178154385,-26.887792101446376,3.677088757798403,7.394774346980997,gluc05_01,gluc05,5,1,5.0,2024-05-29T13:25:26,,,0.09144776058863915,,,,,,,,,,,,-14.850187047223232,1637.3736935943448,3.1780043561003985e-12
mag_argmax,34928170.0,,,2251.9997563287616,,False,0.0,0.4038892909837222,36.02555847247497,60.43434202335599,0.8234063216300017,1214.4672365648303,-25.120366334262894,3.1210040505582883,6.32545179441383,gluc05_01,gluc05,7,1,5.0,2024-05-29T13:25:28,,,,,,,,,,,,,,,,,
argmax_hh,34929238.0,1905.476540133357,109.10495901074951,,,False,0.0,0.4038892909837222,36.02555847247497,60.43434202335599,0.8234063216300017,1214.4672365648303,-25.120366334262894,3.1210040505582883,6.32545179441383,gluc05_01,gluc05,7,1,5.0,2024-05-29T13:25:28,False,0.4999030291118075,,,,,,,,,,,,,,,
midpoint,34928746.38773394,1905.476540133357,109.10649463231297,,,False,0.0,0.4038892909837222,36.02555847247497,60.43434202335599,0.8234063216300017,1214.4672365648303,-25.120366334262894,3.1210040505582883,6.32545179441383,gluc05_01,gluc05,7,1,5.0,2024-05-29T13:25:28,,,,,,,,,,,,,,,,,
sym,34928645.408265196,2640.3021322509376,151.1826239689307,,,False,0.0,0.4038892909837222,36.02555847247497,60.43434202335599,0.8234063216300017,1214.4672365648303,-25.120366334262894,3.1210040505582883,6.32545179441383,gluc05_01,gluc05,7,1,5.0,2024-05-29T13:25:28,,,0.08756553167736361,True,11433.0,,,,,,,,,,,,
sym_lin,34929056.27763925,1945.7933446380619,111.41402328030904,,,False,0.0,0.4038892909837222,36.02555847247497,60.43434202335599,0.8234063216300017,1214.4672365648303,-25.120366334262894,3.1210040505582883,6.32545179441383,gluc05_01,gluc05,7,1,5.0,2024-05-29T13:25:28,,,0.035124299571594374,True,11433.0,,,,,,,,,,,,
psl,34929667.88893107,1919.312648607846,109.89584296712196,,,False,0.0,0.4038892909837222,36.02555847247497,60.43434202335599,0.8234063216300017,1214.4672365648303,-25.120366334262894,3.1210040505582883,6.32545179441383,gluc05_01,gluc05,7,1,5.0,2024-05-29T13:25:28,,,0.006077492072810382,True,11433.0,-27.8810660039535,True,ok,0.00047278848084322865,0.00037773637724995907,-476.4230569378957,-429.8889310732484,1.0598264799615114,0.9927911127535554,,,
circle,34929771.829745054,1951.3344941735825,111.72901464600406,,,False,0.0,0.4038892909837222,36.02555847247497,60.43434202335599,0.8234063216300017,1214.4672365648303,-25.120366334262894,3.1210040505582883,6.32545179441383,gluc05_01,gluc05,7,1,5.0,2024-05-29T13:25:28,,,0.04970649688462002,,,,,,,,,,,,-27.88428349536771,2177.5108015015244,3.233064905150046e-12
mag_argmax,44905121.0,,,4114.092679664493,,False,0.0,0.24086747934494382,43.33170871198537,57.080559102637835,0.8644883151594671,1156.75363387131,-23.826516585657796,2.627020560875031,5.384902532271455,gluc05_01,gluc05,9,1,5.0,2024-05-29T13:25:30,,,,,,,,,,,,,,,,,
argmax_hh,44906789.0,2246.6516204327345,100.05843973536983,,,False,0.0,0.24086747934494382,43.33170871198537,57.080559102637835,0.8644883151594671,1156.75363387131,-23.826516585657796,2.627020560875031,5.384902532271455,gluc05_01,gluc05,9,1,5.0,2024-05-29T13:25:30,False,0.6833409399072022,,,,,,,,,,,,,,,
midpoint,44906205.85868166,2246.6516204327345,100.05973907049163,,,False,0.0,0.24086747934494382,43.33170871198537,57.080559102637835,0.8644883151594671,1156.75363387131,-23.826516585657796,2.627020560875031,5.384902532271455,gluc05_01,gluc05,9,1,5.0,2024-05-29T13:25:30,,,,,,,,,,,,,,,,,
sym,44906012.29062666,3280.529611561407,146.1064763591204,,,False,0.0,0.24086747934494382,43.33170871198537,57.080559102637835,0.8644883151594671,1156.75363387131,-23.826516585657796,2.627020560875031,5.384902532271455,gluc05_01,gluc05,9,1,5.0,2024-05-29T13:25:30,,,0.09742162342614515,True,12642.0,,,,,,,,,,,,
sym_lin,44906592.89162091,2435.4889302916804,108.46910324145819,,,False,0.0,0.24086747934494382,43.33170871198537,57.080559102637835,0.8644883151594671,1156.75363387131,-23.826516585657796,2.627020560875031,5.384902532271455,gluc05_01,gluc05,9,1,5.0,2024-05-29T13:25:30,,,0.0355427224000673,True,12642.0,,,,,,,,,,,,
psl,44907377.236472204,2303.7174400057384,102.59861883604903,,,False,0.0,0.24086747934494382,43.33170871198537,57.080559102637835,0.8644883151594671,1156.75363387131,-23.826516585657796,2.627020560875031,5.384902532271455,gluc05_01,gluc05,9,1,5.0,2024-05-29T13:25:30,,,0.005861363978651107,True,12642.0,-30.82278395521701,True,ok,0.0003293789982129104,0.0005589914727513292,-635.0423238322329,-588.2364722043276,1.0733017597371226,0.9752288112326564,,,
circle,44907433.63788469,2323.546926099553,103.48161708975363,,,False,0.0,0.24086747934494382,43.33170871198537,57.080559102637835,0.8644883151594671,1156.75363387131,-23.826516585657796,2.627020560875031,5.384902532271455,gluc05_01,gluc05,9,1,5.0,2024-05-29T13:25:30,,,0.023395568796670208,,,,,,,,,,,,-30.611120471322497,2994.18386269867,3.3584516769710432e-12
mag_argmax,4999324.0,942.3283696305007,376.9823158613047,508.5292590847239,4999210.468673717,True,4.587032053420925,1.0555518547197595,-4.587032053420925,82.57207750417989,1.6355020407025884,611.433049371442,-22.060254059665283,7.094371829170428,14.349573246407692,gluc05_02,gluc05,1,2,5.0,2024-05-29T13:29:02,,,,,,,,,,,,,,,,,
argmax_hh,4999360.0,839.397785088513,335.80209670378326,,,True,4.587032053420925,1.0555518547197595,-4.587032053420925,82.57207750417989,1.6355020407025884,611.433049371442,-22.060254059665283,7.094371829170428,14.349573246407692,gluc05_02,gluc05,1,2,5.0,2024-05-29T13:29:02,False,-0.015231545734461761,,,,,,,,,,,,,,,
midpoint,4999377.918768005,839.397785088513,335.80089312206485,,,True,4.587032053420925,1.0555518547197595,-4.587032053420925,82.57207750417989,1.6355020407025884,611.433049371442,-22.060254059665283,7.094371829170428,14.349573246407692,gluc05_02,gluc05,1,2,5.0,2024-05-29T13:29:02,,,,,,,,,,,,,,,,,
sym,4999379.26848911,858.141967837191,343.2994064867316,,,True,4.587032053420925,1.0555518547197595,-4.587032053420925,82.57207750417989,1.6355020407025884,611.433049371442,-22.060254059665283,7.094371829170428,14.349573246407692,gluc05_02,gluc05,1,2,5.0,2024-05-29T13:29:02,,,0.008551458682150457,True,5037.0,,,,,,,,,,,,
sym_lin,4999374.02258472,857.7613196916842,343.14748839224245,,,True,4.587032053420925,1.0555518547197595,-4.587032053420925,82.57207750417989,1.6355020407025884,611.433049371442,-22.060254059665283,7.094371829170428,14.349573246407692,gluc05_02,gluc05,1,2,5.0,2024-05-29T13:29:02,,,0.007475819152152264,True,5037.0,,,,,,,,,,,,
psl,4999366.921559387,858.057092563843,343.26629992431145,,,True,4.587032053420925,1.0555518547197595,-4.587032053420925,82.57207750417989,1.6355020407025884,611.433049371442,-22.060254059665283,7.094371829170428,14.349573246407692,gluc05_02,gluc05,1,2,5.0,2024-05-29T13:29:02,,,0.007867735568083773,True,5037.0,0.8619111917777729,True,ok,0.0017510234684121177,-9.211890898399646e-05,6.454078858437531,-6.921559386886656,1.0000565749109582,0.9782540024002638,,,
circle,4999358.85677345,876.0708118227442,350.47326544114253,,,True,4.587032053420925,1.0555518547197595,-4.587032053420925,82.57207750417989,1.6355020407025884,611.433049371442,-22.060254059665283,7.094371829170428,14.349573246407692,gluc05_02,gluc05,1,2,5.0,2024-05-29T13:29:02,,,0.016677880660030613,,,,,,,,,,,,0.9731031363109292,597.7601068342029,4.348139782068192e-12
mag_argmax,14975691.0,1550.3179117441177,207.04459136398017,762.2059311680496,14975070.163407702,True,-0.9320574725575792,0.9862682973066682,0.9320574725575792,67.87632192256748,1.124266196290562,889.4690628424393,-24.768317805158095,4.93646068390018,9.870453548761583,gluc05_02,gluc05,3,2,5.0,2024-05-29T13:28:55,,,,,,,,,,,,,,,,,
argmax_hh,14975957.0,1215.648292221129,162.3466590109906,,,True,-0.9320574725575792,0.9862682973066682,0.9320574725575792,67.87632192256748,1.124266196290562,889.4690628424393,-24.768317805158095,4.93646068390018,9.870453548761583,gluc05_02,gluc05,3,2,5.0,2024-05-29T13:28:55,False,0.15834694153369333,,,,,,,,,,,,,,,
midpoint,14975694.177802162,1215.648292221129,162.3495081814682,,,True,-0.9320574725575792,0.9862682973066682,0.9320574725575792,67.87632192256748,1.124266196290562,889.4690628424393,-24.768317805158095,4.93646068390018,9.870453548761583,gluc05_02,gluc05,3,2,5.0,2024-05-29T13:28:55,,,,,,,,,,,,,,,,,
sym,14975696.428803561,1433.5123819462776,191.4451710157701,,,True,-0.9320574725575792,0.9862682973066682,0.9320574725575792,67.87632192256748,1.124266196290562,889.4690628424393,-24.768317805158095,4.93646068390018,9.870453548761583,gluc05_02,gluc05,3,2,5.0,2024-05-29T13:28:55,,,0.06613089005024864,True,7293.0,,,,,,,,,,,,
sym_lin,14975856.330389198,1235.0455966637005,164.93822715934184,,,True,-0.9320574725575792,0.9862682973066682,0.9320574725575792,67.87632192256748,1.124266196290562,889.4690628424393,-24.768317805158095,4.93646068390018,9.870453548761583,gluc05_02,gluc05,3,2,5.0,2024-05-29T13:28:55,,,0.021066351266475238,True,7293.0,,,,,,,,,,,,
psl,14976124.08779828,1242.2797619835346,165.90137136960232,,,True,-0.9320574725575792,0.9862682973066682,0.9320574725575792,67.87632192256748,1.124266196290562,889.4690628424393,-24.768317805158095,4.93646068390018,9.870453548761583,gluc05_02,gluc05,3,2,5.0,2024-05-29T13:28:55,,,0.007339777504977813,True,7293.0,-19.544725882310864,True,ok,0.0010041853806699156,0.00014407841246035825,-213.96192426311055,-167.08779828064144,1.0292369061133846,0.9785624216240282,,,
circle,14976160.958698241,1501.516988422874,200.52094693210202,,,True,-0.9320574725575792,0.9862682973066682,0.9320574725575792,67.87632192256748,1.124266196290562,889.4690628424393,-24.768317805158095,4.93646068390018,9.870453548761583,gluc05_02,gluc05,3,2,5.0,2024-05-29T13:28:55,,,0.15790729710587142,,,,,,,,,,,,-14.266876715790412,1032.5101484851734,2.6851890273499466e-12
mag_argmax,24952567.0,,,1537.2013531513512,,False,0.0,0.7356970449405493,19.964911648797123,75.53798119399134,0.7900591237327684,1265.7280575095826,-26.89153400726219,3.6660456809606043,7.3744131206607575,gluc05_02,gluc05,5,2,5.0,2024-05-29T13:28:57,,,,,,,,,,,,,,,,,
argmax_hh,24953375.0,1630.367027623579,130.6730674807379,,,False,0.0,0.7356970449405493,19.964911648797123,75.53798119399134,0.7900591237327684,1265.7280575095826,-26.89153400726219,3.6660456809606043,7.3744131206607575,gluc05_02,gluc05,5,2,5.0,2024-05-29T13:28:57,False,0.1705900827742343,,,,,,,,,,,,,,,
midpoint,24953192.375357844,1630.367027623579,130.67402383621456,,,False,0.0,0.7356970449405493,19.964911648797123,75.53798119399134,0.7900591237327684,1265.7280575095826,-26.89153400726219,3.6660456809606043,7.3744131206607575,gluc05_02,gluc05,5,2,5.0,2024-05-29T13:28:57,,,,,,,,,,,,,,,,,
sym,24953176.708681114,1811.5572736264053,145.1965250577632,,,False,0.0,0.7356970449405493,19.964911648797123,75.53798119399134,0.7900591237327684,1265.7280575095826,-26.89153400726219,3.6660456809606043,7.3744131206607575,gluc05_02,gluc05,5,2,5.0,2024-05-29T13:28:57,,,0.0506077973359201,True,9783.0,,,,,,,,,,,,
sym_lin,24953322.651049055,1700.0377300443308,136.25742381629166,,,False,0.0,0.7356970449405493,19.964911648797123,75.53798119399134,0.7900591237327684,1265.7280575095826,-26.89153400726219,3.6660456809606043,7.3744131206607575,gluc05_02,gluc05,5,2,5.0,2024-05-29T13:28:57,,,0.01488215604347224,True,9783.0,,,,,,,,,,,,
psl,24953589.747339148,1703.357712637511,136.52205793911023,,,False,0.0,0.7356970449405493,19.964911648797123,75.53798119399134,0.7900591237327684,1265.7280575095826,-26.89153400726219,3.6660456809606043,7.3744131206607575,gluc05_02,gluc05,5,2,5.0,2024-05-29T13:28:57,,,0.0024253142168628224,True,9783.0,-14.261420992909573,True,ok,0.0007022947162793515,9.728017809927462e-05,-213.091643708278,-214.7473391480744,1.0155296589630094,0.9571489391380323,,,
circle,24953494.393289085,1596.0145127770788,127.91911927223356,,,False,0.0,0.7356970449405493,19.964911648797123,75.53798119399134,0.7900591237327684,1265.7280575095826,-26.89153400726219,3.6660456809606043,7.3744131206607575,gluc05_02,gluc05,5,2,5.0,2024-05-29T13:28:57,,,0.09135664407061933,,,,,,,,,,,,-14.8620085725885,1637.4108857594526,3.177738802210625e-12
mag_argmax,34928175.0,,,2255.741395533085,,False,0.0,0.4034182289272922,36.054762318626345,60.43557491506425,0.8234219804785659,1214.4441412880533,-25.125842194614698,3.121558227407726,6.329753478788922,gluc05_02,gluc05,7,2,5.0,2024-05-29T13:28:59,,,,,,,,,,,,,,,,,
argmax_hh,34929245.0,1904.4975511915982,109.04888160002302,,,False,0.0,0.4034182289272922,36.054762318626345,60.43557491506425,0.8234219804785659,1214.4441412880533,-25.125842194614698,3.121558227407726,6.329753478788922,gluc05_02,gluc05,7,2,5.0,2024-05-29T13:28:59,False,0.4999058279377003,,,,,,,,,,,,,,,
midpoint,34928750.66265507,1904.4975511915982,109.05042493992426,,,False,0.0,0.4034182289272922,36.054762318626345,60.43557491506425,0.8234219804785659,1214.4441412880533,-25.125842194614698,3.121558227407726,6.329753478788922,gluc05_02,gluc05,7,2,5.0,2024-05-29T13:28:59,,,,,,,,,,,,,,,,,
sym,34928646.63849942,2642.5481461107174,151.31122447773402,,,False,0.0,0.4034182289272922,36.054762318626345,60.43557491506425,0.8234219804785659,1214.4441412880533,-25.125842194614698,3.121558227407726,6.329753478788922,gluc05_02,gluc05,7,2,5.0,2024-05-29T13:28:59,,,0.08741163352436092,True,11427.0,,,,,,,,,,,,
sym_lin,34929057.50494275,1944.6411806207789,111.34804770186518,,,False,0.0,0.4034182289272922,36.054762318626345,60.43557491506425,0.8234219804785659,1214.4441412880533,-25.125842194614698,3.121558227407726,6.329753478788922,gluc05_02,gluc05,7,2,5.0,2024-05-29T13:28:59,,,0.03504426554256976,True,11427.0,,,,,,,,,,,,
psl,34929668.49424034,1919.587584701812,109.9115833302763,,,False,0.0,0.4034182289272922,36.054762318626345,60.43557491506425,0.8234219804785659,1214.4441412880533,-25.125842194614698,3.121558227407726,6.329753478788922,gluc05_02,gluc05,7,2,5.0,2024-05-29T13:28:59,,,0.006036813621063859,True,11427.0,-27.866352223381202,True,ok,0.0004726453384082547,0.00037785476282870245,-476.2296456645022,-423.4942403435707,1.0597626445896489,0.9921389189894361,,,
circle,34929772.352041505,1952.5260654546275,111.79723965996648,,,False,0.0,0.4034182289272922,36.054762318626345,60.43557491506425,0.8234219804785659,1214.4441412880533,-25.125842194614698,3.121558227407726,6.329753478788922,gluc05_02,gluc05,7,2,5.0,2024-05-29T13:28:59,,,0.04977920886940773,,,,,,,,,,,,-27.861039428513614,2177.8890216199347,3.232972508541987e-12
mag_argmax,44905125.0,,,4114.9842282906175,,False,0.0,0.24102933383731337,43.31650525515222,57.07270015343025,0.8641999398331736,1157.1396315915522,-23.821468639939013,2.6214421035015865,5.368052963045748,gluc05_02,gluc05,9,2,5.0,2024-05-29T13:29:00,,,,,,,,,,,,,,,,,
argmax_hh,44906782.0,2252.958397254348,100.33933837674442,,,False,0.0,0.24102933383731337,43.31650525515222,57.07270015343025,0.8641999398331736,1157.1396315915522,-23.821468639939013,2.6214421035015865,5.368052963045748,gluc05_02,gluc05,9,2,5.0,2024-05-29T13:29:00,False,0.6837808226380587,,,,,,,,,,,,,,,
midpoint,44906199.23698044,2252.958397254348,100.34064051446275,,,False,0.0,0.24102933383731337,43.31650525515222,57.07270015343025,0.8641999398331736,1157.1396315915522,-23.821468639939013,2.6214421035015865,5.368052963045748,gluc05_02,gluc05,9,2,5.0,2024-05-29T13:29:00,,,,,,,,,,,,,,,,,
sym,44906015.29394579,3262.710022587408,145.31282730076853,,,False,0.0,0.24102933383731337,43.31650525515222,57.07270015343025,0.8641999398331736,1157.1396315915522,-23.821468639939013,2.6214421035015865,5.368052963045748,gluc05_02,gluc05,9,2,5.0,2024-05-29T13:29:00,,,0.0975485624166539,True,12665.0,,,,,,,,,,,,
sym_lin,44906592.65394451,2439.6572698092127,108.6547486962326,,,False,0.0,0.24102933383731337,43.31650525515222,57.07270015343025,0.8641999398331736,1157.1396315915522,-23.821468639939013,2.6214421035015865,5.368052963045748,gluc05_02,gluc05,9,2,5.0,2024-05-29T13:29:00,,,0.035526122623753625,True,12665.0,,,,,,,,,,,,
psl,44907375.891160846,2305.0629143615106,102.65854410857341,,,False,0.0,0.24102933383731337,43.31650525515222,57.07270015343025,0.8641999398331736,1157.1396315915522,-23.821468639939013,2.6214421035015865,5.368052963045748,gluc05_02,gluc05,9,2,5.0,2024-05-29T13:29:00,,,0.00580172652800334,True,12665.0,-30.747046395137605,True,ok,0.0003294244642868848,0.0005587660149640485,-633.774250936427,-593.8911608457565,1.0729369367828199,0.9773956204047491,,,
circle,44907433.87616021,2322.48624005827,103.43437776751688,,,False,0.0,0.24102933383731337,43.31650525515222,57.07270015343025,0.8641999398331736,1157.1396315915522,-23.821468639939013,2.6214421035015865,5.368052963045748,gluc05_02,gluc05,9,2,5.0,2024-05-29T13:29:00,,,0.02298508408589458,,,,,,,,,,,,-30.582513215938818,2995.091966897717,3.3577068398880818e-12
mag_argmax,4999300.0,974.6840810556896,389.9282223734081,516.9919738462195,4999175.529819796,True,4.32589017822671,1.0524963388703539,-4.32589017822671,82.40365464170813,1.5809339099941433,632.537510694362,-22.33229220122675,6.837908680048496,13.827362683429161,gluc075_00,gluc075,1,0,7.5,2024-05-29T13:31:57,,,,,,,,,,,,,,,,,
argmax_hh,4999335.0,871.026549005881,348.4569643786147,,,True,4.32589017822671,1.0524963388703539,-4.32589017822671,82.40365464170813,1.5809339099941433,632.537510694362,-22.33229220122675,6.837908680048496,13.827362683429161,gluc075_00,gluc075,1,0,7.5,2024-05-29T13:31:57,False,-0.014857829877601066,,,,,,,,,,,,,,,
midpoint,4999354.137493813,871.026549005881,348.4556304877127,,,True,4.32589017822671,1.0524963388703539,-4.32589017822671,82.40365464170813,1.5809339099941433,632.537510694362,-22.33229220122675,6.837908680048496,13.827362683429161,gluc075_00,gluc075,1,0,7.5,2024-05-29T13:31:57,,,,,,,,,,,,,,,,,
sym,4999356.021094777,891.161227405519,356.5104079986563,,,True,4.32589017822671,1.0524963388703539,-4.32589017822671,82.40365464170813,1.5809339099941433,632.537510694362,-22.33229220122675,6.837908680048496,13.827362683429161,gluc075_00,gluc075,1,0,7.5,2024-05-29T13:31:57,,,0.008740354768130574,True,5227.0,,,,,,,,,,,,
sym_lin,4999349.801171128,890.6463216262248,356.3048624513474,,,True,4.32589017822671,1.0524963388703539,-4.32589017822671,82.40365464170813,1.5809339099941433,632.537510694362,-22.33229220122675,6.837908680048496,13.827362683429161,gluc075_00,gluc075,1,0,7.5,2024-05-29T13:31:57,,,0.007350928391602988,True,5227.0,,,,,,,,,,,,
psl,4999340.643722684,890.9835062859852,356.4404067583311,,,True,4.32589017822671,1.0524963388703539,-4.32589017822671,82.40365464170813,1.5809339099941433,632.537510694362,-22.33229220122675,6.837908680048496,13.827362683429161,gluc075_00,gluc075,1,0,7.5,2024-05-29T13:31:57,,,0.007765997511950428,True,5227.0,1.0339177330840492,True,ok,0.0016878953341128056,-8.621027049673404e-05,8.03923651478429,-5.643722684122622,1.0000814090347017,0.9776012045797641,,,
circle,4999331.017716459,910.0229155059536,364.0578758562077,,,True,4.32589017822671,1.0524963388703539,-4.32589017822671,82.40365464170813,1.5809339099941433,632.537510694362,-22.33229220122675,6.837908680048496,13.827362683429161,gluc075_00,gluc075,1,0,7.5,2024-05-29T13:31:57,,,0.01764567091175494,,,,,,,,,,,,1.1912581068348156,621.3582650850334,4.3941836227479485e-12
mag_argmax,14975625.0,1624.4494348373264,216.94579489501461,787.4781755637378,14974962.17859534,True,-1.7818112791514018,0.973677225767853,1.7818112791514018,67.69086204353556,1.0969344553468023,911.6314973293861,-24.96499441940777,4.798084214240179,9.56504830801547,gluc075_00,gluc075,3,0,7.5,2024-05-29T13:31:59,,,,,,,,,,,,,,,,,
argmax_hh,14975891.0,1253.2085164645687,167.3634665829991,,,True,-1.7818112791514018,0.973677225767853,1.7818112791514018,67.69086204353556,1.0969344553468023,911.6314973293861,-24.96499441940777,4.798084214240179,9.56504830801547,gluc075_00,gluc075,3,0,7.5,2024-05-29T13:31:59,False,0.1685523988222481,,,,,,,,,,,,,,,
midpoint,14975620.325363219,1253.2085164645687,167.36649156924634,,,True,-1.7818112791514018,0.973677225767853,1.7818112791514018,67.69086204353556,1.0969344553468023,911.6314973293861,-24.96499441940777,4.798084214240179,9.56504830801547,gluc075_00,gluc075,3,0,7.5,2024-05-29T13:31:59,,,,,,,,,,,,,,,,,
sym,14975615.105799943,1499.9853718514325,200.32370774146025,,,True,-1.7818112791514018,0.973677225767853,1.7818112791514018,67.69086204353556,1.0969344553468023,911.6314973293861,-24.96499441940777,4.798084214240179,9.56504830801547,gluc075_00,gluc075,3,0,7.5,2024-05-29T13:31:59,,,0.06805041737921437,True,7519.0,,,,,,,,,,,,
sym_lin,14975788.6548483,1278.5380528348237,170.7473418998747,,,True,-1.7818112791514018,0.973677225767853,1.7818112791514018,67.69086204353556,1.0969344553468023,911.6314973293861,-24.96499441940777,4.798084214240179,9.56504830801547,gluc075_00,gluc075,3,0,7.5,2024-05-29T13:31:59,,,0.021713469467998337,True,7519.0,,,,,,,,,,,,
psl,14976075.242305217,1285.520033967267,171.67649242785072,,,True,-1.7818112791514018,0.973677225767853,1.7818112791514018,67.69086204353556,1.0969344553468023,911.6314973293861,-24.96499441940777,4.798084214240179,9.56504830801547,gluc075_00,gluc075,3,0,7.5,2024-05-29T13:31:59,,,0.007170290486652626,True,7519.0,-20.233182886185137,True,ok,0.0009728279311256382,0.00014987677569306898,-229.37008048742373,-184.2423052173108,1.0313445641217023,0.9748650222097426,,,
circle,14976112.685493037,1570.0719658224252,209.67683654561603,,,True,-1.7818112791514018,0.973677225767853,1.7818112791514018,67.69086204353556,1.0969344553468023,911.6314973293861,-24.96499441940777,4.798084214240179,9.56504830801547,gluc075_00,gluc075,3,0,7.5,2024-05-29T13:31:59,,,0.1634273516376763,,,,,,,,,,,,-14.764610131155997,1065.913996509007,2.623894191542805e-12
mag_argmax,24952448.0,,,1581.493124421686,,False,0.0,0.7207093316881533,21.059033325990328,75.4018508863193,0.7687477260054045,1300.8168560006507,-27.041422064437498,3.5818310122549195,7.1923932893140226,gluc075_00,gluc075,5,0,7.5,2024-05-29T13:32:01,,,,,,,,,,,,,,,,,
argmax_hh,24953307.0,1670.6539140250534,133.90240532247316,,,False,0.0,0.7207093316881533,21.059033325990328,75.4018508863193,0.7687477260054045,1300.8168560006507,-27.041422064437498,3.5818310122549195,7.1923932893140226,gluc075_00,gluc075,5,0,7.5,2024-05-29T13:32:01,False,0.1771609036361961,,,,,,,,,,,,,,,
midpoint,24953127.13741219,1670.6539140250534,133.90337049341156,,,False,0.0,0.7207093316881533,21.059033325990328,75.4018508863193,0.7687477260054045,1300.8168560006507,-27.041422064437498,3.5818310122549195,7.1923932893140226,gluc075_00,gluc075,5,0,7.5,2024-05-29T13:32:01,,,,,,,,,,,,,,,,,
sym,24953108.581730478,1866.4546909766018,149.59696783775746,,,False,0.0,0.7207093316881533,21.059033325990328,75.4018508863193,0.7687477260054045,1300.8168560006507,-27.041422064437498,3.5818310122549195,7.1923932893140226,gluc075_00,gluc075,5,0,7.5,2024-05-29T13:32:01,,,0.0509639128460672,True,10023.0,,,,,,,,,,,,
sym_lin,24953260.207438566,1751.4007995835768,140.37450698017284,,,False,0.0,0.7207093316881533,21.059033325990328,75.4018508863193,0.7687477260054045,1300.8168560006507,-27.041422064437498,3.5818310122549195,7.1923932893140226,gluc075_00,gluc075,5,0,7.5,2024-05-29T13:32:01,,,0.015225223099794365,True,10023.0,,,,,,,,,,,,
psl,24953537.02633461,1753.5615734709859,140.54613352971742,,,False,0.0,0.7207093316881533,21.059033325990328,75.4018508863193,0.7687477260054045,1300.8168560006507,-27.041422064437498,3.5818310122549195,7.1923932893140226,gluc075_00,gluc075,5,0,7.5,2024-05-29T13:32:01,,,0.0022950146141514642,True,10023.0,-14.370775926893238,True,ok,0.0006814235924916607,9.713555341385874e-05,-221.07201367465282,-230.02633460983634,1.0157693809835968,0.9527204172923192,,,
circle,24953439.091438826,1646.069164478809,131.93124670687592,,,False,0.0,0.7207093316881533,21.059033325990328,75.4018508863193,0.7687477260054045,1300.8168560006507,-27.041422064437498,3.5818310122549195,7.1923932893140226,gluc075_00,gluc075,5,0,7.5,2024-05-29T13:32:01,,,0.08938653278494921,,,,,,,,,,,,-14.95934214647442,1683.714272521473,3.182748296523575e-12
mag_argmax,34928040.0,,,2373.9185062348843,,False,0.0,0.3897502572974705,36.81792928820757,60.33256011736613,0.8082237919353532,1237.2810723691073,-25.182013058566735,3.0196340217951354,6.126153020491999,gluc075_00,gluc075,7,0,7.5,2024-05-29T13:31:53,,,,,,,,,,,,,,,,,
argmax_hh,34929149.0,1968.119300916791,112.69208424841905,,,False,0.0,0.3897502572974705,36.81792928820757,60.33256011736613,0.8082237919353532,1237.2810723691073,-25.182013058566735,3.0196340217951354,6.126153020491999,gluc075_00,gluc075,7,0,7.5,2024-05-29T13:31:53,False,0.50986306007772,,,,,,,,,,,,,,,
midpoint,34928654.450628325,1968.119300916791,112.69367983806698,,,False,0.0,0.3897502572974705,36.81792928820757,60.33256011736613,0.8082237919353532,1237.2810723691073,-25.182013058566735,3.0196340217951354,6.126153020491999,gluc075_00,gluc075,7,0,7.5,2024-05-29T13:31:53,,,,,,,,,,,,,,,,,
sym,34928545.36607113,2735.314822258518,156.62346047285132,,,False,0.0,0.3897502572974705,36.81792928820757,60.33256011736613,0.8082237919353532,1237.2810723691073,-25.182013058566735,3.0196340217951354,6.126153020491999,gluc075_00,gluc075,7,0,7.5,2024-05-29T13:31:53,,,0.08662277864532927,True,11809.0,,,,,,,,,,,,
sym_lin,34928967.06116488,2027.5168762482617,116.0937208763049,,,False,0.0,0.3897502572974705,36.81792928820757,60.33256011736613,0.8082237919353532,1237.2810723691073,-25.182013058566735,3.0196340217951354,6.126153020491999,gluc075_00,gluc075,7,0,7.5,2024-05-29T13:31:53,,,0.03440126487298802,True,11809.0,,,,,,,,,,,,
psl,34929594.39351257,2000.123205823393,114.52312805526728,,,False,0.0,0.3897502572974705,36.81792928820757,60.33256011736613,0.8082237919353532,1237.2810723691073,-25.182013058566735,3.0196340217951354,6.126153020491999,gluc075_00,gluc075,7,0,7.5,2024-05-29T13:31:53,,,0.006042511353895778,True,11809.0,-27.57119211403864,True,ok,0.00045662101234694366,0.0003770117035342478,-490.74425285042685,-445.3935125693679,1.0584895494993058,0.9839990332528405,,,
circle,34929705.875306346,2023.1945241614212,115.8437767202457,,,False,0.0,0.3897502572974705,36.81792928820757,60.33256011736613,0.8082237919353532,1237.2810723691073,-25.182013058566735,3.0196340217951354,6.126153020491999,gluc075_00,gluc075,7,0,7.5,2024-05-29T13:31:53,,,0.05019909562079023,,,,,,,,,,,,-27.732436949055376,2256.4010533567225,3.2468516630570433e-12
mag_argmax,44904980.0,,,4391.833447478712,,False,0.0,0.2293884361421691,43.92184507406862,56.996088735273254,0.8531254901954861,1172.16049865168,-23.853295730795228,2.541701599731649,5.223170904540192,gluc075_00,gluc075,9,0,7.5,2024-05-29T13:31:55,,,,,,,,,,,,,,,,,
argmax_hh,44906681.0,2318.1320736557245,103.2421912301078,,,False,0.0,0.2293884361421691,43.92184507406862,56.996088735273254,0.8531254901954861,1172.16049865168,-23.853295730795228,2.541701599731649,5.223170904540192,gluc075_00,gluc075,9,0,7.5,2024-05-29T13:31:55,False,0.692810811377729,,,,,,,,,,,,,,,
midpoint,44906098.20688543,2318.1320736557245,103.24353111133965,,,False,0.0,0.2293884361421691,43.92184507406862,56.996088735273254,0.8531254901954861,1172.16049865168,-23.853295730795228,2.541701599731649,5.223170904540192,gluc075_00,gluc075,9,0,7.5,2024-05-29T13:31:55,,,,,,,,,,,,,,,,,
sym,44905908.69561498,3301.4222355478496,147.03732009637434,,,False,0.0,0.2293884361421691,43.92184507406862,56.996088735273254,0.8531254901954861,1172.16049865168,-23.853295730795228,2.541701599731649,5.223170904540192,gluc075_00,gluc075,9,0,7.5,2024-05-29T13:31:55,,,0.09736489870429872,True,12847.0,,,,,,,,,,,,
sym_lin,44906495.59684806,2562.4844478312957,114.1253359351939,,,False,0.0,0.2293884361421691,43.92184507406862,56.996088735273254,0.8531254901954861,1172.16049865168,-23.853295730795228,2.541701599731649,5.223170904540192,gluc075_00,gluc075,9,0,7.5,2024-05-29T13:31:55,,,0.03401190762314242,True,12847.0,,,,,,,,,,,,
psl,44907292.65534009,2402.9380629877683,107.01772121646822,,,False,0.0,0.2293884361421691,43.92184507406862,56.996088735273254,0.8531254901954861,1172.16049865168,-23.853295730795228,2.541701599731649,5.223170904540192,gluc075_00,gluc075,9,0,7.5,2024-05-29T13:31:55,,,0.005607285444189327,True,12847.0,-30.485511963896805,True,ok,0.00031719457390445274,0.0005583432509801861,-654.7897300171815,-611.655340090394,1.0716844494717177,0.9647073760916677,,,
circle,44907360.80225418,2416.9939267252284,107.64355257340816,,,False,0.0,0.2293884361421691,43.92184507406862,56.996088735273254,0.8531254901954861,1172.16049865168,-23.853295730795228,2.541701599731649,5.223170904540192,gluc075_00,gluc075,9,0,7.5,2024-05-29T13:31:55,,,0.02363682930184598,,,,,,,,,,,,-30.555162938665372,3113.439500004586,3.3692582786856288e-12
mag_argmax,4999287.0,973.6645558723249,389.5213680960204,511.49497916642576,4999175.310515683,True,4.404412883941178,1.0534608336410192,-4.404412883941178,82.38578757518266,1.580379256819113,632.7595073683367,-22.33216726844446,6.8471821381757785,13.828757886512028,gluc075_01,gluc075,1,1,7.5,2024-05-29T13:39:37,,,,,,,,,,,,,,,,,
argmax_hh,4999329.0,870.577104523778,348.2775806608359,,,True,4.404412883941178,1.0534608336410192,-4.404412883941178,82.38578757518266,1.580379256819113,632.7595073683367,-22.33216726844446,6.8471821381757785,13.828757886512028,gluc075_01,gluc075,1,1,7.5,2024-05-29T13:39:37,False,-0.015040883720957236,,,,,,,,,,,,,,,
midpoint,4999354.166663218,870.577104523778,348.27582743746206,,,True,4.404412883941178,1.0534608336410192,-4.404412883941178,82.38578757518266,1.580379256819113,632.7595073683367,-22.33216726844446,6.8471821381757785,13.828757886512028,gluc075_01,gluc075,1,1,7.5,2024-05-29T13:39:37,,,,,,,,,,,,,,,,,
sym,4999356.590776935,890.77060916402,356.35409996852735,,,True,4.404412883941178,1.0534608336410192,-4.404412883941178,82.38578757518266,1.580379256819113,632.7595073683367,-22.33216726844446,6.8471821381757785,13.828757886512028,gluc075_01,gluc075,1,1,7.5,2024-05-29T13:39:37,,,0.00874829391708849,True,5223.0,,,,,,,,,,,,
sym_lin,4999350.392072702,890.0828998252787,356.0794223332105,,,True,4.404412883941178,1.0534608336410192,-4.404412883941178,82.38578757518266,1.580379256819113,632.7595073683367,-22.33216726844446,6.8471821381757785,13.828757886512028,gluc075_01,gluc075,1,1,7.5,2024-05-29T13:39:37,,,0.007370694436056558,True,5223.0,,,,,,,,,,,,
psl,4999341.206324181,890.4855673100699,356.24116480931656,,,True,4.404412883941178,1.0534608336410192,-4.404412883941178,82.38578757518266,1.580379256819113,632.7595073683367,-22.33216726844446,6.8471821381757785,13.828757886512028,gluc075_01,gluc075,1,1,7.5,2024-05-29T13:39:37,,,0.007773548110866059,True,5223.0,1.0350236294449475,True,ok,0.0016881933161229786,-8.699041888572494e-05,8.043338240109769,-12.206324180588126,1.0000815832832444,0.9776431381741196,,,
circle,4999331.337800177,909.5388077095844,363.8641835289128,,,True,4.404412883941178,1.0534608336410192,-4.404412883941178,82.38578757518266,1.580379256819113,632.7595073683367,-22.33216726844446,6.8471821381757785,13.828757886512028,gluc075_01,gluc075,1,1,7.5,2024-05-29T13:39:37,,,0.017578212713280916,,,,,,,,,,,,1.2177554674999134,621.0072980126795,4.402049322593974e-12
mag_argmax,14975624.0,1624.8925515301526,217.0049877761558,790.2837007269263,14974961.96511168,True,-1.8148511549148427,0.9731912907183758,1.8148511549148427,67.69632718419703,1.096733290634903,911.7987103510793,-24.96832420899471,4.795752519465233,9.560400041714576,gluc075_01,gluc075,3,1,7.5,2024-05-29T13:39:39,,,,,,,,,,,,,,,,,
argmax_hh,14975892.0,1253.8178264191374,167.44482751600205,,,True,-1.8148511549148427,0.9731912907183758,1.8148511549148427,67.69632718419703,1.096733290634903,911.7987103510793,-24.96832420899471,4.795752519465233,9.560400041714576,gluc075_01,gluc075,3,1,7.5,2024-05-29T13:39:39,False,0.16895904297187891,,,,,,,,,,,,,,,
midpoint,14975619.510489278,1253.8178264191374,167.44787426535962,,,True,-1.8148511549148427,0.9731912907183758,1.8148511549148427,67.69632718419703,1.096733290634903,911.7987103510793,-24.96832420899471,4.795752519465233,9.560400041714576,gluc075_01,gluc075,3,1,7.5,2024-05-29T13:39:39,,,,,,,,,,,,,,,,,
sym,14975614.169503173,1501.671680662188,200.54892756522014,,,True,-1.8148511549148427,0.9731912907183758,1.8148511549148427,67.69632718419703,1.096733290634903,911.7987103510793,-24.96832420899471,4.795752519465233,9.560400041714576,gluc075_01,gluc075,3,1,7.5,2024-05-29T13:39:39,,,0.06806785007982881,True,7523.0,,,,,,,,,,,,
sym_lin,14975788.08113796,1278.973313877072,170.80547707374973,,,True,-1.8148511549148427,0.9731912907183758,1.8148511549148427,67.69632718419703,1.096733290634903,911.7987103510793,-24.96832420899471,4.795752519465233,9.560400041714576,gluc075_01,gluc075,3,1,7.5,2024-05-29T13:39:39,,,0.021701501333161274,True,7523.0,,,,,,,,,,,,
psl,14976075.08476329,1286.2671111952516,171.77626366255387,,,True,-1.8148511549148427,0.9731912907183758,1.8148511549148427,67.69632718419703,1.096733290634903,911.7987103510793,-24.96832420899471,4.795752519465233,9.560400041714576,gluc075_01,gluc075,3,1,7.5,2024-05-29T13:39:39,,,0.007154721790215414,True,7523.0,-20.252743102663608,True,ok,0.0009725480931452226,0.00015001538189805296,-229.72993465622199,-183.08476329036057,1.031405536123302,0.9747725145938304,,,
circle,14976112.417683838,1571.3142522632736,209.84274268772998,,,True,-1.8148511549148427,0.9731912907183758,1.8148511549148427,67.69632718419703,1.096733290634903,911.7987103510793,-24.96832420899471,4.795752519465233,9.560400041714576,gluc075_01,gluc075,3,1,7.5,2024-05-29T13:39:39,,,0.16360781011038505,,,,,,,,,,,,-14.77292269296133,1066.3377981828824,2.621453972656562e-12
mag_argmax,24952442.0,,,1583.335582781583,,False,0.0,0.7202904513838051,21.069542370516945,75.32650377777284,0.7683105211911094,1301.5570819591317,-27.05394922293745,3.571657718438778,7.182748258794076,gluc075_01,gluc075,5,1,7.5,2024-05-29T13:39:41,,,,,,,,,,,,,,,,,
argmax_hh,24953315.0,1673.7326113693416,134.14911897431998,,,False,0.0,0.7202904513838051,21.069542370516945,75.32650377777284,0.7683105211911094,1301.5570819591317,-27.05394922293745,3.571657718438778,7.182748258794076,gluc075_01,gluc075,5,1,7.5,2024-05-29T13:39:41,False,0.1767356657032568,,,,,,,,,,,,,,,
midpoint,24953127.061704084,1673.7326113693416,134.15012933894306,,,False,0.0,0.7202904513838051,21.069542370516945,75.32650377777284,0.7683105211911094,1301.5570819591317,-27.05394922293745,3.571657718438778,7.182748258794076,gluc075_01,gluc075,5,1,7.5,2024-05-29T13:39:41,,,,,,,,,,,,,,,,,
sym,24953108.61776139,1870.0562252740117,149.88563180003337,,,False,0.0,0.7202904513838051,21.069542370516945,75.32650377777284,0.7683105211911094,1301.5570819591317,-27.05394922293745,3.571657718438778,7.182748258794076,gluc075_01,gluc075,5,1,7.5,2024-05-29T13:39:41,,,0.05099794489791526,True,10043.0,,,,,,,,,,,,
sym_lin,24953260.6952688,1752.2978044414742,140.44639903703762,,,False,0.0,0.7202904513838051,21.069542370516945,75.32650377777284,0.7683105211911094,1301.5570819591317,-27.05394922293745,3.571657718438778,7.182748258794076,gluc075_01,gluc075,5,1,7.5,2024-05-29T13:39:41,,,0.015233411323510526,True,10043.0,,,,,,,,,,,,
psl,24953538.30861039,1755.0866133771724,140.66835666119283,,,False,0.0,0.7202904513838051,21.069542370516945,75.32650377777284,0.7683105211911094,1301.5570819591317,-27.05394922293745,3.571657718438778,7.182748258794076,gluc075_01,gluc075,5,1,7.5,2024-05-29T13:39:41,,,0.002304272899902688,True,10043.0,-14.391807231507267,True,ok,0.0006815502304045703,9.693690162809831e-05,-221.59151897284642,-223.30861039087176,1.015815696943953,0.9536467309432166,,,
circle,24953441.083400186,1646.9242665171641,131.9997719763588,,,False,0.0,0.7202904513838051,21.069542370516945,75.32650377777284,0.7683105211911094,1301.5570819591317,-27.05394922293745,3.571657718438778,7.182748258794076,gluc075_01,gluc075,5,1,7.5,2024-05-29T13:39:41,,,0.08950258359904655,,,,,,,,,,,,-15.017526441617068,1683.508970084362,3.183318745667303e-12
mag_argmax,34928040.0,,,2380.1274296864867,,False,0.0,0.3891672685068595,36.85990026993156,60.3436888194088,0.8078883795709435,1237.7947564131123,-25.184464463703783,3.027931860379589,6.110695484830438,gluc075_01,gluc075,7,1,7.5,2024-05-29T13:39:33,,,,,,,,,,,,,,,,,
argmax_hh,34929152.0,1969.6612324863672,112.78036366221357,,,False,0.0,0.3891672685068595,36.85990026993156,60.3436888194088,0.8078883795709435,1237.7947564131123,-25.184464463703783,3.027931860379589,6.110695484830438,gluc075_01,gluc075,7,1,7.5,2024-05-29T13:39:33,False,0.5104278836449533,,,,,,,,,,,,,,,
midpoint,34928654.31992792,1969.6612324863672,112.78197061045161,,,False,0.0,0.3891672685068595,36.85990026993156,60.3436888194088,0.8078883795709435,1237.7947564131123,-25.184464463703783,3.027931860379589,6.110695484830438,gluc075_01,gluc075,7,1,7.5,2024-05-29T13:39:33,,,,,,,,,,,,,,,,,
sym,34928546.346883684,2735.7290123091775,156.64717249552862,,,False,0.0,0.3891672685068595,36.85990026993156,60.3436888194088,0.8078883795709435,1237.7947564131123,-25.184464463703783,3.027931860379589,6.110695484830438,gluc075_01,gluc075,7,1,7.5,2024-05-29T13:39:33,,,0.08665321661085182,True,11817.0,,,,,,,,,,,,
sym_lin,34928968.2978792,2026.8080026478228,116.0531273276048,,,False,0.0,0.3891672685068595,36.85990026993156,60.3436888194088,0.8078883795709435,1237.7947564131123,-25.184464463703783,3.027931860379589,6.110695484830438,gluc075_01,gluc075,7,1,7.5,2024-05-29T13:39:33,,,0.034390128674746195,True,11817.0,,,,,,,,,,,,
psl,34929595.79865379,1999.8360317226034,114.50668042369264,,,False,0.0,0.3891672685068595,36.85990026993156,60.3436888194088,0.8078883795709435,1237.7947564131123,-25.184464463703783,3.027931860379589,6.110695484830438,gluc075_01,gluc075,7,1,7.5,2024-05-29T13:39:33,,,0.006027842137980505,True,11817.0,-27.580034416048182,True,ok,0.0004564130460445725,0.00037714400789909944,-490.83740015074,-443.7986537888646,1.0585274823320738,0.9849113633530023,,,
circle,34929707.18452693,2024.0282318933223,115.89150869205804,,,False,0.0,0.3891672685068595,36.85990026993156,60.3436888194088,0.8078883795709435,1237.7947564131123,-25.184464463703783,3.027931860379589,6.110695484830438,gluc075_01,gluc075,7,1,7.5,2024-05-29T13:39:33,,,0.05013158750055099,,,,,,,,,,,,-27.73039721880991,2257.324544491725,3.246360550365844e-12
mag_argmax,44904981.0,,,4370.587223611772,,False,0.0,0.22905333065664546,43.928025571329265,56.979331149772634,0.8533972239647182,1171.7872661387316,-23.847834236176517,2.5328086223774076,5.195714042954569,gluc075_01,gluc075,9,1,7.5,2024-05-29T13:39:35,,,,,,,,,,,,,,,,,
argmax_hh,44906675.0,2329.0350277088583,103.72778780476882,,,False,0.0,0.22905333065664546,43.928025571329265,56.979331149772634,0.8533972239647182,1171.7872661387316,-23.847834236176517,2.5328086223774076,5.195714042954569,gluc075_01,gluc075,9,1,7.5,2024-05-29T13:39:35,False,0.6924933371090597,,,,,,,,,,,,,,,
midpoint,44906089.92248139,2329.0350277088583,103.72913926504525,,,False,0.0,0.22905333065664546,43.928025571329265,56.979331149772634,0.8533972239647182,1171.7872661387316,-23.847834236176517,2.5328086223774076,5.195714042954569,gluc075_01,gluc075,9,1,7.5,2024-05-29T13:39:35,,,,,,,,,,,,,,,,,
sym,44905911.522246644,3275.2731302106044,145.8726933351755,,,False,0.0,0.22905333065664546,43.928025571329265,56.979331149772634,0.8533972239647182,1171.7872661387316,-23.847834236176517,2.5328086223774076,5.195714042954569,gluc075_01,gluc075,9,1,7.5,2024-05-29T13:39:35,,,0.09766815731419812,True,12887.0,,,,,,,,,,,,
sym_lin,44906494.423623934,2566.317433590946,114.29604855732782,,,False,0.0,0.22905333065664546,43.928025571329265,56.979331149772634,0.8533972239647182,1171.7872661387316,-23.847834236176517,2.5328086223774076,5.195714042954569,gluc075_01,gluc075,9,1,7.5,2024-05-29T13:39:35,,,0.034031196754628706,True,12887.0,,,,,,,,,,,,
psl,44907291.81235409,2403.8752604251354,107.05946243517737,,,False,0.0,0.22905333065664546,43.928025571329265,56.979331149772634,0.8533972239647182,1171.7872661387316,-23.847834236176517,2.5328086223774076,5.195714042954569,gluc075_01,gluc075,9,1,7.5,2024-05-29T13:39:35,,,0.005478464107277768,True,12887.0,-30.451019942788005,True,ok,0.0003171807969331595,0.0005585542313381644,-654.26788265894,-616.8123540878296,1.0715201125227585,0.9688668401608155,,,
circle,44907361.01278868,2415.7967004961433,107.59023224758964,,,False,0.0,0.22905333065664546,43.928025571329265,56.979331149772634,0.8533972239647182,1171.7872661387316,-23.847834236176517,2.5328086223774076,5.195714042954569,gluc075_01,gluc075,9,1,7.5,2024-05-29T13:39:35,,,0.024421713154767932,,,,,,,,,,,,-30.520534583432244,3114.0487426910845,3.3691608410231297e-12
mag_argmax,4999293.0,973.066629936453,389.2816964064531,510.79319863114506,4999175.403143346,True,4.430499474508687,1.0537571618218882,-4.430499474508687,82.4169157067503,1.581343698938558,632.373595108532,-22.32780067051426,6.844931633714716,13.827680682873352,gluc075_02,gluc075,1,2,7.5,2024-05-29T13:41:18,,,,,,,,,,,,,,,,,
argmax_hh,4999331.0,870.7172429077327,348.3335041859532,,,True,4.430499474508687,1.0537571618218882,-4.430499474508687,82.4169157067503,1.581343698938558,632.373595108532,-22.32780067051426,6.844931633714716,13.827680682873352,gluc075_02,gluc075,1,2,7.5,2024-05-29T13:41:18,False,-0.015114507624814933,,,,,,,,,,,,,,,
midpoint,4999354.977242137,870.7172429077327,348.3318335550793,,,True,4.430499474508687,1.0537571618218882,-4.430499474508687,82.4169157067503,1.581343698938558,632.373595108532,-22.32780067051426,6.844931633714716,13.827680682873352,gluc075_02,gluc075,1,2,7.5,2024-05-29T13:41:18,,,,,,,,,,,,,,,,,
sym,4999356.213489906,889.5066695650995,355.84848591701393,,,True,4.430499474508687,1.0537571618218882,-4.430499474508687,82.4169157067503,1.581343698938558,632.373595108532,-22.32780067051426,6.844931633714716,13.827680682873352,gluc075_02,gluc075,1,2,7.5,2024-05-29T13:41:18,,,0.008595971936901191,True,5225.0,,,,,,,,,,,,
sym_lin,4999349.926748379,888.8700461214664,355.594250910776,,,True,4.430499474508687,1.0537571618218882,-4.430499474508687,82.4169157067503,1.581343698938558,632.373595108532,-22.32780067051426,6.844931633714716,13.827680682873352,gluc075_02,gluc075,1,2,7.5,2024-05-29T13:41:18,,,0.007138281272090145,True,5225.0,,,,,,,,,,,,
psl,4999340.548083832,889.253974833119,355.7485097405321,,,True,4.430499474508687,1.0537571618218882,-4.430499474508687,82.4169157067503,1.581343698938558,632.373595108532,-22.32780067051426,6.844931633714716,13.827680682873352,gluc075_02,gluc075,1,2,7.5,2024-05-29T13:41:18,,,0.007560164869636112,True,5225.0,1.055271113681069,True,ok,0.0016880200899979355,-8.649212122605054e-05,8.18935154076849,-9.548083831556141,1.000084806469385,0.9791547381850445,,,
circle,4999331.118686313,908.9321070014315,363.6214867241176,,,True,4.430499474508687,1.0537571618218882,-4.430499474508687,82.4169157067503,1.581343698938558,632.373595108532,-22.32780067051426,6.844931633714716,13.827680682873352,gluc075_02,gluc075,1,2,7.5,2024-05-29T13:41:18,,,0.01769948303934488,,,,,,,,,,,,1.2162617003552711,620.7365768423454,4.405673328971189e-12
mag_argmax,14975623.0,1627.108417790383,217.30093202671875,798.2009170465171,14974961.394750772,True,-1.749138256752003,0.9741590071067607,1.749138256752003,67.6885080994559,1.096681336086431,911.8419062081937,-24.97439722129125,4.791619732867178,9.568878967034456,gluc075_02,gluc075,3,2,7.5,2024-05-29T13:41:20,,,,,,,,,,,,,,,,,
argmax_hh,14975898.0,1253.438364234753,167.39408404554476,,,True,-1.749138256752003,0.9741590071067607,1.749138256752003,67.6885080994559,1.096681336086431,911.8419062081937,-24.97439722129125,4.791619732867178,9.568878967034456,gluc075_02,gluc075,3,2,7.5,2024-05-29T13:41:20,False,0.16848730184670324,,,,,,,,,,,,,,,
midpoint,14975620.085684288,1253.438364234753,167.39719050871994,,,True,-1.749138256752003,0.9741590071067607,1.749138256752003,67.6885080994559,1.096681336086431,911.8419062081937,-24.97439722129125,4.791619732867178,9.568878967034456,gluc075_02,gluc075,3,2,7.5,2024-05-29T13:41:20,,,,,,,,,,,,,,,,,
sym,14975615.920535399,1502.0644101092796,200.60135330388184,,,True,-1.749138256752003,0.9741590071067607,1.749138256752003,67.6885080994559,1.096681336086431,911.8419062081937,-24.97439722129125,4.791619732867178,9.568878967034456,gluc075_02,gluc075,3,2,7.5,2024-05-29T13:41:20,,,0.06799014498053725,True,7521.0,,,,,,,,,,,,
sym_lin,14975789.690990306,1277.6148387625628,170.62403587721292,,,True,-1.749138256752003,0.9741590071067607,1.749138256752003,67.6885080994559,1.096681336086431,911.8419062081937,-24.97439722129125,4.791619732867178,9.568878967034456,gluc075_02,gluc075,3,2,7.5,2024-05-29T13:41:20,,,0.02177525066616673,True,7521.0,,,,,,,,,,,,
psl,14976076.36701625,1285.2901469709027,171.64577897074074,,,True,-1.749138256752003,0.9741590071067607,1.749138256752003,67.6885080994559,1.096681336086431,911.8419062081937,-24.97439722129125,4.791619732867178,9.568878967034456,gluc075_02,gluc075,3,2,7.5,2024-05-29T13:41:20,,,0.007236355028938661,True,7521.0,-20.2397829427572,True,ok,0.0009727202321450344,0.00014967353259853205,-229.4054482509612,-178.36701625026762,1.0313651307078406,0.9752182160493362,,,
circle,14976113.18558865,1571.524655484488,209.87083043639774,,,True,-1.749138256752003,0.9741590071067607,1.749138256752003,67.6885080994559,1.096681336086431,911.8419062081937,-24.97439722129125,4.791619732867178,9.568878967034456,gluc075_02,gluc075,3,2,7.5,2024-05-29T13:41:20,,,0.16319797081929474,,,,,,,,,,,,-14.722510237095303,1065.159958952235,2.6227606826962213e-12
mag_argmax,24952446.0,,,1587.502249803394,,False,0.0,0.720538830094088,21.079098757566527,75.42764801515489,0.7686764306470422,1300.9375078122775,-27.03908887564134,3.5746321760806783,7.179735059328348,gluc075_02,gluc075,5,2,7.5,2024-05-29T13:41:13,,,,,,,,,,,,,,,,,
argmax_hh,24953306.0,1673.7386408690363,134.14965062096672,,,False,0.0,0.720538830094088,21.079098757566527,75.42764801515489,0.7686764306470422,1300.9375078122775,-27.03908887564134,3.5746321760806783,7.179735059328348,gluc075_02,gluc075,5,2,7.5,2024-05-29T13:41:13,False,0.17607627380901605,,,,,,,,,,,,,,,
midpoint,24953126.91670189,1673.7386408690363,134.15061338454956,,,False,0.0,0.720538830094088,21.079098757566527,75.42764801515489,0.7686764306470422,1300.9375078122775,-27.03908887564134,3.5746321760806783,7.179735059328348,gluc075_02,gluc075,5,2,7.5,2024-05-29T13:41:13,,,,,,,,,,,,,,,,,
sym,24953108.932293758,1866.0170437364782,149.5618881638849,,,False,0.0,0.720538830094088,21.079098757566527,75.42764801515489,0.7686764306470422,1300.9375078122775,-27.03908887564134,3.5746321760806783,7.179735059328348,gluc075_02,gluc075,5,2,7.5,2024-05-29T13:41:13,,,0.05099010179643733,True,10043.0,,,,,,,,,,,,
sym_lin,24953260.42376357,1751.7080700220756,140.39913344180735,,,False,0.0,0.720538830094088,21.079098757566527,75.42764801515489,0.7686764306470422,1300.9375078122775,-27.03908887564134,3.5746321760806783,7.179735059328348,gluc075_02,gluc075,5,2,7.5,2024-05-29T13:41:13,,,0.015231394132664446,True,10043.0,,,,,,,,,,,,
psl,24953537.555756748,1753.7239417465703,140.55914419572855,,,False,0.0,0.720538830094088,21.079098757566527,75.42764801515489,0.7686764306470422,1300.9375078122775,-27.03908887564134,3.5746321760806783,7.179735059328348,gluc075_02,gluc075,5,2,7.5,2024-05-29T13:41:13,,,0.002259554329490561,True,10043.0,-14.372750035290613,True,ok,0.0006813567672563814,9.713560529239896e-05,-221.1231757463557,-231.55575674772263,1.0157737255298558,0.9543911678608464,,,
circle,24953439.76762322,1646.7076044624876,131.98241363093118,,,False,0.0,0.720538830094088,21.079098757566527,75.42764801515489,0.7686764306470422,1300.9375078122775,-27.03908887564134,3.5746321760806783,7.179735059328348,gluc075_02,gluc075,5,2,7.5,2024-05-29T13:41:13,,,0.08955581212215825,,,,,,,,,,,,-14.970526207298748,1683.806920994349,3.183399191902188e-12
mag_argmax,34928038.0,,,2373.8362428992987,,False,0.0,0.3890320204715845,36.85855158654216,60.32812327577621,0.808158250502947,1237.3814155552614,-25.20822935798394,3.0147632014763324,6.13474575596322,gluc075_02,gluc075,7,2,7.5,2024-05-29T13:41:15,,,,,,,,,,,,,,,,,
argmax_hh,34929173.0,1967.3186925910413,112.64616500316463,,,False,0.0,0.3890320204715845,36.85855158654216,60.32812327577621,0.808158250502947,1237.3814155552614,-25.20822935798394,3.0147632014763324,6.13474575596322,gluc075_02,gluc075,7,2,7.5,2024-05-29T13:41:15,False,0.510587518409897,,,,,,,,,,,,,,,
midpoint,34928654.668147594,1967.3186925910413,112.64783664199318,,,False,0.0,0.3890320204715845,36.85855158654216,60.32812327577621,0.808158250502947,1237.3814155552614,-25.20822935798394,3.0147632014763324,6.13474575596322,gluc075_02,gluc075,7,2,7.5,2024-05-29T13:41:15,,,,,,,,,,,,,,,,,
sym,34928546.22915345,2744.3491168977966,157.14075810044446,,,False,0.0,0.3890320204715845,36.85855158654216,60.32812327577621,0.808158250502947,1237.3814155552614,-25.20822935798394,3.0147632014763324,6.13474575596322,gluc075_02,gluc075,7,2,7.5,2024-05-29T13:41:15,,,0.08623641825132959,True,11803.0,,,,,,,,,,,,
sym_lin,34928968.47285733,2023.0884866775898,115.84015074763488,,,False,0.0,0.3890320204715845,36.85855158654216,60.32812327577621,0.808158250502947,1237.3814155552614,-25.20822935798394,3.0147632014763324,6.13474575596322,gluc075_02,gluc075,7,2,7.5,2024-05-29T13:41:15,,,0.0343854544455381,True,11803.0,,,,,,,,,,,,
psl,34929595.34891958,1999.6876963306001,114.49818850492085,,,False,0.0,0.3890320204715845,36.85855158654216,60.32812327577621,0.808158250502947,1237.3814155552614,-25.20822935798394,3.0147632014763324,6.13474575596322,gluc075_02,gluc075,7,2,7.5,2024-05-29T13:41:15,,,0.0060628825134608245,True,11803.0,-27.572755563575928,True,ok,0.00045643734506636493,0.00037718075257570284,-490.66632316388757,-422.3489195778966,1.0584962556582196,0.9838129704958651,,,
circle,34929706.29169257,2024.6657851213479,115.92801658357372,,,False,0.0,0.3890320204715845,36.85855158654216,60.32812327577621,0.808158250502947,1237.3814155552614,-25.20822935798394,3.0147632014763324,6.13474575596322,gluc075_02,gluc075,7,2,7.5,2024-05-29T13:41:15,,,0.050103667089265315,,,,,,,,,,,,-27.713033475259312,2256.957477622902,3.246428395845015e-12
mag_argmax,44904981.0,,,4369.938252136111,,False,0.0,0.22901711705757655,43.94409063112741,56.997491907234895,0.8531779972806433,1172.0883604445103,-23.849510782037477,2.5423210539110896,5.212598276778559,gluc075_02,gluc075,9,2,7.5,2024-05-29T13:41:16,,,,,,,,,,,,,,,,,
argmax_hh,44906675.0,2321.1073168441653,103.37471286146949,,,False,0.0,0.22901711705757655,43.94409063112741,56.997491907234895,0.8531779972806433,1172.0883604445103,-23.849510782037477,2.5423210539110896,5.212598276778559,gluc075_02,gluc075,9,2,7.5,2024-05-29T13:41:16,False,0.6929144809663003,,,,,,,,,,,,,,,
midpoint,44906096.39255059,2321.1073168441653,103.37604482714337,,,False,0.0,0.22901711705757655,43.94409063112741,56.997491907234895,0.8531779972806433,1172.0883604445103,-23.849510782037477,2.5423210539110896,5.212598276778559,gluc075_02,gluc075,9,2,7.5,2024-05-29T13:41:16,,,,,,,,,,,,,,,,,
sym,44905908.77281836,3296.121247081862,146.8012267052487,,,False,0.0,0.22901711705757655,43.94409063112741,56.997491907234895,0.8531779972806433,1172.0883604445103,-23.849510782037477,2.5423210539110896,5.212598276778559,gluc075_02,gluc075,9,2,7.5,2024-05-29T13:41:16,,,0.0973766863803489,True,12865.0,,,,,,,,,,,,
sym_lin,44906494.932620175,2564.1983377113834,114.20166911529513,,,False,0.0,0.22901711705757655,43.94409063112741,56.997491907234895,0.8531779972806433,1172.0883604445103,-23.849510782037477,2.5423210539110896,5.212598276778559,gluc075_02,gluc075,9,2,7.5,2024-05-29T13:41:16,,,0.033905102480687295,True,12865.0,,,,,,,,,,,,
psl,44907292.07442025,2405.621984860764,107.13725427372344,,,False,0.0,0.22901711705757655,43.94409063112741,56.997491907234895,0.8531779972806433,1172.0883604445103,-23.849510782037477,2.5423210539110896,5.212598276778559,gluc075_02,gluc075,9,2,7.5,2024-05-29T13:41:16,,,0.005457727116077669,True,12865.0,-30.466582402841656,True,ok,0.0003171540379824957,0.0005583499319671566,-655.0942096706655,-617.0744202509522,1.0715942353636065,0.9648678518285614,,,
circle,44907362.26326968,2416.640233735946,107.62779695535792,,,False,0.0,0.22901711705757655,43.94409063112741,56.997491907234895,0.8531779972806433,1172.0883604445103,-23.849510782037477,2.5423210539110896,5.212598276778559,gluc075_02,gluc075,9,2,7.5,2024-05-29T13:41:16,,,0.024822961990206067,,,,,,,,,,,,-30.567313342682496,3115.0933807237916,3.3690587837326215e-12
mag_argmax,4999277.0,1005.8281094254926,402.38942928167114,489.9303786959499,4999137.770877966,True,4.014232077016455,1.0487820726609731,-4.014232077016455,82.28908404353098,1.5291192849994832,653.9712171639625,-22.60002344341475,6.599196464015593,13.314556486911595,gluc10_00,gluc10,1,0,10.0,2024-05-29T13:48:03,,,,,,,,,,,,,,,,,
argmax_hh,4999306.0,903.8979264409281,361.6093619558107,,,True,4.014232077016455,1.0487820726609731,-4.014232077016455,82.28908404353098,1.5291192849994832,653.9712171639625,-22.60002344341475,6.599196464015593,13.314556486911595,gluc10_00,gluc10,1,0,10.0,2024-05-29T13:48:03,False,-0.014229328609431166,,,,,,,,,,,,,,,
midpoint,4999326.702843515,903.8979264409281,361.6078644857554,,,True,4.014232077016455,1.0487820726609731,-4.014232077016455,82.28908404353098,1.5291192849994832,653.9712171639625,-22.60002344341475,6.599196464015593,13.314556486911595,gluc10_00,gluc10,1,0,10.0,2024-05-29T13:48:03,,,,,,,,,,,,,,,,,
sym,4999330.009332372,927.6946041957233,371.12757208024794,,,True,4.014232077016455,1.0487820726609731,-4.014232077016455,82.28908404353098,1.5291192849994832,653.9712171639625,-22.60002344341475,6.599196464015593,13.314556486911595,gluc10_00,gluc10,1,0,10.0,2024-05-29T13:48:03,,,0.008923840749039553,True,5423.0,,,,,,,,,,,,
sym_lin,4999322.826202181,926.9976416810338,370.8492825558308,,,True,4.014232077016455,1.0487820726609731,-4.014232077016455,82.28908404353098,1.5291192849994832,653.9712171639625,-22.60002344341475,6.599196464015593,13.314556486911595,gluc10_00,gluc10,1,0,10.0,2024-05-29T13:48:03,,,0.0072446805209696805,True,5423.0,,,,,,,,,,,,
psl,4999311.694113088,927.3823451671818,371.00401091582904,,,True,4.014232077016455,1.0487820726609731,-4.014232077016455,82.28908404353098,1.5291192849994832,653.9712171639625,-22.60002344341475,6.599196464015593,13.314556486911595,gluc10_00,gluc10,1,0,10.0,2024-05-29T13:48:03,,,0.00766573413533094,True,5423.0,1.1836865083849615,True,ok,0.001623985368887479,-8.0602836897272e-05,9.579841866318498,-5.694113087840378,1.0001067028116188,0.9746766596877363,,,
circle,4999299.801030236,947.3123701105974,378.9780200480791,,,True,4.014232077016455,1.0487820726609731,-4.014232077016455,82.28908404353098,1.5291192849994832,653.9712171639625,-22.60002344341475,6.599196464015593,13.314556486911595,gluc10_00,gluc10,1,0,10.0,2024-05-29T13:48:03,,,0.018652460879894667,,,,,,,,,,,,1.4232547736518506,647.0778014742475,4.437937787444648e-12
mag_argmax,14975556.0,1704.1180506795645,227.58661523880176,820.8290146607906,14974846.707582137,True,-2.6470562560565902,0.9608318029447066,2.6470562560565902,67.58177437474998,1.0710856314306636,933.6321678261022,-25.157692522915845,4.659379483260544,9.260758392040666,gluc10_00,gluc10,3,0,10.0,2024-05-29T13:48:05,,,,,,,,,,,,,,,,,
argmax_hh,14975821.0,1293.0906404266134,172.69045088434396,,,True,-2.6470562560565902,0.9608318029447066,2.6470562560565902,67.58177437474998,1.0710856314306636,933.6321678261022,-25.157692522915845,4.659379483260544,9.260758392040666,gluc10_00,gluc10,3,0,10.0,2024-05-29T13:48:05,False,0.17921733490471226,,,,,,,,,,,,,,,
midpoint,14975540.406385183,1293.0906404266134,172.69368654973852,,,True,-2.6470562560565902,0.9608318029447066,2.6470562560565902,67.58177437474998,1.0710856314306636,933.6321678261022,-25.157692522915845,4.659379483260544,9.260758392040666,gluc10_00,gluc10,3,0,10.0,2024-05-29T13:48:05,,,,,,,,,,,,,,,,,
sym,14975528.60763964,1569.7615885893779,209.6435631378751,,,True,-2.6470562560565902,0.9608318029447066,2.6470562560565902,67.58177437474998,1.0710856314306636,933.6321678261022,-25.157692522915845,4.659379483260544,9.260758392040666,gluc10_00,gluc10,3,0,10.0,2024-05-29T13:48:05,,,0.06994817292394535,True,7759.0,,,,,,,,,,,,
sym_lin,14975716.784726841,1323.0906586071499,176.6981410808355,,,True,-2.6470562560565902,0.9608318029447066,2.6470562560565902,67.58177437474998,1.0710856314306636,933.6321678261022,-25.157692522915845,4.659379483260544,9.260758392040666,gluc10_00,gluc10,3,0,10.0,2024-05-29T13:48:05,,,0.02234574066569064,True,7759.0,,,,,,,,,,,,
psl,14976023.39147468,1330.0137930504254,177.61908595943504,,,True,-2.6470562560565902,0.9608318029447066,2.6470562560565902,67.58177437474998,1.0710856314306636,933.6321678261022,-25.157692522915845,4.659379483260544,9.260758392040666,gluc10_00,gluc10,3,0,10.0,2024-05-29T13:48:05,,,0.006989253257521209,True,7759.0,-20.933137987389053,True,ok,0.0009424714316437355,0.00015566164936101014,-245.70087756077064,-202.39147467911243,1.0335639668315628,0.9722385190163121,,,
circle,14976062.345621059,1642.20279504494,219.3103577089626,,,True,-2.6470562560565902,0.9608318029447066,2.6470562560565902,67.58177437474998,1.0710856314306636,933.6321678261022,-25.157692522915845,4.659379483260544,9.260758392040666,gluc10_00,gluc10,3,0,10.0,2024-05-29T13:48:05,,,0.1677910203422344,,,,,,,,,,,,-15.295720495733043,1098.9504275884392,2.5562889773474287e-12
mag_argmax,24952339.0,,,1639.6646563187242,,False,0.0,0.7049494832521698,22.195918436109086,75.2275192762302,0.7473381568393933,1338.0823538157774,-27.210443699101198,3.477773238861909,6.993942769755415,gluc10_00,gluc10,5,0,10.0,2024-05-29T13:48:07,,,,,,,,,,,,,,,,,
argmax_hh,24953252.0,1718.9159814100713,137.77089907239917,,,False,0.0,0.7049494832521698,22.195918436109086,75.2275192762302,0.7473381568393933,1338.0823538157774,-27.210443699101198,3.477773238861909,6.993942769755415,gluc10_00,gluc10,5,0,10.0,2024-05-29T13:48:07,False,0.18227919401673542,,,,,,,,,,,,,,,
midpoint,24953060.350427322,1718.9159814100713,137.77195720849807,,,False,0.0,0.7049494832521698,22.195918436109086,75.2275192762302,0.7473381568393933,1338.0823538157774,-27.210443699101198,3.477773238861909,6.993942769755415,gluc10_00,gluc10,5,0,10.0,2024-05-29T13:48:07,,,,,,,,,,,,,,,,,
sym,24953039.054891333,1928.2000377984875,154.54630865257423,,,False,0.0,0.7049494832521698,22.195918436109086,75.2275192762302,0.7473381568393933,1338.0823538157774,-27.210443699101198,3.477773238861909,6.993942769755415,gluc10_00,gluc10,5,0,10.0,2024-05-29T13:48:07,,,0.051155560621647056,True,10313.0,,,,,,,,,,,,
sym_lin,24953196.379050445,1805.3248085383377,144.69687819665504,,,False,0.0,0.7049494832521698,22.195918436109086,75.2275192762302,0.7473381568393933,1338.0823538157774,-27.210443699101198,3.477773238861909,6.993942769755415,gluc10_00,gluc10,5,0,10.0,2024-05-29T13:48:07,,,0.0155836078667058,True,10313.0,,,,,,,,,,,,
psl,24953483.250606623,1807.7880060635996,144.89263786607043,,,False,0.0,0.7049494832521698,22.195918436109086,75.2275192762302,0.7473381568393933,1338.0823538157774,-27.210443699101198,3.477773238861909,6.993942769755415,gluc10_00,gluc10,5,0,10.0,2024-05-29T13:48:07,,,0.002348255142496395,True,10313.0,-14.443754849708979,True,ok,0.0006603410453913989,9.686958306051736e-05,-229.0780584711181,-231.2506066225469,1.0159303915125286,0.9508393548605047,,,
circle,24953384.97925311,1700.675379251474,136.30819070562646,,,False,0.0,0.7049494832521698,22.195918436109086,75.2275192762302,0.7473381568393933,1338.0823538157774,-27.210443699101198,3.477773238861909,6.993942769755415,gluc10_00,gluc10,5,0,10.0,2024-05-29T13:48:07,,,0.08802332615496238,,,,,,,,,,,,-15.130323260702658,1733.777402468408,3.188772879793862e-12
mag_argmax,34927912.0,,,2498.117517963052,,False,0.0,0.3747979353049171,37.672372024777424,60.25631416164725,0.793221335927595,1260.6821762183156,-25.276416791518056,2.9193502583208693,5.918238818331611,gluc10_00,gluc10,7,0,10.0,2024-05-29T13:47:59,,,,,,,,,,,,,,,,,
argmax_hh,34929085.0,2036.7545768283308,116.62226919647799,,,False,0.0,0.3747979353049171,37.672372024777424,60.25631416164725,0.793221335927595,1260.6821762183156,-25.276416791518056,2.9193502583208693,5.918238818331611,gluc10_00,gluc10,7,0,10.0,2024-05-29T13:47:59,False,0.519668525340882,,,,,,,,,,,,,,,
midpoint,34928552.86591521,2036.7545768283308,116.62404592867539,,,False,0.0,0.3747979353049171,37.672372024777424,60.25631416164725,0.793221335927595,1260.6821762183156,-25.276416791518056,2.9193502583208693,5.918238818331611,gluc10_00,gluc10,7,0,10.0,2024-05-29T13:47:59,,,,,,,,,,,,,,,,,
sym,34928441.746989496,2821.0564278911797,161.53348313251496,,,False,0.0,0.3747979353049171,37.672372024777424,60.25631416164725,0.793221335927595,1260.6821762183156,-25.276416791518056,2.9193502583208693,5.918238818331611,gluc10_00,gluc10,7,0,10.0,2024-05-29T13:47:59,,,0.08623975699851745,True,12057.0,,,,,,,,,,,,
sym_lin,34928876.15586017,2118.096062702047,121.28051605500538,,,False,0.0,0.3747979353049171,37.672372024777424,60.25631416164725,0.793221335927595,1260.6821762183156,-25.276416791518056,2.9193502583208693,5.918238818331611,gluc10_00,gluc10,7,0,10.0,2024-05-29T13:47:59,,,0.03319084734220022,True,12057.0,,,,,,,,,,,,
psl,34929516.71860241,2081.47936183827,119.18168685853799,,,False,0.0,0.3747979353049171,37.672372024777424,60.25631416164725,0.793221335927595,1260.6821762183156,-25.276416791518056,2.9193502583208693,5.918238818331611,gluc10_00,gluc10,7,0,10.0,2024-05-29T13:47:59,,,0.0058531496617558664,True,12057.0,-27.32144343060859,True,ok,0.00044051506372790375,0.0003765003287355455,-505.8985019000861,-431.71860241144896,1.0574233981868115,0.978512981761952,,,
circle,34929637.1389275,2096.345830032178,120.03249971903635,,,False,0.0,0.3747979353049171,37.672372024777424,60.25631416164725,0.793221335927595,1260.6821762183156,-25.276416791518056,2.9193502583208693,5.918238818331611,gluc10_00,gluc10,7,0,10.0,2024-05-29T13:47:59,,,0.050229543171011914,,,,,,,,,,,,-27.70941560079295,2340.6682696381,3.2607476740866877e-12
mag_argmax,44904824.0,,,4655.713875181973,,False,0.0,0.21806687793579635,44.493849377471186,56.90237198293008,0.8422264561647534,1187.3291235159008,-23.87836306006975,2.457105668039147,5.055702557662339,gluc10_00,gluc10,9,0,10.0,2024-05-29T13:48:01,,,,,,,,,,,,,,,,,
argmax_hh,44906557.0,2395.9083553366363,106.70639280302146,,,False,0.0,0.21806687793579635,44.493849377471186,56.90237198293008,0.8422264561647534,1187.3291235159008,-23.87836306006975,2.457105668039147,5.055702557662339,gluc10_00,gluc10,9,0,10.0,2024-05-29T13:48:01,False,0.7022083653303232,,,,,,,,,,,,,,,
midpoint,44905974.519233316,2395.9083553366363,106.70777690440565,,,False,0.0,0.21806687793579635,44.493849377471186,56.90237198293008,0.8422264561647534,1187.3291235159008,-23.87836306006975,2.457105668039147,5.055702557662339,gluc10_00,gluc10,9,0,10.0,2024-05-29T13:48:01,,,,,,,,,,,,,,,,,
sym,44905794.28770918,3304.6243680975476,147.18031027020632,,,False,0.0,0.21806687793579635,44.493849377471186,56.90237198293008,0.8422264561647534,1187.3291235159008,-23.87836306006975,2.457105668039147,5.055702557662339,gluc10_00,gluc10,9,0,10.0,2024-05-29T13:48:01,,,0.09723093496053282,True,13075.0,,,,,,,,,,,,
sym_lin,44906383.74609234,2701.16544623143,120.30206936743063,,,False,0.0,0.21806687793579635,44.493849377471186,56.90237198293008,0.8422264561647534,1187.3291235159008,-23.87836306006975,2.457105668039147,5.055702557662339,gluc10_00,gluc10,9,0,10.0,2024-05-29T13:48:01,,,0.032826750372004644,True,13075.0,,,,,,,,,,,,
psl,44907194.291954845,2508.367438664221,111.71338927818951,,,False,0.0,0.21806687793579635,44.493849377471186,56.90237198293008,0.8422264561647534,1187.3291235159008,-23.87836306006975,2.457105668039147,5.055702557662339,gluc10_00,gluc10,9,0,10.0,2024-05-29T13:48:01,,,0.0057198965153761275,True,13075.0,-30.13949223988436,True,ok,0.0003054717382366434,0.000557686515472457,-675.3887599133081,-637.29195484519,1.0700447531633794,0.9551664235493854,,,
circle,44907272.575126834,2508.0012865442936,111.69688750741103,,,False,0.0,0.21806687793579635,44.493849377471186,56.90237198293008,0.8422264561647534,1187.3291235159008,-23.87836306006975,2.457105668039147,5.055702557662339,gluc10_00,gluc10,9,0,10.0,2024-05-29T13:48:01,,,0.024140996621153498,,,,,,,,,,,,-30.451415280421873,3239.6534837683644,3.3799515953656536e-12
mag_argmax,4999264.0,1005.8476538108662,402.3982945533047,502.81059164274484,4999135.471865128,True,4.090844863142307,1.049757045086167,-4.090844863142307,82.21639480515684,1.5268537942830762,654.9415561229575,-22.60964437602353,6.5981610648881,13.302458768889682,gluc10_01,gluc10,1,1,10.0,2024-05-29T13:52:11,,,,,,,,,,,,,,,,,
argmax_hh,4999301.0,904.4944403916597,361.84836255774945,,,True,4.090844863142307,1.049757045086167,-4.090844863142307,82.21639480515684,1.5268537942830762,654.9415561229575,-22.60964437602353,6.5981610648881,13.302458768889682,gluc10_01,gluc10,1,1,10.0,2024-05-29T13:52:11,False,-0.014418247094472224,,,,,,,,,,,,,,,
midpoint,4999327.222364064,904.4944403916597,361.84646459846874,,,True,4.090844863142307,1.049757045086167,-4.090844863142307,82.21639480515684,1.5268537942830762,654.9415561229575,-22.60964437602353,6.5981610648881,13.302458768889682,gluc10_01,gluc10,1,1,10.0,2024-05-29T13:52:11,,,,,,,,,,,,,,,,,
sym,4999330.030815006,926.0307420326342,370.46193642937783,,,True,4.090844863142307,1.049757045086167,-4.090844863142307,82.21639480515684,1.5268537942830762,654.9415561229575,-22.60964437602353,6.5981610648881,13.302458768889682,gluc10_01,gluc10,1,1,10.0,2024-05-29T13:52:11,,,0.008861123468177154,True,5427.0,,,,,,,,,,,,
sym_lin,4999322.778940783,925.1844175458567,370.1238981580131,,,True,4.090844863142307,1.049757045086167,-4.090844863142307,82.21639480515684,1.5268537942830762,654.9415561229575,-22.60964437602353,6.5981610648881,13.302458768889682,gluc10_01,gluc10,1,1,10.0,2024-05-29T13:52:11,,,0.00711357771742821,True,5427.0,,,,,,,,,,,,
psl,4999311.467095279,925.6400914336691,370.30703028850826,,,True,4.090844863142307,1.049757045086167,-4.090844863142307,82.21639480515684,1.5268537942830762,654.9415561229575,-22.60964437602353,6.5981610648881,13.302458768889682,gluc10_01,gluc10,1,1,10.0,2024-05-29T13:52:11,,,0.007546960707757944,True,5427.0,1.201687383464851,True,ok,0.0016237511557047636,-8.046993156238419e-05,9.707266446093099,-10.46709527913481,1.0001099729076735,0.9771556447935849,,,
circle,4999299.846407038,946.010113368531,378.4570409588143,,,True,4.090844863142307,1.049757045086167,-4.090844863142307,82.21639480515684,1.5268537942830762,654.9415561229575,-22.60964437602353,6.5981610648881,13.302458768889682,gluc10_01,gluc10,1,1,10.0,2024-05-29T13:52:11,,,0.018289138222236778,,,,,,,,,,,,1.435380111479171,646.4447801093511,4.4416071519273535e-12
mag_argmax,14975554.0,1704.268415166065,227.60672695862405,812.1654249057174,14974847.084279863,True,-2.6066358443281645,0.9614342235345442,2.6066358443281645,67.58935209467361,1.0699656384261274,934.6094529455696,-25.160156250548535,4.6534176837628705,9.248909006317074,gluc10_01,gluc10,3,1,10.0,2024-05-29T13:52:13,,,,,,,,,,,,,,,,,
argmax_hh,14975819.0,1294.7473039058968,172.91171907271274,,,True,-2.6066358443281645,0.9614342235345442,2.6066358443281645,67.58935209467361,1.0699656384261274,934.6094529455696,-25.160156250548535,4.6534176837628705,9.248909006317074,gluc10_01,gluc10,3,1,10.0,2024-05-29T13:52:13,False,0.17910849957586866,,,,,,,,,,,,,,,
midpoint,14975540.744195614,1294.7473039058968,172.9149318908874,,,True,-2.6066358443281645,0.9614342235345442,2.6066358443281645,67.58935209467361,1.0699656384261274,934.6094529455696,-25.160156250548535,4.6534176837628705,9.248909006317074,gluc10_01,gluc10,3,1,10.0,2024-05-29T13:52:13,,,,,,,,,,,,,,,,,
sym,14975529.514447765,1568.7341838398713,209.50633930191546,,,True,-2.6066358443281645,0.9614342235345442,2.6066358443281645,67.58935209467361,1.0699656384261274,934.6094529455696,-25.160156250548535,4.6534176837628705,9.248909006317074,gluc10_01,gluc10,3,1,10.0,2024-05-29T13:52:13,,,0.07000149489597782,True,7769.0,,,,,,,,,,,,
sym_lin,14975717.322647281,1324.2171170667812,176.8485727310319,,,True,-2.6066358443281645,0.9614342235345442,2.6066358443281645,67.58935209467361,1.0699656384261274,934.6094529455696,-25.160156250548535,4.6534176837628705,9.248909006317074,gluc10_01,gluc10,3,1,10.0,2024-05-29T13:52:13,,,0.022432477327536695,True,7769.0,,,,,,,,,,,,
psl,14976024.082959542,1330.478847513501,177.68118429074715,,,True,-2.6066358443281645,0.9614342235345442,2.6066358443281645,67.58935209467361,1.0699656384261274,934.6094529455696,-25.160156250548535,4.6534176837628705,9.248909006317074,gluc10_01,gluc10,3,1,10.0,2024-05-29T13:52:13,,,0.0069284422983046795,True,7769.0,-20.917644203646915,True,ok,0.0009425446909128249,0.000155222422120142,-245.60076267576727,-205.08295954205096,1.0335140028191765,0.9731438469131757,,,
circle,14976063.735614222,1642.7249533861286,219.38006974150403,,,True,-2.6066358443281645,0.9614342235345442,2.6066358443281645,67.58935209467361,1.0699656384261274,934.6094529455696,-25.160156250548535,4.6534176837628705,9.248909006317074,gluc10_01,gluc10,3,1,10.0,2024-05-29T13:52:13,,,0.16732477067334237,,,,,,,,,,,,-15.290431497674968,1098.271140267818,2.556098558068795e-12
mag_argmax,24952338.0,,,1640.7648985348642,,False,0.0,0.7054216745968339,22.178540079280506,75.289110456197,0.74766600164716,1337.49561675525,-27.20279769851158,3.481881773077486,6.993443634810655,gluc10_01,gluc10,5,1,10.0,2024-05-29T13:52:15,,,,,,,,,,,,,,,,,
argmax_hh,24953249.0,1718.323708249256,137.72344501104897,,,False,0.0,0.7054216745968339,22.178540079280506,75.289110456197,0.74766600164716,1337.49561675525,-27.20279769851158,3.481881773077486,6.993443634810655,gluc10_01,gluc10,5,1,10.0,2024-05-29T13:52:15,False,0.18237743966686223,,,,,,,,,,,,,,,
midpoint,24953060.764833346,1718.323708249256,137.7244839375305,,,False,0.0,0.7054216745968339,22.178540079280506,75.289110456197,0.74766600164716,1337.49561675525,-27.20279769851158,3.481881773077486,6.993443634810655,gluc10_01,gluc10,5,1,10.0,2024-05-29T13:52:15,,,,,,,,,,,,,,,,,
sym,24953039.116581384,1927.7434392807531,154.50971164468385,,,False,0.0,0.7054216745968339,22.178540079280506,75.289110456197,0.74766600164716,1337.49561675525,-27.20279769851158,3.481881773077486,6.993443634810655,gluc10_01,gluc10,5,1,10.0,2024-05-29T13:52:15,,,0.05118883979199754,True,10309.0,,,,,,,,,,,,
sym_lin,24953196.644369334,1805.5740072706997,144.71684994941327,,,False,0.0,0.7054216745968339,22.178540079280506,75.289110456197,0.74766600164716,1337.49561675525,-27.20279769851158,3.481881773077486,6.993443634810655,gluc10_01,gluc10,5,1,10.0,2024-05-29T13:52:15,,,0.015608523548093868,True,10309.0,,,,,,,,,,,,
psl,24953483.91264558,1807.5893886185108,144.8767150067158,,,False,0.0,0.7054216745968339,22.178540079280506,75.289110456197,0.74766600164716,1337.49561675525,-27.20279769851158,3.481881773077486,6.993443634810655,gluc10_01,gluc10,5,1,10.0,2024-05-29T13:52:15,,,0.0023202677381822124,True,10309.0,-14.464860033378717,True,ok,0.0006603652938931531,9.700808893145025e-05,-229.39116108826326,-234.9126455783844,1.0159771087831089,0.9506161737110672,,,
circle,24953385.65369635,1700.6250706897367,136.3041548181918,,,False,0.0,0.7054216745968339,22.178540079280506,75.289110456197,0.74766600164716,1337.49561675525,-27.20279769851158,3.481881773077486,6.993443634810655,gluc10_01,gluc10,5,1,10.0,2024-05-29T13:52:15,,,0.08783939837868887,,,,,,,,,,,,-15.139130022588297,1733.3667043910239,3.1897701206387037e-12
mag_argmax,34927916.0,,,2507.8803215920925,,False,0.0,0.37452151514040294,37.68501751957374,60.24990216575236,0.7935774255064812,1260.1164900346992,-25.263896372638165,2.924340339102792,5.919430847700006,gluc10_01,gluc10,7,1,10.0,2024-05-29T13:52:17,,,,,,,,,,,,,,,,,
argmax_hh,34929077.0,2035.3308130428195,116.54077278038693,,,False,0.0,0.37452151514040294,37.68501751957374,60.24990216575236,0.7935774255064812,1260.1164900346992,-25.263896372638165,2.924340339102792,5.919430847700006,gluc10_01,gluc10,7,1,10.0,2024-05-29T13:52:17,False,0.5195831830632311,,,,,,,,,,,,,,,
midpoint,34928557.42898414,2035.3308130428195,116.54250635349041,,,False,0.0,0.37452151514040294,37.68501751957374,60.24990216575236,0.7935774255064812,1260.1164900346992,-25.263896372638165,2.924340339102792,5.919430847700006,gluc10_01,gluc10,7,1,10.0,2024-05-29T13:52:17,,,,,,,,,,,,,,,,,
sym,34928443.15637858,2815.746844030285,161.2294502462574,,,False,0.0,0.37452151514040294,37.68501751957374,60.24990216575236,0.7935774255064812,1260.1164900346992,-25.263896372638165,2.924340339102792,5.919430847700006,gluc10_01,gluc10,7,1,10.0,2024-05-29T13:52:17,,,0.0862391447010827,True,12058.0,,,,,,,,,,,,
sym_lin,34928876.62937986,2116.717282643958,121.2015665492955,,,False,0.0,0.37452151514040294,37.68501751957374,60.24990216575236,0.7935774255064812,1260.1164900346992,-25.263896372638165,2.924340339102792,5.919430847700006,gluc10_01,gluc10,7,1,10.0,2024-05-29T13:52:17,,,0.033092528320195505,True,12058.0,,,,,,,,,,,,
psl,34929516.25100829,2080.834565366054,119.14476859129064,,,False,0.0,0.37452151514040294,37.68501751957374,60.24990216575236,0.7935774255064812,1260.1164900346992,-25.263896372638165,2.924340339102792,5.919430847700006,gluc10_01,gluc10,7,1,10.0,2024-05-29T13:52:17,,,0.00577793563767438,True,12058.0,-27.29625316278178,True,ok,0.0004404553480093331,0.0003766220326704589,-505.2573679315369,-439.2510082870722,1.0573164265140225,0.9781319701812865,,,
circle,34929636.26622176,2096.1247527280016,120.01984428077375,,,False,0.0,0.37452151514040294,37.68501751957374,60.24990216575236,0.7935774255064812,1260.1164900346992,-25.263896372638165,2.924340339102792,5.919430847700006,gluc10_01,gluc10,7,1,10.0,2024-05-29T13:52:17,,,0.05043849427828743,,,,,,,,,,,,-27.67497963472984,2341.220520432544,3.2611332663667076e-12
mag_argmax,44904824.0,,,4666.022724986076,,False,0.0,0.21815604573865596,44.484624474749545,56.89706268404531,0.8421772328971417,1187.3985200952752,-23.87878589406529,2.4522988513250117,5.044538669709332,gluc10_01,gluc10,9,1,10.0,2024-05-29T13:52:19,,,,,,,,,,,,,,,,,
argmax_hh,44906560.0,2401.012420170009,106.93370501637217,,,False,0.0,0.21815604573865596,44.484624474749545,56.89706268404531,0.8421772328971417,1187.3985200952752,-23.87878589406529,2.4522988513250117,5.044538669709332,gluc10_01,gluc10,9,1,10.0,2024-05-29T13:52:19,False,0.70199762947183,,,,,,,,,,,,,,,
midpoint,44905972.871838465,2401.012420170009,106.93510313305059,,,False,0.0,0.21815604573865596,44.484624474749545,56.89706268404531,0.8421772328971417,1187.3985200952752,-23.87878589406529,2.4522988513250117,5.044538669709332,gluc10_01,gluc10,9,1,10.0,2024-05-29T13:52:19,,,,,,,,,,,,,,,,,
sym,44905791.639951594,3312.557337949157,147.53363506020705,,,False,0.0,0.21815604573865596,44.484624474749545,56.89706268404531,0.8421772328971417,1187.3985200952752,-23.87878589406529,2.4522988513250117,5.044538669709332,gluc10_01,gluc10,9,1,10.0,2024-05-29T13:52:19,,,0.09765941213490152,True,13092.0,,,,,,,,,,,,
sym_lin,44906384.88355664,2704.106458490786,120.4330504672153,,,False,0.0,0.21815604573865596,44.484624474749545,56.89706268404531,0.8421772328971417,1187.3985200952752,-23.87878589406529,2.4522988513250117,5.044538669709332,gluc10_01,gluc10,9,1,10.0,2024-05-29T13:52:19,,,0.03306494765481414,True,13092.0,,,,,,,,,,,,
psl,44907199.51382938,2508.158418745319,111.70406731655221,,,False,0.0,0.21815604573865596,44.484624474749545,56.89706268404531,0.8421772328971417,1187.3985200952752,-23.87878589406529,2.4522988513250117,5.044538669709332,gluc10_01,gluc10,9,1,10.0,2024-05-29T13:52:19,,,0.005842426451195033,True,13092.0,-30.266322830981142,True,ok,0.00030537174208996524,0.0005579704454391297,-678.3106705211097,-639.5138293802738,1.0706434724621983,0.9572810083388159,,,
circle,44907276.91464528,2509.082111109442,111.74501254566934,,,False,0.0,0.21815604573865596,44.484624474749545,56.89706268404531,0.8421772328971417,1187.3985200952752,-23.87878589406529,2.4522988513250117,5.044538669709332,gluc10_01,gluc10,9,1,10.0,2024-05-29T13:52:19,,,0.02407661564465137,,,,,,,,,,,,-30.54353579071399,3239.348466966962,3.380049250554647e-12
mag_argmax,4999278.0,1005.2317360951565,402.15076500852985,487.31519989762455,4999137.422556438,True,4.041509676920785,1.0491274408394315,-4.041509676920785,82.26582960285023,1.5299883249710655,653.5997586902577,-22.595371907481553,6.603017990053788,13.325607734454627,gluc10_02,gluc10,1,2,10.0,2024-05-29T13:58:10,,,,,,,,,,,,,,,,,
argmax_hh,4999306.0,903.2233455949463,361.33949215949025,,,True,4.041509676920785,1.0491274408394315,-4.041509676920785,82.26582960285023,1.5299883249710655,653.5997586902577,-22.595371907481553,6.603017990053788,13.325607734454627,gluc10_02,gluc10,1,2,10.0,2024-05-29T13:58:10,False,-0.014310326260789066,,,,,,,,,,,,,,,
midpoint,4999326.769940479,903.2233455949463,361.3379909574104,,,True,4.041509676920785,1.0491274408394315,-4.041509676920785,82.26582960285023,1.5299883249710655,653.5997586902577,-22.595371907481553,6.603017990053788,13.325607734454627,gluc10_02,gluc10,1,2,10.0,2024-05-29T13:58:10,,,,,,,,,,,,,,,,,
sym,4999329.9842259195,926.7625587737803,370.7547058097535,,,True,4.041509676920785,1.0491274408394315,-4.041509676920785,82.26582960285023,1.5299883249710655,653.5997586902577,-22.595371907481553,6.603017990053788,13.325607734454627,gluc10_02,gluc10,1,2,10.0,2024-05-29T13:58:10,,,0.008819797157404267,True,5419.0,,,,,,,,,,,,
sym_lin,4999322.7739403015,926.0686239958269,370.4776290193122,,,True,4.041509676920785,1.0491274408394315,-4.041509676920785,82.26582960285023,1.5299883249710655,653.5997586902577,-22.595371907481553,6.603017990053788,13.325607734454627,gluc10_02,gluc10,1,2,10.0,2024-05-29T13:58:10,,,0.0070978813095298,True,5419.0,,,,,,,,,,,,
psl,4999311.651896646,926.4636834343668,370.63649875993775,,,True,4.041509676920785,1.0491274408394315,-4.041509676920785,82.26582960285023,1.5299883249710655,653.5997586902577,-22.595371907481553,6.603017990053788,13.325607734454627,gluc10_02,gluc10,1,2,10.0,2024-05-29T13:58:10,,,0.007539210865278385,True,5419.0,1.186048626953411,True,ok,0.0016244487727891336,-8.060690917358175e-05,9.589451691786557,-5.651896646246314,1.000107129108078,0.974915003949999,,,
circle,4999299.920606606,946.4601377406013,378.63707029833876,,,True,4.041509676920785,1.0491274408394315,-4.041509676920785,82.26582960285023,1.5299883249710655,653.5997586902577,-22.595371907481553,6.603017990053788,13.325607734454627,gluc10_02,gluc10,1,2,10.0,2024-05-29T13:58:10,,,0.018695834246144852,,,,,,,,,,,,1.41664513808414,646.6169803572047,4.435647817921327e-12
mag_argmax,14975556.0,1708.108139673248,228.1194954862775,824.9028839934617,14974844.489209834,True,-2.673457463581541,0.9604441310902144,2.673457463581541,67.58687237231095,1.070202440948761,934.4026529349674,-25.16636422796679,4.652594119784009,9.258816869603395,gluc10_02,gluc10,3,2,10.0,2024-05-29T13:58:02,,,,,,,,,,,,,,,,,
argmax_hh,14975822.0,1293.9018201483414,172.79877126588997,,,True,-2.673457463581541,0.9604441310902144,2.673457463581541,67.58687237231095,1.070202440948761,934.4026529349674,-25.16636422796679,4.652594119784009,9.258816869603395,gluc10_02,gluc10,3,2,10.0,2024-05-29T13:58:02,False,0.17955382832797823,,,,,,,,,,,,,,,
midpoint,14975539.704093896,1293.9018201483414,172.80202860329965,,,True,-2.673457463581541,0.9604441310902144,2.673457463581541,67.58687237231095,1.070202440948761,934.4026529349674,-25.16636422796679,4.652594119784009,9.258816869603395,gluc10_02,gluc10,3,2,10.0,2024-05-29T13:58:02,,,,,,,,,,,,,,,,,
sym,14975527.451293446,1573.528907242551,210.14670933765933,,,True,-2.673457463581541,0.9604441310902144,2.673457463581541,67.58687237231095,1.070202440948761,934.4026529349674,-25.16636422796679,4.652594119784009,9.258816869603395,gluc10_02,gluc10,3,2,10.0,2024-05-29T13:58:02,,,0.07000920338277,True,7763.0,,,,,,,,,,,,
sym_lin,14975716.370785452,1324.7185957740396,176.91555622117596,,,True,-2.673457463581541,0.9604441310902144,2.673457463581541,67.58687237231095,1.070202440948761,934.4026529349674,-25.16636422796679,4.652594119784009,9.258816869603395,gluc10_02,gluc10,3,2,10.0,2024-05-29T13:58:02,,,0.022428568575466157,True,7763.0,,,,,,,,,,,,
psl,14976023.810258139,1331.6039528084198,177.83144173372773,,,True,-2.673457463581541,0.9604441310902144,2.673457463581541,67.58687237231095,1.070202440948761,934.4026529349674,-25.16636422796679,4.652594119784009,9.258816869603395,gluc10_02,gluc10,3,2,10.0,2024-05-29T13:58:02,,,0.006981543731388653,True,7763.0,-20.966485114171036,True,ok,0.0009415561185390988,0.00015581155130371335,-246.3953909689505,-201.81025813892484,1.033671632520321,0.971686677123057,,,
circle,14976062.45946427,1644.451782108724,219.61070028383816,,,True,-2.673457463581541,0.9604441310902144,2.673457463581541,67.58687237231095,1.070202440948761,934.4026529349674,-25.16636422796679,4.652594119784009,9.258816869603395,gluc10_02,gluc10,3,2,10.0,2024-05-29T13:58:02,,,0.16795003004786024,,,,,,,,,,,,-15.31589751894766,1100.1371158991794,2.5545941459699465e-12
mag_argmax,24952335.0,,,1648.5858170762658,,False,0.0,0.7045253267171887,22.232908072395574,75.24471666346685,0.7469890878597959,1338.7076414531136,-27.213868910318332,3.4735535204397037,6.983707454290965,gluc10_02,gluc10,5,2,10.0,2024-05-29T13:58:04,,,,,,,,,,,,,,,,,
argmax_hh,24953255.0,1721.292032731697,137.96132269971972,,,False,0.0,0.7045253267171887,22.232908072395574,75.24471666346685,0.7469890878597959,1338.7076414531136,-27.213868910318332,3.4735535204397037,6.983707454290965,gluc10_02,gluc10,5,2,10.0,2024-05-29T13:58:04,False,0.1824553858949383,,,,,,,,,,,,,,,
midpoint,24953061.619843945,1721.292032731697,137.96239186640233,,,False,0.0,0.7045253267171887,22.232908072395574,75.24471666346685,0.7469890878597959,1338.7076414531136,-27.213868910318332,3.4735535204397037,6.983707454290965,gluc10_02,gluc10,5,2,10.0,2024-05-29T13:58:04,,,,,,,,,,,,,,,,,
sym,24953039.840876695,1930.6502476991893,154.74268946876,,,False,0.0,0.7045253267171887,22.232908072395574,75.24471666346685,0.7469890878597959,1338.7076414531136,-27.213868910318332,3.4735535204397037,6.983707454290965,gluc10_02,gluc10,5,2,10.0,2024-05-29T13:58:04,,,0.05123830385064636,True,10327.0,,,,,,,,,,,,
sym_lin,24953197.629681297,1806.6096824366657,144.79985364983781,,,False,0.0,0.7045253267171887,22.232908072395574,75.24471666346685,0.7469890878597959,1338.7076414531136,-27.213868910318332,3.4735535204397037,6.983707454290965,gluc10_02,gluc10,5,2,10.0,2024-05-29T13:58:04,,,0.015658705351444775,True,10327.0,,,,,,,,,,,,
psl,24953485.462148648,1809.1222032818912,144.9995597629923,,,False,0.0,0.7045253267171887,22.232908072395574,75.24471666346685,0.7469890878597959,1338.7076414531136,-27.213868910318332,3.4735535204397037,6.983707454290965,gluc10_02,gluc10,5,2,10.0,2024-05-29T13:58:04,,,0.0022838927204419826,True,10327.0,-14.474781425752658,True,ok,0.0006598430142830762,9.697817486741142e-05,-229.7448410923174,-230.46214864775538,1.0159990940645343,0.9514514993012283,,,
circle,24953387.464116633,1702.0455595945384,136.41799631750254,,,False,0.0,0.7045253267171887,22.232908072395574,75.24471666346685,0.7469890878597959,1338.7076414531136,-27.213868910318332,3.4735535204397037,6.983707454290965,gluc10_02,gluc10,5,2,10.0,2024-05-29T13:58:04,,,0.08763269550182506,,,,,,,,,,,,-15.157171339675621,1734.0269589358247,3.189605531294471e-12
mag_argmax,34927907.0,,,2493.6996219679713,,False,0.0,0.3746368755289285,37.6786043353041,60.25076129516342,0.7932617174634566,1260.618000321019,-25.27938540771168,2.9189907891925655,5.917510086264242,gluc10_02,gluc10,7,2,10.0,2024-05-29T13:58:06,,,,,,,,,,,,,,,,,
argmax_hh,34929091.0,2037.005399953574,116.63661101020773,,,False,0.0,0.3746368755289285,37.6786043353041,60.25076129516342,0.7932617174634566,1260.618000321019,-25.27938540771168,2.9189907891925655,5.917510086264242,gluc10_02,gluc10,7,2,10.0,2024-05-29T13:58:06,False,0.5203540401199848,,,,,,,,,,,,,,,
midpoint,34928557.42883949,2037.005399953574,116.63839275948328,,,False,0.0,0.3746368755289285,37.6786043353041,60.25076129516342,0.7932617174634566,1260.618000321019,-25.27938540771168,2.9189907891925655,5.917510086264242,gluc10_02,gluc10,7,2,10.0,2024-05-29T13:58:06,,,,,,,,,,,,,,,,,
sym,34928443.561895326,2823.8923379708904,161.69585873282796,,,False,0.0,0.3746368755289285,37.6786043353041,60.25076129516342,0.7932617174634566,1260.618000321019,-25.27938540771168,2.9189907891925655,5.917510086264242,gluc10_02,gluc10,7,2,10.0,2024-05-29T13:58:06,,,0.08603562175906458,True,12058.0,,,,,,,,,,,,
sym_lin,34928877.752674975,2119.8318316745276,121.37989927329879,,,False,0.0,0.3746368755289285,37.6786043353041,60.25076129516342,0.7932617174634566,1260.618000321019,-25.27938540771168,2.9189907891925655,5.917510086264242,gluc10_02,gluc10,7,2,10.0,2024-05-29T13:58:06,,,0.03302054618505434,True,12058.0,,,,,,,,,,,,
psl,34929517.90570487,2084.8608979950604,119.37530335364578,,,False,0.0,0.3746368755289285,37.6786043353041,60.25076129516342,0.7932617174634566,1260.618000321019,-25.27938540771168,2.9189907891925655,5.917510086264242,gluc10_02,gluc10,7,2,10.0,2024-05-29T13:58:06,,,0.005753367650322231,True,12058.0,-27.28545149101434,True,ok,0.00044045646938465575,0.0003764743557762986,-506.0269149453309,-426.90570487082005,1.0572705882863689,0.9770461913849948,,,
circle,34929638.288988955,2097.399610605845,120.09283309796074,,,False,0.0,0.3746368755289285,37.6786043353041,60.25076129516342,0.7932617174634566,1260.618000321019,-25.27938540771168,2.9189907891925655,5.917510086264242,gluc10_02,gluc10,7,2,10.0,2024-05-29T13:58:06,,,0.05083085388933112,,,,,,,,,,,,-27.67455350392685,2341.6016769009616,3.2610017335444305e-12
mag_argmax,44904828.0,,,4635.564143404365,,False,0.0,0.21797148630299182,44.506258607570715,56.91129904863593,0.8421001826400769,1187.5071643671774,-23.878743925659865,2.454857292032846,5.045979791075494,gluc10_02,gluc10,9,2,10.0,2024-05-29T13:58:08,,,,,,,,,,,,,,,,,
argmax_hh,44906558.0,2399.732163298875,106.87669107478132,,,False,0.0,0.21797148630299182,44.506258607570715,56.91129904863593,0.8421001826400769,1187.5071643671774,-23.878743925659865,2.454857292032846,5.045979791075494,gluc10_02,gluc10,9,2,10.0,2024-05-29T13:58:08,False,0.7019022355806946,,,,,,,,,,,,,,,
midpoint,44905977.10608634,2399.732163298875,106.87807360831823,,,False,0.0,0.21797148630299182,44.506258607570715,56.91129904863593,0.8421001826400769,1187.5071643671774,-23.878743925659865,2.454857292032846,5.045979791075494,gluc10_02,gluc10,9,2,10.0,2024-05-29T13:58:08,,,,,,,,,,,,,,,,,
sym,44905796.8693982,3299.541216226565,146.9539100184677,,,False,0.0,0.21797148630299182,44.506258607570715,56.91129904863593,0.8421001826400769,1187.5071643671774,-23.878743925659865,2.454857292032846,5.045979791075494,gluc10_02,gluc10,9,2,10.0,2024-05-29T13:58:08,,,0.09731412046271148,True,13091.0,,,,,,,,,,,,
sym_lin,44906386.33816239,2703.1551244884486,120.39067691319667,,,False,0.0,0.21797148630299182,44.506258607570715,56.91129904863593,0.8421001826400769,1187.5071643671774,-23.878743925659865,2.454857292032846,5.045979791075494,gluc10_02,gluc10,9,2,10.0,2024-05-29T13:58:08,,,0.03273870196017533,True,13091.0,,,,,,,,,,,,
psl,44907198.33453308,2510.2743616874736,111.79830649809671,,,False,0.0,0.21797148630299182,44.506258607570715,56.91129904863593,0.8421001826400769,1187.5071643671774,-23.878743925659865,2.454857292032846,5.045979791075494,gluc10_02,gluc10,9,2,10.0,2024-05-29T13:58:08,,,0.005633279396783403,True,13091.0,-30.17084940509085,True,ok,0.0003053585791794934,0.0005577198762019243,-676.6389803551784,-640.3345330804586,1.0701925312368763,0.955964096962577,,,
circle,44907276.109135196,2509.2054676400044,111.75050838274169,,,False,0.0,0.21797148630299182,44.506258607570715,56.91129904863593,0.8421001826400769,1187.5071643671774,-23.878743925659865,2.454857292032846,5.045979791075494,gluc10_02,gluc10,9,2,10.0,2024-05-29T13:58:08,,,0.024842956189950555,,,,,,,,,,,,-30.46795288880493,3241.2917647095546,3.3801502445094385e-12
mag_argmax,4999345.0,915.5651347185485,366.2740357861074,507.8708743164316,4999235.880634677,True,4.916274222384431,1.0594674286990051,-4.916274222384431,82.67171340580728,1.6840605162197961,593.8028891293621,-21.826662390253663,7.3384133215921485,14.850640901263331,water_00,water,1,0,0.0,2024-05-29T13:01:52,,,,,,,,,,,,,,,,,
argmax_hh,4999380.0,811.2107807397842,324.5245533405279,,,True,4.916274222384431,1.0594674286990051,-4.916274222384431,82.67171340580728,1.6840605162197961,593.8028891293621,-21.826662390253663,7.3384133215921485,14.850640901263331,water_00,water,1,0,0.0,2024-05-29T13:01:52,False,-0.015876188546891264,,,,,,,,,,,,,,,
midpoint,4999393.1671974445,811.2107807397842,324.52369862101966,,,True,4.916274222384431,1.0594674286990051,-4.916274222384431,82.67171340580728,1.6840605162197961,593.8028891293621,-21.826662390253663,7.3384133215921485,14.850640901263331,water_00,water,1,0,0.0,2024-05-29T13:01:52,,,,,,,,,,,,,,,,,
sym,4999395.194402546,830.881679073135,332.3928782439172,,,True,4.916274222384431,1.0594674286990051,-4.916274222384431,82.67171340580728,1.6840605162197961,593.8028891293621,-21.826662390253663,7.3384133215921485,14.850640901263331,water_00,water,1,0,0.0,2024-05-29T13:01:52,,,0.008715892769854749,True,4867.0,,,,,,,,,,,,
sym_lin,4999390.673182235,830.6427917447512,332.29761226722724,,,True,4.916274222384431,1.0594674286990051,-4.916274222384431,82.67171340580728,1.6840605162197961,593.8028891293621,-21.826662390253663,7.3384133215921485,14.850640901263331,water_00,water,1,0,0.0,2024-05-29T13:01:52,,,0.00789199810279361,True,4867.0,,,,,,,,,,,,
psl,4999385.086207869,830.8739071336456,332.39044114678495,,,True,4.916274222384431,1.0594674286990051,-4.916274222384431,82.67171340580728,1.6840605162197961,593.8028891293621,-21.826662390253663,7.3384133215921485,14.850640901263331,water_00,water,1,0,0.0,2024-05-29T13:01:52,,,0.008240894275417727,True,4867.0,0.7286886896798784,True,ok,0.0018099890078915966,-9.961426625569823e-05,5.2836053963540905,-5.086207869462669,1.0000404372607323,0.9763344037825241,,,
circle,4999377.731565467,846.4361007853145,338.6165823962527,,,True,4.916274222384431,1.0594674286990051,-4.916274222384431,82.67171340580728,1.6840605162197961,593.8028891293621,-21.826662390253663,7.3384133215921485,14.850640901263331,water_00,water,1,0,0.0,2024-05-29T13:01:52,,,0.015424835240834666,,,,,,,,,,,,0.821017307747826,576.9036661584342,4.314348894262719e-12
mag_argmax,14975754.0,1473.74069363717,196.81689397905038,729.8804604988545,14975173.827849738,True,-0.007629335955461336,0.999887836454271,0.007629335955461336,68.01974657519328,1.156412426851592,864.7433880683598,-24.538944037615284,5.118848511571105,10.255633919311574,water_00,water,3,0,0.0,2024-05-29T13:01:54,,,,,,,,,,,,,,,,,
argmax_hh,14976012.0,1170.771119022742,156.3528553559842,,,True,-0.007629335955461336,0.999887836454271,0.007629335955461336,68.01974657519328,1.156412426851592,864.7433880683598,-24.538944037615284,5.118848511571105,10.255633919311574,water_00,water,3,0,0.0,2024-05-29T13:01:54,False,0.14832299028036938,,,,,,,,,,,,,,,
midpoint,14975767.29520607,1170.771119022742,156.35541016953707,,,True,-0.007629335955461336,0.999887836454271,0.007629335955461336,68.01974657519328,1.156412426851592,864.7433880683598,-24.538944037615284,5.118848511571105,10.255633919311574,water_00,water,3,0,0.0,2024-05-29T13:01:54,,,,,,,,,,,,,,,,,
sym,14975770.883168546,1366.1224061224132,182.44435185073712,,,True,-0.007629335955461336,0.999887836454271,0.007629335955461336,68.01974657519328,1.156412426851592,864.7433880683598,-24.538944037615284,5.118848511571105,10.255633919311574,water_00,water,3,0,0.0,2024-05-29T13:01:54,,,0.06429878255093005,True,7025.0,,,,,,,,,,,,
sym_lin,14975918.062457263,1189.4629412534437,158.8500866915501,,,True,-0.007629335955461336,0.999887836454271,0.007629335955461336,68.01974657519328,1.156412426851592,864.7433880683598,-24.538944037615284,5.118848511571105,10.255633919311574,water_00,water,3,0,0.0,2024-05-29T13:01:54,,,0.020417182857723738,True,7025.0,,,,,,,,,,,,
psl,14976167.242758526,1196.073546505056,159.73026036863968,,,True,-0.007629335955461336,0.999887836454271,0.007629335955461336,68.01974657519328,1.156412426851592,864.7433880683598,-24.538944037615284,5.118848511571105,10.255633919311574,water_00,water,3,0,0.0,2024-05-29T13:01:54,,,0.0073788579672401915,True,7025.0,-18.895922301586687,True,ok,0.001040297277113393,0.0001385293288420975,-199.03748323941377,-155.24275852553546,1.0273188187353328,0.9788454250524576,,,
circle,14976205.243895775,1426.8759176823467,190.55239888141008,,,True,-0.007629335955461336,0.999887836454271,0.007629335955461336,68.01974657519328,1.156412426851592,864.7433880683598,-24.538944037615284,5.118848511571105,10.255633919311574,water_00,water,3,0,0.0,2024-05-29T13:01:54,,,0.15070997863725813,,,,,,,,,,,,-13.969245280205385,996.9139186197599,2.7537796139730756e-12
mag_argmax,24952751.0,6148.212393108755,492.7883417029854,1451.0174264349043,24948165.12327582,False,0.0,0.7582805606742528,18.29123699122521,75.67135288021032,0.8214830975425856,1217.310499743009,-26.65236178170058,3.8098892350566764,7.654170649767827,water_00,water,5,0,0.0,2024-05-29T13:01:47,,,,,,,,,,,,,,,,,
argmax_hh,24953453.0,1570.1243870705366,125.84425787249056,,,False,0.0,0.7582805606742528,18.29123699122521,75.67135288021032,0.8214830975425856,1217.310499743009,-26.65236178170058,3.8098892350566764,7.654170649767827,water_00,water,5,0,0.0,2024-05-29T13:01:47,False,0.16504826287913146,,,,,,,,,,,,,,,
midpoint,24953283.963660557,1570.1243870705366,125.84511035558343,,,False,0.0,0.7582805606742528,18.29123699122521,75.67135288021032,0.8214830975425856,1217.310499743009,-26.65236178170058,3.8098892350566764,7.654170649767827,water_00,water,5,0,0.0,2024-05-29T13:01:47,,,,,,,,,,,,,,,,,
sym,24953269.710290097,1740.6147044412885,139.50994997048448,,,False,0.0,0.7582805606742528,18.29123699122521,75.67135288021032,0.8214830975425856,1217.310499743009,-26.65236178170058,3.8098892350566764,7.654170649767827,water_00,water,5,0,0.0,2024-05-29T13:01:47,,,0.050806232188982864,True,9421.0,,,,,,,,,,,,
sym_lin,24953410.80716883,1635.8096474782137,131.10910248856757,,,False,0.0,0.7582805606742528,18.29123699122521,75.67135288021032,0.8214830975425856,1217.310499743009,-26.65236178170058,3.8098892350566764,7.654170649767827,water_00,water,5,0,0.0,2024-05-29T13:01:47,,,0.014283127836969367,True,9421.0,,,,,,,,,,,,
psl,24953668.11578214,1639.623038414523,131.41338826875963,,,False,0.0,0.7582805606742528,18.29123699122521,75.67135288021032,0.8214830975425856,1217.310499743009,-26.65236178170058,3.8098892350566764,7.654170649767827,water_00,water,5,0,0.0,2024-05-29T13:01:47,,,0.002603744228241233,True,9421.0,-14.304256658234538,True,ok,0.0007336203487577155,9.777643482059571e-05,-205.74090793512883,-215.1157821416855,1.0156233404652995,0.9576130307298012,,,
circle,24953574.167666372,1529.5989160101703,122.59557734956866,,,False,0.0,0.7582805606742528,18.29123699122521,75.67135288021032,0.8214830975425856,1217.310499743009,-26.65236178170058,3.8098892350566764,7.654170649767827,water_00,water,5,0,0.0,2024-05-29T13:01:47,,,0.09337831751684568,,,,,,,,,,,,-14.83397541056965,1571.8473533185797,3.1616669820830935e-12
mag_argmax,34928362.0,,,2085.869935244322,,False,0.0,0.43058162186814913,34.44556995371095,60.492550427894614,0.8509573224694293,1175.1470650702638,-24.974742949295027,3.303999221210085,6.67619644614711,water_00,water,7,0,0.0,2024-05-29T13:01:49,,,,,,,,,,,,,,,,,
argmax_hh,34929338.0,1803.5718536935747,103.26974153896502,,,False,0.0,0.43058162186814913,34.44556995371095,60.492550427894614,0.8509573224694293,1175.1470650702638,-24.974742949295027,3.303999221210085,6.67619644614711,water_00,water,7,0,0.0,2024-05-29T13:01:49,False,0.4848940257522534,,,,,,,,,,,,,,,
midpoint,34928886.45587778,1803.5718536935747,103.27107656133552,,,False,0.0,0.43058162186814913,34.44556995371095,60.492550427894614,0.8509573224694293,1175.1470650702638,-24.974742949295027,3.303999221210085,6.67619644614711,water_00,water,7,0,0.0,2024-05-29T13:01:49,,,,,,,,,,,,,,,,,
sym,34928784.57437871,2502.5043477689233,143.29180807537082,,,False,0.0,0.43058162186814913,34.44556995371095,60.492550427894614,0.8509573224694293,1175.1470650702638,-24.974742949295027,3.303999221210085,6.67619644614711,water_00,water,7,0,0.0,2024-05-29T13:01:49,,,0.08953196935322039,True,10821.0,,,,,,,,,,,,
sym_lin,34929182.286734186,1830.301334547926,104.80069756703462,,,False,0.0,0.43058162186814913,34.44556995371095,60.492550427894614,0.8509573224694293,1175.1470650702638,-24.974742949295027,3.303999221210085,6.67619644614711,water_00,water,7,0,0.0,2024-05-29T13:01:49,,,0.036305653602533294,True,10821.0,,,,,,,,,,,,
psl,34929772.41646352,1800.6093891230012,103.09883314752526,,,False,0.0,0.43058162186814913,34.44556995371095,60.492550427894614,0.8509573224694293,1175.1470650702638,-24.974742949295027,3.303999221210085,6.67619644614711,water_00,water,7,0,0.0,2024-05-29T13:01:49,,,0.00609876033277884,True,10821.0,-28.505320084592658,True,ok,0.00050153859614675,0.00037993859718576885,-457.38551771545457,-434.4164635166526,1.0625673351436007,1.0016452566494816,,,
circle,34929866.42734325,1842.016303455531,105.4694158242525,,,False,0.0,0.43058162186814913,34.44556995371095,60.492550427894614,0.8509573224694293,1175.1470650702638,-24.974742949295027,3.303999221210085,6.67619644614711,water_00,water,7,0,0.0,2024-05-29T13:01:49,,,0.04997332662781067,,,,,,,,,,,,-28.276489016028222,2050.551037541576,3.202880417904772e-12
mag_argmax,44905345.0,,,3854.14260905236,,False,0.0,0.2657566236885699,41.95690911442402,57.14305428971,0.8866113246557028,1127.8899470276103,-23.7976472811617,2.7681844126478796,5.747850355368158,water_00,water,9,0,0.0,2024-05-29T13:01:50,,,,,,,,,,,,,,,,,
argmax_hh,44906983.0,2113.659759540111,94.13501501715717,,,False,0.0,0.2657566236885699,41.95690911442402,57.14305428971,0.8866113246557028,1127.8899470276103,-23.7976472811617,2.7681844126478796,5.747850355368158,water_00,water,9,0,0.0,2024-05-29T13:01:50,False,0.6669605361805061,,,,,,,,,,,,,,,
midpoint,44906367.08975391,2113.659759540111,94.13630611960036,,,False,0.0,0.2657566236885699,41.95690911442402,57.14305428971,0.8866113246557028,1127.8899470276103,-23.7976472811617,2.7681844126478796,5.747850355368158,water_00,water,9,0,0.0,2024-05-29T13:01:50,,,,,,,,,,,,,,,,,
sym,44906180.54469667,3217.522702810508,143.2997713803781,,,False,0.0,0.2657566236885699,41.95690911442402,57.14305428971,0.8866113246557028,1127.8899470276103,-23.7976472811617,2.7681844126478796,5.747850355368158,water_00,water,9,0,0.0,2024-05-29T13:01:50,,,0.09751050498418146,True,12192.0,,,,,,,,,,,,
sym_lin,44906751.17558028,2210.834913242047,98.46336487794161,,,False,0.0,0.2657566236885699,41.95690911442402,57.14305428971,0.8866113246557028,1127.8899470276103,-23.7976472811617,2.7681844126478796,5.747850355368158,water_00,water,9,0,0.0,2024-05-29T13:01:50,,,0.03818887337522786,True,12192.0,,,,,,,,,,,,
psl,44907513.05959878,2125.7128398180707,94.67069962199605,,,False,0.0,0.2657566236885699,41.95690911442402,57.14305428971,0.8866113246557028,1127.8899470276103,-23.7976472811617,2.7681844126478796,5.747850355368158,water_00,water,9,0,0.0,2024-05-29T13:01:50,,,0.006074528370484292,True,12192.0,-31.745606514543013,True,ok,0.0003518512706097655,0.0005621179216561183,-604.4344851394361,-530.0595987811685,1.0778234758964618,0.994329864292022,,,
circle,44907540.94183582,2161.7425745304186,96.27525930802152,,,False,0.0,0.2657566236885699,41.95690911442402,57.14305428971,0.8866113246557028,1127.8899470276103,-23.7976472811617,2.7681844126478796,5.747850355368158,water_00,water,9,0,0.0,2024-05-29T13:01:50,,,0.017558650044238254,,,,,,,,,,,,-30.919560703701947,2793.9043865457743,3.3299687653421917e-12
mag_argmax,4999344.0,916.6683720066212,366.715461871246,507.70141777116805,4999234.101342853,True,4.707511038113865,1.0569148786953173,-4.707511038113865,82.71143057889314,1.6837830306880106,593.9007471713205,-21.828880314708844,7.319144141014331,14.800498998384253,water_01,water,1,1,0.0,2024-05-29T13:11:44,,,,,,,,,,,,,,,,,
argmax_hh,4999377.0,813.7563470876776,325.5431015055186,,,True,4.707511038113865,1.0569148786953173,-4.707511038113865,82.71143057889314,1.6837830306880106,593.9007471713205,-21.828880314708844,7.319144141014331,14.800498998384253,water_01,water,1,1,0.0,2024-05-29T13:11:44,False,-0.015105771654064648,,,,,,,,,,,,,,,
midpoint,4999391.365918586,813.7563470876776,325.5421660465097,,,True,4.707511038113865,1.0569148786953173,-4.707511038113865,82.71143057889314,1.6837830306880106,593.9007471713205,-21.828880314708844,7.319144141014331,14.800498998384253,water_01,water,1,1,0.0,2024-05-29T13:11:44,,,,,,,,,,,,,,,,,
sym,4999393.073502374,833.8838168182871,333.594020137369,,,True,4.707511038113865,1.0569148786953173,-4.707511038113865,82.71143057889314,1.6837830306880106,593.9007471713205,-21.828880314708844,7.319144141014331,14.800498998384253,water_01,water,1,1,0.0,2024-05-29T13:11:44,,,0.008780641814670635,True,4883.0,,,,,,,,,,,,
sym_lin,4999388.790931482,833.6452774791164,333.49887849942246,,,True,4.707511038113865,1.0569148786953173,-4.707511038113865,82.71143057889314,1.6837830306880106,593.9007471713205,-21.828880314708844,7.319144141014331,14.800498998384253,water_01,water,1,1,0.0,2024-05-29T13:11:44,,,0.008056479256833938,True,4883.0,,,,,,,,,,,,
psl,4999383.679657615,833.8708092327306,333.58944328507255,,,True,4.707511038113865,1.0569148786953173,-4.707511038113865,82.71143057889314,1.6837830306880106,593.9007471713205,-21.828880314708844,7.319144141014331,14.800498998384253,water_01,water,1,1,0.0,2024-05-29T13:11:44,,,0.008377963911953133,True,4883.0,0.6747097420230249,True,ok,0.0018087709381194971,-9.839999263238017e-05,4.909849076962975,-6.679657614789903,1.0000346681937569,0.9758782032871963,,,
circle,4999375.787068841,849.4458635378252,339.8207695188521,,,True,4.707511038113865,1.0569148786953173,-4.707511038113865,82.71143057889314,1.6837830306880106,593.9007471713205,-21.828880314708844,7.319144141014331,14.800498998384253,water_01,water,1,1,0.0,2024-05-29T13:11:44,,,0.01560596917824225,,,,,,,,,,,,0.797946642720923,578.5223078911617,4.307077191464221e-12
mag_argmax,14975751.0,1475.8191662803292,197.09451182519385,733.1870237383991,14975167.952711377,True,-0.13179675704091398,0.9980657946983993,0.13179675704091398,68.14000402741522,1.1565836830353475,864.615344888484,-24.54115117841059,5.11076962135397,10.236886899228523,water_01,water,3,1,0.0,2024-05-29T13:11:46,,,,,,,,,,,,,,,,,
argmax_hh,14976007.0,1172.8174901399761,156.62619417044556,,,True,-0.13179675704091398,0.9980657946983993,0.13179675704091398,68.14000402741522,1.1565836830353475,864.615344888484,-24.54115117841059,5.11076962135397,10.236886899228523,water_01,water,3,1,0.0,2024-05-29T13:11:46,False,0.14879115644554464,,,,,,,,,,,,,,,
midpoint,14975761.336832652,1172.8174901399761,156.62876347467554,,,True,-0.13179675704091398,0.9980657946983993,0.13179675704091398,68.14000402741522,1.1565836830353475,864.615344888484,-24.54115117841059,5.11076962135397,10.236886899228523,water_01,water,3,1,0.0,2024-05-29T13:11:46,,,,,,,,,,,,,,,,,
sym,14975764.468455466,1369.781469198837,182.93309461217913,,,True,-0.13179675704091398,0.9980657946983993,0.13179675704091398,68.14000402741522,1.1565836830353475,864.615344888484,-24.54115117841059,5.11076962135397,10.236886899228523,water_01,water,3,1,0.0,2024-05-29T13:11:46,,,0.06440006401057513,True,7037.0,,,,,,,,,,,,
sym_lin,14975912.508289926,1191.507980827679,159.12325611786514,,,True,-0.13179675704091398,0.9980657946983993,0.13179675704091398,68.14000402741522,1.1565836830353475,864.615344888484,-24.54115117841059,5.11076962135397,10.236886899228523,water_01,water,3,1,0.0,2024-05-29T13:11:46,,,0.020354593861042998,True,7037.0,,,,,,,,,,,,
psl,14976162.683821598,1198.5782585985262,160.064802166355,,,True,-0.13179675704091398,0.9980657946983993,0.13179675704091398,68.14000402741522,1.1565836830353475,864.615344888484,-24.54115117841059,5.11076962135397,10.236886899228523,water_01,water,3,1,0.0,2024-05-29T13:11:46,,,0.007394768414511748,True,7037.0,-18.944075851147197,True,ok,0.001039607164351122,0.00013906361854051677,-199.9719391100559,-155.68382159806788,1.0274589078437526,0.978507228648823,,,
circle,14976200.724637583,1431.1791956649697,191.12713858201892,,,True,-0.13179675704091398,0.9980657946983993,0.13179675704091398,68.14000402741522,1.1565836830353475,864.615344888484,-24.54115117841059,5.11076962135397,10.236886899228523,water_01,water,3,1,0.0,2024-05-29T13:11:46,,,0.15146569220610454,,,,,,,,,,,,-14.00819771254315,998.0035648430166,2.742444000475505e-12
mag_argmax,24952742.0,6170.595382850617,494.58254991380244,1451.1264542639256,24948137.214473188,False,0.0,0.7571741537863709,18.38109129533594,75.69660142011793,0.8209713621017108,1218.0692849504162,-26.652114615327005,3.8068828837512663,7.644302261222462,water_01,water,5,1,0.0,2024-05-29T13:11:39,,,,,,,,,,,,,,,,,
argmax_hh,24953445.0,1571.8897015564144,125.98578685679787,,,False,0.0,0.7571741537863709,18.38109129533594,75.69660142011793,0.8209713621017108,1218.0692849504162,-26.652114615327005,3.8068828837512663,7.644302261222462,water_01,water,5,1,0.0,2024-05-29T13:11:39,False,0.16488336389827138,,,,,,,,,,,,,,,
midpoint,24953276.265822988,1571.8897015564144,125.98663877330912,,,False,0.0,0.7571741537863709,18.38109129533594,75.69660142011793,0.8209713621017108,1218.0692849504162,-26.652114615327005,3.8068828837512663,7.644302261222462,water_01,water,5,1,0.0,2024-05-29T13:11:39,,,,,,,,,,,,,,,,,
sym,24953263.29997145,1740.1502882205743,139.47276292496502,,,False,0.0,0.7571741537863709,18.38109129533594,75.69660142011793,0.8209713621017108,1218.0692849504162,-26.652114615327005,3.8068828837512663,7.644302261222462,water_01,water,5,1,0.0,2024-05-29T13:11:39,,,0.05069435587882024,True,9431.0,,,,,,,,,,,,
sym_lin,24953403.91375594,1636.4299442590482,131.15885511370587,,,False,0.0,0.7571741537863709,18.38109129533594,75.69660142011793,0.8209713621017108,1218.0692849504162,-26.652114615327005,3.8068828837512663,7.644302261222462,water_01,water,5,1,0.0,2024-05-29T13:11:39,,,0.014299885176284428,True,9431.0,,,,,,,,,,,,
psl,24953660.79706117,1640.098283629695,131.4515170313489,,,False,0.0,0.7571741537863709,18.38109129533594,75.69660142011793,0.8209713621017108,1218.0692849504162,-26.652114615327005,3.8068828837512663,7.644302261222462,water_01,water,5,1,0.0,2024-05-29T13:11:39,,,0.0026337777686279975,True,9431.0,-14.268542435919173,True,ok,0.0007328545130240303,9.798032614571943e-05,-205.28135198227758,-215.79706117138267,1.0155452138583274,0.95841189351023,,,
circle,24953566.331830252,1528.969035472382,122.54513163692044,,,False,0.0,0.7571741537863709,18.38109129533594,75.69660142011793,0.8209713621017108,1218.0692849504162,-26.652114615327005,3.8068828837512663,7.644302261222462,water_01,water,5,1,0.0,2024-05-29T13:11:39,,,0.0939333271894249,,,,,,,,,,,,-14.800134215531166,1574.9833415789594,3.167582681961102e-12
mag_argmax,34928346.0,,,2071.233362585306,,False,0.0,0.430053624162735,34.49586569081933,60.524756631962205,0.8500913108099112,1176.3442200665074,-24.98628047148971,3.29256472355058,6.666461494548972,water_01,water,7,1,0.0,2024-05-29T13:11:41,,,,,,,,,,,,,,,,,
argmax_hh,34929333.0,1807.4056243859231,103.48927214762006,,,False,0.0,0.430053624162735,34.49586569081933,60.524756631962205,0.8500913108099112,1176.3442200665074,-24.98628047148971,3.29256472355058,6.666461494548972,water_01,water,7,1,0.0,2024-05-29T13:11:41,False,0.4852081042205472,,,,,,,,,,,,,,,
midpoint,34928873.09227657,1807.4056243859231,103.49063478864849,,,False,0.0,0.430053624162735,34.49586569081933,60.524756631962205,0.8500913108099112,1176.3442200665074,-24.98628047148971,3.29256472355058,6.666461494548972,water_01,water,7,1,0.0,2024-05-29T13:11:41,,,,,,,,,,,,,,,,,
sym,34928773.73692375,2504.3864390401127,143.39961991810134,,,False,0.0,0.430053624162735,34.49586569081933,60.524756631962205,0.8500913108099112,1176.3442200665074,-24.98628047148971,3.29256472355058,6.666461494548972,water_01,water,7,1,0.0,2024-05-29T13:11:41,,,0.0896214643885265,True,10845.0,,,,,,,,,,,,
sym_lin,34929171.626528,1830.578292144603,104.81658779186826,,,False,0.0,0.430053624162735,34.49586569081933,60.524756631962205,0.8500913108099112,1176.3442200665074,-24.98628047148971,3.29256472355058,6.666461494548972,water_01,water,7,1,0.0,2024-05-29T13:11:41,,,0.03644949278075943,True,10845.0,,,,,,,,,,,,
psl,34929762.86068537,1800.794869657319,103.10948155243129,,,False,0.0,0.430053624162735,34.49586569081933,60.524756631962205,0.8500913108099112,1176.3442200665074,-24.98628047148971,3.29256472355058,6.666461494548972,water_01,water,7,1,0.0,2024-05-29T13:11:41,,,0.006176673043855163,True,10845.0,-28.520496988075987,True,ok,0.0005012508840922304,0.0003797545287191264,-457.68653435913734,-429.8606853708625,1.0626347637300508,1.0036710204143697,,,
circle,34929857.034110025,1841.4219915615934,105.43541531036848,,,False,0.0,0.430053624162735,34.49586569081933,60.524756631962205,0.8500913108099112,1176.3442200665074,-24.98628047148971,3.29256472355058,6.666461494548972,water_01,water,7,1,0.0,2024-05-29T13:11:41,,,0.04974972936146619,,,,,,,,,,,,-28.312233816026556,2053.27535941291,3.204204537631085e-12
mag_argmax,44905360.0,,,3875.178119316697,,False,0.0,0.2657658883430446,41.9704748357095,57.16225134377672,0.8863060599584964,1128.2784189096344,-23.754489746336947,2.8169681131484854,5.716425699822356,water_01,water,9,1,0.0,2024-05-29T13:11:43,,,,,,,,,,,,,,,,,
argmax_hh,44906913.0,2109.3600500002503,93.94366742600411,,,False,0.0,0.2657658883430446,41.9704748357095,57.16225134377672,0.8863060599584964,1128.2784189096344,-23.754489746336947,2.8169681131484854,5.716425699822356,water_01,water,9,1,0.0,2024-05-29T13:11:43,False,0.6677529630360627,,,,,,,,,,,,,,,
midpoint,44906361.9068719,2109.3600500002503,93.94482030740774,,,False,0.0,0.2657658883430446,41.9704748357095,57.16225134377672,0.8863060599584964,1128.2784189096344,-23.754489746336947,2.8169681131484854,5.716425699822356,water_01,water,9,1,0.0,2024-05-29T13:11:43,,,,,,,,,,,,,,,,,
sym,44906167.46298957,3199.344075568351,142.49018592847685,,,False,0.0,0.2657658883430446,41.9704748357095,57.16225134377672,0.8863060599584964,1128.2784189096344,-23.754489746336947,2.8169681131484854,5.716425699822356,water_01,water,9,1,0.0,2024-05-29T13:11:43,,,0.0976649198408426,True,12271.0,,,,,,,,,,,,
sym_lin,44906735.475322254,2212.2860478029324,98.5280281181275,,,False,0.0,0.2657658883430446,41.9704748357095,57.16225134377672,0.8863060599584964,1128.2784189096344,-23.754489746336947,2.8169681131484854,5.716425699822356,water_01,water,9,1,0.0,2024-05-29T13:11:43,,,0.0375219881473148,True,12271.0,,,,,,,,,,,,
psl,44907498.61432754,2134.3928332545215,95.05730219289269,,,False,0.0,0.2657658883430446,41.9704748357095,57.16225134377672,0.8863060599584964,1128.2784189096344,-23.754489746336947,2.8169681131484854,5.716425699822356,water_01,water,9,1,0.0,2024-05-29T13:11:43,,,0.005157043310865078,True,12271.0,-31.685297909973492,True,ok,0.00035146234099509504,0.0005620011885338461,-605.6886385785082,-585.6143275424838,1.077523642043096,0.988271707595597,,,
circle,44907527.05641025,2163.6214086597715,96.35896476516976,,,False,0.0,0.2657658883430446,41.9704748357095,57.16225134377672,0.8863060599584964,1128.2784189096344,-23.754489746336947,2.8169681131484854,5.716425699822356,water_01,water,9,1,0.0,2024-05-29T13:11:43,,,0.018186723663803188,,,,,,,,,,,,-30.875346312512317,2798.122141193316,3.3319301382160767e-12
mag_argmax,4999340.0,916.7691704775207,366.7560799935674,506.920916617848,4999234.2495810315,True,4.758324251186785,1.0575214388168348,-4.758324251186785,82.72262219202636,1.6835358714707862,593.9879374986948,-21.829114247273804,7.3214605642434964,14.805183182630737,water_02,water,1,2,0.0,2024-05-29T13:14:40,,,,,,,,,,,,,,,,,
argmax_hh,4999375.0,813.4988842373714,325.4402337241641,,,True,4.758324251186785,1.0575214388168348,-4.758324251186785,82.72262219202636,1.6835358714707862,593.9879374986948,-21.829114247273804,7.3214605642434964,14.805183182630737,water_02,water,1,2,0.0,2024-05-29T13:14:40,False,-0.015281735901841896,,,,,,,,,,,,,,,
midpoint,4999391.4580101315,813.4988842373714,325.43916237403903,,,True,4.758324251186785,1.0575214388168348,-4.758324251186785,82.72262219202636,1.6835358714707862,593.9879374986948,-21.829114247273804,7.3214605642434964,14.805183182630737,water_02,water,1,2,0.0,2024-05-29T13:14:40,,,,,,,,,,,,,,,,,
sym,4999392.520663916,832.8361031097651,333.1749206198216,,,True,4.758324251186785,1.0575214388168348,-4.758324251186785,82.72262219202636,1.6835358714707862,593.9879374986948,-21.829114247273804,7.3214605642434964,14.805183182630737,water_02,water,1,2,0.0,2024-05-29T13:14:40,,,0.008710659753936418,True,4881.0,,,,,,,,,,,,
sym_lin,4999388.14482746,832.5586203770283,333.0642055622036,,,True,4.758324251186785,1.0575214388168348,-4.758324251186785,82.72262219202636,1.6835358714707862,593.9879374986948,-21.829114247273804,7.3214605642434964,14.805183182630737,water_02,water,1,2,0.0,2024-05-29T13:14:40,,,0.007943740491995165,True,4881.0,,,,,,,,,,,,
psl,4999382.72076936,832.801301006268,333.1616511560481,,,True,4.758324251186785,1.0575214388168348,-4.758324251186785,82.72262219202636,1.6835358714707862,593.9879374986948,-21.829114247273804,7.3214605642434964,14.805183182630737,water_02,water,1,2,0.0,2024-05-29T13:14:40,,,0.008266645755255578,True,4881.0,0.7047543493625351,True,ok,0.0018083448452017562,-9.818730211765189e-05,5.121910759208299,-7.720769359730184,1.000037824483934,0.9768223023360151,,,
circle,4999375.563540099,848.4134415352406,339.40776433066054,,,True,4.758324251186785,1.0575214388168348,-4.758324251186785,82.72262219202636,1.6835358714707862,593.9879374986948,-21.829114247273804,7.3214605642434964,14.805183182630737,water_02,water,1,2,0.0,2024-05-29T13:14:40,,,0.015394103639736046,,,,,,,,,,,,0.7832944550763342,578.0689478440154,4.294423187132754e-12
mag_argmax,14975748.0,1476.9030262082815,197.23929999466893,731.6423483304679,14975166.68403068,True,-0.1615630759050024,0.9976280694051249,0.1615630759050024,68.11458828268036,1.1564628111417863,864.7057132885153,-24.543806874703264,5.10808724884208,10.231514099032033,water_02,water,3,2,0.0,2024-05-29T13:14:42,,,,,,,,,,,,,,,,,
argmax_hh,14976006.0,1173.4333632141352,156.7084526026679,,,True,-0.1615630759050024,0.9976280694051249,0.1615630759050024,68.11458828268036,1.1564628111417863,864.7057132885153,-24.543806874703264,5.10808724884208,10.231514099032033,water_02,water,3,2,0.0,2024-05-29T13:14:42,False,0.14896360059970343,,,,,,,,,,,,,,,
midpoint,14975759.654397186,1173.4333632141352,156.71103039765885,,,True,-0.1615630759050024,0.9976280694051249,0.1615630759050024,68.11458828268036,1.1564628111417863,864.7057132885153,-24.543806874703264,5.10808724884208,10.231514099032033,water_02,water,3,2,0.0,2024-05-29T13:14:42,,,,,,,,,,,,,,,,,
sym,14975763.040238604,1371.5091208041433,183.16383841264246,,,True,-0.1615630759050024,0.9976280694051249,0.1615630759050024,68.11458828268036,1.1564628111417863,864.7057132885153,-24.543806874703264,5.10808724884208,10.231514099032033,water_02,water,3,2,0.0,2024-05-29T13:14:42,,,0.06442259939545558,True,7041.0,,,,,,,,,,,,
sym_lin,14975911.370749645,1192.7250286643612,159.2858022642875,,,True,-0.1615630759050024,0.9976280694051249,0.1615630759050024,68.11458828268036,1.1564628111417863,864.7057132885153,-24.543806874703264,5.10808724884208,10.231514099032033,water_02,water,3,2,0.0,2024-05-29T13:14:42,,,0.020344611636863113,True,7041.0,,,,,,,,,,,,
psl,14976161.889166757,1199.8714059698248,160.2375047558441,,,True,-0.1615630759050024,0.9976280694051249,0.1615630759050024,68.11458828268036,1.1564628111417863,864.7057132885153,-24.543806874703264,5.10808724884208,10.231514099032033,water_02,water,3,2,0.0,2024-05-29T13:14:42,,,0.007372484244665719,True,7041.0,-18.954164495036995,True,ok,0.0010395773397122768,0.00013892278507951237,-200.2962678488614,-155.8891667574644,1.027488303967975,0.9779659364960694,,,
circle,14976200.204292037,1432.4220958765925,191.293128608961,,,True,-0.1615630759050024,0.9976280694051249,0.1615630759050024,68.11458828268036,1.1564628111417863,864.7057132885153,-24.543806874703264,5.10808724884208,10.231514099032033,water_02,water,3,2,0.0,2024-05-29T13:14:42,,,0.15122369351926035,,,,,,,,,,,,-14.030184553662231,997.8206889811381,2.739651736260801e-12
mag_argmax,24952739.0,6155.919180616736,493.40628943513866,1443.9481720142066,24948152.367923588,False,0.0,0.7568323515743705,18.39605813836398,75.65174996537519,0.8204446273085437,1218.8512993015568,-26.65614846383822,3.805983629518067,7.644410041102893,water_02,water,5,2,0.0,2024-05-29T13:14:44,,,,,,,,,,,,,,,,,
argmax_hh,24953444.0,1571.9983537495136,125.9945002981964,,,False,0.0,0.7568323515743705,18.39605813836398,75.65174996537519,0.8204446273085437,1218.8512993015568,-26.65614846383822,3.805983629518067,7.644410041102893,water_02,water,5,2,0.0,2024-05-29T13:14:44,False,0.1651820033483589,,,,,,,,,,,,,,,
midpoint,24953276.18090488,1571.9983537495136,125.99534765318406,,,False,0.0,0.7568323515743705,18.39605813836398,75.65174996537519,0.8204446273085437,1218.8512993015568,-26.65614846383822,3.805983629518067,7.644410041102893,water_02,water,5,2,0.0,2024-05-29T13:14:44,,,,,,,,,,,,,,,,,
sym,24953262.796097584,1741.1680961681652,139.55434288460785,,,False,0.0,0.7568323515743705,18.39605813836398,75.65174996537519,0.8204446273085437,1218.8512993015568,-26.65614846383822,3.805983629518067,7.644410041102893,water_02,water,5,2,0.0,2024-05-29T13:14:44,,,0.050701479947575546,True,9431.0,,,,,,,,,,,,
sym_lin,24953403.381759908,1637.5078409452747,131.24525066927242,,,False,0.0,0.7568323515743705,18.39605813836398,75.65174996537519,0.8204446273085437,1218.8512993015568,-26.65614846383822,3.805983629518067,7.644410041102893,water_02,water,5,2,0.0,2024-05-29T13:14:44,,,0.014394551359006616,True,9431.0,,,,,,,,,,,,
psl,24953660.30397014,1640.7659538807602,131.5050324396468,,,False,0.0,0.7568323515743705,18.39605813836398,75.65174996537519,0.8204446273085437,1218.8512993015568,-26.65614846383822,3.805983629518067,7.644410041102893,water_02,water,5,2,0.0,2024-05-29T13:14:44,,,0.002565009648555229,True,9431.0,-14.261415319007195,True,ok,0.0007326545970900422,9.796674097014125e-05,-205.26127360720608,-216.30397013947368,1.0155296465730108,0.9580881112454848,,,
circle,24953565.971505575,1528.7519197943832,122.52773183119895,,,False,0.0,0.7568323515743705,18.39605813836398,75.65174996537519,0.8204446273085437,1218.8512993015568,-26.65614846383822,3.805983629518067,7.644410041102893,water_02,water,5,2,0.0,2024-05-29T13:14:44,,,0.09405808228041669,,,,,,,,,,,,-14.813469769850252,1576.0256318714141,3.1672248631996053e-12
mag_argmax,34928349.0,,,2077.1044505387545,,False,0.0,0.42989402210827815,34.500287930007325,60.515569504447186,0.8496549238991601,1176.9483961922915,-24.98803650965157,3.288840214361121,6.667285560697772,water_02,water,7,2,0.0,2024-05-29T13:14:36,,,,,,,,,,,,,,,,,
argmax_hh,34929335.0,1807.9321622364223,103.51941496947607,,,False,0.0,0.42989402210827815,34.500287930007325,60.515569504447186,0.8496549238991601,1176.9483961922915,-24.98803650965157,3.288840214361121,6.667285560697772,water_02,water,7,2,0.0,2024-05-29T13:14:36,False,0.4852900465107175,,,,,,,,,,,,,,,
midpoint,34928873.94056393,1807.9321622364223,103.52078142071551,,,False,0.0,0.42989402210827815,34.500287930007325,60.515569504447186,0.8496549238991601,1176.9483961922915,-24.98803650965157,3.288840214361121,6.667285560697772,water_02,water,7,2,0.0,2024-05-29T13:14:36,,,,,,,,,,,,,,,,,
sym,34928774.84709722,2504.028372184737,143.37911267407856,,,False,0.0,0.42989402210827815,34.500287930007325,60.515569504447186,0.8496549238991601,1176.9483961922915,-24.98803650965157,3.288840214361121,6.667285560697772,water_02,water,7,2,0.0,2024-05-29T13:14:36,,,0.08964033283610172,True,10847.0,,,,,,,,,,,,
sym_lin,34929172.60992488,1830.3228733876633,104.80195988768367,,,False,0.0,0.42989402210827815,34.500287930007325,60.515569504447186,0.8496549238991601,1176.9483961922915,-24.98803650965157,3.288840214361121,6.667285560697772,water_02,water,7,2,0.0,2024-05-29T13:14:36,,,0.0364766417753612,True,10847.0,,,,,,,,,,,,
psl,34929763.92160634,1800.6961928770065,103.10382840939606,,,False,0.0,0.42989402210827815,34.500287930007325,60.515569504447186,0.8496549238991601,1176.9483961922915,-24.98803650965157,3.288840214361121,6.667285560697772,water_02,water,7,2,0.0,2024-05-29T13:14:36,,,0.006161415085594808,True,10847.0,-28.52076162297312,True,ok,0.0005010578534863777,0.0003796944924609182,-457.66588196819066,-428.92160633951426,1.0626359397953284,1.0040184287544112,,,
circle,34929857.712119296,1841.6883664656266,105.4506652528752,,,False,0.0,0.42989402210827815,34.500287930007325,60.515569504447186,0.8496549238991601,1176.9483961922915,-24.98803650965157,3.288840214361121,6.667285560697772,water_02,water,7,2,0.0,2024-05-29T13:14:36,,,0.049613615068830205,,,,,,,,,,,,-28.304182823376973,2053.913138527471,3.2040925142933338e-12
mag_argmax,44905334.0,,,3852.7062360420823,,False,0.0,0.2656565381560226,41.96913274007892,57.151911769857776,0.8861395308888895,1128.4904522845254,-23.787878791466827,2.7811681624211517,5.745663199115338,water_02,water,9,2,0.0,2024-05-29T13:14:38,,,,,,,,,,,,,,,,,
argmax_hh,44906960.0,2110.9834634698927,94.0158703002783,,,False,0.0,0.2656565381560226,41.96913274007892,57.151911769857776,0.8861395308888895,1128.4904522845254,-23.787878791466827,2.7811681624211517,5.745663199115338,water_02,water,9,2,0.0,2024-05-29T13:14:38,False,0.6673825933419978,,,,,,,,,,,,,,,
midpoint,44906357.97869621,2110.9834634698927,94.01713069099718,,,False,0.0,0.2656565381560226,41.96913274007892,57.151911769857776,0.8861395308888895,1128.4904522845254,-23.787878791466827,2.7811681624211517,5.745663199115338,water_02,water,9,2,0.0,2024-05-29T13:14:38,,,,,,,,,,,,,,,,,
sym,44906170.05197263,3214.323869407726,143.1573374299164,,,False,0.0,0.2656565381560226,41.96913274007892,57.151911769857776,0.8861395308888895,1128.4904522845254,-23.787878791466827,2.7811681624211517,5.745663199115338,water_02,water,9,2,0.0,2024-05-29T13:14:38,,,0.09747931166106015,True,12204.0,,,,,,,,,,,,
sym_lin,44906739.54616871,2213.4594548788064,98.58027891796262,,,False,0.0,0.2656565381560226,41.96913274007892,57.151911769857776,0.8861395308888895,1128.4904522845254,-23.787878791466827,2.7811681624211517,5.745663199115338,water_02,water,9,2,0.0,2024-05-29T13:14:38,,,0.0381106004243127,True,12204.0,,,,,,,,,,,,
psl,44907501.88961385,2128.268726586779,94.78455211417592,,,False,0.0,0.2656565381560226,41.96913274007892,57.151911769857776,0.8861395308888895,1128.4904522845254,-23.787878791466827,2.7811681624211517,5.745663199115338,water_02,water,9,2,0.0,2024-05-29T13:14:38,,,0.006121070249868182,True,12204.0,-31.721644416926818,True,ok,0.000351512387117141,0.0005620860195460914,-604.6802439217174,-541.8896138519049,1.0777042718786571,0.9918782516037777,,,
circle,44907530.695514984,2163.496516556978,96.35339476695168,,,False,0.0,0.2656565381560226,41.96913274007892,57.151911769857776,0.8861395308888895,1128.4904522845254,-23.787878791466827,2.7811681624211517,5.745663199115338,water_02,water,9,2,0.0,2024-05-29T13:14:38,,,0.017662627546634398,,,,,,,,,,,,-30.92046968388169,2798.271028221588,3.3318099080704758e-12
