estimator,fres,gamma,D_ppm,w03,w3_mid,fold,delta,depth,r_min,baseline_deg,Gmax_mS,Rm_ohm,ratio_dB_peak,window_right_gamma,window_left_gamma,set,phase,n,replica,conc,mtime,one_sided,baseline_frac,rms_rel,converged,n_fit,phi_deg,gate_ok,gate_reason,gmax,g_off,bias_pred,bias_meas,hh_factor_pred,hh_factor_meas,theta_deg,R1,C0
mag_argmax,5000111.0,181.6148641887121,72.64433297129287,99.70422688312829,5000095.598041421,True,5.238167332992116,1.0602260376979673,-5.238167332992116,86.97512792160498,13.872964967690928,72.08264436109536,-7.521934649530712,54.80757019005735,109.25966137838309,air_00,air,1,0,,2024-05-29T12:49:34,,,,,,,,,,,,,,,,,
argmax_hh,5000106.0,109.71112164156511,43.88351832603753,,,True,5.238167332992116,1.0602260376979673,-5.238167332992116,86.97512792160498,13.872964967690928,72.08264436109536,-7.521934649530712,54.80757019005735,109.25966137838309,air_00,air,1,0,,2024-05-29T12:49:34,False,-0.0024586104834857427,,,,,,,,,,,,,,,
midpoint,5000091.7288618535,109.71112164156511,43.88364357729018,,,True,5.238167332992116,1.0602260376979673,-5.238167332992116,86.97512792160498,13.872964967690928,72.08264436109536,-7.521934649530712,54.80757019005735,109.25966137838309,air_00,air,1,0,,2024-05-29T12:49:34,,,,,,,,,,,,,,,,,
sym,5000092.247397129,117.82815268135886,47.13039154135447,,,True,5.238167332992116,1.0602260376979673,-5.238167332992116,86.97512792160498,13.872964967690928,72.08264436109536,-7.521934649530712,54.80757019005735,109.25966137838309,air_00,air,1,0,,2024-05-29T12:49:34,,,0.030166272196430144,True,659.0,,,,,,,,,,,,
sym_lin,5000096.629396958,114.96195147844787,45.98389191223009,,,True,5.238167332992116,1.0602260376979673,-5.238167332992116,86.97512792160498,13.872964967690928,72.08264436109536,-7.521934649530712,54.80757019005735,109.25966137838309,air_00,air,1,0,,2024-05-29T12:49:34,,,0.018332905474228344,True,659.0,,,,,,,,,,,,
psl,5000106.490845174,114.51663608876004,45.80567885841294,,,True,5.238167332992116,1.0602260376979673,-5.238167332992116,86.97512792160498,13.872964967690928,72.08264436109536,-7.521934649530712,54.80757019005735,109.25966137838309,air_00,air,1,0,,2024-05-29T12:49:34,,,0.011884472844363149,True,659.0,-7.355048294983875,True,ok,0.015304259980780452,-0.0010733643037024833,-7.360349632809322,-0.4908451735973358,1.0041225454009082,0.9580365385211783,,,
circle,5000109.723545709,112.35657297128121,44.94164295722944,,,True,5.238167332992116,1.0602260376979673,-5.238167332992116,86.97512792160498,13.872964967690928,72.08264436109536,-7.521934649530712,54.80757019005735,109.25966137838309,air_00,air,1,0,,2024-05-29T12:49:34,,,0.022356772684705924,,,,,,,,,,,,-9.756902493572642,71.29593047825391,-1.593558286806312e-11
mag_argmax,14977492.0,116.4389725131914,15.548527418768296,68.66139163635671,14977481.623560417,True,4.6249412050328065,1.0614807077378,-4.6249412050328065,75.2258940277175,30.65296782723948,32.62326850815924,-4.183651072797575,114.36426172858616,228.21465508195652,air_00,air,3,0,,2024-05-29T12:49:36,,,,,,,,,,,,,,,,,
argmax_hh,14977476.0,52.54263796377927,7.016220618718304,,,True,4.6249412050328065,1.0614807077378,-4.6249412050328065,75.2258940277175,30.65296782723948,32.62326850815924,-4.183651072797575,114.36426172858616,228.21465508195652,air_00,air,3,0,,2024-05-29T12:49:36,False,0.00397958932949178,,,,,,,,,,,,,,,
midpoint,14977462.088694528,52.54263796377927,7.016227135495826,,,True,4.6249412050328065,1.0614807077378,-4.6249412050328065,75.2258940277175,30.65296782723948,32.62326850815924,-4.183651072797575,114.36426172858616,228.21465508195652,air_00,air,3,0,,2024-05-29T12:49:36,,,,,,,,,,,,,,,,,
sym,14977461.779354837,59.669971672953594,7.967968478504628,,,True,4.6249412050328065,1.0614807077378,-4.6249412050328065,75.2258940277175,30.65296782723948,32.62326850815924,-4.183651072797575,114.36426172858616,228.21465508195652,air_00,air,3,0,,2024-05-29T12:49:36,,,0.06935071499178848,True,315.0,,,,,,,,,,,,
sym_lin,14977467.903100988,51.82893844550939,6.920921317384836,,,True,4.6249412050328065,1.0614807077378,-4.6249412050328065,75.2258940277175,30.65296782723948,32.62326850815924,-4.183651072797575,114.36426172858616,228.21465508195652,air_00,air,3,0,,2024-05-29T12:49:36,,,0.03460564336527577,True,315.0,,,,,,,,,,,,
psl,14977480.003066635,51.18449134750532,6.834860248456391,,,True,4.6249412050328065,1.0614807077378,-4.6249412050328065,75.2258940277175,30.65296782723948,32.62326850815924,-4.183651072797575,114.36426172858616,228.21465508195652,air_00,air,3,0,,2024-05-29T12:49:36,,,0.01425520582199342,True,315.0,-19.696373826470158,True,ok,0.03328273454272724,-0.0009008596986076992,-8.885434808006641,-4.003066634759307,1.029694762134004,1.026534338439609,,,
circle,14977484.184016969,50.40015645916571,6.730123142169576,,,True,4.6249412050328065,1.0614807077378,-4.6249412050328065,75.2258940277175,30.65296782723948,32.62326850815924,-4.183651072797575,114.36426172858616,228.21465508195652,air_00,air,3,0,,2024-05-29T12:49:36,,,0.022996229040470523,,,,,,,,,,,,-25.54539831819286,33.08867216065914,-4.1123329514169225e-11
mag_argmax,24955266.0,114.71093529649079,9.193324991726458,62.9659308642149,24955250.54146698,True,4.77297143153792,1.0602256876016423,-4.77297143153792,79.25142279999099,18.950348714969834,52.769477493047376,-6.0239440749428,85.98557506276235,171.58479457107393,air_00,air,5,0,,2024-05-29T12:49:40,,,,,,,,,,,,,,,,,
argmax_hh,24955251.0,69.88381476327777,5.600730264205939,,,True,4.77297143153792,1.0602256876016423,-4.77297143153792,79.25142279999099,18.950348714969834,52.769477493047376,-6.0239440749428,85.98557506276235,171.58479457107393,air_00,air,5,0,,2024-05-29T12:49:40,False,0.0037160368686798887,,,,,,,,,,,,,,,
midpoint,24955233.287888527,69.88381476327777,5.6007342393544635,,,True,4.77297143153792,1.0602256876016423,-4.77297143153792,79.25142279999099,18.950348714969834,52.769477493047376,-6.0239440749428,85.98557506276235,171.58479457107393,air_00,air,5,0,,2024-05-29T12:49:40,,,,,,,,,,,,,,,,,
sym,24955233.50744031,77.6575447901407,6.223748198307773,,,True,4.77297143153792,1.0602256876016423,-4.77297143153792,79.25142279999099,18.950348714969834,52.769477493047376,-6.0239440749428,85.98557506276235,171.58479457107393,air_00,air,5,0,,2024-05-29T12:49:40,,,0.06855830556081237,True,419.0,,,,,,,,,,,,
sym_lin,24955241.346303515,67.89096091384789,5.441018179045118,,,True,4.77297143153792,1.0602256876016423,-4.77297143153792,79.25142279999099,18.950348714969834,52.769477493047376,-6.0239440749428,85.98557506276235,171.58479457107393,air_00,air,5,0,,2024-05-29T12:49:40,,,0.03474563458862785,True,419.0,,,,,,,,,,,,
psl,24955257.13968443,66.81353571381273,5.354666180342761,,,True,4.77297143153792,1.0602256876016423,-4.77297143153792,79.25142279999099,18.950348714969834,52.769477493047376,-6.0239440749428,85.98557506276235,171.58479457107393,air_00,air,5,0,,2024-05-29T12:49:40,,,0.013039898901042069,True,419.0,-19.51256933595583,True,ok,0.02004063031128104,-0.00019206251396100893,-11.48821035464244,-6.139684431254864,1.029140283420272,1.0459529497528195,,,
circle,24955262.052369323,65.29787195753879,5.233194652134637,,,True,4.77297143153792,1.0602256876016423,-4.77297143153792,79.25142279999099,18.950348714969834,52.769477493047376,-6.0239440749428,85.98557506276235,171.58479457107393,air_00,air,5,0,,2024-05-29T12:49:40,,,0.02612878153832829,,,,,,,,,,,,-25.52927831787672,54.66607781225345,-1.448253644770665e-11
mag_argmax,34931737.0,144.6848302707076,8.283861193086826,75.49616894125938,34931705.9786097,True,4.934090525249091,1.078556464398968,-4.934090525249091,62.809478035952914,9.963579365688501,100.36553765443894,-9.280542325623124,56.75275938590671,113.25051386194164,air_00,air,7,0,,2024-05-29T12:49:43,,,,,,,,,,,,,,,,,
argmax_hh,34931724.0,105.88031427934766,6.062129328592408,,,True,4.934090525249091,1.078556464398968,-4.934090525249091,62.809478035952914,9.963579365688501,100.36553765443894,-9.280542325623124,56.75275938590671,113.25051386194164,air_00,air,7,0,,2024-05-29T12:49:43,False,0.032597268074033924,,,,,,,,,,,,,,,
midpoint,34931693.99218592,105.88031427934766,6.0621345362198955,,,True,4.934090525249091,1.078556464398968,-4.934090525249091,62.809478035952914,9.963579365688501,100.36553765443894,-9.280542325623124,56.75275938590671,113.25051386194164,air_00,air,7,0,,2024-05-29T12:49:43,,,,,,,,,,,,,,,,,
sym,34931692.902395464,123.88478959371648,7.092973703843652,,,True,4.934090525249091,1.078556464398968,-4.934090525249091,62.809478035952914,9.963579365688501,100.36553765443894,-9.280542325623124,56.75275938590671,113.25051386194164,air_00,air,7,0,,2024-05-29T12:49:43,,,0.08469454181411423,True,635.0,,,,,,,,,,,,
sym_lin,34931709.44038051,99.98570048220017,5.724638277599908,,,True,4.934090525249091,1.078556464398968,-4.934090525249091,62.809478035952914,9.963579365688501,100.36553765443894,-9.280542325623124,56.75275938590671,113.25051386194164,air_00,air,7,0,,2024-05-29T12:49:43,,,0.04021934442035903,True,635.0,,,,,,,,,,,,
psl,34931739.70525357,98.12748645183605,5.618242164851476,,,True,4.934090525249091,1.078556464398968,-4.934090525249091,62.809478035952914,9.963579365688501,100.36553765443894,-9.280542325623124,56.75275938590671,113.25051386194164,air_00,air,7,0,,2024-05-29T12:49:43,,,0.010789985108253818,True,635.0,-25.271719817564758,True,ok,0.010343515378059711,0.0002804690539586343,-21.998584908311194,-15.705253571271896,1.0490551369076448,1.0790077083174543,,,
circle,34931744.13187427,98.2108656926854,5.62301529072925,,,True,4.934090525249091,1.078556464398968,-4.934090525249091,62.809478035952914,9.963579365688501,100.36553765443894,-9.280542325623124,56.75275938590671,113.25051386194164,air_00,air,7,0,,2024-05-29T12:49:43,,,0.014713032965829617,,,,,,,,,,,,-28.692834590508404,102.79840845613947,-4.367952681211891e-12
mag_argmax,44909697.0,190.24020846933126,8.472121665364666,92.28278777003288,44909637.55538352,True,3.0606870009458387,1.0521164326745112,-3.0606870009458387,58.72786842608936,6.315313707069867,158.34526143658073,-12.100004094318221,39.434160412059164,78.73046209785676,air_00,air,9,0,,2024-05-29T12:49:32,,,,,,,,,,,,,,,,,
argmax_hh,44909696.0,152.32985658198595,6.783829335294808,,,True,3.0606870009458387,1.0521164326745112,-3.0606870009458387,58.72786842608936,6.315313707069867,158.34526143658073,-12.100004094318221,39.434160412059164,78.73046209785676,air_00,air,9,0,,2024-05-29T12:49:32,False,0.08303788935929675,,,,,,,,,,,,,,,
midpoint,44909651.28666763,152.32985658198595,6.7838360894691805,,,True,3.0606870009458387,1.0521164326745112,-3.0606870009458387,58.72786842608936,6.315313707069867,158.34526143658073,-12.100004094318221,39.434160412059164,78.73046209785676,air_00,air,9,0,,2024-05-29T12:49:32,,,,,,,,,,,,,,,,,
sym,44909648.1331361,185.28205898218906,8.251325346968402,,,True,3.0606870009458387,1.0521164326745112,-3.0606870009458387,58.72786842608936,6.315313707069867,158.34526143658073,-12.100004094318221,39.434160412059164,78.73046209785676,air_00,air,9,0,,2024-05-29T12:49:32,,,0.09140142000535745,True,913.0,,,,,,,,,,,,
sym_lin,44909675.868925996,142.1586004065425,6.3308673534606905,,,True,3.0606870009458387,1.0521164326745112,-3.0606870009458387,58.72786842608936,6.315313707069867,158.34526143658073,-12.100004094318221,39.434160412059164,78.73046209785676,air_00,air,9,0,,2024-05-29T12:49:32,,,0.04146894041076826,True,913.0,,,,,,,,,,,,
psl,44909723.28538431,139.74161432862084,6.223223128791764,,,True,3.0606870009458387,1.0521164326745112,-3.0606870009458387,58.72786842608936,6.315313707069867,158.34526143658073,-12.100004094318221,39.434160412059164,78.73046209785676,air_00,air,9,0,,2024-05-29T12:49:32,,,0.008695463399254338,True,913.0,-27.904748309757313,True,ok,0.006305521128275292,0.0004927161189956256,-34.718145191722904,-27.285384312272072,1.0599292991662965,1.0900822730139799,,,
circle,44909731.15347117,140.31016169712157,6.2485416008230406,,,True,3.0606870009458387,1.0521164326745112,-3.0606870009458387,58.72786842608936,6.315313707069867,158.34526143658073,-12.100004094318221,39.434160412059164,78.73046209785676,air_00,air,9,0,,2024-05-29T12:49:32,,,0.031318299103741495,,,,,,,,,,,,-32.99198021015138,173.7796813231527,-5.945656520608704e-13
mag_argmax,5000111.0,181.78495855722576,72.71236920829388,99.96696943044662,5000095.910476877,True,5.263526637715188,1.0605110626692895,-5.263526637715188,86.98453481939123,13.85835689741588,72.15862655308483,-7.527444896446008,54.25714312234792,108.16237728381581,air_01,air,1,1,,2024-05-29T12:54:17,,,,,,,,,,,,,,,,,
argmax_hh,5000106.0,110.82411741511896,44.328707197454996,,,True,5.263526637715188,1.0605110626692895,-5.263526637715188,86.98453481939123,13.85835689741588,72.15862655308483,-7.527444896446008,54.25714312234792,108.16237728381581,air_01,air,1,1,,2024-05-29T12:54:17,False,-0.0024661916302931523,,,,,,,,,,,,,,,
midpoint,5000090.958364889,110.82411741511896,44.32884055027681,,,True,5.263526637715188,1.0605110626692895,-5.263526637715188,86.98453481939123,13.85835689741588,72.15862655308483,-7.527444896446008,54.25714312234792,108.16237728381581,air_01,air,1,1,,2024-05-29T12:54:17,,,,,,,,,,,,,,,,,
sym,5000092.055878053,118.68103668631075,47.47154066765256,,,True,5.263526637715188,1.0605110626692895,-5.263526637715188,86.98453481939123,13.85835689741588,72.15862655308483,-7.527444896446008,54.25714312234792,108.16237728381581,air_01,air,1,1,,2024-05-29T12:54:17,,,0.02999754846623375,True,665.0,,,,,,,,,,,,
sym_lin,5000096.320824584,115.91105899085154,46.36353044164406,,,True,5.263526637715188,1.0605110626692895,-5.263526637715188,86.98453481939123,13.85835689741588,72.15862655308483,-7.527444896446008,54.25714312234792,108.16237728381581,air_01,air,1,1,,2024-05-29T12:54:17,,,0.019037071605879485,True,665.0,,,,,,,,,,,,
psl,5000106.0253967,115.42619421952448,46.16949865992762,,,True,5.263526637715188,1.0605110626692895,-5.263526637715188,86.98453481939123,13.85835689741588,72.15862655308483,-7.527444896446008,54.25714312234792,108.16237728381581,air_01,air,1,1,,2024-05-29T12:54:17,,,0.013140713320652645,True,665.0,-7.150026522147033,True,ok,0.015331895950220895,-0.0011154575074709759,-7.2114652735037525,-0.025396700017154217,1.0038957685515315,0.9601297016199546,,,
circle,5000108.979573331,112.10511904731757,44.841070266785955,,,True,5.263526637715188,1.0605110626692895,-5.263526637715188,86.98453481939123,13.85835689741588,72.15862655308483,-7.527444896446008,54.25714312234792,108.16237728381581,air_01,air,1,1,,2024-05-29T12:54:17,,,0.017602776422322497,,,,,,,,,,,,-9.250966401551098,70.96804391913517,-1.4541183828315484e-11
mag_argmax,14977492.0,116.60312172956765,15.570446871821751,68.60664311796427,14977482.235389367,True,4.66707880772641,1.0621162929862142,-4.66707880772641,75.13453529434229,30.50160296316427,32.78516218336674,-4.205050165840189,114.08976778059728,227.61003588841288,air_01,air,3,1,,2024-05-29T12:54:19,,,,,,,,,,,,,,,,,
argmax_hh,14977476.0,52.677817800082266,7.034271702399292,,,True,4.66707880772641,1.0621162929862142,-4.66707880772641,75.13453529434229,30.50160296316427,32.78516218336674,-4.205050165840189,114.08976778059728,227.61003588841288,air_01,air,3,1,,2024-05-29T12:54:19,False,0.003989820270298608,,,,,,,,,,,,,,,
midpoint,14977462.709342744,52.677817800082266,7.034277944450836,,,True,4.66707880772641,1.0621162929862142,-4.66707880772641,75.13453529434229,30.50160296316427,32.78516218336674,-4.205050165840189,114.08976778059728,227.61003588841288,air_01,air,3,1,,2024-05-29T12:54:19,,,,,,,,,,,,,,,,,
sym,14977462.432563305,59.610494140789655,7.960025860079914,,,True,4.66707880772641,1.0621162929862142,-4.66707880772641,75.13453529434229,30.50160296316427,32.78516218336674,-4.205050165840189,114.08976778059728,227.61003588841288,air_01,air,3,1,,2024-05-29T12:54:19,,,0.06969477609880889,True,317.0,,,,,,,,,,,,
sym_lin,14977468.565251403,51.986088066320825,6.941905815370104,,,True,4.66707880772641,1.0621162929862142,-4.66707880772641,75.13453529434229,30.50160296316427,32.78516218336674,-4.205050165840189,114.08976778059728,227.61003588841288,air_01,air,3,1,,2024-05-29T12:54:19,,,0.03450239916984913,True,317.0,,,,,,,,,,,,
psl,14977480.72453097,51.2837804588322,6.848118372115372,,,True,4.66707880772641,1.0621162929862142,-4.66707880772641,75.13453529434229,30.50160296316427,32.78516218336674,-4.205050165840189,114.08976778059728,227.61003588841288,air_01,air,3,1,,2024-05-29T12:54:19,,,0.013999419653697017,True,317.0,-19.729624169479518,True,ok,0.03309408533188729,-0.0008837153931483497,-8.918000941870515,-4.724530970677733,1.0297956349340673,1.0271828115785873,,,
circle,14977484.78747286,50.484459834310165,6.741380218464354,,,True,4.66707880772641,1.0621162929862142,-4.66707880772641,75.13453529434229,30.50160296316427,32.78516218336674,-4.205050165840189,114.08976778059728,227.61003588841288,air_01,air,3,1,,2024-05-29T12:54:19,,,0.022573246499096505,,,,,,,,,,,,-25.377800991760285,33.23155443498362,-4.085119515956383e-11
mag_argmax,24955267.0,114.7888164035976,9.199566280224339,62.719845071434975,24955251.58656649,True,4.852745858684537,1.0612630111194645,-4.852745858684537,79.2116771606533,18.883705793108266,52.95570747373943,-6.038057902998266,85.8413257208033,171.29694403696993,air_01,air,5,1,,2024-05-29T12:54:08,,,,,,,,,,,,,,,,,
argmax_hh,24955252.0,70.0012488104403,5.610141609504909,,,True,4.852745858684537,1.0612630111194645,-4.852745858684537,79.2116771606533,18.883705793108266,52.95570747373943,-6.038057902998266,85.8413257208033,171.29694403696993,air_01,air,5,1,,2024-05-29T12:54:08,False,0.0036875422979128956,,,,,,,,,,,,,,,
midpoint,24955234.40859487,70.0012488104403,5.61014556419723,,,True,4.852745858684537,1.0612630111194645,-4.852745858684537,79.2116771606533,18.883705793108266,52.95570747373943,-6.038057902998266,85.8413257208033,171.29694403696993,air_01,air,5,1,,2024-05-29T12:54:08,,,,,,,,,,,,,,,,,
sym,24955234.6515144,77.70759689713427,6.22775926432081,,,True,4.852745858684537,1.0612630111194645,-4.852745858684537,79.2116771606533,18.883705793108266,52.95570747373943,-6.038057902998266,85.8413257208033,171.29694403696993,air_01,air,5,1,,2024-05-29T12:54:08,,,0.06869673145268185,True,421.0,,,,,,,,,,,,
sym_lin,24955242.48900846,67.99771552610983,5.449573616129712,,,True,4.852745858684537,1.0612630111194645,-4.852745858684537,79.2116771606533,18.883705793108266,52.95570747373943,-6.038057902998266,85.8413257208033,171.29694403696993,air_01,air,5,1,,2024-05-29T12:54:08,,,0.034934682319293295,True,421.0,,,,,,,,,,,,
psl,24955258.34581474,66.88103818028429,5.3600758007380795,,,True,4.852745858684537,1.0612630111194645,-4.852745858684537,79.2116771606533,18.883705793108266,52.95570747373943,-6.038057902998266,85.8413257208033,171.29694403696993,air_01,air,5,1,,2024-05-29T12:54:08,,,0.013030577805699661,True,421.0,-19.531149913539963,True,ok,0.01996331540813129,-0.00018831912509606095,-11.510982451694161,-6.345814738422632,1.0291960937713072,1.0466531428795285,,,
circle,24955263.046411134,65.3663767608847,5.238684652557503,,,True,4.852745858684537,1.0612630111194645,-4.852745858684537,79.2116771606533,18.883705793108266,52.95570747373943,-6.038057902998266,85.8413257208033,171.29694403696993,air_01,air,5,1,,2024-05-29T12:54:08,,,0.025788721099233598,,,,,,,,,,,,-25.378396265769744,54.78480488565196,-1.4435608053038527e-11
mag_argmax,34931740.0,144.77605126425624,8.28908329583675,74.26000031083822,34931708.291401625,True,4.937822353284993,1.0786417439786657,-4.937822353284993,62.78882058648851,9.939531680882633,100.60836185304052,-9.292809510549935,56.500141771453954,112.77458390866775,air_01,air,7,1,,2024-05-29T12:54:11,,,,,,,,,,,,,,,,,
argmax_hh,34931727.0,106.33601636439562,6.088219821733728,,,True,4.937822353284993,1.0786417439786657,-4.937822353284993,62.78882058648851,9.939531680882633,100.60836185304052,-9.292809510549935,56.500141771453954,112.77458390866775,air_01,air,7,1,,2024-05-29T12:54:11,False,0.03266493340453526,,,,,,,,,,,,,,,
midpoint,34931696.50019743,106.33601636439562,6.088225137521999,,,True,4.937822353284993,1.0786417439786657,-4.937822353284993,62.78882058648851,9.939531680882633,100.60836185304052,-9.292809510549935,56.500141771453954,112.77458390866775,air_01,air,7,1,,2024-05-29T12:54:11,,,,,,,,,,,,,,,,,
sym,34931695.37610305,124.64349334353714,7.136412475920444,,,True,4.937822353284993,1.0786417439786657,-4.937822353284993,62.78882058648851,9.939531680882633,100.60836185304052,-9.292809510549935,56.500141771453954,112.77458390866775,air_01,air,7,1,,2024-05-29T12:54:11,,,0.0847883857204069,True,639.0,,,,,,,,,,,,
sym_lin,34931712.05445291,100.38424155615944,5.747456145274333,,,True,4.937822353284993,1.0786417439786657,-4.937822353284993,62.78882058648851,9.939531680882633,100.60836185304052,-9.292809510549935,56.500141771453954,112.77458390866775,air_01,air,7,1,,2024-05-29T12:54:11,,,0.04069073630816529,True,639.0,,,,,,,,,,,,
psl,34931742.603916615,98.39132566160227,5.633347684782863,,,True,4.937822353284993,1.0786417439786657,-4.937822353284993,62.78882058648851,9.939531680882633,100.60836185304052,-9.292809510549935,56.500141771453954,112.77458390866775,air_01,air,7,1,,2024-05-29T12:54:11,,,0.01104022087572865,True,639.0,-25.36910197906365,True,ok,0.010299752148196145,0.00028662599856760766,-22.14556734837663,-15.603916615247726,1.049437368195991,1.0807458447111238,,,
circle,34931746.82378042,98.5012959464857,5.639643298881873,,,True,4.937822353284993,1.0786417439786657,-4.937822353284993,62.78882058648851,9.939531680882633,100.60836185304052,-9.292809510549935,56.500141771453954,112.77458390866775,air_01,air,7,1,,2024-05-29T12:54:11,,,0.015222689529693247,,,,,,,,,,,,-28.701908648122693,103.14620461619022,-4.34545548078947e-12
mag_argmax,44909700.0,189.73894608393312,8.44979797611354,92.11953998357058,44909641.62125413,True,3.049733585579939,1.0519212375315032,-3.049733585579939,58.737690597792536,6.319410525097249,158.24260760217206,-12.095994843293049,39.41815465855064,78.69850654569633,air_01,air,9,1,,2024-05-29T12:54:15,,,,,,,,,,,,,,,,,
argmax_hh,44909699.0,152.39171016588807,6.786583457880138,,,True,3.049733585579939,1.0519212375315032,-3.049733585579939,58.737690597792536,6.319410525097249,158.24260760217206,-12.095994843293049,39.41815465855064,78.69850654569633,air_01,air,9,1,,2024-05-29T12:54:15,False,0.08296942951801027,,,,,,,,,,,,,,,
midpoint,44909654.79093401,152.39171016588807,6.7865901385931675,,,True,3.049733585579939,1.0519212375315032,-3.049733585579939,58.737690597792536,6.319410525097249,158.24260760217206,-12.095994843293049,39.41815465855064,78.69850654569633,air_01,air,9,1,,2024-05-29T12:54:15,,,,,,,,,,,,,,,,,
sym,44909651.70502902,184.90274059609405,8.234432179993437,,,True,3.049733585579939,1.0519212375315032,-3.049733585579939,58.737690597792536,6.319410525097249,158.24260760217206,-12.095994843293049,39.41815465855064,78.69850654569633,air_01,air,9,1,,2024-05-29T12:54:15,,,0.09154238162393867,True,915.0,,,,,,,,,,,,
sym_lin,44909679.38278945,142.20000822349803,6.33271090677137,,,True,3.049733585579939,1.0519212375315032,-3.049733585579939,58.737690597792536,6.319410525097249,158.24260760217206,-12.095994843293049,39.41815465855064,78.69850654569633,air_01,air,9,1,,2024-05-29T12:54:15,,,0.04147655957610122,True,915.0,,,,,,,,,,,,
psl,44909726.827686384,139.7186430553555,6.222199640244544,,,True,3.049733585579939,1.0519212375315032,-3.049733585579939,58.737690597792536,6.319410525097249,158.24260760217206,-12.095994843293049,39.41815465855064,78.69850654569633,air_01,air,9,1,,2024-05-29T12:54:15,,,0.008635380836091645,True,915.0,-27.89965553266991,True,ok,0.00630893690950129,0.0004926823048017619,-34.70584538175979,-27.82768638432026,1.0599071806262392,1.0907041954702608,,,
circle,44909734.70424782,140.25047429429142,6.245883001443148,,,True,3.049733585579939,1.0519212375315032,-3.049733585579939,58.737690597792536,6.319410525097249,158.24260760217206,-12.095994843293049,39.41815465855064,78.69850654569633,air_01,air,9,1,,2024-05-29T12:54:15,,,0.03136293165378472,,,,,,,,,,,,-32.9843908425063,173.7003494301345,-5.974461681385523e-13
mag_argmax,5000113.0,182.08874396560714,72.83385154119803,102.72463333327323,5000096.031910343,True,5.242975161800434,1.0603033796013528,-5.242975161800434,86.94330560675265,13.838399408981905,72.26269241448135,-7.533534533413178,54.94608731998409,109.56315615302216,air_02,air,1,2,,2024-05-29T12:57:05,,,,,,,,,,,,,,,,,
argmax_hh,5000107.0,109.41634415183216,43.76560107686982,,,True,5.242975161800434,1.0603033796013528,-5.242975161800434,86.94330560675265,13.838399408981905,72.26269241448135,-7.533534533413178,54.94608731998409,109.56315615302216,air_02,air,1,2,,2024-05-29T12:57:05,False,-0.0024634452184927554,,,,,,,,,,,,,,,
midpoint,5000092.464383045,109.41634415183216,43.76572830651959,,,True,5.242975161800434,1.0603033796013528,-5.242975161800434,86.94330560675265,13.838399408981905,72.26269241448135,-7.533534533413178,54.94608731998409,109.56315615302216,air_02,air,1,2,,2024-05-29T12:57:05,,,,,,,,,,,,,,,,,
sym,5000092.86373527,117.43881186383177,46.97465229719764,,,True,5.242975161800434,1.0603033796013528,-5.242975161800434,86.94330560675265,13.838399408981905,72.26269241448135,-7.533534533413178,54.94608731998409,109.56315615302216,air_02,air,1,2,,2024-05-29T12:57:05,,,0.030198930139632978,True,657.0,,,,,,,,,,,,
sym_lin,5000097.261727733,114.51945119806253,45.806889427783446,,,True,5.242975161800434,1.0603033796013528,-5.242975161800434,86.94330560675265,13.838399408981905,72.26269241448135,-7.533534533413178,54.94608731998409,109.56315615302216,air_02,air,1,2,,2024-05-29T12:57:05,,,0.018121923736004894,True,657.0,,,,,,,,,,,,
psl,5000107.126054817,114.13159243288925,45.65165887673344,,,True,5.242975161800434,1.0603033796013528,-5.242975161800434,86.94330560675265,13.838399408981905,72.26269241448135,-7.533534533413178,54.94608731998409,109.56315615302216,air_02,air,1,2,,2024-05-29T12:57:05,,,0.011592796056688311,True,657.0,-7.391282108048937,True,ok,0.015274857636398886,-0.0010540361455674567,-7.371839840424289,-0.12605481687933207,1.0041632924692983,0.9586858626910887,,,
circle,5000110.1187776,112.06836568354133,44.82635902864443,,,True,5.242975161800434,1.0603033796013528,-5.242975161800434,86.94330560675265,13.838399408981905,72.26269241448135,-7.533534533413178,54.94608731998409,109.56315615302216,air_02,air,1,2,,2024-05-29T12:57:05,,,0.021454786375887835,,,,,,,,,,,,-9.678663733561871,71.28775291803893,-1.5965662564512783e-11
mag_argmax,14977493.0,116.57229365315288,15.566329245241896,68.70546374842525,14977482.424528759,True,4.676882006388694,1.0622158292782886,-4.676882006388694,75.17189854480944,30.53811375722765,32.7459648604958,-4.2021439831367635,114.1696074577506,227.76931670855734,air_02,air,3,2,,2024-05-29T12:56:52,,,,,,,,,,,,,,,,,
argmax_hh,14977476.0,52.640979800373316,7.029352582554406,,,True,4.676882006388694,1.0622158292782886,-4.676882006388694,75.17189854480944,30.53811375722765,32.7459648604958,-4.2021439831367635,114.1696074577506,227.76931670855734,air_02,air,3,2,,2024-05-29T12:56:52,False,0.00398056860486526,,,,,,,,,,,,,,,
midpoint,14977462.932311898,52.640979800373316,7.029358715594929,,,True,4.676882006388694,1.0622158292782886,-4.676882006388694,75.17189854480944,30.53811375722765,32.7459648604958,-4.2021439831367635,114.1696074577506,227.76931670855734,air_02,air,3,2,,2024-05-29T12:56:52,,,,,,,,,,,,,,,,,
sym,14977462.64299671,59.63321503605095,7.963059759516042,,,True,4.676882006388694,1.0622158292782886,-4.676882006388694,75.17189854480944,30.53811375722765,32.7459648604958,-4.2021439831367635,114.1696074577506,227.76931670855734,air_02,air,3,2,,2024-05-29T12:56:52,,,0.06963193971737082,True,315.0,,,,,,,,,,,,
sym_lin,14977468.795901885,52.00715111143801,6.944718339278816,,,True,4.676882006388694,1.0622158292782886,-4.676882006388694,75.17189854480944,30.53811375722765,32.7459648604958,-4.2021439831367635,114.1696074577506,227.76931670855734,air_02,air,3,2,,2024-05-29T12:56:52,,,0.03428523833560775,True,315.0,,,,,,,,,,,,
psl,14977480.91170714,51.30261063519772,6.850632751612731,,,True,4.676882006388694,1.0622158292782886,-4.676882006388694,75.17189854480944,30.53811375722765,32.7459648604958,-4.2021439831367635,114.1696074577506,227.76931670855734,air_02,air,3,2,,2024-05-29T12:56:52,,,0.013960915249872096,True,315.0,-19.720572832348108,True,ok,0.033152582760559594,-0.0009065068175356793,-8.917100655342383,-4.911707140505314,1.0297681583364673,1.0260877399532835,,,
circle,14977484.978549294,50.44778569587431,6.736482896577826,,,True,4.676882006388694,1.0622158292782886,-4.676882006388694,75.17189854480944,30.53811375722765,32.7459648604958,-4.2021439831367635,114.1696074577506,227.76931670855734,air_02,air,3,2,,2024-05-29T12:56:52,,,0.022568448897166006,,,,,,,,,,,,-25.398160164175295,33.18641544613738,-4.089797765859827e-11
mag_argmax,24955267.0,115.01963832043111,9.21806513393995,63.040642987936735,24955251.73895981,True,4.823410990595067,1.0608863050555486,-4.823410990595067,79.21996557673373,18.880199303031546,52.96554257451258,-6.043275641378746,85.70687356791848,170.98592580355117,air_02,air,5,2,,2024-05-29T12:56:55,,,,,,,,,,,,,,,,,
argmax_hh,24955252.0,70.12273053266108,5.619877573879926,,,True,4.823410990595067,1.0608863050555486,-4.823410990595067,79.21996557673373,18.880199303031546,52.96554257451258,-6.043275641378746,85.70687356791848,170.98592580355117,air_02,air,5,2,,2024-05-29T12:56:55,False,0.0037110553219214665,,,,,,,,,,,,,,,
midpoint,24955234.516802393,70.12273053266108,5.619881511067135,,,True,4.823410990595067,1.0608863050555486,-4.823410990595067,79.21996557673373,18.880199303031546,52.96554257451258,-6.043275641378746,85.70687356791848,170.98592580355117,air_02,air,5,2,,2024-05-29T12:56:55,,,,,,,,,,,,,,,,,
sym,24955234.795384523,77.86173957434967,6.2401127629342295,,,True,4.823410990595067,1.0608863050555486,-4.823410990595067,79.21996557673373,18.880199303031546,52.96554257451258,-6.043275641378746,85.70687356791848,170.98592580355117,air_02,air,5,2,,2024-05-29T12:56:55,,,0.06858240348166156,True,421.0,,,,,,,,,,,,
sym_lin,24955242.640645254,68.18762450183034,5.464793549293836,,,True,4.823410990595067,1.0608863050555486,-4.823410990595067,79.21996557673373,18.880199303031546,52.96554257451258,-6.043275641378746,85.70687356791848,170.98592580355117,air_02,air,5,2,,2024-05-29T12:56:55,,,0.034881914862675854,True,421.0,,,,,,,,,,,,
psl,24955258.48951272,67.03727141701373,5.372596837270645,,,True,4.823410990595067,1.0608863050555486,-4.823410990595067,79.21996557673373,18.880199303031546,52.96554257451258,-6.043275641378746,85.70687356791848,170.98592580355117,air_02,air,5,2,,2024-05-29T12:56:55,,,0.013150924403419256,True,421.0,-19.491794811433213,True,ok,0.01996305980320621,-0.00019434332332896672,-11.514168208682,-6.4895127192139626,1.0290779473585783,1.0460260247833457,,,
circle,24955263.41797136,65.45393209632766,5.245701558028152,,,True,4.823410990595067,1.0608863050555486,-4.823410990595067,79.21996557673373,18.880199303031546,52.96554257451258,-6.043275641378746,85.70687356791848,170.98592580355117,air_02,air,5,2,,2024-05-29T12:56:55,,,0.025781328000309908,,,,,,,,,,,,-25.479407246708192,54.81725620809609,-1.4407528716485611e-11
mag_argmax,34931741.0,144.9619432426989,8.299726214201515,75.58525297045708,34931708.772870064,True,5.00604615941016,1.079696854391702,-5.00604615941016,62.81359782163973,9.923496282774156,100.77093511244261,-9.303693945809522,56.527417334248305,112.80084227907662,air_02,air,7,2,,2024-05-29T12:56:59,,,,,,,,,,,,,,,,,
argmax_hh,34931727.0,106.30239772796631,6.086295002131805,,,True,5.00604615941016,1.079696854391702,-5.00604615941016,62.81359782163973,9.923496282774156,100.77093511244261,-9.303693945809522,56.527417334248305,112.80084227907662,air_02,air,7,2,,2024-05-29T12:56:59,False,0.032634533008891006,,,,,,,,,,,,,,,
midpoint,34931697.08852655,106.30239772796631,6.086300213732344,,,True,5.00604615941016,1.079696854391702,-5.00604615941016,62.81359782163973,9.923496282774156,100.77093511244261,-9.303693945809522,56.527417334248305,112.80084227907662,air_02,air,7,2,,2024-05-29T12:56:59,,,,,,,,,,,,,,,,,
sym,34931695.95760122,124.37999913741214,7.121326103855932,,,True,5.00604615941016,1.079696854391702,-5.00604615941016,62.81359782163973,9.923496282774156,100.77093511244261,-9.303693945809522,56.527417334248305,112.80084227907662,air_02,air,7,2,,2024-05-29T12:56:59,,,0.08486524179217383,True,637.0,,,,,,,,,,,,
sym_lin,34931712.592942506,100.38083761403243,5.74726116544959,,,True,5.00604615941016,1.079696854391702,-5.00604615941016,62.81359782163973,9.923496282774156,100.77093511244261,-9.303693945809522,56.527417334248305,112.80084227907662,air_02,air,7,2,,2024-05-29T12:56:59,,,0.04049018293478909,True,637.0,,,,,,,,,,,,
psl,34931743.047565624,98.4024227658097,5.633982972554088,,,True,5.00604615941016,1.079696854391702,-5.00604615941016,62.81359782163973,9.923496282774156,100.77093511244261,-9.303693945809522,56.527417334248305,112.80084227907662,air_02,air,7,2,,2024-05-29T12:56:59,,,0.011032318466336028,True,637.0,-25.330355875981695,True,ok,0.010303578216508071,0.0002795145502097459,-22.11310998039169,-16.04756562411785,1.0492851044721794,1.0802823217163864,,,
circle,34931747.27191086,98.36014103940046,5.631561471790065,,,True,5.00604615941016,1.079696854391702,-5.00604615941016,62.81359782163973,9.923496282774156,100.77093511244261,-9.303693945809522,56.527417334248305,112.80084227907662,air_02,air,7,2,,2024-05-29T12:56:59,,,0.014132854320559683,,,,,,,,,,,,-28.65018431356964,103.03950239106439,-4.3427668811207285e-12
mag_argmax,44909704.0,189.35669504478574,8.432774130276421,90.44527802616358,44909642.73028444,True,3.0953750014386827,1.0526974003139253,-3.0953750014386827,58.73866610115731,6.3101728750804185,158.47426366860918,-12.10441685170809,39.425122442643534,78.8108329001728,air_02,air,9,2,,2024-05-29T12:57:03,,,,,,,,,,,,,,,,,
argmax_hh,44909702.0,152.2379545867443,6.779735683249214,,,True,3.0953750014386827,1.0526974003139253,-3.0953750014386827,58.73866610115731,6.3101728750804185,158.47426366860918,-12.10441685170809,39.425122442643534,78.8108329001728,air_02,air,9,2,,2024-05-29T12:57:03,False,0.08295228119981146,,,,,,,,,,,,,,,
midpoint,44909655.66819279,152.2379545867443,6.779742677678406,,,True,3.0953750014386827,1.0526974003139253,-3.0953750014386827,58.73866610115731,6.3101728750804185,158.47426366860918,-12.10441685170809,39.425122442643534,78.8108329001728,air_02,air,9,2,,2024-05-29T12:57:03,,,,,,,,,,,,,,,,,
sym,44909652.353285,186.43906954137097,8.302850713460645,,,True,3.0953750014386827,1.0526974003139253,-3.0953750014386827,58.73866610115731,6.3101728750804185,158.47426366860918,-12.10441685170809,39.425122442643534,78.8108329001728,air_02,air,9,2,,2024-05-29T12:57:03,,,0.09118788623766673,True,913.0,,,,,,,,,,,,
sym_lin,44909680.27068353,142.42519035298685,6.342739003909596,,,True,3.0953750014386827,1.0526974003139253,-3.0953750014386827,58.73866610115731,6.3101728750804185,158.47426366860918,-12.10441685170809,39.425122442643534,78.8108329001728,air_02,air,9,2,,2024-05-29T12:57:03,,,0.04192753081388853,True,913.0,,,,,,,,,,,,
psl,44909727.9575062,139.84804137031858,6.227962079959312,,,True,3.0953750014386827,1.0526974003139253,-3.0953750014386827,58.73866610115731,6.3101728750804185,158.47426366860918,-12.10441685170809,39.425122442643534,78.8108329001728,air_02,air,9,2,,2024-05-29T12:57:03,,,0.00938650980509391,True,913.0,-27.990428967716618,True,ok,0.006298624712370461,0.0004940288244357553,-34.85562647118788,-25.957506202161312,1.0603020545466182,1.088595543384245,,,
circle,44909735.521979295,140.45192333799457,6.254854173846378,,,True,3.0953750014386827,1.0526974003139253,-3.0953750014386827,58.73866610115731,6.3101728750804185,158.47426366860918,-12.10441685170809,39.425122442643534,78.8108329001728,air_02,air,9,2,,2024-05-29T12:57:03,,,0.030622993676113472,,,,,,,,,,,,-32.9789287948818,173.81117228578708,-5.877950621032695e-13
mag_argmax,4999323.0,939.8133641160093,375.9762528310371,507.50959657598287,4999211.44620808,True,4.983182433813971,1.0604840253667178,-4.983182433813971,82.3884059237239,1.6473549979958189,607.0337002143469,-22.00168572514325,7.117415552983107,14.388960131706488,gluc05_00,gluc05,1,0,5.0,2024-05-29T13:17:35,,,,,,,,,,,,,,,,,
argmax_hh,4999359.0,836.9611069713719,334.8273676570824,,,True,4.983182433813971,1.0604840253667178,-4.983182433813971,82.3884059237239,1.6473549979958189,607.0337002143469,-22.00168572514325,7.117415552983107,14.388960131706488,gluc05_00,gluc05,1,0,5.0,2024-05-29T13:17:35,False,-0.01578768281514065,,,,,,,,,,,,,,,
midpoint,4999378.550547013,836.9611069713719,334.82605828270187,,,True,4.983182433813971,1.0604840253667178,-4.983182433813971,82.3884059237239,1.6473549979958189,607.0337002143469,-22.00168572514325,7.117415552983107,14.388960131706488,gluc05_00,gluc05,1,0,5.0,2024-05-29T13:17:35,,,,,,,,,,,,,,,,,
sym,4999380.195421501,856.8416463882903,342.77914977260474,,,True,4.983182433813971,1.0604840253667178,-4.983182433813971,82.3884059237239,1.6473549979958189,607.0337002143469,-22.00168572514325,7.117415552983107,14.388960131706488,gluc05_00,gluc05,1,0,5.0,2024-05-29T13:17:35,,,0.008711248016576177,True,5021.0,,,,,,,,,,,,
sym_lin,4999374.797611657,856.3908121293637,342.59916361481277,,,True,4.983182433813971,1.0604840253667178,-4.983182433813971,82.3884059237239,1.6473549979958189,607.0337002143469,-22.00168572514325,7.117415552983107,14.388960131706488,gluc05_00,gluc05,1,0,5.0,2024-05-29T13:17:35,,,0.007590785316781655,True,5021.0,,,,,,,,,,,,
psl,4999367.258713006,856.7042098027017,342.7250551795806,,,True,4.983182433813971,1.0604840253667178,-4.983182433813971,82.3884059237239,1.6473549979958189,607.0337002143469,-22.00168572514325,7.117415552983107,14.388960131706488,gluc05_00,gluc05,1,0,5.0,2024-05-29T13:17:35,,,0.007970536795153721,True,5021.0,0.9045914653628633,True,ok,0.0017661046834756393,-9.502752237288815e-05,6.7630061161732336,-8.258713006041944,1.0000623166683738,0.9769545864191835,,,
circle,4999359.0336081255,873.7228988815624,349.53396745781674,,,True,4.983182433813971,1.0604840253667178,-4.983182433813971,82.3884059237239,1.6473549979958189,607.0337002143469,-22.00168572514325,7.117415552983107,14.388960131706488,gluc05_00,gluc05,1,0,5.0,2024-05-29T13:17:35,,,0.01666306539152418,,,,,,,,,,,,1.0163962495439873,592.9366775693826,4.380646706371084e-12
mag_argmax,14975690.0,1546.4821933070198,206.5323458627976,762.9851165022701,14975071.428870536,True,-0.5859050421487932,0.9913401252507159,0.5859050421487932,67.6574499183411,1.1314430915453626,883.8270413001212,-24.717386837342488,4.940862632496821,9.884196108117077,gluc05_00,gluc05,3,0,5.0,2024-05-29T13:17:37,,,,,,,,,,,,,,,,,
argmax_hh,14975959.0,1214.1604505544528,162.14793998226796,,,True,-0.5859050421487932,0.9913401252507159,0.5859050421487932,67.6574499183411,1.1314430915453626,883.8270413001212,-24.717386837342488,4.940862632496821,9.884196108117077,gluc05_00,gluc05,3,0,5.0,2024-05-29T13:17:37,False,0.15735815524804894,,,,,,,,,,,,,,,
midpoint,14975695.338757232,1214.1604505544528,162.15079474970287,,,True,-0.5859050421487932,0.9913401252507159,0.5859050421487932,67.6574499183411,1.1314430915453626,883.8270413001212,-24.717386837342488,4.940862632496821,9.884196108117077,gluc05_00,gluc05,3,0,5.0,2024-05-29T13:17:37,,,,,,,,,,,,,,,,,
sym,14975697.812875066,1430.2709693117172,191.01226362648285,,,True,-0.5859050421487932,0.9913401252507159,0.5859050421487932,67.6574499183411,1.1314430915453626,883.8270413001212,-24.717386837342488,4.940862632496821,9.884196108117077,gluc05_00,gluc05,3,0,5.0,2024-05-29T13:17:37,,,0.06585913902390625,True,7285.0,,,,,,,,,,,,
sym_lin,14975856.598942885,1233.092547935826,164.6773978889284,,,True,-0.5859050421487932,0.9913401252507159,0.5859050421487932,67.6574499183411,1.1314430915453626,883.8270413001212,-24.717386837342488,4.940862632496821,9.884196108117077,gluc05_00,gluc05,3,0,5.0,2024-05-29T13:17:37,,,0.020956968404790152,True,7285.0,,,,,,,,,,,,
psl,14976122.713249965,1240.7188940430367,165.69293906029816,,,True,-0.5859050421487932,0.9913401252507159,0.5859050421487932,67.6574499183411,1.1314430915453626,883.8270413001212,-24.717386837342488,4.940862632496821,9.884196108117077,gluc05_00,gluc05,3,0,5.0,2024-05-29T13:17:37,,,0.007388344368642808,True,7285.0,-19.453903016483512,True,ok,0.0010117321572996186,0.00014357610323658814,-212.6806901506406,-163.71324996463954,1.0289644238256803,0.9785943104307537,,,
circle,14976159.348114634,1498.44308724277,200.11046255746615,,,True,-0.5859050421487932,0.9913401252507159,0.5859050421487932,67.6574499183411,1.1314430915453626,883.8270413001212,-24.717386837342488,4.940862632496821,9.884196108117077,gluc05_00,gluc05,3,0,5.0,2024-05-29T13:17:37,,,0.15759756318237095,,,,,,,,,,,,-14.186137361926209,1024.8898590017525,2.7075557259784236e-12
mag_argmax,24952574.0,,,1527.3703131973743,,False,0.0,0.7397911780252917,19.614320935261674,75.37915427466999,0.7970657214615751,1254.601688511087,-26.832879416810137,3.680182297125334,7.384337720956512,gluc05_00,gluc05,5,0,5.0,2024-05-29T13:17:39,,,,,,,,,,,,,,,,,
argmax_hh,24953366.0,1626.82158562541,130.38894918027572,,,False,0.0,0.7397911780252917,19.614320935261674,75.37915427466999,0.7970657214615751,1254.601688511087,-26.832879416810137,3.680182297125334,7.384337720956512,gluc05_00,gluc05,5,0,5.0,2024-05-29T13:17:39,False,0.17304327560342425,,,,,,,,,,,,,,,
midpoint,24953186.938589353,1626.82158562541,130.3898848374818,,,False,0.0,0.7397911780252917,19.614320935261674,75.37915427466999,0.7970657214615751,1254.601688511087,-26.832879416810137,3.680182297125334,7.384337720956512,gluc05_00,gluc05,5,0,5.0,2024-05-29T13:17:39,,,,,,,,,,,,,,,,,
sym,24953169.702176653,1812.4520545676423,145.26828264302978,,,False,0.0,0.7397911780252917,19.614320935261674,75.37915427466999,0.7970657214615751,1254.601688511087,-26.832879416810137,3.680182297125334,7.384337720956512,gluc05_00,gluc05,5,0,5.0,2024-05-29T13:17:39,,,0.05112144945174568,True,9761.0,,,,,,,,,,,,
sym_lin,24953317.528031457,1699.5078216365498,136.214979809991,,,False,0.0,0.7397911780252917,19.614320935261674,75.37915427466999,0.7970657214615751,1254.601688511087,-26.832879416810137,3.680182297125334,7.384337720956512,gluc05_00,gluc05,5,0,5.0,2024-05-29T13:17:39,,,0.014942569812443138,True,9761.0,,,,,,,,,,,,
psl,24953587.14387989,1702.717842298064,136.47078734454993,,,False,0.0,0.7397911780252917,19.614320935261674,75.37915427466999,0.7970657214615751,1254.601688511087,-26.832879416810137,3.680182297125334,7.384337720956512,gluc05_00,gluc05,5,0,5.0,2024-05-29T13:17:39,,,0.0024092374820965097,True,9761.0,-14.417529573217143,True,ok,0.0007076601354495283,9.936721369782328e-05,-215.3679209219701,-221.1438798904419,1.0158724367904746,0.9554264043124016,,,
circle,24953490.824753266,1593.6401569559732,127.72883506744637,,,False,0.0,0.7397911780252917,19.614320935261674,75.37915427466999,0.7970657214615751,1254.601688511087,-26.832879416810137,3.680182297125334,7.384337720956512,gluc05_00,gluc05,5,0,5.0,2024-05-29T13:17:39,,,0.09139317516220812,,,,,,,,,,,,-15.031418680236577,1624.5020833437625,3.179861459597777e-12
mag_argmax,34928171.0,,,2268.9005979448557,,False,0.0,0.40632855844688837,35.746570739455706,60.212717401292934,0.8322018662614928,1201.6315278074394,-25.066178275758553,3.1259532027784305,6.325946284876827,gluc05_00,gluc05,7,0,5.0,2024-05-29T13:17:31,,,,,,,,,,,,,,,,,
argmax_hh,34929236.0,1904.3791169710457,109.04212831743848,,,False,0.0,0.40632855844688837,35.746570739455706,60.212717401292934,0.8322018662614928,1201.6315278074394,-25.066178275758553,3.1259532027784305,6.325946284876827,gluc05_00,gluc05,7,0,5.0,2024-05-29T13:17:31,False,0.5015789188977469,,,,,,,,,,,,,,,
midpoint,34928742.355501264,1904.3791169710457,109.04366939917072,,,False,0.0,0.40632855844688837,35.746570739455706,60.212717401292934,0.8322018662614928,1201.6315278074394,-25.066178275758553,3.1259532027784305,6.325946284876827,gluc05_00,gluc05,7,0,5.0,2024-05-29T13:17:31,,,,,,,,,,,,,,,,,
sym,34928635.18319828,2653.4744881642346,151.93691217804212,,,False,0.0,0.40632855844688837,35.746570739455706,60.212717401292934,0.8322018662614928,1201.6315278074394,-25.066178275758553,3.1259532027784305,6.325946284876827,gluc05_00,gluc05,7,0,5.0,2024-05-29T13:17:31,,,0.08788682370713223,True,11427.0,,,,,,,,,,,,
sym_lin,34929050.58960971,1944.7839379449179,111.35624387817913,,,False,0.0,0.40632855844688837,35.746570739455706,60.212717401292934,0.8322018662614928,1201.6315278074394,-25.066178275758553,3.1259532027784305,6.325946284876827,gluc05_00,gluc05,7,0,5.0,2024-05-29T13:17:31,,,0.03526205156235793,True,11427.0,,,,,,,,,,,,
psl,34929665.94891283,1919.2091085244153,109.88992058105553,,,False,0.0,0.40632855844688837,35.746570739455706,60.212717401292934,0.8322018662614928,1201.6315278074394,-25.066178275758553,3.1259532027784305,6.325946284876827,gluc05_00,gluc05,7,0,5.0,2024-05-29T13:17:31,,,0.00599194815169595,True,11427.0,-28.064312656580253,True,ok,0.00047694354926313564,0.00038278886576161394,-479.65681821944827,-429.9489128291607,1.0606244483410205,0.9922728630832877,,,
circle,34929769.30783751,1951.1688467621793,111.71953811469221,,,False,0.0,0.40632855844688837,35.746570739455706,60.212717401292934,0.8322018662614928,1201.6315278074394,-25.066178275758553,3.1259532027784305,6.325946284876827,gluc05_00,gluc05,7,0,5.0,2024-05-29T13:17:31,,,0.04995318598570496,,,,,,,,,,,,-28.066931886326188,2159.2205701441344,3.2386950765511493e-12
mag_argmax,44905119.0,,,4116.594415985048,,False,0.0,0.24245896943274448,43.04845576510683,56.82656651993047,0.8743357178197076,1143.7254359156868,-23.777394036818134,2.611880201651952,5.372807914811216,gluc05_00,gluc05,9,0,5.0,2024-05-29T13:17:33,,,,,,,,,,,,,,,,,
argmax_hh,44906791.0,2254.3147255666554,100.39972464595189,,,False,0.0,0.24245896943274448,43.04845576510683,56.82656651993047,0.8743357178197076,1143.7254359156868,-23.777394036818134,2.611880201651952,5.372807914811216,gluc05_00,gluc05,9,0,5.0,2024-05-29T13:17:33,False,0.6849201654299688,,,,,,,,,,,,,,,
midpoint,44906188.96690272,2254.3147255666554,100.40107065100342,,,False,0.0,0.24245896943274448,43.04845576510683,56.82656651993047,0.8743357178197076,1143.7254359156868,-23.777394036818134,2.611880201651952,5.372807914811216,gluc05_00,gluc05,9,0,5.0,2024-05-29T13:17:33,,,,,,,,,,,,,,,,,
sym,44905997.32736369,3298.649473154811,146.91353803402836,,,False,0.0,0.24245896943274448,43.04845576510683,56.82656651993047,0.8743357178197076,1143.7254359156868,-23.777394036818134,2.611880201651952,5.372807914811216,gluc05_00,gluc05,9,0,5.0,2024-05-29T13:17:33,,,0.09807485103268622,True,12651.0,,,,,,,,,,,,
sym_lin,44906585.132203676,2438.8049725361693,108.61680821894602,,,False,0.0,0.24245896943274448,43.04845576510683,56.82656651993047,0.8743357178197076,1143.7254359156868,-23.777394036818134,2.611880201651952,5.372807914811216,gluc05_00,gluc05,9,0,5.0,2024-05-29T13:17:33,,,0.035839328692946974,True,12651.0,,,,,,,,,,,,
psl,44907375.43073043,2303.3710145585933,102.58319451830535,,,False,0.0,0.24245896943274448,43.04845576510683,56.82656651993047,0.8743357178197076,1143.7254359156868,-23.777394036818134,2.611880201651952,5.372807914811216,gluc05_00,gluc05,9,0,5.0,2024-05-29T13:17:33,,,0.00589327258644341,True,12651.0,-31.04129376129395,True,ok,0.00033241397491498895,0.0005665071580149152,-639.6752764442466,-584.430730432272,1.0743596398907518,0.9787023937169155,,,
circle,44907432.92849996,2322.7627731071457,103.446695641916,,,False,0.0,0.24245896943274448,43.04845576510683,56.82656651993047,0.8743357178197076,1143.7254359156868,-23.777394036818134,2.611880201651952,5.372807914811216,gluc05_00,gluc05,9,0,5.0,2024-05-29T13:17:33,,,0.02332164898868844,,,,,,,,,,,,-30.856791316121992,2967.448373094716,3.367302025690319e-12
mag_argmax,4999321.0,941.7467379113659,376.74985779523496,509.24243708886206,4999211.450406135,True,4.945333759503234,1.0600260835973054,-4.945333759503234,82.38641375772224,1.6469093154929595,607.1979741645192,-22.003718961051398,7.111499909336523,14.373394076574423,gluc05_01,gluc05,1,1,5.0,2024-05-29T13:25:32,,,,,,,,,,,,,,,,,
argmax_hh,4999358.0,837.797943606507,335.16221227065836,,,True,4.945333759503234,1.0600260835973054,-4.945333759503234,82.38641375772224,1.6469093154929595,607.1979741645192,-22.003718961051398,7.111499909336523,14.373394076574423,gluc05_01,gluc05,1,1,5.0,2024-05-29T13:25:32,False,-0.015639902930314954,,,,,,,,,,,,,,,
midpoint,4999377.986168627,837.797943606507,335.1608723822742,,,True,4.945333759503234,1.0600260835973054,-4.945333759503234,82.38641375772224,1.6469093154929595,607.1979741645192,-22.003718961051398,7.111499909336523,14.373394076574423,gluc05_01,gluc05,1,1,5.0,2024-05-29T13:25:32,,,,,,,,,,,,,,,,,
sym,4999379.904956821,858.2030270625933,343.32378950105226,,,True,4.945333759503234,1.0600260835973054,-4.945333759503234,82.38641375772224,1.6469093154929595,607.1979741645192,-22.003718961051398,7.111499909336523,14.373394076574423,gluc05_01,gluc05,1,1,5.0,2024-05-29T13:25:32,,,0.008811148467154188,True,5027.0,,,,,,,,,,,,
sym_lin,4999374.570646687,857.748961709175,343.14250696291475,,,True,4.945333759503234,1.0600260835973054,-4.945333759503234,82.38641375772224,1.6469093154929595,607.1979741645192,-22.003718961051398,7.111499909336523,14.373394076574423,gluc05_01,gluc05,1,1,5.0,2024-05-29T13:25:32,,,0.007736400281525935,True,5027.0,,,,,,,,,,,,
psl,4999367.26207163,858.0708396119217,343.27177605925897,,,True,4.945333759503234,1.0600260835973054,-4.945333759503234,82.38641375772224,1.6469093154929595,607.1979741645192,-22.003718961051398,7.111499909336523,14.373394076574423,gluc05_01,gluc05,1,1,5.0,2024-05-29T13:25:32,,,0.008115932818054384,True,5027.0,0.8826023287722271,True,ok,0.0017664945191091092,-9.541085176696264e-05,6.609128141260538,-9.262071629986167,1.0000593238292395,0.976373866737409,,,
circle,4999358.778524639,874.6373522256296,349.8998135451858,,,True,4.945333759503234,1.0600260835973054,-4.945333759503234,82.38641375772224,1.6469093154929595,607.1979741645192,-22.003718961051398,7.111499909336523,14.373394076574423,gluc05_01,gluc05,1,1,5.0,2024-05-29T13:25:32,,,0.016576250147186194,,,,,,,,,,,,1.01711044851429,593.1756921307682,4.386618132379738e-12
mag_argmax,14975690.0,1546.9553979225457,206.59554223178307,763.9811265114695,14975072.135053901,True,-0.6108477695508263,0.9909758465120966,0.6108477695508263,67.69031248965953,1.131530563558239,883.7587177984616,-24.719709440876855,4.938853183763083,9.882646867543269,gluc05_01,gluc05,3,1,5.0,2024-05-29T13:25:33,,,,,,,,,,,,,,,,,
argmax_hh,14975960.0,1214.4519743407145,162.1868613886141,,,True,-0.6108477695508263,0.9909758465120966,0.6108477695508263,67.69031248965953,1.131530563558239,883.7587177984616,-24.719709440876855,4.938853183763083,9.882646867543269,gluc05_01,gluc05,3,1,5.0,2024-05-29T13:25:33,False,0.15728417799165267,,,,,,,,,,,,,,,
midpoint,14975695.096644983,1214.4519743407145,162.18973029342578,,,True,-0.6108477695508263,0.9909758465120966,0.6108477695508263,67.69031248965953,1.131530563558239,883.7587177984616,-24.719709440876855,4.938853183763083,9.882646867543269,gluc05_01,gluc05,3,1,5.0,2024-05-29T13:25:33,,,,,,,,,,,,,,,,,
sym,14975697.393391406,1431.3898194041988,191.1616910790216,,,True,-0.6108477695508263,0.9909758465120966,0.6108477695508263,67.69031248965953,1.131530563558239,883.7587177984616,-24.719709440876855,4.938853183763083,9.882646867543269,gluc05_01,gluc05,3,1,5.0,2024-05-29T13:25:33,,,0.06586736736259917,True,7287.0,,,,,,,,,,,,
sym_lin,14975856.361773381,1233.3899211030741,164.71711417470098,,,True,-0.6108477695508263,0.9909758465120966,0.6108477695508263,67.69031248965953,1.131530563558239,883.7587177984616,-24.719709440876855,4.938853183763083,9.882646867543269,gluc05_01,gluc05,3,1,5.0,2024-05-29T13:25:33,,,0.02100444378505871,True,7287.0,,,,,,,,,,,,
psl,14976122.754345832,1240.99736241195,165.73012691844187,,,True,-0.6108477695508263,0.9909758465120966,0.6108477695508263,67.69031248965953,1.131530563558239,883.7587177984616,-24.719709440876855,4.938853183763083,9.882646867543269,gluc05_01,gluc05,3,1,5.0,2024-05-29T13:25:33,,,0.0073584543596373385,True,7287.0,-19.46541089926677,True,ok,0.0010115890141336947,0.00014386051962450602,-212.85671613227575,-162.75434583239257,1.0289988775056176,0.9786096337709832,,,
circle,14976158.795943795,1499.3282988242336,200.22868604068458,,,True,-0.6108477695508263,0.9909758465120966,0.6108477695508263,67.69031248965953,1.131530563558239,883.7587177984616,-24.719709440876855,4.938853183763083,9.882646867543269,gluc05_01,gluc05,3,1,5.0,2024-05-29T13:25:33,,,0.15808594095344816,,,,,,,,,,,,-14.172182557708828,1025.5068666108823,2.705943901601918e-12
mag_argmax,24952568.0,,,1524.9157938919961,,False,0.0,0.7392086738297998,19.621611564807527,75.23874299408976,0.7971418775704834,1254.4818283136553,-26.83469847288569,3.679730549556286,7.392678325738456,gluc05_01,gluc05,5,1,5.0,2024-05-29T13:25:26,,,,,,,,,,,,,,,,,
argmax_hh,24953369.0,1625.6625096425414,130.29603414613405,,,False,0.0,0.7392086738297998,19.621611564807527,75.23874299408976,0.7971418775704834,1254.4818283136553,-26.83469847288569,3.679730549556286,7.392678325738456,gluc05_01,gluc05,5,1,5.0,2024-05-29T13:25:26,False,0.17450220844613548,,,,,,,,,,,,,,,
midpoint,24953188.411742825,1625.6625096425414,130.29697710914684,,,False,0.0,0.7392086738297998,19.621611564807527,75.23874299408976,0.7971418775704834,1254.4818283136553,-26.83469847288569,3.679730549556286,7.392678325738456,gluc05_01,gluc05,5,1,5.0,2024-05-29T13:25:26,,,,,,,,,,,,,,,,,
sym,24953170.35590467,1814.169188100197,145.40590732358865,,,False,0.0,0.7392086738297998,19.621611564807527,75.23874299408976,0.7971418775704834,1254.4818283136553,-26.83469847288569,3.679730549556286,7.392678325738456,gluc05_01,gluc05,5,1,5.0,2024-05-29T13:25:26,,,0.05112382764167183,True,9753.0,,,,,,,,,,,,
sym_lin,24953318.506464817,1700.092628567502,136.26184654574485,,,False,0.0,0.7392086738297998,19.621611564807527,75.23874299408976,0.7971418775704834,1254.4818283136553,-26.83469847288569,3.679730549556286,7.392678325738456,gluc05_01,gluc05,5,1,5.0,2024-05-29T13:25:26,,,0.01489985781833427,True,9753.0,,,,,,,,,,,,
psl,24953588.15034298,1703.632958953853,136.5441273366882,,,False,0.0,0.7392086738297998,19.621611564807527,75.23874299408976,0.7971418775704834,1254.4818283136553,-26.83469847288569,3.679730549556286,7.392678325738456,gluc05_01,gluc05,5,1,5.0,2024-05-29T13:25:26,,,0.002419469878702282,True,9753.0,-14.423715474685155,True,ok,0.0007073491796938633,9.964557027603702e-05,-215.57710702149697,-219.15034297853708,1.0158860972949442,0.9542328358338461,,,
circle,24953491.432327673,1593.5820167229542,127.72417206984042,,,False,0.0,0.7392086738297998,19.621611564807527,75.23874299408976,0.7971418775704834,1254.4818283136553,-26.83469847288569,3.679730549556286,7.392678325738456,gluc05_01,gluc05,5,1,5.0,2024-05-29T13:25:26,,,0.09142209139091612,,,,,,,,,,,,-15.02935826817175,1625.446275153247,3.1816945828530675e-12
mag_argmax,34928170.0,,,2248.7685162499547,,False,0.0,0.40630993355868816,35.73703210109962,60.194761747175605,0.8322045279322462,1201.6276845845457,-25.06559403937523,3.122173953269584,6.321471007048431,gluc05_01,gluc05,7,1,5.0,2024-05-29T13:25:28,,,,,,,,,,,,,,,,,
argmax_hh,34929234.0,1906.04370194301,109.13744641196598,,,False,0.0,0.40630993355868816,35.73703210109962,60.194761747175605,0.8322045279322462,1201.6276845845457,-25.06559403937523,3.122173953269584,6.321471007048431,gluc05_01,gluc05,7,1,5.0,2024-05-29T13:25:28,False,0.5015776351103289,,,,,,,,,,,,,,,
midpoint,34928739.03698188,1906.04370194301,109.13899296077808,,,False,0.0,0.40630993355868816,35.73703210109962,60.194761747175605,0.8322045279322462,1201.6276845845457,-25.06559403937523,3.122173953269584,6.321471007048431,gluc05_01,gluc05,7,1,5.0,2024-05-29T13:25:28,,,,,,,,,,,,,,,,,
sym,34928635.110979065,2652.672147121345,151.89097075754526,,,False,0.0,0.40630993355868816,35.73703210109962,60.194761747175605,0.8322045279322462,1201.6276845845457,-25.06559403937523,3.122173953269584,6.321471007048431,gluc05_01,gluc05,7,1,5.0,2024-05-29T13:25:28,,,0.08803726503481951,True,11437.0,,,,,,,,,,,,
sym_lin,34929050.66393508,1945.3972169552585,111.39135933997306,,,False,0.0,0.40630993355868816,35.73703210109962,60.194761747175605,0.8322045279322462,1201.6276845845457,-25.06559403937523,3.122173953269584,6.321471007048431,gluc05_01,gluc05,7,1,5.0,2024-05-29T13:25:28,,,0.03536549823809879,True,11437.0,,,,,,,,,,,,
psl,34929666.87709441,1918.7009362573187,109.86082077499182,,,False,0.0,0.40630993355868816,35.73703210109962,60.194761747175605,0.8322045279322462,1201.6276845845457,-25.06559403937523,3.122173953269584,6.321471007048431,gluc05_01,gluc05,7,1,5.0,2024-05-29T13:25:28,,,0.006076583168596122,True,11437.0,-28.086379517697722,True,ok,0.00047695683499692615,0.0003830632810424806,-479.92239494127165,-432.87709441035986,1.0607209104980502,0.993403227113133,,,
circle,34929770.59194865,1950.692991580337,111.69228761152951,,,False,0.0,0.40630993355868816,35.73703210109962,60.194761747175605,0.8322045279322462,1201.6276845845457,-25.06559403937523,3.122173953269584,6.321471007048431,gluc05_01,gluc05,7,1,5.0,2024-05-29T13:25:28,,,0.04970569706454877,,,,,,,,,,,,-28.103641489031208,2159.8801212867984,3.2399757273069357e-12
mag_argmax,44905121.0,,,4107.999216482043,,False,0.0,0.2424023078447766,43.05743515299323,56.83416884560841,0.8746843307087994,1143.269594402876,-23.770033724079298,2.6287991737120016,5.381762046334727,gluc05_01,gluc05,9,1,5.0,2024-05-29T13:25:30,,,,,,,,,,,,,,,,,
argmax_hh,44906784.0,2247.033572997898,100.07546178314163,,,False,0.0,0.2424023078447766,43.05743515299323,56.83416884560841,0.8746843307087994,1143.269594402876,-23.770033724079298,2.6287991737120016,5.381762046334727,gluc05_01,gluc05,9,1,5.0,2024-05-29T13:25:30,False,0.6847570064216874,,,,,,,,,,,,,,,
midpoint,44906196.93649511,2247.033572997898,100.07677008033346,,,False,0.0,0.2424023078447766,43.05743515299323,56.83416884560841,0.8746843307087994,1143.269594402876,-23.770033724079298,2.6287991737120016,5.381762046334727,gluc05_01,gluc05,9,1,5.0,2024-05-29T13:25:30,,,,,,,,,,,,,,,,,
sym,44905997.63445557,3306.257276498713,147.25236942345006,,,False,0.0,0.2424023078447766,43.05743515299323,56.83416884560841,0.8746843307087994,1143.269594402876,-23.770033724079298,2.6287991737120016,5.381762046334727,gluc05_01,gluc05,9,1,5.0,2024-05-29T13:25:30,,,0.09786876707511291,True,12649.0,,,,,,,,,,,,
sym_lin,44906585.90716125,2435.694794868927,108.47828868150526,,,False,0.0,0.2424023078447766,43.05743515299323,56.83416884560841,0.8746843307087994,1143.269594402876,-23.770033724079298,2.6287991737120016,5.381762046334727,gluc05_01,gluc05,9,1,5.0,2024-05-29T13:25:30,,,0.03577007434319153,True,12649.0,,,,,,,,,,,,
psl,44907376.1326448,2303.3654004181517,102.58294288290658,,,False,0.0,0.2424023078447766,43.05743515299323,56.83416884560841,0.8746843307087994,1143.269594402876,-23.770033724079298,2.6287991737120016,5.381762046334727,gluc05_01,gluc05,9,1,5.0,2024-05-29T13:25:30,,,0.005871220116407577,True,12649.0,-31.04141776290022,True,ok,0.0003324116492608071,0.0005667317760354322,-639.6764020741332,-592.1326448023319,1.0743602424744974,0.9755436860300032,,,
circle,44907432.69388788,2323.2205513356425,103.46708381981693,,,False,0.0,0.2424023078447766,43.05743515299323,56.83416884560841,0.8746843307087994,1143.269594402876,-23.770033724079298,2.6287991737120016,5.381762046334727,gluc05_01,gluc05,9,1,5.0,2024-05-29T13:25:30,,,0.02337573576181369,,,,,,,,,,,,-30.831331932758687,2967.824188818115,3.369125261532469e-12
mag_argmax,4999324.0,940.9235568065196,376.42031474916195,507.9632953070104,4999210.716804179,True,4.9569537840251865,1.0601747026169486,-4.9569537840251865,82.37604123412872,1.647144727516096,607.1111926564013,-22.00380848097187,7.108264875270852,14.381282950539585,gluc05_02,gluc05,1,2,5.0,2024-05-29T13:29:02,,,,,,,,,,,,,,,,,
argmax_hh,4999361.0,837.6165076112375,335.0894274733261,,,True,4.9569537840251865,1.0601747026169486,-4.9569537840251865,82.37604123412872,1.647144727516096,607.1111926564013,-22.00380848097187,7.108264875270852,14.381282950539585,gluc05_02,gluc05,1,2,5.0,2024-05-29T13:29:02,False,-0.01570194303512544,,,,,,,,,,,,,,,
midpoint,4999378.135754377,837.6165076112375,335.08827892845363,,,True,4.9569537840251865,1.0601747026169486,-4.9569537840251865,82.37604123412872,1.647144727516096,607.1111926564013,-22.00380848097187,7.108264875270852,14.381282950539585,gluc05_02,gluc05,1,2,5.0,2024-05-29T13:29:02,,,,,,,,,,,,,,,,,
sym,4999379.53919172,856.6480535547232,342.7017480226047,,,True,4.9569537840251865,1.0601747026169486,-4.9569537840251865,82.37604123412872,1.647144727516096,607.1111926564013,-22.00380848097187,7.108264875270852,14.381282950539585,gluc05_02,gluc05,1,2,5.0,2024-05-29T13:29:02,,,0.008640807356493904,True,5025.0,,,,,,,,,,,,
sym_lin,4999374.145537561,856.2695356949507,342.55069165377694,,,True,4.9569537840251865,1.0601747026169486,-4.9569537840251865,82.37604123412872,1.647144727516096,607.1111926564013,-22.00380848097187,7.108264875270852,14.381282950539585,gluc05_02,gluc05,1,2,5.0,2024-05-29T13:29:02,,,0.007509358375422623,True,5025.0,,,,,,,,,,,,
psl,4999366.756148749,856.565215658314,342.6694849321945,,,True,4.9569537840251865,1.0601747026169486,-4.9569537840251865,82.37604123412872,1.647144727516096,607.1111926564013,-22.00380848097187,7.108264875270852,14.381282950539585,gluc05_02,gluc05,1,2,5.0,2024-05-29T13:29:02,,,0.007911315558402755,True,5025.0,0.893955299581628,True,ok,0.0017652613175173372,-9.444279947209688e-05,6.682399251658424,-5.7561487490311265,1.0000608598329501,0.9778782657751127,,,
circle,4999358.69997517,874.0550092785645,349.6668519835976,,,True,4.9569537840251865,1.0601747026169486,-4.9569537840251865,82.37604123412872,1.647144727516096,607.1111926564013,-22.00380848097187,7.108264875270852,14.381282950539585,gluc05_02,gluc05,1,2,5.0,2024-05-29T13:29:02,,,0.016715724387328226,,,,,,,,,,,,1.005640477746537,593.1806556743571,4.384276349074453e-12
mag_argmax,14975691.0,1547.5833053952083,206.6793853312289,761.5445839203894,14975072.028973095,True,-0.5731070412747341,0.991528552785849,0.5731070412747341,67.65160978839538,1.1310928969712375,884.1006805698551,-24.717027904830548,4.942516612537043,9.882562378575567,gluc05_02,gluc05,3,2,5.0,2024-05-29T13:28:55,,,,,,,,,,,,,,,,,
argmax_hh,14975957.0,1214.1587920570746,162.14774014870295,,,True,-0.5731070412747341,0.991528552785849,0.5731070412747341,67.65160978839538,1.1310928969712375,884.1006805698551,-24.717027904830548,4.942516612537043,9.882562378575567,gluc05_02,gluc05,3,2,5.0,2024-05-29T13:28:55,False,0.15708420010159838,,,,,,,,,,,,,,,
midpoint,14975695.636990007,1214.1587920570746,162.15057002869358,,,True,-0.5731070412747341,0.991528552785849,0.5731070412747341,67.65160978839538,1.1310928969712375,884.1006805698551,-24.717027904830548,4.942516612537043,9.882562378575567,gluc05_02,gluc05,3,2,5.0,2024-05-29T13:28:55,,,,,,,,,,,,,,,,,
sym,14975698.367778538,1429.3283076204866,190.88636436425634,,,True,-0.5731070412747341,0.991528552785849,0.5731070412747341,67.65160978839538,1.1310928969712375,884.1006805698551,-24.717027904830548,4.942516612537043,9.882562378575567,gluc05_02,gluc05,3,2,5.0,2024-05-29T13:28:55,,,0.06587939285430823,True,7285.0,,,,,,,,,,,,
sym_lin,14975856.986788766,1233.4997478483476,164.7317744736081,,,True,-0.5731070412747341,0.991528552785849,0.5731070412747341,67.65160978839538,1.1310928969712375,884.1006805698551,-24.717027904830548,4.942516612537043,9.882562378575567,gluc05_02,gluc05,3,2,5.0,2024-05-29T13:28:55,,,0.0210117391000628,True,7285.0,,,,,,,,,,,,
psl,14976123.181759352,1240.5289852250362,165.6675723308657,,,True,-0.5731070412747341,0.991528552785849,0.5731070412747341,67.65160978839538,1.1310928969712375,884.1006805698551,-24.717027904830548,4.942516612537043,9.882562378575567,gluc05_02,gluc05,3,2,5.0,2024-05-29T13:28:55,,,0.007320380196498082,True,7285.0,-19.452589615666877,True,ok,0.001011289369461567,0.00014374588231937956,-212.63350030113284,-166.18175935186446,1.0289604929314906,0.9787427835366717,,,
circle,14976159.850497413,1497.9712203951185,200.04744011134008,,,True,-0.5731070412747341,0.991528552785849,0.5731070412747341,67.65160978839538,1.1310928969712375,884.1006805698551,-24.717027904830548,4.942516612537043,9.882562378575567,gluc05_02,gluc05,3,2,5.0,2024-05-29T13:28:55,,,0.1577108196684691,,,,,,,,,,,,-14.186035450249147,1025.5163642342638,2.707245094251027e-12
mag_argmax,24952567.0,,,1535.391786430031,,False,0.0,0.7392110617197876,19.644245219606237,75.32622107805389,0.796972167046246,1254.748962822905,-26.838457516339783,3.668603752100826,7.372169954271833,gluc05_02,gluc05,5,2,5.0,2024-05-29T13:28:57,,,,,,,,,,,,,,,,,
argmax_hh,24953371.0,1630.3205263242126,130.6693613719936,,,False,0.0,0.7392110617197876,19.644245219606237,75.32622107805389,0.796972167046246,1254.748962822905,-26.838457516339783,3.668603752100826,7.372169954271833,gluc05_02,gluc05,5,2,5.0,2024-05-29T13:28:57,False,0.17281973474624424,,,,,,,,,,,,,,,
midpoint,24953186.51803438,1630.3205263242126,130.67032742659407,,,False,0.0,0.7392110617197876,19.644245219606237,75.32622107805389,0.796972167046246,1254.748962822905,-26.838457516339783,3.668603752100826,7.372169954271833,gluc05_02,gluc05,5,2,5.0,2024-05-29T13:28:57,,,,,,,,,,,,,,,,,
sym,24953170.449688695,1814.466486625102,145.42973529423702,,,False,0.0,0.7392110617197876,19.644245219606237,75.32622107805389,0.796972167046246,1254.748962822905,-26.838457516339783,3.668603752100826,7.372169954271833,gluc05_02,gluc05,5,2,5.0,2024-05-29T13:28:57,,,0.051097343744478566,True,9781.0,,,,,,,,,,,,
sym_lin,24953318.266447213,1700.241237828272,136.27375883827477,,,False,0.0,0.7392110617197876,19.644245219606237,75.32622107805389,0.796972167046246,1254.748962822905,-26.838457516339783,3.668603752100826,7.372169954271833,gluc05_02,gluc05,5,2,5.0,2024-05-29T13:28:57,,,0.015027410419433649,True,9781.0,,,,,,,,,,,,
psl,24953588.22232622,1703.6012538340995,136.5415858156921,,,False,0.0,0.7392110617197876,19.644245219606237,75.32622107805389,0.796972167046246,1254.748962822905,-26.838457516339783,3.668603752100826,7.372169954271833,gluc05_02,gluc05,5,2,5.0,2024-05-29T13:28:57,,,0.0024383334365406352,True,9781.0,-14.414581802583388,True,ok,0.0007070360045519771,9.974187027167515e-05,-215.43513438970152,-217.22232621908188,1.0158659292280998,0.9569848124113771,,,
circle,24953492.094594613,1595.0654127807022,127.8430615429752,,,False,0.0,0.7392110617197876,19.644245219606237,75.32622107805389,0.796972167046246,1254.748962822905,-26.838457516339783,3.668603752100826,7.372169954271833,gluc05_02,gluc05,5,2,5.0,2024-05-29T13:28:57,,,0.09133131796316088,,,,,,,,,,,,-15.041516449960769,1625.4837402026728,3.181436137472592e-12
mag_argmax,34928174.0,,,2250.2648947387934,,False,0.0,0.4058381715855227,35.76615332991795,60.19597964642064,0.8321607686137216,1201.6908723850058,-25.071594809088367,3.1226944924057025,6.325700340894456,gluc05_02,gluc05,7,2,5.0,2024-05-29T13:28:59,,,,,,,,,,,,,,,,,
argmax_hh,34929241.0,1905.0855005085468,109.0825592522063,,,False,0.0,0.4058381715855227,35.76615332991795,60.19597964642064,0.8321607686137216,1201.6908723850058,-25.071594809088367,3.1226944924057025,6.325700340894456,gluc05_02,gluc05,7,2,5.0,2024-05-29T13:28:59,False,0.5016132216605863,,,,,,,,,,,,,,,
midpoint,34928743.01603729,1905.0855005085468,109.0841144574736,,,False,0.0,0.4058381715855227,35.76615332991795,60.19597964642064,0.8321607686137216,1201.6908723850058,-25.071594809088367,3.1226944924057025,6.325700340894456,gluc05_02,gluc05,7,2,5.0,2024-05-29T13:28:59,,,,,,,,,,,,,,,,,
sym,34928636.35774543,2654.9189496766585,152.01961636775607,,,False,0.0,0.4058381715855227,35.76615332991795,60.19597964642064,0.8321607686137216,1201.6908723850058,-25.071594809088367,3.1226944924057025,6.325700340894456,gluc05_02,gluc05,7,2,5.0,2024-05-29T13:28:59,,,0.0878997845360534,True,11431.0,,,,,,,,,,,,
sym_lin,34929051.92433269,1944.2442376334477,111.32533696278341,,,False,0.0,0.4058381715855227,35.76615332991795,60.19597964642064,0.8321607686137216,1201.6908723850058,-25.071594809088367,3.1226944924057025,6.325700340894456,gluc05_02,gluc05,7,2,5.0,2024-05-29T13:28:59,,,0.03530255498309559,True,11431.0,,,,,,,,,,,,
psl,34929667.57053242,1918.8368620983738,109.86860142448964,,,False,0.0,0.4058381715855227,35.76615332991795,60.19597964642064,0.8321607686137216,1201.6908723850058,-25.071594809088367,3.1226944924057025,6.325700340894456,gluc05_02,gluc05,7,2,5.0,2024-05-29T13:28:59,,,0.006052648006881698,True,11431.0,-28.074139908497916,True,ok,0.00047681246221809704,0.00038319474965893774,-479.7386246152617,-426.5705324187875,1.0606673969672813,0.9928334910270648,,,
circle,34929771.1831905,1951.7970038879514,111.75549897831729,,,False,0.0,0.4058381715855227,35.76615332991795,60.19597964642064,0.8321607686137216,1201.6908723850058,-25.071594809088367,3.1226944924057025,6.325700340894456,gluc05_02,gluc05,7,2,5.0,2024-05-29T13:28:59,,,0.049742402111026256,,,,,,,,,,,,-28.082031377657348,2160.237530643571,3.239859059489387e-12
mag_argmax,44905125.0,,,4108.919113583863,,False,0.0,0.2425671178267795,43.04214138149243,56.82634381807699,0.8743974110553754,1143.6447402023132,-23.764995009798827,2.623014808339803,5.364511253260003,gluc05_02,gluc05,9,2,5.0,2024-05-29T13:29:00,,,,,,,,,,,,,,,,,
argmax_hh,44906777.0,2253.5137740001082,100.36408420048085,,,False,0.0,0.2425671178267795,43.04214138149243,56.82634381807699,0.8743974110553754,1143.6447402023132,-23.764995009798827,2.623014808339803,5.364511253260003,gluc05_02,gluc05,9,2,5.0,2024-05-29T13:29:00,False,0.6851915703774712,,,,,,,,,,,,,,,
midpoint,44906190.197778784,2253.5137740001082,100.3653956870995,,,False,0.0,0.2425671178267795,43.04214138149243,56.82634381807699,0.8743974110553754,1143.6447402023132,-23.764995009798827,2.623014808339803,5.364511253260003,gluc05_02,gluc05,9,2,5.0,2024-05-29T13:29:00,,,,,,,,,,,,,,,,,
sym,44906000.631577596,3288.160950912191,146.44639489894712,,,False,0.0,0.2425671178267795,43.04214138149243,56.82634381807699,0.8743974110553754,1143.6447402023132,-23.764995009798827,2.623014808339803,5.364511253260003,gluc05_02,gluc05,9,2,5.0,2024-05-29T13:29:00,,,0.09800023976488599,True,12672.0,,,,,,,,,,,,
sym_lin,44906585.67204892,2439.8422233143046,108.66300284472213,,,False,0.0,0.2425671178267795,43.04214138149243,56.82634381807699,0.8743974110553754,1143.6447402023132,-23.764995009798827,2.623014808339803,5.364511253260003,gluc05_02,gluc05,9,2,5.0,2024-05-29T13:29:00,,,0.035750344900829824,True,12672.0,,,,,,,,,,,,
psl,44907374.78446381,2304.686389182612,102.641777669887,,,False,0.0,0.2425671178267795,43.04214138149243,56.82634381807699,0.8743974110553754,1143.6447402023132,-23.764995009798827,2.623014808339803,5.364511253260003,gluc05_02,gluc05,9,2,5.0,2024-05-29T13:29:00,,,0.005807972110436873,True,12672.0,-30.965645449123564,True,ok,0.00033245629912353325,0.0005665047022756728,-638.4020790864145,-597.7844638079405,1.0739925040061147,0.9777962783037684,,,
circle,44907432.9375732,2322.158991756572,103.41980558027691,,,False,0.0,0.2425671178267795,43.04214138149243,56.82634381807699,0.8743974110553754,1143.6447402023132,-23.764995009798827,2.623014808339803,5.364511253260003,gluc05_02,gluc05,9,2,5.0,2024-05-29T13:29:00,,,0.02296584045360793,,,,,,,,,,,,-30.802876345860607,2968.7260102949026,3.368373703590527e-12
mag_argmax,4999300.0,973.283571979031,389.36794030325484,516.4874539980665,4999175.808340713,True,4.69529788938392,1.0571138152931496,-4.69529788938392,82.20949459048117,1.592029026821634,628.1292508820801,-22.27615280292806,6.851834356320049,13.85552266412335,gluc075_00,gluc075,1,0,7.5,2024-05-29T13:31:57,,,,,,,,,,,,,,,,,
argmax_hh,4999335.0,869.2562736147083,347.74876003096745,,,True,4.69529788938392,1.0571138152931496,-4.69529788938392,82.20949459048117,1.592029026821634,628.1292508820801,-22.27615280292806,6.851834356320049,13.85552266412335,gluc075_00,gluc075,1,0,7.5,2024-05-29T13:31:57,False,-0.015348232060461089,,,,,,,,,,,,,,,
midpoint,4999354.399331275,869.2562736147083,347.74741063805436,,,True,4.69529788938392,1.0571138152931496,-4.69529788938392,82.20949459048117,1.592029026821634,628.1292508820801,-22.27615280292806,6.851834356320049,13.85552266412335,gluc075_00,gluc075,1,0,7.5,2024-05-29T13:31:57,,,,,,,,,,,,,,,,,
sym,4999356.305593845,889.66207342378,355.9106489082707,,,True,4.69529788938392,1.0571138152931496,-4.69529788938392,82.20949459048117,1.592029026821634,628.1292508820801,-22.27615280292806,6.851834356320049,13.85552266412335,gluc075_00,gluc075,1,0,7.5,2024-05-29T13:31:57,,,0.008835033777206546,True,5215.0,,,,,,,,,,,,
sym_lin,4999349.936863768,889.1222826978553,355.6951579411249,,,True,4.69529788938392,1.0571138152931496,-4.69529788938392,82.20949459048117,1.592029026821634,628.1292508820801,-22.27615280292806,6.851834356320049,13.85552266412335,gluc075_00,gluc075,1,0,7.5,2024-05-29T13:31:57,,,0.00738639518089026,True,5215.0,,,,,,,,,,,,
psl,4999340.477655661,889.4695480419985,355.8347554112166,,,True,4.69529788938392,1.0571138152931496,-4.69529788938392,82.20949459048117,1.592029026821634,628.1292508820801,-22.27615280292806,6.851834356320049,13.85552266412335,gluc075_00,gluc075,1,0,7.5,2024-05-29T13:31:57,,,0.007807916507811901,True,5215.0,1.0660710434383962,True,ok,0.0017014818830964518,-8.843964139929676e-05,8.27517397310885,-5.477655661292374,1.0000865512418644,0.9772749112414406,,,
circle,4999330.831404682,907.9700602990961,363.2366374297258,,,True,4.69529788938392,1.0571138152931496,-4.69529788938392,82.20949459048117,1.592029026821634,628.1292508820801,-22.27615280292806,6.851834356320049,13.85552266412335,gluc075_00,gluc075,1,0,7.5,2024-05-29T13:31:57,,,0.017682579037553284,,,,,,,,,,,,1.2265773359929812,616.647954834,4.4302908359163334e-12
mag_argmax,14975625.0,1621.5237329956144,216.5550663822865,786.7619368303567,14974964.209697317,True,-1.4243158617855745,0.9788883246235119,1.4243158617855745,67.46579020307524,1.1035299639692722,906.182915417279,-24.91545609418419,4.802812146338189,9.576864938506688,gluc075_00,gluc075,3,0,7.5,2024-05-29T13:31:59,,,,,,,,,,,,,,,,,
argmax_hh,14975892.0,1251.7666352167726,167.17089509149406,,,True,-1.4243158617855745,0.9788883246235119,1.4243158617855745,67.46579020307524,1.1035299639692722,906.182915417279,-24.91545609418419,4.802812146338189,9.576864938506688,gluc075_00,gluc075,3,0,7.5,2024-05-29T13:31:59,False,0.16727335823121484,,,,,,,,,,,,,,,
midpoint,14975621.768459074,1251.7666352167726,167.17391165062443,,,True,-1.4243158617855745,0.9788883246235119,1.4243158617855745,67.46579020307524,1.1035299639692722,906.182915417279,-24.91545609418419,4.802812146338189,9.576864938506688,gluc075_00,gluc075,3,0,7.5,2024-05-29T13:31:59,,,,,,,,,,,,,,,,,
sym,14975617.107081292,1495.9401244420947,199.78343646816828,,,True,-1.4243158617855745,0.9788883246235119,1.4243158617855745,67.46579020307524,1.1035299639692722,906.182915417279,-24.91545609418419,4.802812146338189,9.576864938506688,gluc075_00,gluc075,3,0,7.5,2024-05-29T13:31:59,,,0.06779167640944378,True,7511.0,,,,,,,,,,,,
sym_lin,14975789.337479673,1276.8687184910686,170.524396372947,,,True,-1.4243158617855745,0.9788883246235119,1.4243158617855745,67.46579020307524,1.1035299639692722,906.182915417279,-24.91545609418419,4.802812146338189,9.576864938506688,gluc075_00,gluc075,3,0,7.5,2024-05-29T13:31:59,,,0.021656910523970223,True,7511.0,,,,,,,,,,,,
psl,14976074.309904484,1283.7927510294662,171.4458307916414,,,True,-1.4243158617855745,0.9788883246235119,1.4243158617855745,67.46579020307524,1.1035299639692722,906.182915417279,-24.91545609418419,4.802812146338189,9.576864938506688,gluc075_00,gluc075,3,0,7.5,2024-05-29T13:31:59,,,0.0071530539840376365,True,7511.0,-20.141611280278934,True,ok,0.0009796781011054971,0.00014957467137374935,-228.0034834428679,-182.3099044840783,1.031059923734455,0.9750535156184578,,,
circle,14976111.4399953,1566.6496048426459,209.21981131346837,,,True,-1.4243158617855745,0.9788883246235119,1.4243158617855745,67.46579020307524,1.1035299639692722,906.182915417279,-24.91545609418419,4.802812146338189,9.576864938506688,gluc075_00,gluc075,3,0,7.5,2024-05-29T13:31:59,,,0.1632522518818062,,,,,,,,,,,,-14.677939362006038,1058.6947956286922,2.6451747227677453e-12
mag_argmax,24952448.0,,,1579.8270187042654,,False,0.0,0.7241497389677687,20.740494607518432,75.18751126030304,0.7755255573925094,1289.4481561152206,-26.988716378695255,3.5845717486293385,7.190694028813563,gluc075_00,gluc075,5,0,7.5,2024-05-29T13:32:01,,,,,,,,,,,,,,,,,
argmax_hh,24953303.0,1670.4924381244928,133.88948454034264,,,False,0.0,0.7241497389677687,20.740494607518432,75.18751126030304,0.7755255573925094,1289.4481561152206,-26.988716378695255,3.5845717486293385,7.190694028813563,gluc075_00,gluc075,5,0,7.5,2024-05-29T13:32:01,False,0.17944268036635458,,,,,,,,,,,,,,,
midpoint,24953121.189072594,1670.4924381244928,133.89046007246824,,,False,0.0,0.7241497389677687,20.740494607518432,75.18751126030304,0.7755255573925094,1289.4481561152206,-26.988716378695255,3.5845717486293385,7.190694028813563,gluc075_00,gluc075,5,0,7.5,2024-05-29T13:32:01,,,,,,,,,,,,,,,,,
sym,24953102.12993152,1869.4868443456724,149.84003468676565,,,False,0.0,0.7241497389677687,20.740494607518432,75.18751126030304,0.7755255573925094,1289.4481561152206,-26.988716378695255,3.5845717486293385,7.190694028813563,gluc075_00,gluc075,5,0,7.5,2024-05-29T13:32:01,,,0.05145388781352877,True,10023.0,,,,,,,,,,,,
sym_lin,24953255.682742976,1751.613842538744,140.39160779730355,,,False,0.0,0.7241497389677687,20.740494607518432,75.18751126030304,0.7755255573925094,1289.4481561152206,-26.988716378695255,3.5845717486293385,7.190694028813563,gluc075_00,gluc075,5,0,7.5,2024-05-29T13:32:01,,,0.01537523557389196,True,10023.0,,,,,,,,,,,,
psl,24953535.478435334,1753.8163234964643,140.56656019842157,,,False,0.0,0.7241497389677687,20.740494607518432,75.18751126030304,0.7755255573925094,1289.4481561152206,-26.988716378695255,3.5845717486293385,7.190694028813563,gluc075_00,gluc075,5,0,7.5,2024-05-29T13:32:01,,,0.0023074129270665845,True,10023.0,-14.524388792638058,True,ok,0.0006860116871821133,9.959393583556099e-05,-223.49293678174723,-232.4784353338182,1.0161092500340636,0.9524899590363862,,,
circle,24953436.778953224,1645.1731215957725,131.8594417409774,,,False,0.0,0.7241497389677687,20.740494607518432,75.18751126030304,0.7755255573925094,1289.4481561152206,-26.988716378695255,3.5845717486293385,7.190694028813563,gluc075_00,gluc075,5,0,7.5,2024-05-29T13:32:01,,,0.08937157243634138,,,,,,,,,,,,-15.139128053713058,1671.4685121101058,3.1867777759830127e-12
mag_argmax,34928040.0,,,2371.7303760424256,,False,0.0,0.3920895062037213,36.53102236732315,60.09276487266122,0.8169247445920038,1224.1029625065762,-25.127402007687515,3.0214675682750176,6.123717605585806,gluc075_00,gluc075,7,0,7.5,2024-05-29T13:31:53,,,,,,,,,,,,,,,,,
argmax_hh,34929145.0,1968.2488279677927,112.69951371370772,,,False,0.0,0.3920895062037213,36.53102236732315,60.09276487266122,0.8169247445920038,1224.1029625065762,-25.127402007687515,3.0214675682750176,6.123717605585806,gluc075_00,gluc075,7,0,7.5,2024-05-29T13:31:53,False,0.5115268275561503,,,,,,,,,,,,,,,
midpoint,34928646.782260716,1968.2488279677927,112.70112124512143,,,False,0.0,0.3920895062037213,36.53102236732315,60.09276487266122,0.8169247445920038,1224.1029625065762,-25.127402007687515,3.0214675682750176,6.123717605585806,gluc075_00,gluc075,7,0,7.5,2024-05-29T13:31:53,,,,,,,,,,,,,,,,,
sym,34928534.83885027,2748.287245272532,157.36630568400886,,,False,0.0,0.3920895062037213,36.53102236732315,60.09276487266122,0.8169247445920038,1224.1029625065762,-25.127402007687515,3.0214675682750176,6.123717605585806,gluc075_00,gluc075,7,0,7.5,2024-05-29T13:31:53,,,0.08708157318696838,True,11809.0,,,,,,,,,,,,
sym_lin,34928961.40188319,2026.96070648188,116.06189392007497,,,False,0.0,0.3920895062037213,36.53102236732315,60.09276487266122,0.8169247445920038,1224.1029625065762,-25.127402007687515,3.0214675682750176,6.123717605585806,gluc075_00,gluc075,7,0,7.5,2024-05-29T13:31:53,,,0.03463105994280327,True,11809.0,,,,,,,,,,,,
psl,34929593.37245261,1999.3551323209974,114.47915302087647,,,False,0.0,0.3920895062037213,36.53102236732315,60.09276487266122,0.8169247445920038,1224.1029625065762,-25.127402007687515,3.0214675682750176,6.123717605585806,gluc075_00,gluc075,7,0,7.5,2024-05-29T13:31:53,,,0.006044491662077579,True,11809.0,-27.776705106604755,True,ok,0.00046063823911171673,0.00038234218574161597,-494.3590607948751,-448.372452609241,1.0593744751093024,0.9844418313433421,,,
circle,34929704.6980955,2022.4982528515648,115.80391362208331,,,False,0.0,0.3920895062037213,36.53102236732315,60.09276487266122,0.8169247445920038,1224.1029625065762,-25.127402007687515,3.0214675682750176,6.123717605585806,gluc075_00,gluc075,7,0,7.5,2024-05-29T13:31:53,,,0.05018485378647664,,,,,,,,,,,,-27.954307836076413,2238.1353270342674,3.2540023826601588e-12
mag_argmax,44904980.0,,,4385.133097603917,,False,0.0,0.23085085995607113,43.64881300834629,56.749479048827055,0.8632351007535696,1158.4329681763868,-23.797076480734443,2.5435535854949043,5.220388171145468,gluc075_00,gluc075,9,0,7.5,2024-05-29T13:31:55,,,,,,,,,,,,,,,,,
argmax_hh,44906676.0,2318.409973207861,103.25457948425579,,,False,0.0,0.23085085995607113,43.64881300834629,56.749479048827055,0.8632351007535696,1158.4329681763868,-23.797076480734443,2.5435535854949043,5.220388171145468,gluc075_00,gluc075,9,0,7.5,2024-05-29T13:31:55,False,0.6942038835704516,,,,,,,,,,,,,,,
midpoint,44906089.105670646,2318.409973207861,103.25592895664107,,,False,0.0,0.23085085995607113,43.64881300834629,56.749479048827055,0.8632351007535696,1158.4329681763868,-23.797076480734443,2.5435535854949043,5.220388171145468,gluc075_00,gluc075,9,0,7.5,2024-05-29T13:31:55,,,,,,,,,,,,,,,,,
sym,44905893.48959638,3328.5022615123535,148.24344881517555,,,False,0.0,0.23085085995607113,43.64881300834629,56.749479048827055,0.8632351007535696,1158.4329681763868,-23.797076480734443,2.5435535854949043,5.220388171145468,gluc075_00,gluc075,9,0,7.5,2024-05-29T13:31:55,,,0.09782623329443256,True,12853.0,,,,,,,,,,,,
sym_lin,44906488.51550057,2562.586586550311,114.12990288322241,,,False,0.0,0.23085085995607113,43.64881300834629,56.749479048827055,0.8632351007535696,1158.4329681763868,-23.797076480734443,2.5435535854949043,5.220388171145468,gluc075_00,gluc075,9,0,7.5,2024-05-29T13:31:55,,,0.034223604098712314,True,12853.0,,,,,,,,,,,,
psl,44907291.57402875,2402.467545933168,106.99676875292063,,,False,0.0,0.23085085995607113,43.64881300834629,56.749479048827055,0.8632351007535696,1158.4329681763868,-23.797076480734443,2.5435535854949043,5.220388171145468,gluc075_00,gluc075,9,0,7.5,2024-05-29T13:31:55,,,0.005614386679918459,True,12853.0,-30.704774163479883,True,ok,0.00032010975452388115,0.0005660829579454086,-659.6023767119397,-615.5740287527442,1.072733727603539,0.9650119840879444,,,
circle,44907359.86009726,2416.669770897948,107.62911818582756,,,False,0.0,0.23085085995607113,43.64881300834629,56.749479048827055,0.8632351007535696,1158.4329681763868,-23.797076480734443,2.5435535854949043,5.220388171145468,gluc075_00,gluc075,9,0,7.5,2024-05-29T13:31:55,,,0.02361539138550965,,,,,,,,,,,,-30.77552700386425,3086.0362945344377,3.3801037669821624e-12
mag_argmax,4999288.0,972.3143840702251,388.98114454307296,510.977898016572,4999175.62932819,True,4.773950581532049,1.0580827308304341,-4.773950581532049,82.19225427724905,1.591499416950756,628.3382760616757,-22.27586587753443,6.861214642369986,13.857098318988804,gluc075_01,gluc075,1,1,7.5,2024-05-29T13:39:37,,,,,,,,,,,,,,,,,
argmax_hh,4999329.0,868.796606826596,347.5652859920185,,,True,4.773950581532049,1.0580827308304341,-4.773950581532049,82.19225427724905,1.591499416950756,628.3382760616757,-22.27586587753443,6.861214642369986,13.857098318988804,gluc075_01,gluc075,1,1,7.5,2024-05-29T13:39:37,False,-0.015530354617685321,,,,,,,,,,,,,,,
midpoint,4999354.41771437,868.796606826596,347.5635189008251,,,True,4.773950581532049,1.0580827308304341,-4.773950581532049,82.19225427724905,1.591499416950756,628.3382760616757,-22.27586587753443,6.861214642369986,13.857098318988804,gluc075_01,gluc075,1,1,7.5,2024-05-29T13:39:37,,,,,,,,,,,,,,,,,
sym,4999356.877588083,889.2370337134313,355.7405704321071,,,True,4.773950581532049,1.0580827308304341,-4.773950581532049,82.19225427724905,1.591499416950756,628.3382760616757,-22.27586587753443,6.861214642369986,13.857098318988804,gluc075_01,gluc075,1,1,7.5,2024-05-29T13:39:37,,,0.008841590573409407,True,5213.0,,,,,,,,,,,,
sym_lin,4999350.527750766,888.5199272635356,355.4541424256904,,,True,4.773950581532049,1.0580827308304341,-4.773950581532049,82.19225427724905,1.591499416950756,628.3382760616757,-22.27586587753443,6.861214642369986,13.857098318988804,gluc075_01,gluc075,1,1,7.5,2024-05-29T13:39:37,,,0.007402793230789801,True,5213.0,,,,,,,,,,,,
psl,4999341.032708046,888.9340439361059,355.62048602817066,,,True,4.773950581532049,1.0580827308304341,-4.773950581532049,82.19225427724905,1.591499416950756,628.3382760616757,-22.27586587753443,6.861214642369986,13.857098318988804,gluc075_01,gluc075,1,1,7.5,2024-05-29T13:39:37,,,0.007812546586690478,True,5213.0,1.0678495772134,True,ok,0.0017017523653074784,-8.918426776173055e-05,8.283989931367321,-12.032708046026528,1.0000868402750258,0.9773465340349172,,,
circle,4999331.143742347,907.470267931719,363.03667104252446,,,True,4.773950581532049,1.0580827308304341,-4.773950581532049,82.19225427724905,1.591499416950756,628.3382760616757,-22.27586587753443,6.861214642369986,13.857098318988804,gluc075_01,gluc075,1,1,7.5,2024-05-29T13:39:37,,,0.017622225811452057,,,,,,,,,,,,1.253647751960619,616.302208554073,4.438395372414166e-12
mag_argmax,14975624.0,1621.987981988117,216.61708146359942,789.5877443794161,14974963.974424928,True,-1.4576262033993315,0.9783963423042735,1.4576262033993315,67.47126916789044,1.1033284828871064,906.3483953421339,-24.91878967645523,4.800395483902361,9.572046084667582,gluc075_01,gluc075,3,1,7.5,2024-05-29T13:39:39,,,,,,,,,,,,,,,,,
argmax_hh,14975893.0,1252.3968119211495,167.25504274384832,,,True,-1.4576262033993315,0.9783963423042735,1.4576262033993315,67.47126916789044,1.1033284828871064,906.3483953421339,-24.91878967645523,4.800395483902361,9.572046084667582,gluc075_01,gluc075,3,1,7.5,2024-05-29T13:39:39,False,0.16768136190066682,,,,,,,,,,,,,,,
midpoint,14975620.928159973,1252.3968119211495,167.2580813749309,,,True,-1.4576262033993315,0.9783963423042735,1.4576262033993315,67.47126916789044,1.1033284828871064,906.3483953421339,-24.91878967645523,4.800395483902361,9.572046084667582,gluc075_01,gluc075,3,1,7.5,2024-05-29T13:39:39,,,,,,,,,,,,,,,,,
sym,14975616.168004502,1497.62332737517,200.00824147387695,,,True,-1.4576262033993315,0.9783963423042735,1.4576262033993315,67.47126916789044,1.1033284828871064,906.3483953421339,-24.91878967645523,4.800395483902361,9.572046084667582,gluc075_01,gluc075,3,1,7.5,2024-05-29T13:39:39,,,0.0678093321813354,True,7515.0,,,,,,,,,,,,
sym_lin,14975788.760592189,1277.3056781885875,170.5827584253504,,,True,-1.4576262033993315,0.9783963423042735,1.4576262033993315,67.47126916789044,1.1033284828871064,906.3483953421339,-24.91878967645523,4.800395483902361,9.572046084667582,gluc075_01,gluc075,3,1,7.5,2024-05-29T13:39:39,,,0.021645132027483877,True,7515.0,,,,,,,,,,,,
psl,14976074.150306758,1284.5399767052038,171.5456218783335,,,True,-1.4576262033993315,0.9783963423042735,1.4576262033993315,67.47126916789044,1.1033284828871064,906.3483953421339,-24.91878967645523,4.800395483902361,9.572046084667582,gluc075_01,gluc075,3,1,7.5,2024-05-29T13:39:39,,,0.007137330967475256,True,7515.0,-20.161303265402363,True,ok,0.0009793958325069812,0.0001497161696192503,-228.3639032317416,-181.1503067575395,1.0311210226691394,0.9749769058441449,,,
circle,14976111.166223297,1567.8852075972018,209.38482496489027,,,True,-1.4576262033993315,0.9783963423042735,1.4576262033993315,67.47126916789044,1.1033284828871064,906.3483953421339,-24.91878967645523,4.800395483902361,9.572046084667582,gluc075_01,gluc075,3,1,7.5,2024-05-29T13:39:39,,,0.16343424795013342,,,,,,,,,,,,-14.686276485969733,1059.119392663181,2.642704072113856e-12
mag_argmax,24952442.0,,,1581.8073137775064,,False,0.0,0.7237411225615833,20.75104320827512,75.1144846481935,0.7750761840301361,1290.1957518554311,-27.001160120931875,3.5742664295724302,7.180798052591351,gluc075_01,gluc075,5,1,7.5,2024-05-29T13:39:41,,,,,,,,,,,,,,,,,
argmax_hh,24953311.0,1673.6301330272108,134.1409268715651,,,False,0.0,0.7237411225615833,20.75104320827512,75.1144846481935,0.7750761840301361,1290.1957518554311,-27.001160120931875,3.5742664295724302,7.180798052591351,gluc075_01,gluc075,5,1,7.5,2024-05-29T13:39:41,False,0.17901404791187797,,,,,,,,,,,,,,,
midpoint,24953121.09013935,1673.6301330272108,134.1419477733047,,,False,0.0,0.7237411225615833,20.75104320827512,75.1144846481935,0.7750761840301361,1290.1957518554311,-27.001160120931875,3.5742664295724302,7.180798052591351,gluc075_01,gluc075,5,1,7.5,2024-05-29T13:39:41,,,,,,,,,,,,,,,,,
sym,24953102.17075534,1873.1140583118438,150.13075692906074,,,False,0.0,0.7237411225615833,20.75104320827512,75.1144846481935,0.7750761840301361,1290.1957518554311,-27.001160120931875,3.5742664295724302,7.180798052591351,gluc075_01,gluc075,5,1,7.5,2024-05-29T13:39:41,,,0.05148578306706794,True,10041.0,,,,,,,,,,,,
sym_lin,24953256.1941607,1752.4811202400906,140.46111710664744,,,False,0.0,0.7237411225615833,20.75104320827512,75.1144846481935,0.7750761840301361,1290.1957518554311,-27.001160120931875,3.5742664295724302,7.180798052591351,gluc075_01,gluc075,5,1,7.5,2024-05-29T13:39:41,,,0.015377974976608253,True,10041.0,,,,,,,,,,,,
psl,24953536.754556324,1755.3243042498084,140.6874160977842,,,False,0.0,0.7237411225615833,20.75104320827512,75.1144846481935,0.7750761840301361,1290.1957518554311,-27.001160120931875,3.5742664295724302,7.180798052591351,gluc075_01,gluc075,5,1,7.5,2024-05-29T13:39:41,,,0.002316380915694763,True,10041.0,-14.54527251868405,True,ok,0.0006861372874143056,9.939826098756469e-05,-224.010203591302,-225.75455632433295,1.0161557375291068,0.9534592149013101,,,
circle,24953438.757814653,1645.9918063950752,131.9250482765307,,,False,0.0,0.7237411225615833,20.75104320827512,75.1144846481935,0.7750761840301361,1290.1957518554311,-27.001160120931875,3.5742664295724302,7.180798052591351,gluc075_01,gluc075,5,1,7.5,2024-05-29T13:39:41,,,0.08948654907108583,,,,,,,,,,,,-15.19687496662176,1671.288208641485,3.1873483345246758e-12
mag_argmax,34928039.0,,,2378.6300452575088,,False,0.0,0.39150726432942706,36.572801442923186,60.103924498982096,0.8165980097204252,1224.5927471000882,-25.1297591008557,3.0298295993197533,6.108396403990494,gluc075_01,gluc075,7,1,7.5,2024-05-29T13:39:33,,,,,,,,,,,,,,,,,
argmax_hh,34929148.0,1969.747738070786,112.78532978077713,,,False,0.0,0.39150726432942706,36.572801442923186,60.103924498982096,0.8165980097204252,1224.5927471000882,-25.1297591008557,3.0298295993197533,6.108396403990494,gluc075_01,gluc075,7,1,7.5,2024-05-29T13:39:33,False,0.5120832896095182,,,,,,,,,,,,,,,
midpoint,34928646.726250194,1969.747738070786,112.7869484041846,,,False,0.0,0.39150726432942706,36.572801442923186,60.103924498982096,0.8165980097204252,1224.5927471000882,-25.1297591008557,3.0298295993197533,6.108396403990494,gluc075_01,gluc075,7,1,7.5,2024-05-29T13:39:33,,,,,,,,,,,,,,,,,
sym,34928535.80298024,2748.5230417961916,157.37980299544517,,,False,0.0,0.39150726432942706,36.572801442923186,60.103924498982096,0.8165980097204252,1224.5927471000882,-25.1297591008557,3.0298295993197533,6.108396403990494,gluc075_01,gluc075,7,1,7.5,2024-05-29T13:39:33,,,0.08711863891632293,True,11819.0,,,,,,,,,,,,
sym_lin,34928962.60423086,2026.2086107519397,116.01882562103405,,,False,0.0,0.39150726432942706,36.572801442923186,60.103924498982096,0.8165980097204252,1224.5927471000882,-25.1297591008557,3.0298295993197533,6.108396403990494,gluc075_01,gluc075,7,1,7.5,2024-05-29T13:39:33,,,0.03462876948567533,True,11819.0,,,,,,,,,,,,
psl,34929594.795334026,1999.0003995126833,114.45883705354144,,,False,0.0,0.39150726432942706,36.572801442923186,60.103924498982096,0.8165980097204252,1224.5927471000882,-25.1297591008557,3.0298295993197533,6.108396403990494,gluc075_01,gluc075,7,1,7.5,2024-05-29T13:39:33,,,0.00603489917642649,True,11819.0,-27.78607828893509,True,ok,0.0004604296257417019,0.00038247945524603593,-494.44486106652164,-446.79533402621746,1.0594149994258757,0.9853663553799046,,,
circle,34929706.002066076,2023.3037153751254,115.85002835440115,,,False,0.0,0.39150726432942706,36.572801442923186,60.103924498982096,0.8165980097204252,1224.5927471000882,-25.1297591008557,3.0298295993197533,6.108396403990494,gluc075_01,gluc075,7,1,7.5,2024-05-29T13:39:33,,,0.05010686430318011,,,,,,,,,,,,-27.951718479505168,2239.0452283476925,3.253493852348234e-12
mag_argmax,44904981.0,,,4363.924824260175,,False,0.0,0.23051295343437775,43.65510227721418,56.732731853064735,0.8635140543758759,1158.0587425676267,-23.791623888013767,2.5345759489077926,5.192789748981819,gluc075_01,gluc075,9,1,7.5,2024-05-29T13:39:35,,,,,,,,,,,,,,,,,
argmax_hh,44906670.0,2329.383738745004,103.74332983251725,,,False,0.0,0.23051295343437775,43.65510227721418,56.732731853064735,0.8635140543758759,1158.0587425676267,-23.791623888013767,2.5345759489077926,5.192789748981819,gluc075_01,gluc075,9,1,7.5,2024-05-29T13:39:35,False,0.6938830715760226,,,,,,,,,,,,,,,
midpoint,44906080.706065804,2329.383738745004,103.74469123645235,,,False,0.0,0.23051295343437775,43.65510227721418,56.732731853064735,0.8635140543758759,1158.0587425676267,-23.791623888013767,2.5345759489077926,5.192789748981819,gluc075_01,gluc075,9,1,7.5,2024-05-29T13:39:35,,,,,,,,,,,,,,,,,
sym,44905896.303854704,3301.921153434049,147.05958126708688,,,False,0.0,0.23051295343437775,43.65510227721418,56.732731853064735,0.8635140543758759,1158.0587425676267,-23.791623888013767,2.5345759489077926,5.192789748981819,gluc075_01,gluc075,9,1,7.5,2024-05-29T13:39:35,,,0.09813441274140877,True,12893.0,,,,,,,,,,,,
sym_lin,44906487.32376678,2566.4623664083524,114.30252150005288,,,False,0.0,0.23051295343437775,43.65510227721418,56.732731853064735,0.8635140543758759,1158.0587425676267,-23.791623888013767,2.5345759489077926,5.192789748981819,gluc075_01,gluc075,9,1,7.5,2024-05-29T13:39:35,,,0.0342428174463345,True,12893.0,,,,,,,,,,,,
psl,44907290.71109884,2403.4184191716695,107.03911908796869,,,False,0.0,0.23051295343437775,43.65510227721418,56.732731853064735,0.8635140543758759,1158.0587425676267,-23.791623888013767,2.5345759489077926,5.192789748981819,gluc075_01,gluc075,9,1,7.5,2024-05-29T13:39:35,,,0.005486300534862583,True,12893.0,-30.66977751819985,True,ok,0.0003200982816752872,0.0005662936709686519,-659.074166073913,-620.7110988423228,1.0725657173413055,0.9691960917682484,,,
circle,44907360.066787414,2415.4743239448912,107.57587711023467,,,False,0.0,0.23051295343437775,43.65510227721418,56.732731853064735,0.8635140543758759,1158.0587425676267,-23.791623888013767,2.5345759489077926,5.192789748981819,gluc075_01,gluc075,9,1,7.5,2024-05-29T13:39:35,,,0.024402352683417738,,,,,,,,,,,,-30.740823030034683,3086.641208609052,3.380000504902952e-12
mag_argmax,4999293.0,971.662733336445,388.7200583508288,510.2802307382226,4999175.656994408,True,4.800098879212489,1.0583799328045806,-4.800098879212489,82.22172668954941,1.592443969888678,627.9655792661304,-22.271638874167486,6.858925316815049,13.85594980108275,gluc075_02,gluc075,1,2,7.5,2024-05-29T13:41:18,,,,,,,,,,,,,,,,,
argmax_hh,4999331.0,868.9407924283296,347.6228289058394,,,True,4.800098879212489,1.0583799328045806,-4.800098879212489,82.22172668954941,1.592443969888678,627.9655792661304,-22.271638874167486,6.858925316815049,13.85594980108275,gluc075_02,gluc075,1,2,7.5,2024-05-29T13:41:18,False,-0.015603730356632229,,,,,,,,,,,,,,,
midpoint,4999355.237400532,868.9407924283296,347.6211435937666,,,True,4.800098879212489,1.0583799328045806,-4.800098879212489,82.22172668954941,1.592443969888678,627.9655792661304,-22.271638874167486,6.858925316815049,13.85594980108275,gluc075_02,gluc075,1,2,7.5,2024-05-29T13:41:18,,,,,,,,,,,,,,,,,
sym,4999356.497863029,888.008223599955,355.2490101394183,,,True,4.800098879212489,1.0583799328045806,-4.800098879212489,82.22172668954941,1.592443969888678,627.9655792661304,-22.271638874167486,6.858925316815049,13.85594980108275,gluc075_02,gluc075,1,2,7.5,2024-05-29T13:41:18,,,0.008690759612012655,True,5213.0,,,,,,,,,,,,
sym_lin,4999350.063362726,887.3436304198759,354.9835955368245,,,True,4.800098879212489,1.0583799328045806,-4.800098879212489,82.22172668954941,1.592443969888678,627.9655792661304,-22.271638874167486,6.858925316815049,13.85594980108275,gluc075_02,gluc075,1,2,7.5,2024-05-29T13:41:18,,,0.0071723315185165,True,5213.0,,,,,,,,,,,,
psl,4999340.384048729,887.7382389901503,355.14214708109677,,,True,4.800098879212489,1.0583799328045806,-4.800098879212489,82.22172668954941,1.592443969888678,627.9655792661304,-22.271638874167486,6.858925316815049,13.85594980108275,gluc075_02,gluc075,1,2,7.5,2024-05-29T13:41:18,,,0.0076003748836641835,True,5213.0,1.0873775759708546,True,ok,0.0017016077068115567,-8.872257623782184e-05,8.424142555192457,-9.384048729203641,1.0000900454986703,0.9788254625786945,,,
circle,4999330.932174055,906.8781052452512,362.79978963140087,,,True,4.800098879212489,1.0583799328045806,-4.800098879212489,82.22172668954941,1.592443969888678,627.9655792661304,-22.271638874167486,6.858925316815049,13.85594980108275,gluc075_02,gluc075,1,2,7.5,2024-05-29T13:41:18,,,0.017736043275397174,,,,,,,,,,,,1.2516845114441992,616.030997085881,4.441889625520414e-12
mag_argmax,14975623.0,1624.2130854912102,216.9142593254665,797.5266090985388,14974963.393385854,True,-1.3910808578558642,0.979380222861583,1.3910808578558642,67.46342836383641,1.103275091347924,906.3922568742598,-24.92487673738418,4.79617310403271,9.580365759012881,gluc075_02,gluc075,3,2,7.5,2024-05-29T13:41:20,,,,,,,,,,,,,,,,,
argmax_hh,14975899.0,1252.0398804936558,167.20730828829116,,,True,-1.3910808578558642,0.979380222861583,1.3910808578558642,67.46342836383641,1.103275091347924,906.3922568742598,-24.92487673738418,4.79617310403271,9.580365759012881,gluc075_02,gluc075,3,2,7.5,2024-05-29T13:41:20,False,0.1672044580016662,,,,,,,,,,,,,,,
midpoint,14975621.484129755,1252.0398804936558,167.2104068362693,,,True,-1.3910808578558642,0.979380222861583,1.3910808578558642,67.46342836383641,1.103275091347924,906.3922568742598,-24.92487673738418,4.79617310403271,9.580365759012881,gluc075_02,gluc075,3,2,7.5,2024-05-29T13:41:20,,,,,,,,,,,,,,,,,
sym,14975617.93513262,1497.9888172356796,200.0570291956255,,,True,-1.3910808578558642,0.979380222861583,1.3910808578558642,67.46342836383641,1.103275091347924,906.3922568742598,-24.92487673738418,4.79617310403271,9.580365759012881,gluc075_02,gluc075,3,2,7.5,2024-05-29T13:41:20,,,0.06773033055748356,True,7513.0,,,,,,,,,,,,
sym_lin,14975790.380213415,1275.9467834265772,170.40126110637965,,,True,-1.3910808578558642,0.979380222861583,1.3910808578558642,67.46342836383641,1.103275091347924,906.3922568742598,-24.92487673738418,4.79617310403271,9.580365759012881,gluc075_02,gluc075,3,2,7.5,2024-05-29T13:41:20,,,0.021718573593977723,True,7513.0,,,,,,,,,,,,
psl,14976075.436856117,1283.5583381086249,171.4145129036661,,,True,-1.3910808578558642,0.979380222861583,1.3910808578558642,67.46342836383641,1.103275091347924,906.3922568742598,-24.92487673738418,4.79617310403271,9.580365759012881,gluc075_02,gluc075,3,2,7.5,2024-05-29T13:41:20,,,0.007219534153616911,True,7513.0,-20.147913480149956,True,ok,0.0009795679100313196,0.00014936726154523726,-228.0346706517714,-176.43685611709952,1.0310794711216678,0.9754444681794419,,,
circle,14976111.951456646,1568.0901645041092,209.41218516353163,,,True,-1.3910808578558642,0.979380222861583,1.3910808578558642,67.46342836383641,1.103275091347924,906.3922568742598,-24.92487673738418,4.79617310403271,9.580365759012881,gluc075_02,gluc075,3,2,7.5,2024-05-29T13:41:20,,,0.16301928839659713,,,,,,,,,,,,-14.635780975803216,1057.9419686499562,2.6440401463004503e-12
mag_argmax,24952446.0,,,1585.817936718464,,False,0.0,0.7239884387506723,20.76046367511333,75.21592059819523,0.7754532537070364,1289.5683849664993,-26.987882876002647,3.576687516846385,7.178470402170476,gluc075_02,gluc075,5,2,7.5,2024-05-29T13:41:13,,,,,,,,,,,,,,,,,
argmax_hh,24953303.0,1673.6155931446701,134.13980450962103,,,False,0.0,0.7239884387506723,20.76046367511333,75.21592059819523,0.7754532537070364,1289.5683849664993,-26.987882876002647,3.576687516846385,7.178470402170476,gluc075_02,gluc075,5,2,7.5,2024-05-29T13:41:13,False,0.17834951491105636,,,,,,,,,,,,,,,
midpoint,24953120.957141645,1673.6155931446701,134.14078311239678,,,False,0.0,0.7239884387506723,20.76046367511333,75.21592059819523,0.7754532537070364,1289.5683849664993,-26.987882876002647,3.576687516846385,7.178470402170476,gluc075_02,gluc075,5,2,7.5,2024-05-29T13:41:13,,,,,,,,,,,,,,,,,
sym,24953102.47433279,1869.293371154842,149.82452567392215,,,False,0.0,0.7239884387506723,20.76046367511333,75.21592059819523,0.7754532537070364,1289.5683849664993,-26.987882876002647,3.576687516846385,7.178470402170476,gluc075_02,gluc075,5,2,7.5,2024-05-29T13:41:13,,,0.0514743783577312,True,10041.0,,,,,,,,,,,,
sym_lin,24953255.931436207,1751.8055888122938,140.406974835325,,,False,0.0,0.7239884387506723,20.76046367511333,75.21592059819523,0.7754532537070364,1289.5683849664993,-26.987882876002647,3.576687516846385,7.178470402170476,gluc075_02,gluc075,5,2,7.5,2024-05-29T13:41:13,,,0.015375178496569504,True,10041.0,,,,,,,,,,,,
psl,24953536.01719807,1753.969240025564,140.57881326451866,,,False,0.0,0.7239884387506723,20.76046367511333,75.21592059819523,0.7754532537070364,1289.5683849664993,-26.987882876002647,3.576687516846385,7.178470402170476,gluc075_02,gluc075,5,2,7.5,2024-05-29T13:41:13,,,0.0022716102672046766,True,10041.0,-14.526730484399021,True,ok,0.0006859411546193185,9.959777723423823e-05,-223.5488480011754,-233.01719807088375,1.016114459313424,0.9541875392981677,,,
circle,24953437.535767596,1645.7855493531824,131.90852338433587,,,False,0.0,0.7239884387506723,20.76046367511333,75.21592059819523,0.7754532537070364,1289.5683849664993,-26.987882876002647,3.576687516846385,7.178470402170476,gluc075_02,gluc075,5,2,7.5,2024-05-29T13:41:13,,,0.08954267940492724,,,,,,,,,,,,-15.153857220253188,1671.5795978025008,3.187397787778704e-12
mag_argmax,34928037.0,,,2369.678826548159,,False,0.0,0.3913733867903226,36.571361304784176,60.08833743223944,0.8168008773538991,1224.2885967992484,-25.154988008813618,3.015684043462327,6.131992529224205,gluc075_02,gluc075,7,2,7.5,2024-05-29T13:41:15,,,,,,,,,,,,,,,,,
argmax_hh,34929170.0,1967.7127691358328,112.66873900157563,,,False,0.0,0.3913733867903226,36.571361304784176,60.08833743223944,0.8168008773538991,1224.2885967992484,-25.154988008813618,3.015684043462327,6.131992529224205,gluc075_02,gluc075,7,2,7.5,2024-05-29T13:41:15,False,0.5122855204017239,,,,,,,,,,,,,,,
midpoint,34928647.00301766,1967.7127691358328,112.670426023993,,,False,0.0,0.3913733867903226,36.571361304784176,60.08833743223944,0.8168008773538991,1224.2885967992484,-25.154988008813618,3.015684043462327,6.131992529224205,gluc075_02,gluc075,7,2,7.5,2024-05-29T13:41:15,,,,,,,,,,,,,,,,,
sym,34928535.67935327,2757.307408885771,157.88279441188558,,,False,0.0,0.3913733867903226,36.571361304784176,60.08833743223944,0.8168008773538991,1224.2885967992484,-25.154988008813618,3.015684043462327,6.131992529224205,gluc075_02,gluc075,7,2,7.5,2024-05-29T13:41:15,,,0.08669792209371867,True,11807.0,,,,,,,,,,,,
sym_lin,34928962.71374799,2022.4023324699476,115.80088129407477,,,False,0.0,0.3913733867903226,36.571361304784176,60.08833743223944,0.8168008773538991,1224.2885967992484,-25.154988008813618,3.015684043462327,6.131992529224205,gluc075_02,gluc075,7,2,7.5,2024-05-29T13:41:15,,,0.034634271184819564,True,11807.0,,,,,,,,,,,,
psl,34929594.34812553,1998.9415256981229,114.45546751993096,,,False,0.0,0.3913733867903226,36.571361304784176,60.08833743223944,0.8168008773538991,1224.2885967992484,-25.154988008813618,3.015684043462327,6.131992529224205,gluc075_02,gluc075,7,2,7.5,2024-05-29T13:41:15,,,0.006070698896519547,True,11807.0,-27.778580175683558,True,ok,0.0004604538324495083,0.0003825098385427296,-494.2915014020801,-424.3481255322695,1.059382580697782,0.9843773536340021,,,
circle,34929705.07216897,2024.0120208800097,115.89058749268897,,,False,0.0,0.3913733867903226,36.571361304784176,60.08833743223944,0.8168008773538991,1224.2885967992484,-25.154988008813618,3.015684043462327,6.131992529224205,gluc075_02,gluc075,7,2,7.5,2024-05-29T13:41:15,,,0.05008174507282763,,,,,,,,,,,,-27.932627801634133,2238.6745866628216,3.2535612550230765e-12
mag_argmax,44904981.0,,,4363.27082207799,,False,0.0,0.23047549140580478,43.67124423663127,56.750946524642885,0.8632930957671523,1158.3551460137246,-23.793305374680003,2.5441597901304567,5.209798256322002,gluc075_02,gluc075,9,2,7.5,2024-05-29T13:41:16,,,,,,,,,,,,,,,,,
argmax_hh,44906670.0,2321.3950723186135,103.38754008340469,,,False,0.0,0.23047549140580478,43.67124423663127,56.750946524642885,0.8632930957671523,1158.3551460137246,-23.793305374680003,2.5441597901304567,5.209798256322002,gluc075_02,gluc075,9,2,7.5,2024-05-29T13:41:16,False,0.6943039884692008,,,,,,,,,,,,,,,
midpoint,44906087.21384767,2321.3950723186135,103.38888183527894,,,False,0.0,0.23047549140580478,43.67124423663127,56.750946524642885,0.8632930957671523,1158.3551460137246,-23.793305374680003,2.5441597901304567,5.209798256322002,gluc075_02,gluc075,9,2,7.5,2024-05-29T13:41:16,,,,,,,,,,,,,,,,,
sym,44905893.54099803,3323.2056811674847,148.00755175413562,,,False,0.0,0.23047549140580478,43.67124423663127,56.750946524642885,0.8632930957671523,1158.3551460137246,-23.793305374680003,2.5441597901304567,5.209798256322002,gluc075_02,gluc075,9,2,7.5,2024-05-29T13:41:16,,,0.09783637754644235,True,12871.0,,,,,,,,,,,,
sym_lin,44906487.83794654,2564.310443252169,114.20668000160524,,,False,0.0,0.23047549140580478,43.67124423663127,56.750946524642885,0.8632930957671523,1158.3551460137246,-23.793305374680003,2.5441597901304567,5.209798256322002,gluc075_02,gluc075,9,2,7.5,2024-05-29T13:41:16,,,0.034117404076466,True,12871.0,,,,,,,,,,,,
psl,44907290.96398998,2405.155072883727,107.11646243868775,,,False,0.0,0.23047549140580478,43.67124423663127,56.750946524642885,0.8632930957671523,1158.3551460137246,-23.793305374680003,2.5441597901304567,5.209798256322002,gluc075_02,gluc075,9,2,7.5,2024-05-29T13:41:16,,,0.0054658615008152,True,12871.0,-30.685041364217277,True,ok,0.0003200707543651609,0.0005660879374665674,-659.8948736069852,-620.9639899805188,1.072638970349642,0.965174802444365,,,
circle,44907361.31321667,2416.3203871003675,107.61355450155212,,,False,0.0,0.23047549140580478,43.67124423663127,56.750946524642885,0.8632930957671523,1158.3551460137246,-23.793305374680003,2.5441597901304567,5.209798256322002,gluc075_02,gluc075,9,2,7.5,2024-05-29T13:41:16,,,0.024804093242995488,,,,,,,,,,,,-30.78748740554995,3087.678214798073,3.379901217106089e-12
mag_argmax,4999277.0,1004.4529114118777,401.83927052326874,489.4232282973826,4999138.090178091,True,4.383024599757035,1.0533912294465482,-4.383024599757035,82.0925954541846,1.5397215814419019,649.4680675083679,-22.544417854135908,6.6122195469701825,13.340831894012766,gluc10_00,gluc10,1,0,10.0,2024-05-29T13:48:03,,,,,,,,,,,,,,,,,
argmax_hh,4999306.0,902.1176562011242,360.89715500556446,,,True,4.383024599757035,1.0533912294465482,-4.383024599757035,82.0925954541846,1.5397215814419019,649.4680675083679,-22.544417854135908,6.6122195469701825,13.340831894012766,gluc10_00,gluc10,1,0,10.0,2024-05-29T13:48:03,False,-0.01474072506871277,,,,,,,,,,,,,,,
midpoint,4999326.997395151,902.1176562011242,360.8956392215046,,,True,4.383024599757035,1.0533912294465482,-4.383024599757035,82.0925954541846,1.5397215814419019,649.4680675083679,-22.544417854135908,6.6122195469701825,13.340831894012766,gluc10_00,gluc10,1,0,10.0,2024-05-29T13:48:03,,,,,,,,,,,,,,,,,
sym,4999330.314044054,926.1229489868532,370.498803163776,,,True,4.383024599757035,1.0533912294465482,-4.383024599757035,82.0925954541846,1.5397215814419019,649.4680675083679,-22.544417854135908,6.6122195469701825,13.340831894012766,gluc10_00,gluc10,1,0,10.0,2024-05-29T13:48:03,,,0.009028695596153212,True,5413.0,,,,,,,,,,,,
sym_lin,4999322.965786598,925.3951190163328,370.20817632682406,,,True,4.383024599757035,1.0533912294465482,-4.383024599757035,82.0925954541846,1.5397215814419019,649.4680675083679,-22.544417854135908,6.6122195469701825,13.340831894012766,gluc10_00,gluc10,1,0,10.0,2024-05-29T13:48:03,,,0.007281403823727806,True,5413.0,,,,,,,,,,,,
psl,4999311.497058867,925.7905153508273,370.36720592244626,,,True,4.383024599757035,1.0533912294465482,-4.383024599757035,82.0925954541846,1.5397215814419019,649.4680675083679,-22.544417854135908,6.6122195469701825,13.340831894012766,gluc10_00,gluc10,1,0,10.0,2024-05-29T13:48:03,,,0.007708260295165926,True,5413.0,1.218181721815431,True,ok,0.0016368748990567413,-8.268168321547492e-05,9.842117336104712,-5.497058866545558,1.0001130126562296,0.9744295726115403,,,
circle,4999299.590048139,945.1915610507297,378.12959356637725,,,True,4.383024599757035,1.0533912294465482,-4.383024599757035,82.0925954541846,1.5397215814419019,649.4680675083679,-22.544417854135908,6.6122195469701825,13.340831894012766,gluc10_00,gluc10,1,0,10.0,2024-05-29T13:48:03,,,0.01869949135373661,,,,,,,,,,,,1.4604848486476898,642.2322838844366,4.474286056895339e-12
mag_argmax,14975556.0,1701.0442790165544,227.17611005782413,820.1176149677485,14974848.868717862,True,-2.291431463075577,0.9659804944868309,2.291431463075577,67.35640123247983,1.0774719723505939,928.0983873932402,-25.10840984808847,4.664107325129939,9.272468347569083,gluc10_00,gluc10,3,0,10.0,2024-05-29T13:48:05,,,,,,,,,,,,,,,,,
argmax_hh,14975822.0,1291.5654765367508,172.48675585710765,,,True,-2.291431463075577,0.9659804944868309,2.291431463075577,67.35640123247983,1.0774719723505939,928.0983873932402,-25.10840984808847,4.664107325129939,9.272468347569083,gluc10_00,gluc10,3,0,10.0,2024-05-29T13:48:05,False,0.17792560811702304,,,,,,,,,,,,,,,
midpoint,14975541.942154432,1291.5654765367508,172.4899815346438,,,True,-2.291431463075577,0.9659804944868309,2.291431463075577,67.35640123247983,1.0774719723505939,928.0983873932402,-25.10840984808847,4.664107325129939,9.272468347569083,gluc10_00,gluc10,3,0,10.0,2024-05-29T13:48:05,,,,,,,,,,,,,,,,,
sym,14975530.714307716,1565.5363573064967,209.07924896588452,,,True,-2.291431463075577,0.9659804944868309,2.291431463075577,67.35640123247983,1.0774719723505939,928.0983873932402,-25.10840984808847,4.664107325129939,9.272468347569083,gluc10_00,gluc10,3,0,10.0,2024-05-29T13:48:05,,,0.06969071149469204,True,7749.0,,,,,,,,,,,,
sym_lin,14975717.517848238,1321.3960486321719,176.4718180691264,,,True,-2.291431463075577,0.9659804944868309,2.291431463075577,67.35640123247983,1.0774719723505939,928.0983873932402,-25.10840984808847,4.664107325129939,9.272468347569083,gluc10_00,gluc10,3,0,10.0,2024-05-29T13:48:05,,,0.022283606919827115,True,7749.0,,,,,,,,,,,,
psl,14976022.421309935,1328.260527832805,177.38495449135738,,,True,-2.291431463075577,0.9659804944868309,2.291431463075577,67.35640123247983,1.0774719723505939,928.0983873932402,-25.10840984808847,4.664107325129939,9.272468347569083,gluc10_00,gluc10,3,0,10.0,2024-05-29T13:48:05,,,0.006973205862415494,True,7749.0,-20.842175404981784,True,ok,0.0009490631600447779,0.00015541373563507648,-244.28679303545357,-200.421309934929,1.0332711746925685,0.9723736040278739,,,
circle,14976061.073933115,1638.4861153246231,218.8140268974361,,,True,-2.291431463075577,0.9659804944868309,2.291431463075577,67.35640123247983,1.0774719723505939,928.0983873932402,-25.10840984808847,4.664107325129939,9.272468347569083,gluc10_00,gluc10,3,0,10.0,2024-05-29T13:48:05,,,0.16760966224785587,,,,,,,,,,,,-15.213621920391605,1091.5966746578156,2.577076589758436e-12
mag_argmax,24952339.0,,,1637.8286190927029,,False,0.0,0.7083322736529106,21.87967658626253,75.01576146352701,0.753944180947613,1326.3581380031685,-27.15810831964315,3.4803536473841548,6.992124729900162,gluc10_00,gluc10,5,0,10.0,2024-05-29T13:48:07,,,,,,,,,,,,,,,,,
argmax_hh,24953248.0,1718.7908488828689,137.76089179916528,,,False,0.0,0.7083322736529106,21.87967658626253,75.01576146352701,0.753944180947613,1326.3581380031685,-27.15810831964315,3.4803536473841548,6.992124729900162,gluc10_00,gluc10,5,0,10.0,2024-05-29T13:48:07,False,0.18461653846791828,,,,,,,,,,,,,,,
midpoint,24953054.235596195,1718.7908488828689,137.7619615342292,,,False,0.0,0.7083322736529106,21.87967658626253,75.01576146352701,0.753944180947613,1326.3581380031685,-27.15810831964315,3.4803536473841548,6.992124729900162,gluc10_00,gluc10,5,0,10.0,2024-05-29T13:48:07,,,,,,,,,,,,,,,,,
sym,24953032.41072338,1931.424625052907,154.8048023392052,,,False,0.0,0.7083322736529106,21.87967658626253,75.01576146352701,0.753944180947613,1326.3581380031685,-27.15810831964315,3.4803536473841548,6.992124729900162,gluc10_00,gluc10,5,0,10.0,2024-05-29T13:48:07,,,0.05164715770591075,True,10313.0,,,,,,,,,,,,
sym_lin,24953191.74293145,1805.5291694312314,144.71328461960684,,,False,0.0,0.7083322736529106,21.87967658626253,75.01576146352701,0.753944180947613,1326.3581380031685,-27.15810831964315,3.4803536473841548,6.992124729900162,gluc10_00,gluc10,5,0,10.0,2024-05-29T13:48:07,,,0.015736663755517345,True,10313.0,,,,,,,,,,,,
psl,24953481.699891116,1808.0440288096265,144.91316687222175,,,False,0.0,0.7083322736529106,21.87967658626253,75.01576146352701,0.753944180947613,1326.3581380031685,-27.15810831964315,3.4803536473841548,6.992124729900162,gluc10_00,gluc10,5,0,10.0,2024-05-29T13:48:07,,,0.0023615767304555157,True,10313.0,-14.598229321388873,True,ok,0.0006647716855127539,9.932723244767102e-05,-231.58738540264247,-233.6998911164701,1.0162739230259397,0.9506355052727782,,,
circle,24953382.646935135,1699.7941250528854,136.2375714029024,,,False,0.0,0.7083322736529106,21.87967658626253,75.01576146352701,0.753944180947613,1326.3581380031685,-27.15810831964315,3.4803536473841548,6.992124729900162,gluc10_00,gluc10,5,0,10.0,2024-05-29T13:48:07,,,0.08801352617773783,,,,,,,,,,,,-15.31023600428311,1721.2112770586386,3.19313758384631e-12
mag_argmax,34927912.0,,,2496.3378237336874,,False,0.0,0.3770566472394529,37.38680782318007,60.01638456771714,0.8017913581871201,1247.2072563379045,-25.221950105721305,2.9211395804780356,5.915921335253836,gluc10_00,gluc10,7,0,10.0,2024-05-29T13:47:59,,,,,,,,,,,,,,,,,
argmax_hh,34929081.0,2036.8763066865504,116.6292526669425,,,False,0.0,0.3770566472394529,37.38680782318007,60.01638456771714,0.8017913581871201,1247.2072563379045,-25.221950105721305,2.9211395804780356,5.915921335253836,gluc10_00,gluc10,7,0,10.0,2024-05-29T13:47:59,False,0.5213405694668047,,,,,,,,,,,,,,,
midpoint,34928545.0158423,2036.8763066865504,116.63104236163849,,,False,0.0,0.3770566472394529,37.38680782318007,60.01638456771714,0.8017913581871201,1247.2072563379045,-25.221950105721305,2.9211395804780356,5.915921335253836,gluc10_00,gluc10,7,0,10.0,2024-05-29T13:47:59,,,,,,,,,,,,,,,,,
sym,34928430.79673139,2835.2834277213656,162.34817099121966,,,False,0.0,0.3770566472394529,37.38680782318007,60.01638456771714,0.8017913581871201,1247.2072563379045,-25.221950105721305,2.9211395804780356,5.915921335253836,gluc10_00,gluc10,7,0,10.0,2024-05-29T13:47:59,,,0.08668404288068406,True,12061.0,,,,,,,,,,,,
sym_lin,34928870.26603947,2117.13252062478,121.22536483427116,,,False,0.0,0.3770566472394529,37.38680782318007,60.01638456771714,0.8017913581871201,1247.2072563379045,-25.221950105721305,2.9211395804780356,5.915921335253836,gluc10_00,gluc10,7,0,10.0,2024-05-29T13:47:59,,,0.03342753940859228,True,12061.0,,,,,,,,,,,,
psl,34929515.68217055,2080.636781244694,119.13344577558719,,,False,0.0,0.3770566472394529,37.38680782318007,60.01638456771714,0.8017913581871201,1247.2072563379045,-25.221950105721305,2.9211395804780356,5.915921335253836,gluc10_00,gluc10,7,0,10.0,2024-05-29T13:47:59,,,0.0058562163588202956,True,12061.0,-27.526661935357133,True,ok,0.0004443835131072782,0.00038182803605355155,-509.64169740723537,-434.68217054754496,1.0582987116316793,0.9789677492234061,,,
circle,34929635.896829434,2095.7368703951074,119.99763619553433,,,False,0.0,0.3770566472394529,37.38680782318007,60.01638456771714,0.8017913581871201,1247.2072563379045,-25.221950105721305,2.9211395804780356,5.915921335253836,gluc10_00,gluc10,7,0,10.0,2024-05-29T13:47:59,,,0.05020566701582005,,,,,,,,,,,,-27.92829489593352,2321.7079756773564,3.26812467791229e-12
mag_argmax,44904824.0,,,4648.441784277558,,False,0.0,0.21946422712321093,44.22147137775318,56.65527822609321,0.8522474275262655,1173.3681648093693,-23.822389852711833,2.4589245152711707,5.053064838917742,gluc10_00,gluc10,9,0,10.0,2024-05-29T13:48:01,,,,,,,,,,,,,,,,,
argmax_hh,44906552.0,2396.1695299744606,106.71803660073749,,,False,0.0,0.21946422712321093,44.22147137775318,56.65527822609321,0.8522474275262655,1173.3681648093693,-23.822389852711833,2.4589245152711707,5.053064838917742,gluc10_00,gluc10,9,0,10.0,2024-05-29T13:48:01,False,0.7035850098960291,,,,,,,,,,,,,,,
midpoint,44905965.2402022,2396.1695299744606,106.71943102246391,,,False,0.0,0.21946422712321093,44.22147137775318,56.65527822609321,0.8522474275262655,1173.3681648093693,-23.822389852711833,2.4589245152711707,5.053064838917742,gluc10_00,gluc10,9,0,10.0,2024-05-29T13:48:01,,,,,,,,,,,,,,,,,
sym,44905778.7313369,3331.2598501865873,148.36664430726873,,,False,0.0,0.21946422712321093,44.22147137775318,56.65527822609321,0.8522474275262655,1173.3681648093693,-23.822389852711833,2.4589245152711707,5.053064838917742,gluc10_00,gluc10,9,0,10.0,2024-05-29T13:48:01,,,0.09772005092757216,True,13081.0,,,,,,,,,,,,
sym_lin,44906376.495227255,2701.409427682604,120.31295501963804,,,False,0.0,0.21946422712321093,44.22147137775318,56.65527822609321,0.8522474275262655,1173.3681648093693,-23.822389852711833,2.4589245152711707,5.053064838917742,gluc10_00,gluc10,9,0,10.0,2024-05-29T13:48:01,,,0.03302853258370481,True,13081.0,,,,,,,,,,,,
psl,44907193.189789996,2507.8303411071606,111.68947168478726,,,False,0.0,0.21946422712321093,44.22147137775318,56.65527822609321,0.8522474275262655,1173.3681648093693,-23.822389852711833,2.4589245152711707,5.053064838917742,gluc10_00,gluc10,9,0,10.0,2024-05-29T13:48:01,,,0.005729837492654316,True,13081.0,-30.35778782224628,True,ok,0.00030827640604883915,0.0005654208947895495,-680.3705177583755,-641.1897899955511,1.0710768937743926,0.9554751335038861,,,
circle,44907271.64360569,2507.643699992375,111.68096427204954,,,False,0.0,0.21946422712321093,44.22147137775318,56.65527822609321,0.8522474275262655,1173.3681648093693,-23.822389852711833,2.4589245152711707,5.053064838917742,gluc10_00,gluc10,9,0,10.0,2024-05-29T13:48:01,,,0.024109443527788616,,,,,,,,,,,,-30.671975231164037,3211.141769152091,3.3909565764471028e-12
mag_argmax,4999264.0,1004.4593905019574,401.84290747676357,502.17422916647047,4999135.785644168,True,4.459702251184483,1.0544060157788737,-4.459702251184483,81.97075612576327,1.5374565580003476,650.4248817934886,-22.553937159299505,6.610807533266329,13.327955134091903,gluc10_01,gluc10,1,1,10.0,2024-05-29T13:52:11,,,,,,,,,,,,,,,,,
argmax_hh,4999301.0,902.7641434073448,361.15614699228746,,,True,4.459702251184483,1.0544060157788737,-4.459702251184483,81.97075612576327,1.5374565580003476,650.4248817934886,-22.553937159299505,6.610807533266329,13.327955134091903,gluc10_01,gluc10,1,1,10.0,2024-05-29T13:52:11,False,-0.0149322044735817,,,,,,,,,,,,,,,
midpoint,4999327.567106603,902.7641434073448,361.15422775940493,,,True,4.459702251184483,1.0544060157788737,-4.459702251184483,81.97075612576327,1.5374565580003476,650.4248817934886,-22.553937159299505,6.610807533266329,13.327955134091903,gluc10_01,gluc10,1,1,10.0,2024-05-29T13:52:11,,,,,,,,,,,,,,,,,
sym,4999330.334866527,924.4592863614542,369.8332474307824,,,True,4.459702251184483,1.0544060157788737,-4.459702251184483,81.97075612576327,1.5374565580003476,650.4248817934886,-22.553937159299505,6.610807533266329,13.327955134091903,gluc10_01,gluc10,1,1,10.0,2024-05-29T13:52:11,,,0.008965512293517698,True,5417.0,,,,,,,,,,,,
sym_lin,4999322.919401391,923.578646087691,369.4814921850571,,,True,4.459702251184483,1.0544060157788737,-4.459702251184483,81.97075612576327,1.5374565580003476,650.4248817934886,-22.553937159299505,6.610807533266329,13.327955134091903,gluc10_01,gluc10,1,1,10.0,2024-05-29T13:52:11,,,0.007148546845440715,True,5417.0,,,,,,,,,,,,
psl,4999311.272536571,924.0461862047324,369.6693947748071,,,True,4.459702251184483,1.0544060157788737,-4.459702251184483,81.97075612576327,1.5374565580003476,650.4248817934886,-22.553937159299505,6.610807533266329,13.327955134091903,gluc10_01,gluc10,1,1,10.0,2024-05-29T13:52:11,,,0.007587647261448588,True,5417.0,1.2360662921845693,True,ok,0.0016366390113121694,-8.25459359502847e-05,9.967807871790857,-10.272536571137607,1.000116355440186,0.9769686373742877,,,
circle,4999299.63601555,943.8898480457965,377.60883194353926,,,True,4.459702251184483,1.0544060157788737,-4.459702251184483,81.97075612576327,1.5374565580003476,650.4248817934886,-22.553937159299505,6.610807533266329,13.327955134091903,gluc10_01,gluc10,1,1,10.0,2024-05-29T13:52:11,,,0.01833654475923354,,,,,,,,,,,,1.47261882966852,641.6040169191918,4.477967713018155e-12
mag_argmax,14975554.0,1701.11796005629,227.18598057291103,811.2011276260018,14974849.293355977,True,-2.25084205063657,0.966586910509389,2.25084205063657,67.36408051308891,1.076321725015352,929.0902308840199,-25.111004954581826,4.657953602420021,9.260234452619883,gluc10_01,gluc10,3,1,10.0,2024-05-29T13:52:13,,,,,,,,,,,,,,,,,
argmax_hh,14975820.0,1293.271791473031,172.71465488674824,,,True,-2.25084205063657,0.966586910509389,2.25084205063657,67.36408051308891,1.076321725015352,929.0902308840199,-25.111004954581826,4.657953602420021,9.260234452619883,gluc10_01,gluc10,3,1,10.0,2024-05-29T13:52:13,False,0.17781857571362933,,,,,,,,,,,,,,,
midpoint,14975542.263065685,1293.271791473031,172.71785805882155,,,True,-2.25084205063657,0.966586910509389,2.25084205063657,67.36408051308891,1.076321725015352,929.0902308840199,-25.111004954581826,4.657953602420021,9.260234452619883,gluc10_01,gluc10,3,1,10.0,2024-05-29T13:52:13,,,,,,,,,,,,,,,,,
sym,14975531.62393911,1564.5152684429358,208.9428686380633,,,True,-2.25084205063657,0.966586910509389,2.25084205063657,67.36408051308891,1.076321725015352,929.0902308840199,-25.111004954581826,4.657953602420021,9.260234452619883,gluc10_01,gluc10,3,1,10.0,2024-05-29T13:52:13,,,0.06974489665217672,True,7759.0,,,,,,,,,,,,
sym_lin,14975718.058471099,1322.5202727922513,176.62195129857702,,,True,-2.25084205063657,0.966586910509389,2.25084205063657,67.36408051308891,1.076321725015352,929.0902308840199,-25.111004954581826,4.657953602420021,9.260234452619883,gluc10_01,gluc10,3,1,10.0,2024-05-29T13:52:13,,,0.022370657643142382,True,7759.0,,,,,,,,,,,,
psl,14976023.113128316,1328.7270000203605,177.44724216612204,,,True,-2.25084205063657,0.966586910509389,2.25084205063657,67.36408051308891,1.076321725015352,929.0902308840199,-25.111004954581826,4.657953602420021,9.260234452619883,gluc10_01,gluc10,3,1,10.0,2024-05-29T13:52:13,,,0.006912406944047898,True,7759.0,-20.82656927447785,True,ok,0.000949135839527369,0.00015497021433386504,-244.18550977527423,-203.11312831565738,1.0332210726667423,0.97331640845201,,,
circle,14976062.464482132,1639.0086587468631,218.88379040004753,,,True,-2.25084205063657,0.966586910509389,2.25084205063657,67.36408051308891,1.076321725015352,929.0902308840199,-25.111004954581826,4.657953602420021,9.260234452619883,gluc10_01,gluc10,3,1,10.0,2024-05-29T13:52:13,,,0.16714226064741525,,,,,,,,,,,,-15.208260371617254,1090.921564447501,2.5768889461518138e-12
mag_argmax,24952338.0,,,1638.928838353604,,False,0.0,0.7088080850595716,21.862241761520895,75.07846420115558,0.7543032945792685,1325.7266767710128,-27.151950385189053,3.4840836230325296,6.992612871218311,gluc10_01,gluc10,5,1,10.0,2024-05-29T13:52:15,,,,,,,,,,,,,,,,,
argmax_hh,24953246.0,1718.0988310463727,137.7054376850509,,,False,0.0,0.7088080850595716,21.862241761520895,75.07846420115558,0.7543032945792685,1325.7266767710128,-27.151950385189053,3.4840836230325296,6.992612871218311,gluc10_01,gluc10,5,1,10.0,2024-05-29T13:52:15,False,0.1847099560832562,,,,,,,,,,,,,,,
midpoint,24953054.6624691,1718.0988310463727,137.70649359659336,,,False,0.0,0.7088080850595716,21.862241761520895,75.07846420115558,0.7543032945792685,1325.7266767710128,-27.151950385189053,3.4840836230325296,6.992612871218311,gluc10_01,gluc10,5,1,10.0,2024-05-29T13:52:15,,,,,,,,,,,,,,,,,
sym,24953032.45279703,1931.2037798066576,154.78710120382067,,,False,0.0,0.7088080850595716,21.862241761520895,75.07846420115558,0.7543032945792685,1325.7266767710128,-27.151950385189053,3.4840836230325296,6.992612871218311,gluc10_01,gluc10,5,1,10.0,2024-05-29T13:52:15,,,0.05167336587959646,True,10309.0,,,,,,,,,,,,
sym_lin,24953192.00997209,1805.6715716181277,144.72469661568937,,,False,0.0,0.7088080850595716,21.862241761520895,75.07846420115558,0.7543032945792685,1325.7266767710128,-27.151950385189053,3.4840836230325296,6.992612871218311,gluc10_01,gluc10,5,1,10.0,2024-05-29T13:52:15,,,0.01575972113433599,True,10309.0,,,,,,,,,,,,
psl,24953482.364339493,1807.8401699301592,144.89682390091622,,,False,0.0,0.7088080850595716,21.862241761520895,75.07846420115558,0.7543032945792685,1325.7266767710128,-27.151950385189053,3.4840836230325296,6.992612871218311,gluc10_01,gluc10,5,1,10.0,2024-05-29T13:52:15,,,0.0023322540640518656,True,10309.0,-14.619563083157905,True,ok,0.0006647963074954868,9.946892233151142e-05,-231.90337328511774,-236.36433949321508,1.0163216570601168,0.950359915452452,,,
circle,24953383.412630226,1699.7501278339907,136.23404086947644,,,False,0.0,0.7088080850595716,21.862241761520895,75.07846420115558,0.7543032945792685,1325.7266767710128,-27.151950385189053,3.4840836230325296,6.992612871218311,gluc10_01,gluc10,5,1,10.0,2024-05-29T13:52:15,,,0.08783166261014924,,,,,,,,,,,,-15.322818782498201,1720.7994610352769,3.194108947342333e-12
mag_argmax,34927915.0,,,2505.7623665109277,,False,0.0,0.3767749480290303,37.399700287324556,60.00994370981522,0.8021536321453765,1246.6439843019589,-25.209475486893417,2.926132917348763,5.917116329172012,gluc10_01,gluc10,7,1,10.0,2024-05-29T13:52:17,,,,,,,,,,,,,,,,,
argmax_hh,34929073.0,2035.4509409628808,116.54766451791497,,,False,0.0,0.3767749480290303,37.399700287324556,60.00994370981522,0.8021536321453765,1246.6439843019589,-25.209475486893417,2.926132917348763,5.917116329172012,gluc10_01,gluc10,7,1,10.0,2024-05-29T13:52:17,False,0.5212541580820848,,,,,,,,,,,,,,,
midpoint,34928549.53735128,2035.4509409628808,116.54941117931313,,,False,0.0,0.3767749480290303,37.399700287324556,60.00994370981522,0.8021536321453765,1246.6439843019589,-25.209475486893417,2.926132917348763,5.917116329172012,gluc10_01,gluc10,7,1,10.0,2024-05-29T13:52:17,,,,,,,,,,,,,,,,,
sym,34928432.20045448,2829.668562109774,162.02665758773765,,,False,0.0,0.3767749480290303,37.399700287324556,60.00994370981522,0.8021536321453765,1246.6439843019589,-25.209475486893417,2.926132917348763,5.917116329172012,gluc10_01,gluc10,7,1,10.0,2024-05-29T13:52:17,,,0.0866921225274401,True,12063.0,,,,,,,,,,,,
sym_lin,34928870.69982421,2115.8726965140463,121.1532267789405,,,False,0.0,0.3767749480290303,37.399700287324556,60.00994370981522,0.8021536321453765,1246.6439843019589,-25.209475486893417,2.926132917348763,5.917116329172012,gluc10_01,gluc10,7,1,10.0,2024-05-29T13:52:17,,,0.03332657707481379,True,12063.0,,,,,,,,,,,,
psl,34929515.18659465,2080.063585329098,119.10062731860593,,,False,0.0,0.3767749480290303,37.399700287324556,60.00994370981522,0.8021536321453765,1246.6439843019589,-25.209475486893417,2.926132917348763,5.917116329172012,gluc10_01,gluc10,7,1,10.0,2024-05-29T13:52:17,,,0.005775992766596838,True,12063.0,-27.50058722035021,True,ok,0.0004443241980915,0.00038194466920114215,-508.99961861823505,-442.18659465014935,1.0581871159814489,0.9785522689398177,,,
circle,34929634.99448112,2095.5223022897035,119.98535356128376,,,False,0.0,0.3767749480290303,37.399700287324556,60.00994370981522,0.8021536321453765,1246.6439843019589,-25.209475486893417,2.926132917348763,5.917116329172012,gluc10_01,gluc10,7,1,10.0,2024-05-29T13:52:17,,,0.05042619478600518,,,,,,,,,,,,-27.89307126858195,2322.2681276507406,3.2685119338327756e-12
mag_argmax,44904824.0,,,4658.700177408755,,False,0.0,0.2195327078045339,44.21311923684321,56.649547878516536,0.8522056352561854,1173.425706929743,-23.822813593714862,2.4547498241374766,5.043213324424305,gluc10_01,gluc10,9,1,10.0,2024-05-29T13:52:19,,,,,,,,,,,,,,,,,
argmax_hh,44906555.0,2400.651969522238,106.91766355812588,,,False,0.0,0.2195327078045339,44.21311923684321,56.649547878516536,0.8522056352561854,1173.425706929743,-23.822813593714862,2.4547498241374766,5.043213324424305,gluc10_01,gluc10,9,1,10.0,2024-05-29T13:52:19,False,0.7034445002262081,,,,,,,,,,,,,,,
midpoint,44905963.87668109,2400.651969522238,106.91907097751245,,,False,0.0,0.2195327078045339,44.21311923684321,56.649547878516536,0.8522056352561854,1173.425706929743,-23.822813593714862,2.4547498241374766,5.043213324424305,gluc10_01,gluc10,9,1,10.0,2024-05-29T13:52:19,,,,,,,,,,,,,,,,,
sym,44905775.798418716,3341.4447101774226,148.82026424293892,,,False,0.0,0.2195327078045339,44.21311923684321,56.649547878516536,0.8522056352561854,1173.425706929743,-23.822813593714862,2.4547498241374766,5.043213324424305,gluc10_01,gluc10,9,1,10.0,2024-05-29T13:52:19,,,0.09811977505982697,True,13095.0,,,,,,,,,,,,
sym_lin,44906377.714782394,2703.913249512721,120.42446472464601,,,False,0.0,0.2195327078045339,44.21311923684321,56.649547878516536,0.8522056352561854,1173.425706929743,-23.822813593714862,2.4547498241374766,5.043213324424305,gluc10_01,gluc10,9,1,10.0,2024-05-29T13:52:19,,,0.033250061754374026,True,13095.0,,,,,,,,,,,,
psl,44907198.386399165,2507.6241777440964,111.68027700893356,,,False,0.0,0.2195327078045339,44.21311923684321,56.649547878516536,0.8522056352561854,1173.425706929743,-23.822813593714862,2.4547498241374766,5.043213324424305,gluc10_01,gluc10,9,1,10.0,2024-05-29T13:52:19,,,0.0058392764529030285,True,13095.0,-30.48491691473748,True,ok,0.0003081732936932185,0.0005657108167840685,-683.3022333333165,-643.3863991647959,1.0716816126961863,0.9573412119841288,,,
circle,44907275.97961751,2508.8011123197143,111.73250025044528,,,False,0.0,0.2195327078045339,44.21311923684321,56.649547878516536,0.8522056352561854,1173.425706929743,-23.822813593714862,2.4547498241374766,5.043213324424305,gluc10_01,gluc10,9,1,10.0,2024-05-29T13:52:19,,,0.024067516202240933,,,,,,,,,,,,-30.764322062159994,3210.8463635207136,3.391061023976664e-12
mag_argmax,4999278.0,1003.8861708971672,401.61246119826393,486.6882322020829,4999137.794146532,True,4.4104974030151345,1.053754365440609,-4.4104974030151345,82.04910181458852,1.5406117830058597,649.092789650692,-22.53968819004578,6.616106062693227,13.352020887085125,gluc10_02,gluc10,1,2,10.0,2024-05-29T13:58:10,,,,,,,,,,,,,,,,,
argmax_hh,4999306.0,901.4365766639821,360.6246853719225,,,True,4.4104974030151345,1.053754365440609,-4.4104974030151345,82.04910181458852,1.5406117830058597,649.092789650692,-22.53968819004578,6.616106062693227,13.352020887085125,gluc10_02,gluc10,1,2,10.0,2024-05-29T13:58:10,False,-0.014822638705748317,,,,,,,,,,,,,,,
midpoint,4999327.063736076,901.4365766639821,360.6231659467882,,,True,4.4104974030151345,1.053754365440609,-4.4104974030151345,82.04910181458852,1.5406117830058597,649.092789650692,-22.53968819004578,6.616106062693227,13.352020887085125,gluc10_02,gluc10,1,2,10.0,2024-05-29T13:58:10,,,,,,,,,,,,,,,,,
sym,4999330.288978537,925.1862218848341,370.1240639869258,,,True,4.4104974030151345,1.053754365440609,-4.4104974030151345,82.04910181458852,1.5406117830058597,649.092789650692,-22.53968819004578,6.616106062693227,13.352020887085125,gluc10_02,gluc10,1,2,10.0,2024-05-29T13:58:10,,,0.0089248173807681,True,5409.0,,,,,,,,,,,,
sym_lin,4999322.913603091,924.4614848677107,369.8346759527229,,,True,4.4104974030151345,1.053754365440609,-4.4104974030151345,82.04910181458852,1.5406117830058597,649.092789650692,-22.53968819004578,6.616106062693227,13.352020887085125,gluc10_02,gluc10,1,2,10.0,2024-05-29T13:58:10,,,0.0071334918614033,True,5409.0,,,,,,,,,,,,
psl,4999311.455554418,924.8675361005163,369.99796644914153,,,True,4.4104974030151345,1.053754365440609,-4.4104974030151345,82.04910181458852,1.5406117830058597,649.092789650692,-22.53968819004578,6.616106062693227,13.352020887085125,gluc10_02,gluc10,1,2,10.0,2024-05-29T13:58:10,,,0.007581083908451421,True,5409.0,1.2205465617521252,True,ok,0.0016373427349886552,-8.268501527779032e-05,9.851393870580313,-5.4555544182658195,1.0001134518703612,0.9746656050494266,,,
circle,4999299.7115357,944.3388003295341,377.78843230803193,,,True,4.4104974030151345,1.053754365440609,-4.4104974030151345,82.04910181458852,1.5406117830058597,649.092789650692,-22.53968819004578,6.616106062693227,13.352020887085125,gluc10_02,gluc10,1,2,10.0,2024-05-29T13:58:10,,,0.018745934116975345,,,,,,,,,,,,1.4537925764642432,641.7730853490032,4.471960798373722e-12
mag_argmax,14975556.0,1705.0305689945817,227.7084829430816,824.2108892779797,14974846.653484052,True,-2.3179186108338357,0.9655899095750828,2.3179186108338357,67.36159603798605,1.0765827961415642,928.8649266772289,-25.117087572727637,4.657269819563582,9.270435239772599,gluc10_02,gluc10,3,2,10.0,2024-05-29T13:58:02,,,,,,,,,,,,,,,,,
argmax_hh,14975823.0,1292.388079968281,172.596601865324,,,True,-2.3179186108338357,0.9655899095750828,2.3179186108338357,67.36159603798605,1.0765827961415642,928.8649266772289,-25.117087572727637,4.657269819563582,9.270435239772599,gluc10_02,gluc10,3,2,10.0,2024-05-29T13:58:02,False,0.17826207791163226,,,,,,,,,,,,,,,
midpoint,14975541.220810402,1292.388079968281,172.59984943613856,,,True,-2.3179186108338357,0.9655899095750828,2.3179186108338357,67.36159603798605,1.0765827961415642,928.8649266772289,-25.117087572727637,4.657269819563582,9.270435239772599,gluc10_02,gluc10,3,2,10.0,2024-05-29T13:58:02,,,,,,,,,,,,,,,,,
sym,14975529.543955714,1569.2329082243862,209.57294413108025,,,True,-2.3179186108338357,0.9655899095750828,2.3179186108338357,67.36159603798605,1.0765827961415642,928.8649266772289,-25.117087572727637,4.657269819563582,9.270435239772599,gluc10_02,gluc10,3,2,10.0,2024-05-29T13:58:02,,,0.06975667210197974,True,7755.0,,,,,,,,,,,,
sym_lin,14975717.066298375,1323.0473034955385,176.69234770373006,,,True,-2.3179186108338357,0.9655899095750828,2.3179186108338357,67.36159603798605,1.0765827961415642,928.8649266772289,-25.117087572727637,4.657269819563582,9.270435239772599,gluc10_02,gluc10,3,2,10.0,2024-05-29T13:58:02,,,0.0223717695814559,True,7755.0,,,,,,,,,,,,
psl,14976022.843436196,1329.876687049805,177.60078239099016,,,True,-2.3179186108338357,0.9655899095750828,2.3179186108338357,67.36159603798605,1.0765827961415642,928.8649266772289,-25.117087572727637,4.657269819563582,9.270435239772599,gluc10_02,gluc10,3,2,10.0,2024-05-29T13:58:02,,,0.006966101422737691,True,7755.0,-20.875669214180693,True,ok,0.0009481479733772068,0.00015555489927742878,-244.9859060165047,-199.84343619644642,1.0333788332579452,0.9718104637470647,,,
circle,14976061.148172766,1640.8885826990088,219.13486683368865,,,True,-2.3179186108338357,0.9655899095750828,2.3179186108338357,67.36159603798605,1.0765827961415642,928.8649266772289,-25.117087572727637,4.657269819563582,9.270435239772599,gluc10_02,gluc10,3,2,10.0,2024-05-29T13:58:02,,,0.16778177739178438,,,,,,,,,,,,-15.22968584008642,1092.750417660309,2.5750843384233263e-12
mag_argmax,24952335.0,,,1646.7521113492548,,False,0.0,0.7079213292032541,21.9167399876415,75.03711218575458,0.7535931062485162,1326.9760454393343,-27.161507703461194,3.4761277506905817,6.981886541876771,gluc10_02,gluc10,5,2,10.0,2024-05-29T13:58:04,,,,,,,,,,,,,,,,,
argmax_hh,24953251.0,1721.1680436115712,137.95140710215045,,,False,0.0,0.7079213292032541,21.9167399876415,75.03711218575458,0.7535931062485162,1326.9760454393343,-27.161507703461194,3.4761277506905817,6.981886541876771,gluc10_02,gluc10,5,2,10.0,2024-05-29T13:58:04,False,0.18480356829238878,,,,,,,,,,,,,,,
midpoint,24953055.474990502,1721.1680436115712,137.95248804994102,,,False,0.0,0.7079213292032541,21.9167399876415,75.03711218575458,0.7535931062485162,1326.9760454393343,-27.161507703461194,3.4761277506905817,6.981886541876771,gluc10_02,gluc10,5,2,10.0,2024-05-29T13:58:04,,,,,,,,,,,,,,,,,
sym,24953033.177456968,1933.9042224623645,155.0035387449001,,,False,0.0,0.7079213292032541,21.9167399876415,75.03711218575458,0.7535931062485162,1326.9760454393343,-27.161507703461194,3.4761277506905817,6.981886541876771,gluc10_02,gluc10,5,2,10.0,2024-05-29T13:58:04,,,0.05172918830333677,True,10327.0,,,,,,,,,,,,
sym_lin,24953192.979221076,1806.823957677212,144.81705480992218,,,False,0.0,0.7079213292032541,21.9167399876415,75.03711218575458,0.7535931062485162,1326.9760454393343,-27.161507703461194,3.4761277506905817,6.981886541876771,gluc10_02,gluc10,5,2,10.0,2024-05-29T13:58:04,,,0.015810133878526922,True,10327.0,,,,,,,,,,,,
psl,24953483.89725339,1809.394311636012,145.0213781038543,,,False,0.0,0.7079213292032541,21.9167399876415,75.03711218575458,0.7535931062485162,1326.9760454393343,-27.161507703461194,3.4761277506905817,6.981886541876771,gluc10_02,gluc10,5,2,10.0,2024-05-29T13:58:04,,,0.002294609364337765,True,10327.0,-14.629095663645373,True,ok,0.0006642721377746888,9.943473964632239e-05,-232.25573042543633,-232.8972533904016,1.0163430088843453,0.9512398886980756,,,
circle,24953385.12544632,1701.172353720327,136.34802213552575,,,False,0.0,0.7079213292032541,21.9167399876415,75.03711218575458,0.7535931062485162,1326.9760454393343,-27.161507703461194,3.4761277506905817,6.981886541876771,gluc10_02,gluc10,5,2,10.0,2024-05-29T13:58:04,,,0.0876234198192225,,,,,,,,,,,,-15.336871821851421,1721.4596054651115,3.193985015641038e-12
mag_argmax,34927907.0,,,2491.438400223851,,False,0.0,0.3768921531251535,37.39320439731062,60.01080645164974,0.8018222752353279,1247.1591659217856,-25.224952216394684,2.920675268740163,5.914981006440163,gluc10_02,gluc10,7,2,10.0,2024-05-29T13:58:06,,,,,,,,,,,,,,,,,
argmax_hh,34929087.0,2037.2001172751188,116.64777366068107,,,False,0.0,0.3768921531251535,37.39320439731062,60.01080645164974,0.8018222752353279,1247.1591659217856,-25.224952216394684,2.920675268740163,5.914981006440163,gluc10_02,gluc10,7,2,10.0,2024-05-29T13:58:06,False,0.522032584667876,,,,,,,,,,,,,,,
midpoint,34928549.57580644,2037.2001172751188,116.64956844851085,,,False,0.0,0.3768921531251535,37.39320439731062,60.01080645164974,0.8018222752353279,1247.1591659217856,-25.224952216394684,2.920675268740163,5.914981006440163,gluc10_02,gluc10,7,2,10.0,2024-05-29T13:58:06,,,,,,,,,,,,,,,,,
sym,34928432.61841856,2838.06028908731,162.50716544267357,,,False,0.0,0.3768921531251535,37.39320439731062,60.01080645164974,0.8018222752353279,1247.1591659217856,-25.224952216394684,2.920675268740163,5.914981006440163,gluc10_02,gluc10,7,2,10.0,2024-05-29T13:58:06,,,0.08647850540481387,True,12062.0,,,,,,,,,,,,
sym_lin,34928871.8376783,2118.887801843403,121.32586541531106,,,False,0.0,0.3768921531251535,37.39320439731062,60.01080645164974,0.8018222752353279,1247.1591659217856,-25.224952216394684,2.920675268740163,5.914981006440163,gluc10_02,gluc10,7,2,10.0,2024-05-29T13:58:06,,,0.03325207656154615,True,12062.0,,,,,,,,,,,,
psl,34929516.82834989,2084.1005463390084,119.33177069586529,,,False,0.0,0.3768921531251535,37.39320439731062,60.01080645164974,0.8018222752353279,1247.1591659217856,-25.224952216394684,2.920675268740163,5.914981006440163,gluc10_02,gluc10,7,2,10.0,2024-05-29T13:58:06,,,0.005750347669989559,True,12062.0,-27.489514177737654,True,ok,0.0004443243176395982,0.00038179541844105935,-509.77403683864594,-429.82834988832474,1.0581397585688679,0.9774960813928694,,,
circle,34929637.02144848,2096.8316142324497,120.06031513839633,,,False,0.0,0.3768921531251535,37.39320439731062,60.01080645164974,0.8018222752353279,1247.1591659217856,-25.224952216394684,2.920675268740163,5.914981006440163,gluc10_02,gluc10,7,2,10.0,2024-05-29T13:58:06,,,0.05081898235754575,,,,,,,,,,,,-27.892930070130912,2322.6403267185497,3.2683870968194977e-12
mag_argmax,44904828.0,,,4628.2259833440185,,False,0.0,0.21936232431017794,44.234448601602814,56.664506440218105,0.8521259361086524,1173.5354571727207,-23.822778341106144,2.4567174031083523,5.043437491048762,gluc10_02,gluc10,9,2,10.0,2024-05-29T13:58:08,,,,,,,,,,,,,,,,,
argmax_hh,44906553.0,2399.9504348933697,106.88642412136909,,,False,0.0,0.21936232431017794,44.234448601602814,56.664506440218105,0.8521259361086524,1173.5354571727207,-23.822778341106144,2.4567174031083523,5.043437491048762,gluc10_02,gluc10,9,2,10.0,2024-05-29T13:58:08,False,0.7032728356380674,,,,,,,,,,,,,,,
midpoint,44905967.80505511,2399.9504348933697,106.88781701853021,,,False,0.0,0.21936232431017794,44.234448601602814,56.664506440218105,0.8521259361086524,1173.5354571727207,-23.822778341106144,2.4567174031083523,5.043437491048762,gluc10_02,gluc10,9,2,10.0,2024-05-29T13:58:08,,,,,,,,,,,,,,,,,
sym,44905781.23748055,3326.71649835901,148.1642856079462,,,False,0.0,0.21936232431017794,44.234448601602814,56.664506440218105,0.8521259361086524,1173.5354571727207,-23.822778341106144,2.4567174031083523,5.043437491048762,gluc10_02,gluc10,9,2,10.0,2024-05-29T13:58:08,,,0.09779168927835424,True,13096.0,,,,,,,,,,,,
sym_lin,44906379.10400965,2703.250641931799,120.39495037757021,,,False,0.0,0.21936232431017794,44.234448601602814,56.664506440218105,0.8521259361086524,1173.5354571727207,-23.822778341106144,2.4567174031083523,5.043437491048762,gluc10_02,gluc10,9,2,10.0,2024-05-29T13:58:08,,,0.032932245680662435,True,13096.0,,,,,,,,,,,,
psl,44907197.19460515,2509.76165266346,111.77547517772791,,,False,0.0,0.21936232431017794,44.234448601602814,56.664506440218105,0.8521259361086524,1173.5354571727207,-23.822778341106144,2.4567174031083523,5.043437491048762,gluc10_02,gluc10,9,2,10.0,2024-05-29T13:58:08,,,0.005637933066678324,True,13096.0,-30.388502021896088,True,ok,0.00030816216775996164,0.0005654539686545206,-681.6167408478434,-644.1946051493287,1.0712227480664704,0.9562463560419953,,,
circle,44907275.16192996,2508.889935406008,111.73645812885633,,,False,0.0,0.21936232431017794,44.234448601602814,56.664506440218105,0.8521259361086524,1173.5354571727207,-23.822778341106144,2.4567174031083523,5.043437491048762,gluc10_02,gluc10,9,2,10.0,2024-05-29T13:58:08,,,0.024823562499636895,,,,,,,,,,,,-30.68826335522479,3212.770081896917,3.3911614594978557e-12
mag_argmax,4999345.0,914.2444403506815,365.74568882550875,507.32458394020796,4999236.169049878,True,5.2868704006594935,1.0640989805090735,-5.2868704006594935,82.47978920524497,1.6961694271854535,589.5637452087287,-21.76943709412996,7.354128058743952,14.882442587550544,water_00,water,1,0,0.0,2024-05-29T13:01:52,,,,,,,,,,,,,,,,,
argmax_hh,4999380.0,809.4773374148645,323.83109002110837,,,True,5.2868704006594935,1.0640989805090735,-5.2868704006594935,82.47978920524497,1.6961694271854535,589.5637452087287,-21.76943709412996,7.354128058743952,14.882442587550544,water_00,water,1,0,0.0,2024-05-29T13:01:52,False,-0.016328049104801456,,,,,,,,,,,,,,,
midpoint,4999393.34980306,809.4773374148645,323.8302252999364,,,True,5.2868704006594935,1.0640989805090735,-5.2868704006594935,82.47978920524497,1.6961694271854535,589.5637452087287,-21.76943709412996,7.354128058743952,14.882442587550544,water_00,water,1,0,0.0,2024-05-29T13:01:52,,,,,,,,,,,,,,,,,
sym,4999395.452617255,829.4211896494741,331.8085946632848,,,True,5.2868704006594935,1.0640989805090735,-5.2868704006594935,82.47978920524497,1.6961694271854535,589.5637452087287,-21.76943709412996,7.354128058743952,14.882442587550544,water_00,water,1,0,0.0,2024-05-29T13:01:52,,,0.008792493635916238,True,4857.0,,,,,,,,,,,,
sym_lin,4999390.800642668,829.1669651636535,331.7072012282235,,,True,5.2868704006594935,1.0640989805090735,-5.2868704006594935,82.47978920524497,1.6961694271854535,589.5637452087287,-21.76943709412996,7.354128058743952,14.882442587550544,water_00,water,1,0,0.0,2024-05-29T13:01:52,,,0.007923268266305947,True,4857.0,,,,,,,,,,,,
psl,4999384.9451807635,829.4074901142925,331.8038115523843,,,True,5.2868704006594935,1.0640989805090735,-5.2868704006594935,82.47978920524497,1.6961694271854535,589.5637452087287,-21.76943709412996,7.354128058743952,14.882442587550544,water_00,water,1,0,0.0,2024-05-29T13:01:52,,,0.008281052285054257,True,4857.0,0.758815316305776,True,ok,0.001824836937575272,-0.00010204910622334314,5.492344389586427,-4.945180763490498,1.000043850050172,0.975970614038364,,,
circle,4999377.5745742,844.4566167588742,337.8247008402029,,,True,5.2868704006594935,1.0640989805090735,-5.2868704006594935,82.47978920524497,1.6961694271854535,589.5637452087287,-21.76943709412996,7.354128058743952,14.882442587550544,water_00,water,1,0,0.0,2024-05-29T13:01:52,,,0.015455856407028965,,,,,,,,,,,,0.8535262039862697,572.4393080575829,4.35051386740918e-12
mag_argmax,14975754.0,1471.1529199415818,196.47129886636515,729.1654631588608,14975175.573767092,True,0.34278819163844343,1.005056164685839,-0.34278819163844343,67.79608911840255,1.1635587506930147,859.4323229526663,-24.487226396094684,5.125529681602183,10.269019670782146,water_00,water,3,0,0.0,2024-05-29T13:01:54,,,,,,,,,,,,,,,,,
argmax_hh,14976012.0,1169.2450092546642,156.14904812505014,,,True,0.34278819163844343,1.005056164685839,-0.34278819163844343,67.79608911840255,1.1635587506930147,859.4323229526663,-24.487226396094684,5.125529681602183,10.269019670782146,water_00,water,3,0,0.0,2024-05-29T13:01:54,False,0.14714299166360004,,,,,,,,,,,,,,,
midpoint,14975768.66827807,1169.2450092546642,156.1515852914287,,,True,0.34278819163844343,1.005056164685839,-0.34278819163844343,67.79608911840255,1.1635587506930147,859.4323229526663,-24.487226396094684,5.125529681602183,10.269019670782146,water_00,water,3,0,0.0,2024-05-29T13:01:54,,,,,,,,,,,,,,,,,
sym,14975772.55864872,1362.4579276447573,181.95494386804353,,,True,0.34278819163844343,1.005056164685839,-0.34278819163844343,67.79608911840255,1.1635587506930147,859.4323229526663,-24.487226396094684,5.125529681602183,10.269019670782146,water_00,water,3,0,0.0,2024-05-29T13:01:54,,,0.06404853624026274,True,7015.0,,,,,,,,,,,,
sym_lin,14975918.611829432,1187.964120731119,158.64991677942876,,,True,0.34278819163844343,1.005056164685839,-0.34278819163844343,67.79608911840255,1.1635587506930147,859.4323229526663,-24.487226396094684,5.125529681602183,10.269019670782146,water_00,water,3,0,0.0,2024-05-29T13:01:54,,,0.02036553093226558,True,7015.0,,,,,,,,,,,,
psl,14976166.314648975,1194.3870785626118,159.50505001995325,,,True,0.34278819163844343,1.005056164685839,-0.34278819163844343,67.79608911840255,1.1635587506930147,859.4323229526663,-24.487226396094684,5.125529681602183,10.269019670782146,water_00,water,3,0,0.0,2024-05-29T13:01:54,,,0.0073576567475687905,True,7015.0,-18.807746300395106,True,ok,0.0010477210917685007,0.0001382225628739938,-197.81245200259758,-154.31464897468686,1.02706323807727,0.9789498147131624,,,
circle,14976204.081192449,1423.4505319789419,190.09496989514884,,,True,0.34278819163844343,1.005056164685839,-0.34278819163844343,67.79608911840255,1.1635587506930147,859.4323229526663,-24.487226396094684,5.125529681602183,10.269019670782146,water_00,water,3,0,0.0,2024-05-29T13:01:54,,,0.15056819506445754,,,,,,,,,,,,-13.895543728026361,990.2258856248837,2.7766395478341995e-12
mag_argmax,24952751.0,6118.0139986965805,490.36789560370164,1449.5553421862423,24948193.836779013,False,0.0,0.7619072620863543,17.9670262151733,75.46230251545848,0.8286476583441629,1206.7855257061128,-26.598528294567004,3.812558632844207,7.6518675935500005,water_00,water,5,0,0.0,2024-05-29T13:01:47,,,,,,,,,,,,,,,,,
argmax_hh,24953449.0,1570.0742143169045,125.84025673700694,,,False,0.0,0.7619072620863543,17.9670262151733,75.46230251545848,0.8286476583441629,1206.7855257061128,-26.598528294567004,3.812558632844207,7.6518675935500005,water_00,water,5,0,0.0,2024-05-29T13:01:47,False,0.16720097546254498,,,,,,,,,,,,,,,
midpoint,24953278.337872982,1570.0742143169045,125.84111739209155,,,False,0.0,0.7619072620863543,17.9670262151733,75.46230251545848,0.8286476583441629,1206.7855257061128,-26.598528294567004,3.812558632844207,7.6518675935500005,water_00,water,5,0,0.0,2024-05-29T13:01:47,,,,,,,,,,,,,,,,,
sym,24953263.65960241,1743.267811726638,139.72262991384704,,,False,0.0,0.7619072620863543,17.9670262151733,75.46230251545848,0.8286476583441629,1206.7855257061128,-26.598528294567004,3.812558632844207,7.6518675935500005,water_00,water,5,0,0.0,2024-05-29T13:01:47,,,0.05129167495044411,True,9421.0,,,,,,,,,,,,
sym_lin,24953406.517941833,1635.9774632585845,131.12257535517605,,,False,0.0,0.7619072620863543,17.9670262151733,75.46230251545848,0.8286476583441629,1206.7855257061128,-26.598528294567004,3.812558632844207,7.6518675935500005,water_00,water,5,0,0.0,2024-05-29T13:01:47,,,0.014428394494373045,True,9421.0,,,,,,,,,,,,
psl,24953666.57028645,1639.8349978389033,131.43038464668234,,,False,0.0,0.7619072620863543,17.9670262151733,75.46230251545848,0.8286476583441629,1206.7855257061128,-26.598528294567004,3.812558632844207,7.6518675935500005,water_00,water,5,0,0.0,2024-05-29T13:01:47,,,0.0026197089670468394,True,9421.0,-14.455890551317504,True,ok,0.000738593092820001,0.00010024472032778509,-207.97195871433658,-217.57028644904494,1.015957246004305,0.9574586567466027,,,
circle,24953571.901935786,1528.6565830729714,122.52006158319844,,,False,0.0,0.7619072620863543,17.9670262151733,75.46230251545848,0.8286476583441629,1206.7855257061128,-26.598528294567004,3.812558632844207,7.6518675935500005,water_00,water,5,0,0.0,2024-05-29T13:01:47,,,0.0933473775069249,,,,,,,,,,,,-15.013926127337683,1560.3204228769769,3.1648028880864356e-12
mag_argmax,34928362.0,,,2083.0741915628314,,False,0.0,0.4331584426341449,34.153944677449324,60.253071133606795,0.8599870538519637,1162.8082021943296,-24.920624141267503,3.3046776150002795,6.672544302142463,water_00,water,7,0,0.0,2024-05-29T13:01:49,,,,,,,,,,,,,,,,,
argmax_hh,34929335.0,1804.1094153746963,103.30053036364399,,,False,0.0,0.4331584426341449,34.153944677449324,60.253071133606795,0.8599870538519637,1162.8082021943296,-24.920624141267503,3.3046776150002795,6.672544302142463,water_00,water,7,0,0.0,2024-05-29T13:01:49,False,0.48654838605885575,,,,,,,,,,,,,,,
midpoint,34928879.37644427,1804.1094153746963,103.30187784904268,,,False,0.0,0.4331584426341449,34.153944677449324,60.253071133606795,0.8599870538519637,1162.8082021943296,-24.920624141267503,3.3046776150002795,6.672544302142463,water_00,water,7,0,0.0,2024-05-29T13:01:49,,,,,,,,,,,,,,,,,
sym,34928774.63228653,2515.118160850797,144.01410798568,,,False,0.0,0.4331584426341449,34.153944677449324,60.253071133606795,0.8599870538519637,1162.8082021943296,-24.920624141267503,3.3046776150002795,6.672544302142463,water_00,water,7,0,0.0,2024-05-29T13:01:49,,,0.08999132004848245,True,10825.0,,,,,,,,,,,,
sym_lin,34929176.959291704,1829.8403844088473,104.77432013593904,,,False,0.0,0.4331584426341449,34.153944677449324,60.253071133606795,0.8599870538519637,1162.8082021943296,-24.920624141267503,3.3046776150002795,6.672544302142463,water_00,water,7,0,0.0,2024-05-29T13:01:49,,,0.03655870828631836,True,10825.0,,,,,,,,,,,,
psl,34929771.504914686,1799.9966727310923,103.06375307824898,,,False,0.0,0.4331584426341449,34.153944677449324,60.253071133606795,0.8599870538519637,1162.8082021943296,-24.920624141267503,3.3046776150002795,6.672544302142463,water_00,water,7,0,0.0,2024-05-29T13:01:49,,,0.006103634996225867,True,10825.0,-28.71365916197479,True,ok,0.0005059768458395288,0.000385287390600649,-460.71522921883434,-436.5049146860838,1.0634962452552787,1.002284861247751,,,
circle,34929865.23404745,1841.4068679784095,105.43452461897971,,,False,0.0,0.4331584426341449,34.153944677449324,60.253071133606795,0.8599870538519637,1162.8082021943296,-24.920624141267503,3.3046776150002795,6.672544302142463,water_00,water,7,0,0.0,2024-05-29T13:01:49,,,0.04995507251903521,,,,,,,,,,,,-28.4967114359168,2033.9098081463071,3.209302766311127e-12
mag_argmax,44905345.0,,,3849.771839596331,,False,0.0,0.26745181211387375,41.67970008375808,56.896871459106166,0.8969660646936226,1114.8693795250445,-23.740420349834213,2.7694982147323084,5.743303674813721,water_00,water,9,0,0.0,2024-05-29T13:01:50,,,,,,,,,,,,,,,,,
argmax_hh,44906978.0,2114.4624570794404,94.17077484392027,,,False,0.0,0.26745181211387375,41.67970008375808,56.896871459106166,0.8969660646936226,1114.8693795250445,-23.740420349834213,2.7694982147323084,5.743303674813721,water_00,water,9,0,0.0,2024-05-29T13:01:50,False,0.6684162490678291,,,,,,,,,,,,,,,
midpoint,44906358.31286542,2114.4624570794404,94.17207435739266,,,False,0.0,0.26745181211387375,41.67970008375808,56.896871459106166,0.8969660646936226,1114.8693795250445,-23.740420349834213,2.7694982147323084,5.743303674813721,water_00,water,9,0,0.0,2024-05-29T13:01:50,,,,,,,,,,,,,,,,,
sym,44906166.93690786,3240.3596271413508,144.31691004462627,,,False,0.0,0.26745181211387375,41.67970008375808,56.896871459106166,0.8969660646936226,1114.8693795250445,-23.740420349834213,2.7694982147323084,5.743303674813721,water_00,water,9,0,0.0,2024-05-29T13:01:50,,,0.09794334972946027,True,12200.0,,,,,,,,,,,,
sym_lin,44906744.49534338,2210.8706429379718,98.46497080932815,,,False,0.0,0.26745181211387375,41.67970008375808,56.896871459106166,0.8969660646936226,1114.8693795250445,-23.740420349834213,2.7694982147323084,5.743303674813721,water_00,water,9,0,0.0,2024-05-29T13:01:50,,,0.03844126589466833,True,12200.0,,,,,,,,,,,,
psl,44907511.994059004,2125.350217677817,94.65455213635475,,,False,0.0,0.26745181211387375,41.67970008375808,56.896871459106166,0.8969660646936226,1114.8693795250445,-23.740420349834213,2.7694982147323084,5.743303674813721,water_00,water,9,0,0.0,2024-05-29T13:01:50,,,0.006079976347069889,True,12200.0,-31.966436348068036,True,ok,0.0003550893842852174,0.0005698859474503301,-608.7607288441483,-533.9940590038896,1.0789265464020155,0.9948771922350412,,,
circle,44907540.084717505,2161.344160860134,96.25751741390356,,,False,0.0,0.26745181211387375,41.67970008375808,56.896871459106166,0.8969660646936226,1114.8693795250445,-23.740420349834213,2.7694982147323084,5.743303674813721,water_00,water,9,0,0.0,2024-05-29T13:01:50,,,0.017512066181151358,,,,,,,,,,,,-31.141932510485834,2769.2732778745935,3.340220241632384e-12
mag_argmax,4999344.0,915.3458629469387,366.1863888329904,507.18904620967805,4999234.376396103,True,5.077674811415012,1.0615349788767756,-5.077674811415012,82.51688558442659,1.6958790766883354,589.6646840839452,-21.771710209365118,7.334653642765383,14.831861731609514,water_01,water,1,1,0.0,2024-05-29T13:11:44,,,,,,,,,,,,,,,,,
argmax_hh,4999377.0,812.0356175065972,324.854723901237,,,True,5.077674811415012,1.0615349788767756,-5.077674811415012,82.51688558442659,1.6958790766883354,589.6646840839452,-21.771710209365118,7.334653642765383,14.831861731609514,water_01,water,1,1,0.0,2024-05-29T13:11:44,False,-0.015562450755641596,,,,,,,,,,,,,,,
midpoint,4999391.566499149,812.0356175065972,324.85377738684684,,,True,5.077674811415012,1.0615349788767756,-5.077674811415012,82.51688558442659,1.6958790766883354,589.6646840839452,-21.771710209365118,7.334653642765383,14.831861731609514,water_01,water,1,1,0.0,2024-05-29T13:11:44,,,,,,,,,,,,,,,,,
sym,4999393.332804349,832.4250022394908,333.01040619364596,,,True,5.077674811415012,1.0615349788767756,-5.077674811415012,82.51688558442659,1.6958790766883354,589.6646840839452,-21.771710209365118,7.334653642765383,14.831861731609514,water_01,water,1,1,0.0,2024-05-29T13:11:44,,,0.008856488864441554,True,4873.0,,,,,,,,,,,,
sym_lin,4999388.918226901,832.1710609725749,332.909111327036,,,True,5.077674811415012,1.0615349788767756,-5.077674811415012,82.51688558442659,1.6958790766883354,589.6646840839452,-21.771710209365118,7.334653642765383,14.831861731609514,water_01,water,1,1,0.0,2024-05-29T13:11:44,,,0.008089646050443959,True,4873.0,,,,,,,,,,,,
psl,4999383.535730036,832.4061280442248,333.0035081706019,,,True,5.077674811415012,1.0615349788767756,-5.077674811415012,82.51688558442659,1.6958790766883354,589.6646840839452,-21.771710209365118,7.334653642765383,14.831861731609514,water_01,water,1,1,0.0,2024-05-29T13:11:44,,,0.008420054327104215,True,4873.0,0.7049150093826231,True,ok,0.0018236082533909029,-0.00010082486601629888,5.120647455598095,-6.5357300359755754,1.0000378417314,0.9755281588501888,,,
circle,4999375.624936173,847.4668941496708,339.02909392229975,,,True,5.077674811415012,1.0615349788767756,-5.077674811415012,82.51688558442659,1.6958790766883354,589.6646840839452,-21.771710209365118,7.334653642765383,14.831861731609514,water_01,water,1,1,0.0,2024-05-29T13:11:44,,,0.015634677882774152,,,,,,,,,,,,0.8307972098739773,574.0464006474992,4.343204470562143e-12
mag_argmax,14975751.0,1473.2263417532668,196.74824210862838,732.5038166567683,14975169.695111845,True,0.22969381666475552,1.0033820324654337,-0.22969381666475552,67.91591121976177,1.1636809283218505,859.3420891086566,-24.49092218838728,5.116908274787884,10.2517466469845,water_01,water,3,1,0.0,2024-05-29T13:11:46,,,,,,,,,,,,,,,,,
argmax_hh,14976008.0,1171.215053732507,156.4121832376835,,,True,0.22969381666475552,1.0033820324654337,-0.22969381666475552,67.91591121976177,1.1636809283218505,859.3420891086566,-24.49092218838728,5.116908274787884,10.2517466469845,water_01,water,3,1,0.0,2024-05-29T13:11:46,False,0.1475406351004326,,,,,,,,,,,,,,,
midpoint,14975762.881713513,1171.215053732507,156.4147433400732,,,True,0.22969381666475552,1.0033820324654337,-0.22969381666475552,67.91591121976177,1.1636809283218505,859.3420891086566,-24.49092218838728,5.116908274787884,10.2517466469845,water_01,water,3,1,0.0,2024-05-29T13:11:46,,,,,,,,,,,,,,,,,
sym,14975766.32354824,1366.167163325344,182.45038468277264,,,True,0.22969381666475552,1.0033820324654337,-0.22969381666475552,67.91591121976177,1.1636809283218505,859.3420891086566,-24.49092218838728,5.116908274787884,10.2517466469845,water_01,water,3,1,0.0,2024-05-29T13:11:46,,,0.06412535209144891,True,7027.0,,,,,,,,,,,,
sym_lin,14975913.196485644,1189.8112338262677,158.89665200589937,,,True,0.22969381666475552,1.0033820324654337,-0.22969381666475552,67.91591121976177,1.1636809283218505,859.3420891086566,-24.49092218838728,5.116908274787884,10.2517466469845,water_01,water,3,1,0.0,2024-05-29T13:11:46,,,0.020293781005677265,True,7027.0,,,,,,,,,,,,
psl,14976161.813183388,1196.8186591443257,159.8298247673548,,,True,0.22969381666475552,1.0033820324654337,-0.22969381666475552,67.91591121976177,1.1636809283218505,859.3420891086566,-24.49092218838728,5.116908274787884,10.2517466469845,water_01,water,3,1,0.0,2024-05-29T13:11:46,,,0.007373732001653985,True,7027.0,-18.851224774640652,True,ok,0.0010470101645963915,0.00013868893697307938,-198.6817498981516,-153.81318338774145,1.0271891093332215,0.978606946661306,,,
circle,14976199.643867252,1427.9109493855901,190.69069367946346,,,True,0.22969381666475552,1.0033820324654337,-0.22969381666475552,67.91591121976177,1.1636809283218505,859.3420891086566,-24.49092218838728,5.116908274787884,10.2517466469845,water_01,water,3,1,0.0,2024-05-29T13:11:46,,,0.1512657811595722,,,,,,,,,,,,-13.925385593811521,991.140254233924,2.765504062509841e-12
mag_argmax,24952742.0,6135.870907925069,491.7993307448993,1449.6895355917513,24948170.45477349,False,0.0,0.761138245772031,18.0312037749786,75.48803211823386,0.8281499807296195,1207.5107447554085,-26.596730092405465,3.8097682184019135,7.64052864772506,water_01,water,5,1,0.0,2024-05-29T13:11:39,,,,,,,,,,,,,,,,,
argmax_hh,24953440.0,1572.011643929407,125.99558569314749,,,False,0.0,0.761138245772031,18.0312037749786,75.48803211823386,0.8281499807296195,1207.5107447554085,-26.596730092405465,3.8097682184019135,7.64052864772506,water_01,water,5,1,0.0,2024-05-29T13:11:39,False,0.16704020197907007,,,,,,,,,,,,,,,
midpoint,24953270.9407766,1572.011643929407,125.99643931734447,,,False,0.0,0.761138245772031,18.0312037749786,75.48803211823386,0.8281499807296195,1207.5107447554085,-26.596730092405465,3.8097682184019135,7.64052864772506,water_01,water,5,1,0.0,2024-05-29T13:11:39,,,,,,,,,,,,,,,,,
sym,24953257.269176144,1742.5229143838285,139.6629622807844,,,False,0.0,0.761138245772031,18.0312037749786,75.48803211823386,0.8281499807296195,1207.5107447554085,-26.596730092405465,3.8097682184019135,7.64052864772506,water_01,water,5,1,0.0,2024-05-29T13:11:39,,,0.05118444447207851,True,9433.0,,,,,,,,,,,,
sym_lin,24953399.599681295,1636.7149132814898,131.18171788523708,,,False,0.0,0.761138245772031,18.0312037749786,75.48803211823386,0.8281499807296195,1207.5107447554085,-26.596730092405465,3.8097682184019135,7.64052864772506,water_01,water,5,1,0.0,2024-05-29T13:11:39,,,0.014448499243018567,True,9433.0,,,,,,,,,,,,
psl,24953659.25067282,1640.3236833891858,131.46959064490378,,,False,0.0,0.761138245772031,18.0312037749786,75.48803211823386,0.8281499807296195,1207.5107447554085,-26.596730092405465,3.8097682184019135,7.64052864772506,water_01,water,5,1,0.0,2024-05-29T13:11:39,,,0.0026463815009787617,True,9433.0,-14.419624035373133,True,ok,0.0007378227219090312,0.00010045023555077581,-207.5064693399192,-219.25067282095551,1.015877061388164,0.9583545368810169,,,
circle,24953563.97199467,1528.067822683028,122.4729120375731,,,False,0.0,0.761138245772031,18.0312037749786,75.48803211823386,0.8281499807296195,1207.5107447554085,-26.596730092405465,3.8097682184019135,7.64052864772506,water_01,water,5,1,0.0,2024-05-29T13:11:39,,,0.09390410585510306,,,,,,,,,,,,-14.97545144649155,1563.4116183794047,3.1708078452255586e-12
mag_argmax,34928346.0,,,2068.389698281884,,False,0.0,0.43261541903713735,34.20255894993414,60.281086405083,0.8591131559060929,1163.991021584713,-24.9309792696437,3.2953513929977274,6.665408485081045,water_01,water,7,1,0.0,2024-05-29T13:11:41,,,,,,,,,,,,,,,,,
argmax_hh,34929329.0,1807.0910473018885,103.47127179579593,,,False,0.0,0.43261541903713735,34.20255894993414,60.281086405083,0.8591131559060929,1163.991021584713,-24.9309792696437,3.2953513929977274,6.665408485081045,water_01,water,7,1,0.0,2024-05-29T13:11:41,False,0.48714971018512804,,,,,,,,,,,,,,,
midpoint,34928866.33048063,1807.0910473018885,103.47264238146388,,,False,0.0,0.43261541903713735,34.20255894993414,60.281086405083,0.8591131559060929,1163.991021584713,-24.9309792696437,3.2953513929977274,6.665408485081045,water_01,water,7,1,0.0,2024-05-29T13:11:41,,,,,,,,,,,,,,,,,
sym,34928763.89786913,2516.871535891645,144.11454944417255,,,False,0.0,0.43261541903713735,34.20255894993414,60.281086405083,0.8591131559060929,1163.991021584713,-24.9309792696437,3.2953513929977274,6.665408485081045,water_01,water,7,1,0.0,2024-05-29T13:11:41,,,0.09008308001013114,True,10843.0,,,,,,,,,,,,
sym_lin,34929166.472608775,1830.1667660305925,104.79303979187694,,,False,0.0,0.43261541903713735,34.20255894993414,60.281086405083,0.8591131559060929,1163.991021584713,-24.9309792696437,3.2953513929977274,6.665408485081045,water_01,water,7,1,0.0,2024-05-29T13:11:41,,,0.036669928706664766,True,10843.0,,,,,,,,,,,,
psl,34929761.98363151,1800.1446671670762,103.0722550019462,,,False,0.0,0.43261541903713735,34.20255894993414,60.281086405083,0.8591131559060929,1163.991021584713,-24.9309792696437,3.2953513929977274,6.665408485081045,water_01,water,7,1,0.0,2024-05-29T13:11:41,,,0.0061681374908407575,True,10843.0,-28.73065684051876,True,ok,0.0005056713186221507,0.0003851177066639028,-461.03763314180236,-432.98363150656223,1.0635723453696357,1.0038587899414462,,,
circle,34929855.88110455,1840.7328462162575,105.39595997657749,,,False,0.0,0.43261541903713735,34.20255894993414,60.281086405083,0.8591131559060929,1163.991021584713,-24.9309792696437,3.2953513929977274,6.665408485081045,water_01,water,7,1,0.0,2024-05-29T13:11:41,,,0.04975963338635407,,,,,,,,,,,,-28.53584632593327,2036.6398308350279,3.2106651131117018e-12
mag_argmax,44905360.0,,,3869.98156683892,,False,0.0,0.26745913474411614,41.69333986029227,56.91606002858062,0.8966882554921836,1115.2147849322612,-23.697321130191483,2.8188487716773394,5.7130627619012895,water_01,water,9,1,0.0,2024-05-29T13:11:43,,,,,,,,,,,,,,,,,
argmax_hh,44906908.0,2109.726516637951,93.9599990557333,,,False,0.0,0.26745913474411614,41.69333986029227,56.91606002858062,0.8966882554921836,1115.2147849322612,-23.697321130191483,2.8188487716773394,5.7130627619012895,water_01,water,9,1,0.0,2024-05-29T13:11:43,False,0.6691865692915034,,,,,,,,,,,,,,,
midpoint,44906353.473642185,2109.726516637951,93.9611593213088,,,False,0.0,0.26745913474411614,41.69333986029227,56.91606002858062,0.8966882554921836,1115.2147849322612,-23.697321130191483,2.8188487716773394,5.7130627619012895,water_01,water,9,1,0.0,2024-05-29T13:11:43,,,,,,,,,,,,,,,,,
sym,44906153.747321226,3223.185672213673,143.5520704066509,,,False,0.0,0.26745913474411614,41.69333986029227,56.91606002858062,0.8966882554921836,1115.2147849322612,-23.697321130191483,2.8188487716773394,5.7130627619012895,water_01,water,9,1,0.0,2024-05-29T13:11:43,,,0.0980702241750817,True,12277.0,,,,,,,,,,,,
sym_lin,44906728.82992345,2212.1564239966924,98.52226967476771,,,False,0.0,0.26745913474411614,41.69333986029227,56.91606002858062,0.8966882554921836,1115.2147849322612,-23.697321130191483,2.8188487716773394,5.7130627619012895,water_01,water,9,1,0.0,2024-05-29T13:11:43,,,0.037766467065093144,True,12277.0,,,,,,,,,,,,
psl,44907497.54492978,2134.147687763467,95.04638665863135,,,False,0.0,0.26745913474411614,41.69333986029227,56.91606002858062,0.8966882554921836,1115.2147849322612,-23.697321130191483,2.8188487716773394,5.7130627619012895,water_01,water,9,1,0.0,2024-05-29T13:11:43,,,0.005161249155514399,True,12277.0,-31.90591900969154,True,ok,0.00035469382271268216,0.0005697662277260338,-610.0612203416795,-589.544929780066,1.078623445495717,0.9885569441770412,,,
circle,44907526.16116244,2163.305396087724,96.34489276136632,,,False,0.0,0.26745913474411614,41.69333986029227,56.91606002858062,0.8966882554921836,1115.2147849322612,-23.697321130191483,2.8188487716773394,5.7130627619012895,water_01,water,9,1,0.0,2024-05-29T13:11:43,,,0.018164067544515872,,,,,,,,,,,,-31.09697559250908,2773.4631417785704,3.3422085410753465e-12
mag_argmax,4999340.0,915.3489856631495,366.1879310721613,506.3902327325195,4999234.448010312,True,5.128594230424088,1.0621433654399814,-5.128594230424088,82.52842751777453,1.695655175944614,589.7425456463583,-21.771820765701623,7.337457483031303,14.837531552321861,water_02,water,1,2,0.0,2024-05-29T13:14:40,,,,,,,,,,,,,,,,,
argmax_hh,4999375.0,811.7253168108873,324.7307180641129,,,True,5.128594230424088,1.0621433654399814,-5.128594230424088,82.52842751777453,1.695655175944614,589.7425456463583,-21.771820765701623,7.337457483031303,14.837531552321861,water_02,water,1,2,0.0,2024-05-29T13:14:40,False,-0.015737025442618718,,,,,,,,,,,,,,,
midpoint,4999391.619427633,811.7253168108873,324.7296385650299,,,True,5.128594230424088,1.0621433654399814,-5.128594230424088,82.52842751777453,1.695655175944614,589.7425456463583,-21.771820765701623,7.337457483031303,14.837531552321861,water_02,water,1,2,0.0,2024-05-29T13:14:40,,,,,,,,,,,,,,,,,
sym,4999392.778653392,831.3691320928517,332.5880437490989,,,True,5.128594230424088,1.0621433654399814,-5.128594230424088,82.52842751777453,1.695655175944614,589.7425456463583,-21.771820765701623,7.337457483031303,14.837531552321861,water_02,water,1,2,0.0,2024-05-29T13:14:40,,,0.00878409781485092,True,4871.0,,,,,,,,,,,,
sym_lin,4999388.27152126,831.0751706820862,332.470744637403,,,True,5.128594230424088,1.0621433654399814,-5.128594230424088,82.52842751777453,1.695655175944614,589.7425456463583,-21.771820765701623,7.337457483031303,14.837531552321861,water_02,water,1,2,0.0,2024-05-29T13:14:40,,,0.007973005796546067,True,4871.0,,,,,,,,,,,,
psl,4999382.578329236,831.3275826427148,332.5721005014741,,,True,5.128594230424088,1.0621433654399814,-5.128594230424088,82.52842751777453,1.695655175944614,589.7425456463583,-21.771820765701623,7.337457483031303,14.837531552321861,water_02,water,1,2,0.0,2024-05-29T13:14:40,,,0.008304612332497652,True,4871.0,0.7348573362781731,True,ok,0.0018231784650777976,-0.00010060476104687266,5.331243877871607,-7.5783292362466455,1.000041124799075,0.9764205275500258,,,
circle,4999375.403673494,846.4341804397499,338.6159718343207,,,True,5.128594230424088,1.0621433654399814,-5.128594230424088,82.52842751777453,1.695655175944614,589.7425456463583,-21.771820765701623,7.337457483031303,14.837531552321861,water_02,water,1,2,0.0,2024-05-29T13:14:40,,,0.01542832951561369,,,,,,,,,,,,0.815933958978269,573.5959241776741,4.330402118114914e-12
mag_argmax,14975748.0,1474.2910525500774,196.89047285652475,730.9001970924437,14975168.45245876,True,0.1995024527384981,1.0029386070310027,-0.1995024527384981,67.89014340254572,1.1635673990605346,859.4259351090456,-24.492093565350785,5.115150403554742,10.245661619132171,water_02,water,3,2,0.0,2024-05-29T13:14:42,,,,,,,,,,,,,,,,,
argmax_hh,14976006.0,1171.813050860539,156.4920648216272,,,True,0.1995024527384981,1.0029386070310027,-0.1995024527384981,67.89014340254572,1.1635673990605346,859.4259351090456,-24.492093565350785,5.115150403554742,10.245661619132171,water_02,water,3,2,0.0,2024-05-29T13:14:42,False,0.1477146813347338,,,,,,,,,,,,,,,
midpoint,14975761.199944174,1171.813050860539,156.49462290636782,,,True,0.1995024527384981,1.0029386070310027,-0.1995024527384981,67.89014340254572,1.1635673990605346,859.4259351090456,-24.492093565350785,5.115150403554742,10.245661619132171,water_02,water,3,2,0.0,2024-05-29T13:14:42,,,,,,,,,,,,,,,,,
sym,14975764.917936655,1367.5495184208955,182.6350140930651,,,True,0.1995024527384981,1.0029386070310027,-0.1995024527384981,67.89014340254572,1.1635673990605346,859.4259351090456,-24.492093565350785,5.115150403554742,10.245661619132171,water_02,water,3,2,0.0,2024-05-29T13:14:42,,,0.06416032925959068,True,7031.0,,,,,,,,,,,,
sym_lin,14975912.046102336,1191.1491813594193,159.07534415166793,,,True,0.1995024527384981,1.0029386070310027,-0.1995024527384981,67.89014340254572,1.1635673990605346,859.4259351090456,-24.492093565350785,5.115150403554742,10.245661619132171,water_02,water,3,2,0.0,2024-05-29T13:14:42,,,0.02028519484182583,True,7031.0,,,,,,,,,,,,
psl,14976161.010501737,1198.0926005044996,159.9999625624165,,,True,0.1995024527384981,1.0029386070310027,-0.1995024527384981,67.89014340254572,1.1635673990605346,859.4259351090456,-24.492093565350785,5.115150403554742,10.245661619132171,water_02,water,3,2,0.0,2024-05-29T13:14:42,,,0.007350046238369542,True,7031.0,-18.861311430557254,True,ok,0.0010469722805162918,0.00013855932920801183,-199.00160187969308,-155.01050173677504,1.027218352803552,0.9780655104347572,,,
circle,14976199.193347847,1428.9129608509302,190.82451326977903,,,True,0.1995024527384981,1.0029386070310027,-0.1995024527384981,67.89014340254572,1.1635673990605346,859.4259351090456,-24.492093565350785,5.115150403554742,10.245661619132171,water_02,water,3,2,0.0,2024-05-29T13:14:42,,,0.1510072790069992,,,,,,,,,,,,-13.953410785927494,991.0136801928838,2.7627388348496714e-12
mag_argmax,24952739.0,6126.946395186707,491.0840765966981,1442.5735244005919,24948179.86555998,False,0.0,0.7604599261351669,18.071527198716673,75.44260510211754,0.8276093536819309,1208.2995383644766,-26.6038826188647,3.8081142189188335,7.642947582039905,water_02,water,5,2,0.0,2024-05-29T13:14:44,,,,,,,,,,,,,,,,,
argmax_hh,24953441.0,1571.906633015722,125.98716409618393,,,False,0.0,0.7604599261351669,18.071527198716673,75.44260510211754,0.8276093536819309,1208.2995383644766,-26.6038826188647,3.8081142189188335,7.642947582039905,water_02,water,5,2,0.0,2024-05-29T13:14:44,False,0.16734071353502994,,,,,,,,,,,,,,,
midpoint,24953270.560973354,1571.906633015722,125.98802462985891,,,False,0.0,0.7604599261351669,18.071527198716673,75.44260510211754,0.8276093536819309,1208.2995383644766,-26.6038826188647,3.8081142189188335,7.642947582039905,water_02,water,5,2,0.0,2024-05-29T13:14:44,,,,,,,,,,,,,,,,,
sym,24953256.746284347,1744.0422930583889,139.78474319333765,,,False,0.0,0.7604599261351669,18.071527198716673,75.44260510211754,0.8276093536819309,1208.2995383644766,-26.6038826188647,3.8081142189188335,7.642947582039905,water_02,water,5,2,0.0,2024-05-29T13:14:44,,,0.051180372848620356,True,9431.0,,,,,,,,,,,,
sym_lin,24953399.104649372,1637.5824543986712,131.25125338884618,,,False,0.0,0.7604599261351669,18.071527198716673,75.44260510211754,0.8276093536819309,1208.2995383644766,-26.6038826188647,3.8081142189188335,7.642947582039905,water_02,water,5,2,0.0,2024-05-29T13:14:44,,,0.01453917732395723,True,9431.0,,,,,,,,,,,,
psl,24953658.761971503,1640.980743928549,131.52225568054538,,,False,0.0,0.7604599261351669,18.071527198716673,75.44260510211754,0.8276093536819309,1208.2995383644766,-26.6038826188647,3.8081142189188335,7.642947582039905,water_02,water,5,2,0.0,2024-05-29T13:14:44,,,0.002580468337172013,True,9431.0,-14.4125222488818,True,ok,0.0007376208930926362,0.00010043794336414982,-207.48626359626505,-217.76197150349617,1.0158613833111028,0.957906812027872,,,
circle,24953563.798120927,1527.8248496040799,122.4534388726575,,,False,0.0,0.7604599261351669,18.071527198716673,75.44260510211754,0.8276093536819309,1208.2995383644766,-26.6038826188647,3.8081142189188335,7.642947582039905,water_02,water,5,2,0.0,2024-05-29T13:14:44,,,0.09403458390405599,,,,,,,,,,,,-14.997374985399398,1564.4575775261067,3.1703584090916925e-12
mag_argmax,34928349.0,,,2074.303489588201,,False,0.0,0.43246383748483047,34.2088921354569,60.27614519549235,0.8586742638391042,1164.5859694560231,-24.93271288659811,3.2898725513491165,6.662683066177622,water_02,water,7,2,0.0,2024-05-29T13:14:36,,,,,,,,,,,,,,,,,
argmax_hh,34929331.0,1808.5806994438171,103.55656107148558,,,False,0.0,0.43246383748483047,34.2088921354569,60.27614519549235,0.8586742638391042,1164.5859694560231,-24.93271288659811,3.2898725513491165,6.662683066177622,water_02,water,7,2,0.0,2024-05-29T13:14:36,False,0.4869465397979088,,,,,,,,,,,,,,,
midpoint,34928866.87663754,1808.5806994438171,103.55793709720948,,,False,0.0,0.43246383748483047,34.2088921354569,60.27614519549235,0.8586742638391042,1164.5859694560231,-24.93271288659811,3.2898725513491165,6.662683066177622,water_02,water,7,2,0.0,2024-05-29T13:14:36,,,,,,,,,,,,,,,,,
sym,34928764.93508434,2516.138152688914,144.07255208509068,,,False,0.0,0.43246383748483047,34.2088921354569,60.27614519549235,0.8586742638391042,1164.5859694560231,-24.93271288659811,3.2898725513491165,6.662683066177622,water_02,water,7,2,0.0,2024-05-29T13:14:36,,,0.09011036778237734,True,10851.0,,,,,,,,,,,,
sym_lin,34929167.25129271,1830.0567974244207,104.7867407922066,,,False,0.0,0.43246383748483047,34.2088921354569,60.27614519549235,0.8586742638391042,1164.5859694560231,-24.93271288659811,3.2898725513491165,6.662683066177622,water_02,water,7,2,0.0,2024-05-29T13:14:36,,,0.03672137364191271,True,10851.0,,,,,,,,,,,,
psl,34929762.94788559,1800.1588929750405,103.0730666944884,,,False,0.0,0.43246383748483047,34.2088921354569,60.27614519549235,0.8586742638391042,1164.5859694560231,-24.93271288659811,3.2898725513491165,6.662683066177622,water_02,water,7,2,0.0,2024-05-29T13:14:36,,,0.006161439597329438,True,10851.0,-28.726900227955934,True,ok,0.0005054903188686555,0.0003850339117384949,-460.97839221537805,-431.94788558781147,1.0635555226091353,1.0046783683938356,,,
circle,34929856.47938567,1841.0501936293306,105.41412872485472,,,False,0.0,0.43246383748483047,34.2088921354569,60.27614519549235,0.8586742638391042,1164.5859694560231,-24.93271288659811,3.2898725513491165,6.662683066177622,water_02,water,7,2,0.0,2024-05-29T13:14:36,,,0.04961352857333773,,,,,,,,,,,,-28.523776866095695,2037.2631906251931,3.2105398667500145e-12
mag_argmax,44905334.0,,,3848.184053055942,,False,0.0,0.26734900316254034,41.692019141989874,56.90570178974225,0.896500004165897,1115.4489630263854,-23.730724375546547,2.782913980686811,5.742009717809206,water_02,water,9,2,0.0,2024-05-29T13:14:38,,,,,,,,,,,,,,,,,
argmax_hh,44906955.0,2111.4558483585715,94.03691915243736,,,False,0.0,0.26734900316254034,41.692019141989874,56.90570178974225,0.896500004165897,1115.4489630263854,-23.730724375546547,2.782913980686811,5.742009717809206,water_02,water,9,2,0.0,2024-05-29T13:14:38,False,0.6688314795706607,,,,,,,,,,,,,,,
midpoint,44906349.50048352,2111.4558483585715,94.03818710918983,,,False,0.0,0.26734900316254034,41.692019141989874,56.90570178974225,0.896500004165897,1115.4489630263854,-23.730724375546547,2.782913980686811,5.742009717809206,water_02,water,9,2,0.0,2024-05-29T13:14:38,,,,,,,,,,,,,,,,,
sym,44906156.48220796,3237.4004057624043,144.18514784470938,,,False,0.0,0.26734900316254034,41.692019141989874,56.90570178974225,0.896500004165897,1115.4489630263854,-23.730724375546547,2.782913980686811,5.742009717809206,water_02,water,9,2,0.0,2024-05-29T13:14:38,,,0.09790037795761854,True,12211.0,,,,,,,,,,,,
sym_lin,44906732.89967733,2213.3872984436825,98.57707989527721,,,False,0.0,0.26734900316254034,41.692019141989874,56.90570178974225,0.896500004165897,1115.4489630263854,-23.730724375546547,2.782913980686811,5.742009717809206,water_02,water,9,2,0.0,2024-05-29T13:14:38,,,0.03836026444800948,True,12211.0,,,,,,,,,,,,
psl,44907500.83728975,2127.912229669692,94.76867739220712,,,False,0.0,0.26734900316254034,41.692019141989874,56.90570178974225,0.896500004165897,1115.4489630263854,-23.730724375546547,2.782913980686811,5.742009717809206,water_02,water,9,2,0.0,2024-05-29T13:14:38,,,0.006126213671928109,True,12211.0,-31.94260216562105,True,ok,0.0003547464277468174,0.0005698558488191976,-609.0156900880247,-545.837289750576,1.078807099959365,0.9922664191306073,,,
circle,44907529.82927349,2163.1227497574605,96.33675056192487,,,False,0.0,0.26734900316254034,41.692019141989874,56.90570178974225,0.896500004165897,1115.4489630263854,-23.730724375546547,2.782913980686811,5.742009717809206,water_02,water,9,2,0.0,2024-05-29T13:14:38,,,0.01762058649511391,,,,,,,,,,,,-31.14260453197435,2773.599604436687,3.342083137975474e-12
