estimator,fres,gamma,D_ppm,w03,w3_mid,fold,delta,depth,r_min,baseline_deg,Gmax_mS,Rm_ohm,ratio_dB_peak,window_right_gamma,window_left_gamma,set,phase,n,replica,mtime,one_sided,baseline_frac,rms_rel,converged,n_fit,phi_deg,gate_ok,gate_reason,gmax,g_off,bias_pred,bias_meas,hh_factor_pred,hh_factor_meas,theta_deg,R1,C0
mag_argmax,5004601.0,128.62966866791248,51.40456498646445,70.04385527409613,5004594.328496491,True,3.863174458452878,1.044690649286886,-3.863174458452878,86.44256729531298,27.29849537524037,36.63205558600113,-4.610297349755913,90.91788383683416,181.79031630697767,air_0,air,1,0,2026-09-11T12:25:49,,,,,,,,,,,,,,,,,
argmax_hh,5004600.0,66.00461588799953,26.37757898253588,,,True,3.863174458452878,1.044690649286886,-3.863174458452878,86.44256729531298,27.29849537524037,36.63205558600113,-4.610297349755913,90.91788383683416,181.79031630697767,air_0,air,1,0,2026-09-11T12:25:49,False,-0.0003756096023088361,,,,,,,,,,,,,,,
midpoint,5004588.405487616,66.00461588799953,26.37764009348875,,,True,3.863174458452878,1.044690649286886,-3.863174458452878,86.44256729531298,27.29849537524037,36.63205558600113,-4.610297349755913,90.91788383683416,181.79031630697767,air_0,air,1,0,2026-09-11T12:25:49,,,,,,,,,,,,,,,,,
sym,5004589.248207356,68.57603357900283,27.405259523972628,,,True,3.863174458452878,1.044690649286886,-3.863174458452878,86.44256729531298,27.29849537524037,36.63205558600113,-4.610297349755913,90.91788383683416,181.79031630697767,air_0,air,1,0,2026-09-11T12:25:49,,,0.03922188657102008,True,397.0,,,,,,,,,,,,
sym_lin,5004591.793192985,66.70325336608438,26.65682082475181,,,True,3.863174458452878,1.044690649286886,-3.863174458452878,86.44256729531298,27.29849537524037,36.63205558600113,-4.610297349755913,90.91788383683416,181.79031630697767,air_0,air,1,0,2026-09-11T12:25:49,,,0.03047711254617607,True,397.0,,,,,,,,,,,,
psl,5004598.310537307,66.21563969632719,26.461919853550885,,,True,3.863174458452878,1.044690649286886,-3.863174458452878,86.44256729531298,27.29849537524037,36.63205558600113,-4.610297349755913,90.91788383683416,181.79031630697767,air_0,air,1,0,2026-09-11T12:25:49,,,0.024962352435077252,True,397.0,-7.9385416211548225,True,ok,0.030024904211406696,-0.0013344976320150044,-4.594563130805562,1.6894626934081316,1.004803143362497,0.9968130820861139,,,
circle,5004604.63117648,65.61684746965219,26.22258991684904,,,True,3.863174458452878,1.044690649286886,-3.863174458452878,86.44256729531298,27.29849537524037,36.63205558600113,-4.610297349755913,90.91788383683416,181.79031630697767,air_0,air,1,0,2026-09-11T12:25:49,,,0.035580495846729114,,,,,,,,,,,,-15.5007685905245,38.881555238095274,-4.2461524567528995e-11
mag_argmax,14988759.0,134.94234225712717,18.00580585185567,71.91760146059096,14988742.880682414,True,4.475671070928855,1.056164544059461,-4.475671070928855,79.68854988283192,18.731633243265037,53.385627778055614,-6.088179066021978,76.10992334795137,152.18179807566545,air_0,air,3,0,2026-09-11T12:25:51,,,,,,,,,,,,,,,,,
argmax_hh,14988747.0,78.84648592490703,10.520757462235773,,,True,4.475671070928855,1.056164544059461,-4.475671070928855,79.68854988283192,18.731633243265037,53.385627778055614,-6.088179066021978,76.10992334795137,152.18179807566545,air_0,air,3,0,2026-09-11T12:25:51,False,0.0032758577050627197,,,,,,,,,,,,,,,
midpoint,14988728.05181769,78.84648592490703,10.520770762178888,,,True,4.475671070928855,1.056164544059461,-4.475671070928855,79.68854988283192,18.731633243265037,53.385627778055614,-6.088179066021978,76.10992334795137,152.18179807566545,air_0,air,3,0,2026-09-11T12:25:51,,,,,,,,,,,,,,,,,
sym,14988729.158481793,84.52027636114097,11.277844234487723,,,True,4.475671070928855,1.056164544059461,-4.475671070928855,79.68854988283192,18.731633243265037,53.385627778055614,-6.088179066021978,76.10992334795137,152.18179807566545,air_0,air,3,0,2026-09-11T12:25:51,,,0.05373219914713819,True,473.0,,,,,,,,,,,,
sym_lin,14988735.317301584,77.80127864598819,10.381299956131953,,,True,4.475671070928855,1.056164544059461,-4.475671070928855,79.68854988283192,18.731633243265037,53.385627778055614,-6.088179066021978,76.10992334795137,152.18179807566545,air_0,air,3,0,2026-09-11T12:25:51,,,0.030153525977775326,True,473.0,,,,,,,,,,,,
psl,14988748.78597121,76.83766034604815,10.252711743086216,,,True,4.475671070928855,1.056164544059461,-4.475671070928855,79.68854988283192,18.731633243265037,53.385627778055614,-6.088179066021978,76.10992334795137,152.18179807566545,air_0,air,3,0,2026-09-11T12:25:51,,,0.01553998004931185,True,473.0,-14.467532363400105,True,ok,0.019735032989728295,-0.00027561156650086297,-9.752862795804152,-1.7859712094068527,1.0159830290253196,1.0261437629648258,,,
circle,14988753.166082548,76.95541333333615,10.268420926094839,,,True,4.475671070928855,1.056164544059461,-4.475671070928855,79.68854988283192,18.731633243265037,53.385627778055614,-6.088179066021978,76.10992334795137,152.18179807566545,air_0,air,3,0,2026-09-11T12:25:51,,,0.026917615277090145,,,,,,,,,,,,-19.1735280274045,55.35703709182187,-1.8004531534290108e-11
mag_argmax,24973714.0,161.1912065129727,12.908869422703624,88.95070366188884,24973690.444090433,True,6.044100427014332,1.0891098928100358,-6.044100427014332,67.82749071305832,10.357953238844495,96.54417015996853,-9.074197149059145,54.72997423289833,109.40523672880941,air_0,air,5,0,2026-09-11T12:25:53,,,,,,,,,,,,,,,,,
argmax_hh,24973703.0,109.66568291187286,8.782492761435728,,,True,6.044100427014332,1.0891098928100358,-6.044100427014332,67.82749071305832,10.357953238844495,96.54417015996853,-9.074197149059145,54.72997423289833,109.40523672880941,air_0,air,5,0,2026-09-11T12:25:53,False,0.019526761551279834,,,,,,,,,,,,,,,
midpoint,24973675.04346788,109.66568291187286,8.782502592909893,,,True,6.044100427014332,1.0891098928100358,-6.044100427014332,67.82749071305832,10.357953238844495,96.54417015996853,-9.074197149059145,54.72997423289833,109.40523672880941,air_0,air,5,0,2026-09-11T12:25:53,,,,,,,,,,,,,,,,,
sym,24973675.33552719,121.9793839897534,9.768636962796364,,,True,6.044100427014332,1.0891098928100358,-6.044100427014332,67.82749071305832,10.357953238844495,96.54417015996853,-9.074197149059145,54.72997423289833,109.40523672880941,air_0,air,5,0,2026-09-11T12:25:53,,,0.07210249028039357,True,657.0,,,,,,,,,,,,
sym_lin,24973688.48087036,105.38952845150003,8.44004509243619,,,True,6.044100427014332,1.0891098928100358,-6.044100427014332,67.82749071305832,10.357953238844495,96.54417015996853,-9.074197149059145,54.72997423289833,109.40523672880941,air_0,air,5,0,2026-09-11T12:25:53,,,0.034904474785405655,True,657.0,,,,,,,,,,,,
psl,24973714.442372,103.87360970022696,8.318635174588875,,,True,6.044100427014332,1.0891098928100358,-6.044100427014332,67.82749071305832,10.357953238844495,96.54417015996853,-9.074197149059145,54.72997423289833,109.40523672880941,air_0,air,5,0,2026-09-11T12:25:53,,,0.011899695213040497,True,657.0,-20.664360041682347,True,ok,0.010843529393250825,8.943483145225211e-05,-18.937307441839764,-11.442372001707554,1.032702591285123,1.0557607772403548,,,
circle,24973719.940627076,105.12319945089159,8.41870571951741,,,True,6.044100427014332,1.0891098928100358,-6.044100427014332,67.82749071305832,10.357953238844495,96.54417015996853,-9.074197149059145,54.72997423289833,109.40523672880941,air_0,air,5,0,2026-09-11T12:25:53,,,0.011225906700836306,,,,,,,,,,,,-23.296051471351717,96.57220623626522,-5.870515589054945e-12
mag_argmax,34957591.0,186.10358702763915,10.647391980050292,97.37419540435076,34957552.2829735,True,5.281675513375617,1.0837746241670663,-5.281675513375617,63.046245398161425,6.330523820752419,157.96481117752816,-12.08528538065357,38.39623694401619,76.75409044556918,air_0,air,7,0,2026-09-11T12:25:55,,,,,,,,,,,,,,,,,
argmax_hh,34957591.0,156.31740185245872,8.943259382630727,,,True,5.281675513375617,1.0837746241670663,-5.281675513375617,63.046245398161425,6.330523820752419,157.96481117752816,-12.08528538065357,38.39623694401619,76.75409044556918,air_0,air,7,0,2026-09-11T12:25:55,False,0.04706638726041013,,,,,,,,,,,,,,,
midpoint,34957555.303951755,156.31740185245872,8.943268514820195,,,True,5.281675513375617,1.0837746241670663,-5.281675513375617,63.046245398161425,6.330523820752419,157.96481117752816,-12.08528538065357,38.39623694401619,76.75409044556918,air_0,air,7,0,2026-09-11T12:25:55,,,,,,,,,,,,,,,,,
sym,34957555.675194025,174.21879250023812,9.96744704458065,,,True,5.281675513375617,1.0837746241670663,-5.281675513375617,63.046245398161425,6.330523820752419,157.96481117752816,-12.08528538065357,38.39623694401619,76.75409044556918,air_0,air,7,0,2026-09-11T12:25:55,,,0.07980959567906516,True,937.0,,,,,,,,,,,,
sym_lin,34957576.793375716,148.1025347193058,8.473272366371257,,,True,5.281675513375617,1.0837746241670663,-5.281675513375617,63.046245398161425,6.330523820752419,157.96481117752816,-12.08528538065357,38.39623694401619,76.75409044556918,air_0,air,7,0,2026-09-11T12:25:55,,,0.03660075966686891,True,937.0,,,,,,,,,,,,
psl,34957617.28415322,145.4721585743638,8.32277311075823,,,True,5.281675513375617,1.0837746241670663,-5.281675513375617,63.046245398161425,6.330523820752419,157.96481117752816,-12.08528538065357,38.39623694401619,76.75409044556918,air_0,air,7,0,2026-09-11T12:25:55,,,0.009909294613740969,True,937.0,-22.965481317198655,True,ok,0.006440405406626128,0.00028226241776186674,-29.55101316927941,-26.28415322303772,1.040447305630371,1.0745520200179814,,,
circle,34957627.658831544,144.80723977381925,8.284729226311544,,,True,5.281675513375617,1.0837746241670663,-5.281675513375617,63.046245398161425,6.330523820752419,157.96481117752816,-12.08528538065357,38.39623694401619,76.75409044556918,air_0,air,7,0,2026-09-11T12:25:55,,,0.03348132102905508,,,,,,,,,,,,-27.393580024485633,170.96070271210203,-1.004109488157639e-12
mag_argmax,44943135.0,231.6724575124681,10.309581541762412,123.24531990289688,44943068.02028875,True,-0.9405850742581157,0.983812792941516,0.9405850742581157,58.106693196658654,4.853518073723675,206.0361133532956,-13.873537360736826,29.252455862665812,58.47566901703839,air_0,air,9,0,2026-09-11T12:25:47,,,,,,,,,,,,,,,,,
argmax_hh,44943136.0,205.17935410887003,9.130620262407591,,,True,-0.9405850742581157,0.983812792941516,0.9405850742581157,58.106693196658654,4.853518073723675,206.0361133532956,-13.873537360736826,29.252455862665812,58.47566901703839,air_0,air,9,0,2026-09-11T12:25:47,False,0.12148797436716009,,,,,,,,,,,,,,,
midpoint,44943091.49559494,205.17935410887003,9.130629303904495,,,True,-0.9405850742581157,0.983812792941516,0.9405850742581157,58.106693196658654,4.853518073723675,206.0361133532956,-13.873537360736826,29.252455862665812,58.47566901703839,air_0,air,9,0,2026-09-11T12:25:47,,,,,,,,,,,,,,,,,
sym,44943086.723767675,239.87883664007444,10.67478244716187,,,True,-0.9405850742581157,0.983812792941516,0.9405850742581157,58.106693196658654,4.853518073723675,206.0361133532956,-13.873537360736826,29.252455862665812,58.47566901703839,air_0,air,9,0,2026-09-11T12:25:47,,,0.09191087851759845,True,1231.0,,,,,,,,,,,,
sym_lin,44943121.13733516,194.9374907025848,8.674853270955687,,,True,-0.9405850742581157,0.983812792941516,0.9405850742581157,58.106693196658654,4.853518073723675,206.0361133532956,-13.873537360736826,29.252455862665812,58.47566901703839,air_0,air,9,0,2026-09-11T12:25:47,,,0.04134484065012888,True,1231.0,,,,,,,,,,,,
psl,44943183.658194974,190.30716938831927,8.468788986363608,,,True,-0.9405850742581157,0.983812792941516,0.9405850742581157,58.106693196658654,4.853518073723675,206.0361133532956,-13.873537360736826,29.252455862665812,58.47566901703839,air_0,air,9,0,2026-09-11T12:25:47,,,0.012010031461084626,True,1231.0,-26.926511843514294,True,ok,0.00468941515619138,0.0005417156100841184,-45.559649551861185,-47.65819497406483,1.0557581586752394,1.078148315527747,,,
circle,44943195.45260582,192.97097582312105,8.58732779811421,,,True,-0.9405850742581157,0.983812792941516,0.9405850742581157,58.106693196658654,4.853518073723675,206.0361133532956,-13.873537360736826,29.252455862665812,58.47566901703839,air_0,air,9,0,2026-09-11T12:25:47,,,0.07188778041767767,,,,,,,,,,,,-31.800265324213846,248.5700752234407,2.368651457811458e-13
mag_argmax,5004599.0,128.64909034315497,51.4123470604358,71.2617535982281,5004590.534628501,True,3.7716640256995726,1.0436303121990333,-3.7716640256995726,86.44595547457824,27.29391432154961,36.63820396807141,-4.610016037333317,90.72251085668336,181.49039053026453,air_1,air,1,1,2026-09-11T12:46:32,,,,,,,,,,,,,,,,,
argmax_hh,5004598.0,66.12471307674423,26.42558426340906,,,True,3.7716640256995726,1.0436303121990333,-3.7716640256995726,86.44595547457824,27.29391432154961,36.63820396807141,-4.610016037333317,90.72251085668336,181.49039053026453,air_1,air,1,1,2026-09-11T12:46:32,False,-0.00034216263629195816,,,,,,,,,,,,,,,
midpoint,5004584.507170636,66.12471307674423,26.425655509263496,,,True,3.7716640256995726,1.0436303121990333,-3.7716640256995726,86.44595547457824,27.29391432154961,36.63820396807141,-4.610016037333317,90.72251085668336,181.49039053026453,air_1,air,1,1,2026-09-11T12:46:32,,,,,,,,,,,,,,,,,
sym,5004585.457590153,68.85264127926771,27.515821984753227,,,True,3.7716640256995726,1.0436303121990333,-3.7716640256995726,86.44595547457824,27.29391432154961,36.63820396807141,-4.610016037333317,90.72251085668336,181.49039053026453,air_1,air,1,1,2026-09-11T12:46:32,,,0.040005595972053117,True,397.0,,,,,,,,,,,,
sym_lin,5004588.006196913,66.7618275131075,26.680249175532495,,,True,3.7716640256995726,1.0436303121990333,-3.7716640256995726,86.44595547457824,27.29391432154961,36.63820396807141,-4.610016037333317,90.72251085668336,181.49039053026453,air_1,air,1,1,2026-09-11T12:46:32,,,0.031687141848798304,True,397.0,,,,,,,,,,,,
psl,5004594.645329357,66.24082165147811,26.47200276781607,,,True,3.7716640256995726,1.0436303121990333,-3.7716640256995726,86.44595547457824,27.29391432154961,36.63820396807141,-4.610016037333317,90.72251085668336,181.49039053026453,air_1,air,1,1,2026-09-11T12:46:32,,,0.026020288852366753,True,397.0,-8.030002454611935,True,ok,0.03003800401999258,-0.0013254310093575353,-4.649437827750613,3.354670642875135,1.0049145481710882,0.9982471749015315,,,
circle,5004601.18357118,65.6383289851487,26.231192687490253,,,True,3.7716640256995726,1.0436303121990333,-3.7716640256995726,86.44595547457824,27.29391432154961,36.63820396807141,-4.610016037333317,90.72251085668336,181.49039053026453,air_1,air,1,1,2026-09-11T12:46:32,,,0.033770028337885456,,,,,,,,,,,,-15.916221798909291,38.806394196999264,-4.3338401270772523e-11
mag_argmax,14988747.0,134.54686433356255,17.953050289468834,71.21532322466373,14988730.872667119,True,4.5116350541061,1.0566134942418606,-4.5116350541061,79.69186701021808,18.757625302970215,53.31165239992575,-6.080353974863936,76.32898247482602,152.65796494965204,air_1,air,3,1,2026-09-11T12:46:24,,,,,,,,,,,,,,,,,
argmax_hh,14988735.0,78.60710054636002,10.488823846223182,,,True,4.5116350541061,1.0566134942418606,-4.5116350541061,79.69186701021808,18.757625302970215,53.31165239992575,-6.080353974863936,76.32898247482602,152.65796494965204,air_1,air,3,1,2026-09-11T12:46:24,False,0.003248181091747628,,,,,,,,,,,,,,,
midpoint,14988715.999076001,78.60710054636002,10.48883714271534,,,True,4.5116350541061,1.0566134942418606,-4.5116350541061,79.69186701021808,18.757625302970215,53.31165239992575,-6.080353974863936,76.32898247482602,152.65796494965204,air_1,air,3,1,2026-09-11T12:46:24,,,,,,,,,,,,,,,,,
sym,14988717.163498454,84.28023726691472,11.245823955122685,,,True,4.5116350541061,1.0566134942418606,-4.5116350541061,79.69186701021808,18.757625302970215,53.31165239992575,-6.080353974863936,76.32898247482602,152.65796494965204,air_1,air,3,1,2026-09-11T12:46:24,,,0.05379205892434699,True,471.0,,,,,,,,,,,,
sym_lin,14988723.330909478,77.51416309240273,10.342997382913113,,,True,4.5116350541061,1.0566134942418606,-4.5116350541061,79.69186701021808,18.757625302970215,53.31165239992575,-6.080353974863936,76.32898247482602,152.65796494965204,air_1,air,3,1,2026-09-11T12:46:24,,,0.030129772109355135,True,471.0,,,,,,,,,,,,
psl,14988736.788189642,76.54203481542575,10.213273592973753,,,True,4.5116350541061,1.0566134942418606,-4.5116350541061,79.69186701021808,18.757625302970215,53.31165239992575,-6.080353974863936,76.32898247482602,152.65796494965204,air_1,air,3,1,2026-09-11T12:46:24,,,0.015403098610791028,True,471.0,-14.51708143157984,True,ok,0.019739434828130724,-0.0002658500397170067,-9.748971210741214,-1.7881896421313286,1.0160929996890398,1.026979498727908,,,
circle,14988741.027794478,76.68432401507677,10.232256848373943,,,True,4.5116350541061,1.0566134942418606,-4.5116350541061,79.69186701021808,18.757625302970215,53.31165239992575,-6.080353974863936,76.32898247482602,152.65796494965204,air_1,air,3,1,2026-09-11T12:46:24,,,0.027313095468979535,,,,,,,,,,,,-19.13120895724887,55.27452680442963,-1.806807478728463e-11
mag_argmax,24973693.0,159.4612066373229,12.770334498571989,88.26391538232565,24973669.917709816,True,6.047929584949596,1.089244734397384,-6.047929584949596,67.76791511328518,10.492571553164515,95.30552114256531,-8.999962322916256,55.48433695945461,110.96867391890922,air_1,air,5,1,2026-09-11T12:46:26,,,,,,,,,,,,,,,,,
argmax_hh,24973682.0,108.13862666115165,8.660206905906117,,,True,6.047929584949596,1.089244734397384,-6.047929584949596,67.76791511328518,10.492571553164515,95.30552114256531,-8.999962322916256,55.48433695945461,110.96867391890922,air_1,air,5,1,2026-09-11T12:46:26,False,0.01927108503181434,,,,,,,,,,,,,,,
midpoint,24973654.564844392,108.13862666115165,8.660216419696878,,,True,6.047929584949596,1.089244734397384,-6.047929584949596,67.76791511328518,10.492571553164515,95.30552114256531,-8.999962322916256,55.48433695945461,110.96867391890922,air_1,air,5,1,2026-09-11T12:46:26,,,,,,,,,,,,,,,,,
sym,24973654.752536237,120.3906628330874,9.64141324335886,,,True,6.047929584949596,1.089244734397384,-6.047929584949596,67.76791511328518,10.492571553164515,95.30552114256531,-8.999962322916256,55.48433695945461,110.96867391890922,air_1,air,5,1,2026-09-11T12:46:26,,,0.07219449418299717,True,649.0,,,,,,,,,,,,
sym_lin,24973667.736407705,104.02525038405776,8.330794778085815,,,True,6.047929584949596,1.089244734397384,-6.047929584949596,67.76791511328518,10.492571553164515,95.30552114256531,-8.999962322916256,55.48433695945461,110.96867391890922,air_1,air,5,1,2026-09-11T12:46:26,,,0.035036964405177756,True,649.0,,,,,,,,,,,,
psl,24973693.411063425,102.48445722222212,8.207392918247422,,,True,6.047929584949596,1.089244734397384,-6.047929584949596,67.76791511328518,10.492571553164515,95.30552114256531,-8.999962322916256,55.48433695945461,110.96867391890922,air_1,air,5,1,2026-09-11T12:46:26,,,0.011946100382978596,True,649.0,-20.693142512651452,True,ok,0.010981263693666999,9.172575663670263e-05,-18.7106478597541,-11.4110634252429,1.0327942878147747,1.0551709946286716,,,
circle,24973698.636579636,103.72897376581544,8.307057378668041,,,True,6.047929584949596,1.089244734397384,-6.047929584949596,67.76791511328518,10.492571553164515,95.30552114256531,-8.999962322916256,55.48433695945461,110.96867391890922,air_1,air,5,1,2026-09-11T12:46:26,,,0.010613687809483274,,,,,,,,,,,,-23.278623859824993,95.33339615202459,-6.027244924641447e-12
mag_argmax,34957554.0,191.04541673511267,10.930136401140233,101.31019165366888,34957515.904190384,True,5.180414544020229,1.082169912746971,-5.180414544020229,63.0451508445978,6.164563346248752,162.2174911396633,-12.259220396392857,37.28031628473966,74.48612161088225,air_1,air,7,1,2026-09-11T12:46:28,,,,,,,,,,,,,,,,,
argmax_hh,34957554.0,161.05013579130173,9.214039162539903,,,True,5.180414544020229,1.082169912746971,-5.180414544020229,63.0451508445978,6.164563346248752,162.2174911396633,-12.259220396392857,37.28031628473966,74.48612161088225,air_1,air,7,1,2026-09-11T12:46:28,False,0.048599784957342136,,,,,,,,,,,,,,,
midpoint,34957520.77523508,161.05013579130173,9.214047919862459,,,True,5.180414544020229,1.082169912746971,-5.180414544020229,63.0451508445978,6.164563346248752,162.2174911396633,-12.259220396392857,37.28031628473966,74.48612161088225,air_1,air,7,1,2026-09-11T12:46:28,,,,,,,,,,,,,,,,,
sym,34957521.35653921,177.56880178942174,10.159118547242505,,,True,5.180414544020229,1.082169912746971,-5.180414544020229,63.0451508445978,6.164563346248752,162.2174911396633,-12.259220396392857,37.28031628473966,74.48612161088225,air_1,air,7,1,2026-09-11T12:46:28,,,0.08021170738434559,True,967.0,,,,,,,,,,,,
sym_lin,34957542.80202791,152.51552275550446,8.72575762085068,,,True,5.180414544020229,1.082169912746971,-5.180414544020229,63.0451508445978,6.164563346248752,162.2174911396633,-12.259220396392857,37.28031628473966,74.48612161088225,air_1,air,7,1,2026-09-11T12:46:28,,,0.03640732982357157,True,967.0,,,,,,,,,,,,
psl,34957584.35015343,149.62956651437054,8.560635369744237,,,True,5.180414544020229,1.082169912746971,-5.180414544020229,63.0451508445978,6.164563346248752,162.2174911396633,-12.259220396392857,37.28031628473966,74.48612161088225,air_1,air,7,1,2026-09-11T12:46:28,,,0.009873468157604814,True,967.0,-22.89674104062395,True,ok,0.006266279472717888,0.0002818733991426315,-30.30209213260255,-30.35015343129635,1.0402037757421219,1.0763256189466694,,,
circle,34957595.089366145,148.60005710153402,8.501732268575712,,,True,5.180414544020229,1.082169912746971,-5.180414544020229,63.0451508445978,6.164563346248752,162.2174911396633,-12.259220396392857,37.28031628473966,74.48612161088225,air_1,air,7,1,2026-09-11T12:46:28,,,0.03368659842102544,,,,,,,,,,,,-27.331161967649276,175.83358762081485,-8.688852958921139e-13
mag_argmax,44943100.0,229.48804580047727,10.212381691537844,122.12923772633076,44943032.06219691,True,-0.9973330572146333,0.9828161815673984,0.9973330572146333,58.039082589610175,4.890457595288888,204.47984273768725,-13.821105958233336,29.459670791359112,58.9340738734957,air_1,air,9,1,2026-09-11T12:46:30,,,,,,,,,,,,,,,,,
argmax_hh,44943100.0,203.63431901484728,9.061872412666117,,,True,-0.9973330572146333,0.9828161815673984,0.9973330572146333,58.039082589610175,4.890457595288888,204.47984273768725,-13.821105958233336,29.459670791359112,58.9340738734957,air_1,air,9,1,2026-09-11T12:46:30,False,0.12077137278389583,,,,,,,,,,,,,,,
midpoint,44943054.55147098,203.63431901484728,9.061881576457395,,,True,-0.9973330572146333,0.9828161815673984,0.9973330572146333,58.039082589610175,4.890457595288888,204.47984273768725,-13.821105958233336,29.459670791359112,58.9340738734957,air_1,air,9,1,2026-09-11T12:46:30,,,,,,,,,,,,,,,,,
sym,44943050.06102961,238.10703128222022,10.595944465668753,,,True,-0.9973330572146333,0.9828161815673984,0.9973330572146333,58.039082589610175,4.890457595288888,204.47984273768725,-13.821105958233336,29.459670791359112,58.9340738734957,air_1,air,9,1,2026-09-11T12:46:30,,,0.09189753697609429,True,1221.0,,,,,,,,,,,,
sym_lin,44943084.16189731,193.15121356948575,8.595369773632006,,,True,-0.9973330572146333,0.9828161815673984,0.9973330572146333,58.039082589610175,4.890457595288888,204.47984273768725,-13.821105958233336,29.459670791359112,58.9340738734957,air_1,air,9,1,2026-09-11T12:46:30,,,0.04181339665566892,True,1221.0,,,,,,,,,,,,
psl,44943146.240107775,188.4409462688428,8.385747862960068,,,True,-0.9973330572146333,0.9828161815673984,0.9973330572146333,58.039082589610175,4.890457595288888,204.47984273768725,-13.821105958233336,29.459670791359112,58.9340738734957,air_1,air,9,1,2026-09-11T12:46:30,,,0.01231524223907923,True,1221.0,-26.938708204880125,True,ok,0.004726603339129618,0.0005470213379424019,-45.13408105025802,-46.2401077747345,1.0558092061764461,1.0806267058557888,,,
circle,44943158.039888896,191.2718337058054,8.51172200832188,,,True,-0.9973330572146333,0.9828161815673984,0.9973330572146333,58.039082589610175,4.890457595288888,204.47984273768725,-13.821105958233336,29.459670791359112,58.9340738734957,air_1,air,9,1,2026-09-11T12:46:30,,,0.07119650601283589,,,,,,,,,,,,-31.914651551814515,246.5733188937592,2.0955582224415338e-13
mag_argmax,5004598.0,128.78754777275026,51.467689421907714,71.51244235690683,5004590.135476103,True,3.876644373606397,1.0448334883442054,-3.876644373606397,86.46760528299235,27.28202140415864,36.654175480104584,-4.611220037019396,91.10692653714575,182.2138530742915,air_2,air,1,2,2026-09-11T12:50:12,,,,,,,,,,,,,,,,,
argmax_hh,5004597.0,65.85668321885169,26.31847608063214,,,True,3.876644373606397,1.0448334883442054,-3.876644373606397,86.46760528299235,27.28202140415864,36.654175480104584,-4.611220037019396,91.10692653714575,182.2138530742915,air_2,air,1,2,2026-09-11T12:50:12,False,-0.0003655660779412591,,,,,,,,,,,,,,,
midpoint,5004584.048176479,65.85668321885169,26.31854419263791,,,True,3.876644373606397,1.0448334883442054,-3.876644373606397,86.46760528299235,27.28202140415864,36.654175480104584,-4.611220037019396,91.10692653714575,182.2138530742915,air_2,air,1,2,2026-09-11T12:50:12,,,,,,,,,,,,,,,,,
sym,5004584.989326152,68.67561726216603,27.445079825255572,,,True,3.876644373606397,1.0448334883442054,-3.876644373606397,86.46760528299235,27.28202140415864,36.654175480104584,-4.611220037019396,91.10692653714575,182.2138530742915,air_2,air,1,2,2026-09-11T12:50:12,,,0.0399896285916478,True,395.0,,,,,,,,,,,,
sym_lin,5004587.539894356,66.63789669085105,26.63072477387726,,,True,3.876644373606397,1.0448334883442054,-3.876644373606397,86.46760528299235,27.28202140415864,36.654175480104584,-4.611220037019396,91.10692653714575,182.2138530742915,air_2,air,1,2,2026-09-11T12:50:12,,,0.03160296113406211,True,395.0,,,,,,,,,,,,
psl,5004594.137734985,66.11916158983448,26.423386100899346,,,True,3.876644373606397,1.0448334883442054,-3.876644373606397,86.46760528299235,27.28202140415864,36.654175480104584,-4.611220037019396,91.10692653714575,182.2138530742915,air_2,air,1,2,2026-09-11T12:50:12,,,0.02601455897187373,True,395.0,-8.016207403397896,True,ok,0.03004262111847239,-0.0013467722034397516,-4.632899646669362,2.8622650150209665,1.0048976629717963,0.9960302223338666,,,
circle,5004600.555681046,65.46183462708329,26.1606631333537,,,True,3.876644373606397,1.0448334883442054,-3.876644373606397,86.46760528299235,27.28202140415864,36.654175480104584,-4.611220037019396,91.10692653714575,182.2138530742915,air_2,air,1,2,2026-09-11T12:50:12,,,0.03273735533503774,,,,,,,,,,,,-15.720763165462264,38.73871623471354,-4.3203661876209485e-11
mag_argmax,14988745.0,134.42431792709976,17.936700894851406,71.45972102880478,14988729.345218152,True,4.3935963032190495,1.0551221568380003,-4.3935963032190495,79.70653826430444,18.786321838523257,53.23021763362952,-6.071372007960707,76.20121183992741,152.40242367985482,air_2,air,3,2,2026-09-11T12:50:14,,,,,,,,,,,,,,,,,
argmax_hh,14988734.0,78.73890526313335,10.506411717378311,,,True,4.3935963032190495,1.0551221568380003,-4.3935963032190495,79.70653826430444,18.786321838523257,53.23021763362952,-6.071372007960707,76.20121183992741,152.40242367985482,air_2,air,3,2,2026-09-11T12:50:14,False,0.003291623596806474,,,,,,,,,,,,,,,
midpoint,14988714.482861873,78.73890526313335,10.506425398010427,,,True,4.3935963032190495,1.0551221568380003,-4.3935963032190495,79.70653826430444,18.786321838523257,53.23021763362952,-6.071372007960707,76.20121183992741,152.40242367985482,air_2,air,3,2,2026-09-11T12:50:14,,,,,,,,,,,,,,,,,
sym,14988715.589527478,84.39384310925243,11.260983985608195,,,True,4.3935963032190495,1.0551221568380003,-4.3935963032190495,79.70653826430444,18.786321838523257,53.23021763362952,-6.071372007960707,76.20121183992741,152.40242367985482,air_2,air,3,2,2026-09-11T12:50:14,,,0.05379937563199423,True,473.0,,,,,,,,,,,,
sym_lin,14988721.740204856,77.56283938444457,10.34949353638271,,,True,4.3935963032190495,1.0551221568380003,-4.3935963032190495,79.70653826430444,18.786321838523257,53.23021763362952,-6.071372007960707,76.20121183992741,152.40242367985482,air_2,air,3,2,2026-09-11T12:50:14,,,0.03033492475634883,True,473.0,,,,,,,,,,,,
psl,14988735.233391939,76.62276775065455,10.224047133737365,,,True,4.3935963032190495,1.0551221568380003,-4.3935963032190495,79.70653826430444,18.786321838523257,53.23021763362952,-6.071372007960707,76.20121183992741,152.40242367985482,air_2,air,3,2,2026-09-11T12:50:14,,,0.015631263419926097,True,473.0,-14.507256161236558,True,ok,0.01977558357339799,-0.00025655243722211236,-9.75257769841847,-1.2333919387310743,1.016071162971602,1.027617607332655,,,
circle,14988739.583845833,76.84774434687887,10.25406358113017,,,True,4.3935963032190495,1.0551221568380003,-4.3935963032190495,79.70653826430444,18.786321838523257,53.23021763362952,-6.071372007960707,76.20121183992741,152.40242367985482,air_2,air,3,2,2026-09-11T12:50:14,,,0.027910095704699652,,,,,,,,,,,,-19.25642947650393,55.29841839241261,-1.8133795541711975e-11
mag_argmax,24973690.0,160.109893463552,12.82228565050275,89.28770212456584,24973666.945011612,True,6.048745450812798,1.0892468984518058,-6.048745450812798,67.77541355209323,10.481067628560806,95.41012761667618,-9.006452082003614,55.4414763315563,110.85523654429996,air_2,air,5,2,2026-09-11T12:50:16,,,,,,,,,,,,,,,,,
argmax_hh,24973679.0,108.24026337452233,8.668347452894091,,,True,6.048745450812798,1.0892468984518058,-6.048745450812798,67.77541355209323,10.481067628560806,95.41012761667618,-9.006452082003614,55.4414763315563,110.85523654429996,air_2,air,5,2,2026-09-11T12:50:16,False,0.01927414908435254,,,,,,,,,,,,,,,
midpoint,24973651.47652048,108.24026337452233,8.668357006286147,,,True,6.048745450812798,1.0892468984518058,-6.048745450812798,67.77541355209323,10.481067628560806,95.41012761667618,-9.006452082003614,55.4414763315563,110.85523654429996,air_2,air,5,2,2026-09-11T12:50:16,,,,,,,,,,,,,,,,,
sym,24973651.611439753,120.5220257384372,9.651934575977613,,,True,6.048745450812798,1.0892468984518058,-6.048745450812798,67.77541355209323,10.481067628560806,95.41012761667618,-9.006452082003614,55.4414763315563,110.85523654429996,air_2,air,5,2,2026-09-11T12:50:16,,,0.07185775319661261,True,649.0,,,,,,,,,,,,
sym_lin,24973664.540724535,104.2195457580379,8.346355865242536,,,True,6.048745450812798,1.0892468984518058,-6.048745450812798,67.77541355209323,10.481067628560806,95.41012761667618,-9.006452082003614,55.4414763315563,110.85523654429996,air_2,air,5,2,2026-09-11T12:50:16,,,0.03484011950540843,True,649.0,,,,,,,,,,,,
psl,24973690.10484304,102.73964758594204,8.227830741442427,,,True,6.048745450812798,1.0892468984518058,-6.048745450812798,67.77541355209323,10.481067628560806,95.41012761667618,-9.006452082003614,55.4414763315563,110.85523654429996,air_2,air,5,2,2026-09-11T12:50:16,,,0.011980251981271211,True,649.0,-20.578241213408315,True,ok,0.01098111037919177,8.125545846047554e-05,-18.650806434608736,-11.1048430390656,1.032429010448573,1.053539367885986,,,
circle,24973695.563339643,103.84504682700248,8.316354026469574,,,True,6.048745450812798,1.0892468984518058,-6.048745450812798,67.77541355209323,10.481067628560806,95.41012761667618,-9.006452082003614,55.4414763315563,110.85523654429996,air_2,air,5,2,2026-09-11T12:50:16,,,0.011094260964309722,,,,,,,,,,,,-23.22012682189764,95.31212508600058,-5.993291464773086e-12
mag_argmax,34957552.0,190.42200589552522,10.894470293316031,98.15139912068844,34957511.02429193,True,5.188707470959231,1.0822964939670863,-5.188707470959231,63.04894924241124,6.176791268260772,161.89635630694943,-12.246206607934425,37.35508233076473,74.71016466152946,air_2,air,7,2,2026-09-11T12:50:18,,,,,,,,,,,,,,,,,
argmax_hh,34957552.0,160.62071412056684,9.189471512225275,,,True,5.188707470959231,1.0822964939670863,-5.188707470959231,63.04894924241124,6.176791268260772,161.89635630694943,-12.246206607934425,37.35508233076473,74.71016466152946,air_2,air,7,2,2026-09-11T12:50:18,False,0.04844917224810615,,,,,,,,,,,,,,,
midpoint,34957515.615049,160.62071412056684,9.189481076934461,,,True,5.188707470959231,1.0822964939670863,-5.188707470959231,63.04894924241124,6.176791268260772,161.89635630694943,-12.246206607934425,37.35508233076473,74.71016466152946,air_2,air,7,2,2026-09-11T12:50:18,,,,,,,,,,,,,,,,,
sym,34957516.05626202,178.75163086627606,10.226792463090689,,,True,5.188707470959231,1.0822964939670863,-5.188707470959231,63.04894924241124,6.176791268260772,161.89635630694943,-12.246206607934425,37.35508233076473,74.71016466152946,air_2,air,7,2,2026-09-11T12:50:18,,,0.07982337888496459,True,963.0,,,,,,,,,,,,
sym_lin,34957537.744042404,151.98760466961076,8.695555492635522,,,True,5.188707470959231,1.0822964939670863,-5.188707470959231,63.04894924241124,6.176791268260772,161.89635630694943,-12.246206607934425,37.35508233076473,74.71016466152946,air_2,air,7,2,2026-09-11T12:50:18,,,0.03651015321626452,True,963.0,,,,,,,,,,,,
psl,34957579.30890147,149.29068733817215,8.541248581257303,,,True,5.188707470959231,1.0822964939670863,-5.188707470959231,63.04894924241124,6.176791268260772,161.89635630694943,-12.246206607934425,37.35508233076473,74.71016466152946,air_2,air,7,2,2026-09-11T12:50:18,,,0.009599294745985056,True,963.0,-22.97480770999439,True,ok,0.006264631505901938,0.00028765821437792203,-30.339355915811378,-27.308901466429234,1.0404804046952154,1.0758923880947109,,,
circle,34957589.850694604,148.71696791277978,8.508422265262363,,,True,5.188707470959231,1.0822964939670863,-5.188707470959231,63.04894924241124,6.176791268260772,161.89635630694943,-12.246206607934425,37.35508233076473,74.71016466152946,air_2,air,7,2,2026-09-11T12:50:18,,,0.03433991951903533,,,,,,,,,,,,-27.355675835512788,175.8234214565536,-8.625109364840008e-13
mag_argmax,44943094.0,229.73927061632276,10.223562739864894,122.28003757447004,44943026.518070504,True,-1.0085300109199835,0.9826241040574997,1.0085300109199835,58.04189978216816,4.889113723689511,204.53604815012608,-13.82297980049469,29.434971266923814,58.86994253384763,air_2,air,9,2,2026-09-11T12:50:19,,,,,,,,,,,,,,,,,
argmax_hh,44943094.0,203.83916619420052,9.070989469225262,,,True,-1.0085300109199835,0.9826241040574997,1.0085300109199835,58.04189978216816,4.889113723689511,204.53604815012608,-13.82297980049469,29.434971266923814,58.86994253384763,air_2,air,9,2,2026-09-11T12:50:19,False,0.12084266518888331,,,,,,,,,,,,,,,
midpoint,44943049.08788257,203.83916619420052,9.070998533971702,,,True,-1.0085300109199835,0.9826241040574997,1.0085300109199835,58.04189978216816,4.889113723689511,204.53604815012608,-13.82297980049469,29.434971266923814,58.86994253384763,air_2,air,9,2,2026-09-11T12:50:19,,,,,,,,,,,,,,,,,
sym,44943044.6215335,238.01822096811176,10.591993620924846,,,True,-1.0085300109199835,0.9826241040574997,1.0085300109199835,58.04189978216816,4.889113723689511,204.53604815012608,-13.82297980049469,29.434971266923814,58.86994253384763,air_2,air,9,2,2026-09-11T12:50:19,,,0.0919869570850256,True,1223.0,,,,,,,,,,,,
sym_lin,44943078.69282341,193.39466919035056,8.606204773471923,,,True,-1.0085300109199835,0.9826241040574997,1.0085300109199835,58.04189978216816,4.889113723689511,204.53604815012608,-13.82297980049469,29.434971266923814,58.86994253384763,air_2,air,9,2,2026-09-11T12:50:19,,,0.041897134962247694,True,1223.0,,,,,,,,,,,,
psl,44943140.84567278,188.5670857387475,8.391362160746857,,,True,-1.0085300109199835,0.9826241040574997,1.0085300109199835,58.04189978216816,4.889113723689511,204.53604815012608,-13.82297980049469,29.434971266923814,58.86994253384763,air_2,air,9,2,2026-09-11T12:50:19,,,0.01238305272890335,True,1223.0,-26.933801859888085,True,ok,0.004725395869397777,0.0005470863738776609,-45.15575636179577,-46.84567277878523,1.0557886679176753,1.080990170663251,,,
circle,44943152.60278464,191.39521796939363,8.51721371933908,,,True,-1.0085300109199835,0.9826241040574997,1.0085300109199835,58.04189978216816,4.889113723689511,204.53604815012608,-13.82297980049469,29.434971266923814,58.86994253384763,air_2,air,9,2,2026-09-11T12:50:19,,,0.0711518832447937,,,,,,,,,,,,-31.890859490664273,246.6524851518005,2.1075818244597949e-13
mag_argmax,5003529.0,1213.3493445804343,484.99742664844524,676.2400534274057,5003369.962259866,True,-3.8873939150603,0.9524345177367528,3.8873939150603,81.72720489925543,1.1634929710637536,859.4809121070358,-24.820110252098093,4.662563955681742,9.325127911363484,ipa_0,ipa,1,0,2026-09-11T13:20:02,,,,,,,,,,,,,,,,,
argmax_hh,5003557.0,1286.8456190694124,514.3723231570709,,,True,-3.8873939150603,0.9524345177367528,3.8873939150603,81.72720489925543,1.1634929710637536,859.4809121070358,-24.820110252098093,4.662563955681742,9.325127911363484,ipa_0,ipa,1,0,2026-09-11T13:20:02,False,0.038044602180553354,,,,,,,,,,,,,,,
midpoint,5003552.761634173,1286.8456190694124,514.3727588670915,,,True,-3.8873939150603,0.9524345177367528,3.8873939150603,81.72720489925543,1.1634929710637536,859.4809121070358,-24.820110252098093,4.662563955681742,9.325127911363484,ipa_0,ipa,1,0,2026-09-11T13:20:02,,,,,,,,,,,,,,,,,
sym,5003549.149305979,1304.196763376607,521.3086648934013,,,True,-3.8873939150603,0.9524345177367528,3.8873939150603,81.72720489925543,1.1634929710637536,859.4809121070358,-24.820110252098093,4.662563955681742,9.325127911363484,ipa_0,ipa,1,0,2026-09-11T13:20:02,,,0.019845580048458322,True,7721.0,,,,,,,,,,,,
sym_lin,5003583.7247814,1299.529933688821,519.439667713603,,,True,-3.8873939150603,0.9524345177367528,3.8873939150603,81.72720489925543,1.1634929710637536,859.4809121070358,-24.820110252098093,4.662563955681742,9.325127911363484,ipa_0,ipa,1,0,2026-09-11T13:20:02,,,0.008891371655139745,True,7721.0,,,,,,,,,,,,
psl,5003658.147282178,1298.1012380607094,518.8608813197181,,,True,-3.8873939150603,0.9524345177367528,3.8873939150603,81.72720489925543,1.1634929710637536,859.4809121070358,-24.820110252098093,4.662563955681742,9.325127911363484,ipa_0,ipa,1,0,2026-09-11T13:20:02,,,0.005106656370358051,True,7721.0,-5.023766930656304,True,ok,0.0011517848636637313,2.4968952532618156e-05,-56.94607318645967,-101.14728217758238,1.0019226186235881,0.9913291670470076,,,
circle,5003663.893250841,1396.4470966302151,558.1698237220944,,,True,-3.8873939150603,0.9524345177367528,3.8873939150603,81.72720489925543,1.1634929710637536,859.4809121070358,-24.820110252098093,4.662563955681742,9.325127911363484,ipa_0,ipa,1,0,2026-09-11T13:20:02,,,0.08145763384108977,,,,,,,,,,,,-3.716629890771897,968.8212853133396,2.60618191509604e-12
mag_argmax,14986303.0,2781.1593411443755,371.1601642038567,1158.0861377883703,14985016.548620358,False,0.0,0.7718316844554002,17.06432761087846,74.78833145675267,0.7758603475711144,1288.8917485351205,-27.30571515227846,3.594257063469269,7.19210958248719,ipa_0,ipa,3,0,2026-09-11T13:20:04,,,,,,,,,,,,,,,,,
argmax_hh,14986831.0,1668.7732385536656,222.6986130094702,,,False,0.0,0.7718316844554002,17.06432761087846,74.78833145675267,0.7758603475711144,1288.8917485351205,-27.30571515227846,3.594257063469269,7.19210958248719,ipa_0,ipa,3,0,2026-09-11T13:20:04,False,0.14676249646023845,,,,,,,,,,,,,,,
midpoint,14986646.9653995,1668.7732385536656,222.7013477272741,,,False,0.0,0.7718316844554002,17.06432761087846,74.78833145675267,0.7758603475711144,1288.8917485351205,-27.30571515227846,3.594257063469269,7.19210958248719,ipa_0,ipa,3,0,2026-09-11T13:20:04,,,,,,,,,,,,,,,,,
sym,14986641.541205827,1829.1455701516072,244.10346575947182,,,False,0.0,0.7718316844554002,17.06432761087846,74.78833145675267,0.7758603475711144,1288.8917485351205,-27.30571515227846,3.594257063469269,7.19210958248719,ipa_0,ipa,3,0,2026-09-11T13:20:04,,,0.05062147216672644,True,10013.0,,,,,,,,,,,,
sym_lin,14986786.054032667,1720.5636986012807,229.6107640955225,,,False,0.0,0.7718316844554002,17.06432761087846,74.78833145675267,0.7758603475711144,1288.8917485351205,-27.30571515227846,3.594257063469269,7.19210958248719,ipa_0,ipa,3,0,2026-09-11T13:20:04,,,0.017107498588211357,True,10013.0,,,,,,,,,,,,
psl,14987059.598877242,1716.9340454871556,229.12220161128604,,,False,0.0,0.7718316844554002,17.06432761087846,74.78833145675267,0.7758603475711144,1288.8917485351205,-27.30571515227846,3.594257063469269,7.19210958248719,ipa_0,ipa,3,0,2026-09-11T13:20:04,,,0.0016433018690050253,True,10013.0,-14.252202527659398,True,ok,0.0007057076491955048,8.013895342485626e-05,-214.64977446992268,-228.598877241835,1.0155095353385735,0.9719495300008306,,,
circle,14987207.173800271,1502.6311520778345,200.5218363438177,,,False,0.0,0.7718316844554002,17.06432761087846,74.78833145675267,0.7758603475711144,1288.8917485351205,-27.30571515227846,3.594257063469269,7.19210958248719,ipa_0,ipa,3,0,2026-09-11T13:20:04,,,0.1486225760342411,,,,,,,,,,,,-26.488794465422956,1804.5398996751223,4.359860993341705e-12
mag_argmax,24970196.0,,,1894.139242041856,,False,0.0,0.48570423018501413,32.555292273792126,63.300719516910775,0.698915899927684,1430.7873094652289,-26.915991859986928,2.959161199530088,5.922763361340611,ipa_0,ipa,5,0,2026-09-11T13:20:06,,,,,,,,,,,,,,,,,
argmax_hh,24971121.0,2026.5878050010651,162.31452364521923,,,False,0.0,0.48570423018501413,32.555292273792126,63.300719516910775,0.698915899927684,1430.7873094652289,-26.915991859986928,2.959161199530088,5.922763361340611,ipa_0,ipa,5,0,2026-09-11T13:20:06,False,0.41517649739793433,,,,,,,,,,,,,,,
midpoint,24970789.910599582,2026.5878050010651,162.316675784519,,,False,0.0,0.48570423018501413,32.555292273792126,63.300719516910775,0.698915899927684,1430.7873094652289,-26.915991859986928,2.959161199530088,5.922763361340611,ipa_0,ipa,5,0,2026-09-11T13:20:06,,,,,,,,,,,,,,,,,
sym,24970673.834111296,2662.5949888993255,213.25776041029988,,,False,0.0,0.48570423018501413,32.555292273792126,63.300719516910775,0.698915899927684,1430.7873094652289,-26.915991859986928,2.959161199530088,5.922763361340611,ipa_0,ipa,5,0,2026-09-11T13:20:06,,,0.08047320640175083,True,12077.0,,,,,,,,,,,,
sym_lin,24971050.67899185,2178.6895079086107,174.49722367842077,,,False,0.0,0.48570423018501413,32.555292273792126,63.300719516910775,0.698915899927684,1430.7873094652289,-26.915991859986928,2.959161199530088,5.922763361340611,ipa_0,ipa,5,0,2026-09-11T13:20:06,,,0.024156306968959096,True,12077.0,,,,,,,,,,,,
psl,24971629.022744484,2171.652980435227,173.92962056718508,,,False,0.0,0.48570423018501413,32.555292273792126,63.300719516910775,0.698915899927684,1430.7873094652289,-26.915991859986928,2.959161199530088,5.922763361340611,ipa_0,ipa,5,0,2026-09-11T13:20:06,,,0.0023861011629071538,True,12077.0,-24.476997170054826,True,ok,0.0004797989620554057,0.00024044175723164928,-471.0556195276522,-508.0227444842458,1.0459927550914379,0.9332005726784722,,,
circle,24971740.967093714,2047.406894526321,163.9779058435912,,,False,0.0,0.48570423018501413,32.555292273792126,63.300719516910775,0.698915899927684,1430.7873094652289,-26.915991859986928,2.959161199530088,5.922763361340611,ipa_0,ipa,5,0,2026-09-11T13:20:06,,,0.0930645657030746,,,,,,,,,,,,-27.69416548647808,2390.8511040649623,3.430879911238821e-12
mag_argmax,34953140.0,,,3719.2835144028068,,False,0.0,0.3297616487748824,40.436848471951926,60.33204217281521,0.6958600768552838,1437.0705164164308,-26.13128708282721,2.5139162376363973,5.0341225075604585,ipa_0,ipa,7,0,2026-09-11T13:19:59,,,,,,,,,,,,,,,,,
argmax_hh,34954654.0,2384.725437644869,136.44680548947036,,,False,0.0,0.3297616487748824,40.436848471951926,60.33204217281521,0.6958600768552838,1437.0705164164308,-26.13128708282721,2.5139162376363973,5.0341225075604585,ipa_0,ipa,7,0,2026-09-11T13:19:59,False,0.5589016278353759,,,,,,,,,,,,,,,
midpoint,34954191.11431049,2384.725437644869,136.4486124050827,,,False,0.0,0.3297616487748824,40.436848471951926,60.33204217281521,0.6958600768552838,1437.0705164164308,-26.13128708282721,2.5139162376363973,5.0341225075604585,ipa_0,ipa,7,0,2026-09-11T13:19:59,,,,,,,,,,,,,,,,,
sym,34954165.384536274,2828.6391338357857,161.84847229035404,,,False,0.0,0.3297616487748824,40.436848471951926,60.33204217281521,0.6958600768552838,1437.0705164164308,-26.13128708282721,2.5139162376363973,5.0341225075604585,ipa_0,ipa,7,0,2026-09-11T13:19:59,,,0.07215982179302749,True,13150.0,,,,,,,,,,,,
sym_lin,34954523.46651687,2686.7810813623196,153.73009355633195,,,False,0.0,0.3297616487748824,40.436848471951926,60.33204217281521,0.6958600768552838,1437.0705164164308,-26.13128708282721,2.5139162376363973,5.0341225075604585,ipa_0,ipa,7,0,2026-09-11T13:19:59,,,0.02276635326325911,True,13150.0,,,,,,,,,,,,
psl,34955094.453018434,2570.701966270517,147.08596881211014,,,False,0.0,0.3297616487748824,40.436848471951926,60.33204217281521,0.6958600768552838,1437.0705164164308,-26.13128708282721,2.5139162376363973,5.0341225075604585,ipa_0,ipa,7,0,2026-09-11T13:19:59,,,0.004835278246390134,True,13150.0,-21.182516905191854,True,ok,0.0003547581058311731,0.00035156031119642605,-480.6878626771521,-440.4530184343457,1.0343733757417357,0.9276553520922318,,,
circle,34955112.81973776,2329.9505328643463,133.31100058980306,,,False,0.0,0.3297616487748824,40.436848471951926,60.33204217281521,0.6958600768552838,1437.0705164164308,-26.13128708282721,2.5139162376363973,5.0341225075604585,ipa_0,ipa,7,0,2026-09-11T13:19:59,,,0.05640241793831239,,,,,,,,,,,,-24.39013516886794,3205.0753342576168,3.1749757777902077e-12
mag_argmax,44937950.0,,,6479.944938376546,,False,0.0,0.19076671233961348,45.31233430213219,55.99415519983968,0.7960235127388006,1256.244299316483,-24.341286622311646,2.209499224294524,4.426740728534015,ipa_0,ipa,9,0,2026-09-11T13:20:00,,,,,,,,,,,,,,,,,
argmax_hh,44939789.0,2712.3793184012175,120.71170687522442,,,False,0.0,0.19076671233961348,45.31233430213219,55.99415519983968,0.7960235127388006,1256.244299316483,-24.341286622311646,2.209499224294524,4.426740728534015,ipa_0,ipa,9,0,2026-09-11T13:20:00,False,0.7371067959266252,,,,,,,,,,,,,,,
midpoint,44939234.54359218,2712.3793184012175,120.71319620587404,,,False,0.0,0.19076671233961348,45.31233430213219,55.99415519983968,0.7960235127388006,1256.244299316483,-24.341286622311646,2.209499224294524,4.426740728534015,ipa_0,ipa,9,0,2026-09-11T13:20:00,,,,,,,,,,,,,,,,,
sym,44939157.87599403,3139.4742932288436,139.7211003326751,,,False,0.0,0.19076671233961348,45.31233430213219,55.99415519983968,0.7960235127388006,1256.244299316483,-24.341286622311646,2.209499224294524,4.426740728534015,ipa_0,ipa,9,0,2026-09-11T13:20:00,,,0.0894724639147445,True,14131.0,,,,,,,,,,,,
sym_lin,44939680.153422646,3203.444484333914,142.5664122840864,,,False,0.0,0.19076671233961348,45.31233430213219,55.99415519983968,0.7960235127388006,1256.244299316483,-24.341286622311646,2.209499224294524,4.426740728534015,ipa_0,ipa,9,0,2026-09-11T13:20:00,,,0.026182845076888873,True,14131.0,,,,,,,,,,,,
psl,44940482.581357494,2919.5181855275473,129.92820805794557,,,False,0.0,0.19076671233961348,45.31233430213219,55.99415519983968,0.7960235127388006,1256.244299316483,-24.341286622311646,2.209499224294524,4.426740728534015,ipa_0,ipa,9,0,2026-09-11T13:20:00,,,0.004345675486309322,True,14131.0,-27.049599941835233,True,ok,0.0002562927724858481,0.0005547689232120793,-702.2509658637042,-693.5813574939966,1.0562744472363605,0.9290503247579872,,,
circle,44940408.04664616,2685.49768857976,119.51372073846467,,,False,0.0,0.19076671233961348,45.31233430213219,55.99415519983968,0.7960235127388006,1256.244299316483,-24.341286622311646,2.209499224294524,4.426740728534015,ipa_0,ipa,9,0,2026-09-11T13:20:00,,,0.048111717706036866,,,,,,,,,,,,-28.33644508769731,4417.295976150053,3.2687258012784254e-12
mag_argmax,5003527.0,1213.4144057948142,485.02362665168556,676.0805110866204,5003368.270903073,True,-3.908956091339233,0.9521867891778137,3.908956091339233,81.75472895715677,1.16322608943421,859.6781047839095,-24.821915502856093,4.660830303824115,9.323991411267412,ipa_1,ipa,1,1,2026-09-11T13:24:12,,,,,,,,,,,,,,,,,
argmax_hh,5003555.0,1287.1097227199934,514.4780951623369,,,True,-3.908956091339233,0.9521867891778137,3.908956091339233,81.75472895715677,1.16322608943421,859.6781047839095,-24.821915502856093,4.660830303824115,9.323991411267412,ipa_1,ipa,1,1,2026-09-11T13:24:12,False,0.038104082038500436,,,,,,,,,,,,,,,
midpoint,5003551.195754703,1287.1097227199934,514.4784863246929,,,True,-3.908956091339233,0.9521867891778137,3.908956091339233,81.75472895715677,1.16322608943421,859.6781047839095,-24.821915502856093,4.660830303824115,9.323991411267412,ipa_1,ipa,1,1,2026-09-11T13:24:12,,,,,,,,,,,,,,,,,
sym,5003547.451924091,1304.5351343906536,521.4440941852167,,,True,-3.908956091339233,0.9521867891778137,3.908956091339233,81.75472895715677,1.16322608943421,859.6781047839095,-24.821915502856093,4.660830303824115,9.323991411267412,ipa_1,ipa,1,1,2026-09-11T13:24:12,,,0.019755129065313373,True,7723.0,,,,,,,,,,,,
sym_lin,5003581.894233129,1299.927371101549,519.5987189096588,,,True,-3.908956091339233,0.9521867891778137,3.908956091339233,81.75472895715677,1.16322608943421,859.6781047839095,-24.821915502856093,4.660830303824115,9.323991411267412,ipa_1,ipa,1,1,2026-09-11T13:24:12,,,0.008836823096023759,True,7723.0,,,,,,,,,,,,
psl,5003655.990770937,1298.4845558477625,519.014320026305,,,True,-3.908956091339233,0.9521867891778137,3.908956091339233,81.75472895715677,1.16322608943421,859.6781047839095,-24.821915502856093,4.660830303824115,9.323991411267412,ipa_1,ipa,1,1,2026-09-11T13:24:12,,,0.005081919275352338,True,7723.0,-5.001184721307089,True,ok,0.0011513492908663504,2.5105435805964898e-05,-56.70651022674125,-100.99077093694359,1.0019053673418492,0.9912399165037873,,,
circle,5003662.0826531425,1397.4708532942198,558.5792286569538,,,True,-3.908956091339233,0.9521867891778137,3.908956091339233,81.75472895715677,1.16322608943421,859.6781047839095,-24.821915502856093,4.660830303824115,9.323991411267412,ipa_1,ipa,1,1,2026-09-11T13:24:12,,,0.0812937790515659,,,,,,,,,,,,-3.712324665071746,968.9712526423114,2.609190153854371e-12
mag_argmax,14986303.0,2780.619125375524,371.08806960269305,1152.024505103007,14985015.46777753,False,0.0,0.771395608352088,17.09938620191338,74.79902760682401,0.7752682562043007,1289.8761067504322,-27.309938780846004,3.589417322357686,7.189613675713443,ipa_1,ipa,3,1,2026-09-11T13:24:14,,,,,,,,,,,,,,,,,
argmax_hh,14986831.0,1669.9089188277721,222.85017010304207,,,False,0.0,0.771395608352088,17.09938620191338,74.79902760682401,0.7752682562043007,1289.8761067504322,-27.309938780846004,3.589417322357686,7.189613675713443,ipa_1,ipa,3,1,2026-09-11T13:24:14,False,0.1468958903399944,,,,,,,,,,,,,,,
midpoint,14986646.215815853,1669.9089188277721,222.85291782833542,,,False,0.0,0.771395608352088,17.09938620191338,74.79902760682401,0.7752682562043007,1289.8761067504322,-27.309938780846004,3.589417322357686,7.189613675713443,ipa_1,ipa,3,1,2026-09-11T13:24:14,,,,,,,,,,,,,,,,,
sym,14986640.50697963,1831.4510628349628,244.41115565319836,,,False,0.0,0.771395608352088,17.09938620191338,74.79902760682401,0.7752682562043007,1289.8761067504322,-27.309938780846004,3.589417322357686,7.189613675713443,ipa_1,ipa,3,1,2026-09-11T13:24:14,,,0.050638872549432876,True,10019.0,,,,,,,,,,,,
sym_lin,14986785.25877344,1722.471767136419,229.86540974530396,,,False,0.0,0.771395608352088,17.09938620191338,74.79902760682401,0.7752682562043007,1289.8761067504322,-27.309938780846004,3.589417322357686,7.189613675713443,ipa_1,ipa,3,1,2026-09-11T13:24:14,,,0.017106870841450204,True,10019.0,,,,,,,,,,,,
psl,14987059.12943114,1719.0299312847872,229.40190152569792,,,False,0.0,0.771395608352088,17.09938620191338,74.79902760682401,0.7752682562043007,1289.8761067504322,-27.309938780846004,3.589417322357686,7.189613675713443,ipa_1,ipa,3,1,2026-09-11T13:24:14,,,0.0016147760382449411,True,10019.0,-14.255256900949663,True,ok,0.0007055040406343717,7.989412926531535e-05,-214.95833658245323,-228.12943113967776,1.0155162014839014,0.9714251558026669,,,
circle,14987207.105739882,1503.973997600859,200.70103615567695,,,False,0.0,0.771395608352088,17.09938620191338,74.79902760682401,0.7752682562043007,1289.8761067504322,-27.309938780846004,3.589417322357686,7.189613675713443,ipa_1,ipa,3,1,2026-09-11T13:24:14,,,0.14907592859878624,,,,,,,,,,,,-26.479721787671693,1806.0489928405452,4.3616495008981346e-12
mag_argmax,24970194.0,,,1889.5338382385671,,False,0.0,0.484605949926974,32.618938984219994,63.28932004472738,0.6984919508266173,1431.6557246172538,-26.91853717831847,2.9559563049963065,5.916348762526374,ipa_1,ipa,5,1,2026-09-11T13:24:16,,,,,,,,,,,,,,,,,
argmax_hh,24971119.0,2028.7850635219365,162.49052063080845,,,False,0.0,0.484605949926974,32.618938984219994,63.28932004472738,0.6984919508266173,1431.6557246172538,-26.91853717831847,2.9559563049963065,5.916348762526374,ipa_1,ipa,5,1,2026-09-11T13:24:16,False,0.4153564547943014,,,,,,,,,,,,,,,
midpoint,24970790.181777157,2028.7850635219365,162.49266032458,,,False,0.0,0.484605949926974,32.618938984219994,63.28932004472738,0.6984919508266173,1431.6557246172538,-26.91853717831847,2.9559563049963065,5.916348762526374,ipa_1,ipa,5,1,2026-09-11T13:24:16,,,,,,,,,,,,,,,,,
sym,24970673.817881066,2662.9077705879445,213.28281247109018,,,False,0.0,0.484605949926974,32.618938984219994,63.28932004472738,0.6984919508266173,1431.6557246172538,-26.91853717831847,2.9559563049963065,5.916348762526374,ipa_1,ipa,5,1,2026-09-11T13:24:16,,,0.08038372812127945,True,12084.0,,,,,,,,,,,,
sym_lin,24971050.20249409,2183.5810253034847,174.88900207211876,,,False,0.0,0.484605949926974,32.618938984219994,63.28932004472738,0.6984919508266173,1431.6557246172538,-26.91853717831847,2.9559563049963065,5.916348762526374,ipa_1,ipa,5,1,2026-09-11T13:24:16,,,0.023986244824472144,True,12084.0,,,,,,,,,,,,
psl,24971627.928180818,2176.4428367741643,174.31325206619942,,,False,0.0,0.484605949926974,32.618938984219994,63.28932004472738,0.6984919508266173,1431.6557246172538,-26.91853717831847,2.9559563049963065,5.916348762526374,ipa_1,ipa,5,1,2026-09-11T13:24:16,,,0.002487825279517802,True,12084.0,-24.42302562314378,True,ok,0.00047952927111348466,0.00024008945603719043,-471.02138730630634,-508.92818081751466,1.0457884556987214,0.9321563742647704,,,
circle,24971740.68024059,2050.6539383203512,164.23796519262865,,,False,0.0,0.484605949926974,32.618938984219994,63.28932004472738,0.6984919508266173,1431.6557246172538,-26.91853717831847,2.9559563049963065,5.916348762526374,ipa_1,ipa,5,1,2026-09-11T13:24:16,,,0.09352423758321743,,,,,,,,,,,,-27.672469048218446,2394.268614977733,3.4325279756660304e-12
mag_argmax,34953142.0,,,3722.6737241894007,,False,0.0,0.32902427824729347,40.46053357196906,60.301039605843016,0.6958724299849798,1437.0450055358347,-26.129798336026315,2.5192495720268924,5.039758978812258,ipa_1,ipa,7,1,2026-09-11T13:24:17,,,,,,,,,,,,,,,,,
argmax_hh,34954651.0,2381.264669690281,136.24880246638887,,,False,0.0,0.32902427824729347,40.46053357196906,60.301039605843016,0.6958724299849798,1437.0450055358347,-26.129798336026315,2.5192495720268924,5.039758978812258,ipa_1,ipa,7,1,2026-09-11T13:24:17,False,0.5588691182090916,,,,,,,,,,,,,,,
midpoint,34954194.104284436,2381.264669690281,136.25058341129957,,,False,0.0,0.32902427824729347,40.46053357196906,60.301039605843016,0.6958724299849798,1437.0450055358347,-26.129798336026315,2.5192495720268924,5.039758978812258,ipa_1,ipa,7,1,2026-09-11T13:24:17,,,,,,,,,,,,,,,,,
sym,34954167.03933048,2825.1471142303903,161.64865900260364,,,False,0.0,0.32902427824729347,40.46053357196906,60.301039605843016,0.6958724299849798,1437.0450055358347,-26.129798336026315,2.5192495720268924,5.039758978812258,ipa_1,ipa,7,1,2026-09-11T13:24:17,,,0.07223102250479296,True,13143.0,,,,,,,,,,,,
sym_lin,34954524.47063045,2682.1126940332447,153.46297709109524,,,False,0.0,0.32902427824729347,40.46053357196906,60.301039605843016,0.6958724299849798,1437.0450055358347,-26.129798336026315,2.5192495720268924,5.039758978812258,ipa_1,ipa,7,1,2026-09-11T13:24:17,,,0.022714310367148428,True,13143.0,,,,,,,,,,,,
psl,34955094.42425805,2567.464720138072,146.90074579551467,,,False,0.0,0.32902427824729347,40.46053357196906,60.301039605843016,0.6958724299849798,1437.0450055358347,-26.129798336026315,2.5192495720268924,5.039758978812258,ipa_1,ipa,7,1,2026-09-11T13:24:17,,,0.004801716320841747,True,13143.0,-21.169739609398206,True,ok,0.00035438025364519925,0.0003517217356635153,-479.7862564975413,-443.42425805330276,1.0343316656272248,0.9274770753470071,,,
circle,34955111.58676899,2329.4459974675938,133.28213767449807,,,False,0.0,0.32902427824729347,40.46053357196906,60.301039605843016,0.6958724299849798,1437.0450055358347,-26.129798336026315,2.5192495720268924,5.039758978812258,ipa_1,ipa,7,1,2026-09-11T13:24:17,,,0.05663185060419848,,,,,,,,,,,,-24.345674205098447,3208.0521433897156,3.1752574802672475e-12
mag_argmax,44937956.0,,,6485.848034128547,,False,0.0,0.19075861780020376,45.30072512095489,55.97924935303227,0.7963732530709555,1255.6925990969987,-24.339808755238522,2.212775878958986,4.428872582148526,ipa_1,ipa,9,1,2026-09-11T13:24:19,,,,,,,,,,,,,,,,,
argmax_hh,44939790.0,2710.1705405525863,120.61340476012846,,,False,0.0,0.19075861780020376,45.30072512095489,55.97924935303227,0.7963732530709555,1255.6925990969987,-24.339808755238522,2.212775878958986,4.428872582148526,ipa_1,ipa,9,1,2026-09-11T13:24:19,False,0.7370714645910872,,,,,,,,,,,,,,,
midpoint,44939243.013375595,2710.1705405525863,120.61487282934155,,,False,0.0,0.19075861780020376,45.30072512095489,55.97924935303227,0.7963732530709555,1255.6925990969987,-24.339808755238522,2.212775878958986,4.428872582148526,ipa_1,ipa,9,1,2026-09-11T13:24:19,,,,,,,,,,,,,,,,,
sym,44939165.7279686,3131.1033903652824,139.34853216096047,,,False,0.0,0.19075861780020376,45.30072512095489,55.97924935303227,0.7963732530709555,1255.6925990969987,-24.339808755238522,2.212775878958986,4.428872582148526,ipa_1,ipa,9,1,2026-09-11T13:24:19,,,0.08935859298633052,True,14128.0,,,,,,,,,,,,
sym_lin,44939685.54171948,3198.272998429663,142.3362428942929,,,False,0.0,0.19075861780020376,45.30072512095489,55.97924935303227,0.7963732530709555,1255.6925990969987,-24.339808755238522,2.212775878958986,4.428872582148526,ipa_1,ipa,9,1,2026-09-11T13:24:19,,,0.026022845868343636,True,14128.0,,,,,,,,,,,,
psl,44940485.91166103,2917.2747266595734,129.82835710294833,,,False,0.0,0.19075861780020376,45.30072512095489,55.97924935303227,0.7963732530709555,1255.6925990969987,-24.339808755238522,2.212775878958986,4.428872582148526,ipa_1,ipa,9,1,2026-09-11T13:24:19,,,0.004325004715332621,True,14128.0,-26.9972899361558,True,ok,0.0002563602138612189,0.0005550267983778746,-700.3027272164549,-695.911661028862,1.0560547344985336,0.9290076508001247,,,
circle,44940410.142906345,2685.9449604405245,119.53362027179851,,,False,0.0,0.19075861780020376,45.30072512095489,55.97924935303227,0.7963732530709555,1255.6925990969987,-24.339808755238522,2.212775878958986,4.428872582148526,ipa_1,ipa,9,1,2026-09-11T13:24:19,,,0.04819119883411877,,,,,,,,,,,,-28.26621637030198,4417.423358963213,3.2683274186126464e-12
mag_argmax,5003526.0,1213.5126196164638,485.06298143207954,675.5500938752666,5003367.8477478,True,-4.043244368441523,0.9505139383191864,4.043244368441523,81.70471100570813,1.1625506295279806,860.1775910663096,-24.82634837464031,4.659194936515953,9.318389873031906,ipa_2,ipa,1,2,2026-09-11T13:30:02,,,,,,,,,,,,,,,,,
argmax_hh,5003553.0,1287.7761247926392,514.7446723528817,,,True,-4.043244368441523,0.9505139383191864,4.043244368441523,81.70471100570813,1.1625506295279806,860.1775910663096,-24.82634837464031,4.659194936515953,9.318389873031906,ipa_2,ipa,1,2,2026-09-11T13:30:02,False,0.039271499494296785,,,,,,,,,,,,,,,
midpoint,5003548.863468491,1287.7761247926392,514.7450979023497,,,True,-4.043244368441523,0.9505139383191864,4.043244368441523,81.70471100570813,1.1625506295279806,860.1775910663096,-24.82634837464031,4.659194936515953,9.318389873031906,ipa_2,ipa,1,2,2026-09-11T13:30:02,,,,,,,,,,,,,,,,,
sym,5003545.080884176,1305.2473054214977,521.7290078621006,,,True,-4.043244368441523,0.9505139383191864,4.043244368441523,81.70471100570813,1.1625506295279806,860.1775910663096,-24.82634837464031,4.659194936515953,9.318389873031906,ipa_2,ipa,1,2,2026-09-11T13:30:02,,,0.01976763100070095,True,7727.0,,,,,,,,,,,,
sym_lin,5003579.192069373,1300.6043272223546,519.8695882674548,,,True,-4.043244368441523,0.9505139383191864,4.043244368441523,81.70471100570813,1.1625506295279806,860.1775910663096,-24.82634837464031,4.659194936515953,9.318389873031906,ipa_2,ipa,1,2,2026-09-11T13:30:02,,,0.009153025799782303,True,7727.0,,,,,,,,,,,,
psl,5003653.272798403,1299.1000127344448,519.2606049650976,,,True,-4.043244368441523,0.9505139383191864,4.043244368441523,81.70471100570813,1.1625506295279806,860.1775910663096,-24.82634837464031,4.659194936515953,9.318389873031906,ipa_2,ipa,1,2,2026-09-11T13:30:02,,,0.005275176206133174,True,7727.0,-4.981837773842905,True,ok,0.001149899301924909,2.605322616381735e-05,-56.513639133129224,-100.27279840316623,1.0018906494764717,0.991283282402584,,,
circle,5003659.757031738,1406.324069696086,562.1181846826224,,,True,-4.043244368441523,0.9505139383191864,4.043244368441523,81.70471100570813,1.1625506295279806,860.1775910663096,-24.82634837464031,4.659194936515953,9.318389873031906,ipa_2,ipa,1,2,2026-09-11T13:30:02,,,0.08253037338295544,,,,,,,,,,,,-3.63625717206222,968.7827649673058,2.5585988305167896e-12
mag_argmax,14986302.0,2804.382922133431,374.25949672353204,1162.1435369998217,14984991.306141745,False,0.0,0.7673562769826309,17.417444646391743,74.86746008226217,0.7737724983200972,1292.3695300247232,-27.311636611945104,3.5932213443191214,7.17926103371955,ipa_2,ipa,3,2,2026-09-11T13:30:04,,,,,,,,,,,,,,,,,
argmax_hh,14986825.0,1670.9240607991815,222.98573057324435,,,False,0.0,0.7673562769826309,17.417444646391743,74.86746008226217,0.7737724983200972,1292.3695300247232,-27.311636611945104,3.5932213443191214,7.17926103371955,ipa_2,ipa,3,2,2026-09-11T13:30:04,False,0.14613905561718038,,,,,,,,,,,,,,,
midpoint,14986644.701497717,1670.9240607991815,222.98841322797153,,,False,0.0,0.7673562769826309,17.417444646391743,74.86746008226217,0.7737724983200972,1292.3695300247232,-27.311636611945104,3.5932213443191214,7.17926103371955,ipa_2,ipa,3,2,2026-09-11T13:30:04,,,,,,,,,,,,,,,,,
sym,14986642.808427883,1822.5838320912305,243.2277669374068,,,False,0.0,0.7673562769826309,17.417444646391743,74.86746008226217,0.7737724983200972,1292.3695300247232,-27.311636611945104,3.5932213443191214,7.17926103371955,ipa_2,ipa,3,2,2026-09-11T13:30:04,,,0.04963012070855516,True,10025.0,,,,,,,,,,,,
sym_lin,14986783.85939244,1719.9676214320389,229.53125067645644,,,False,0.0,0.7673562769826309,17.417444646391743,74.86746008226217,0.7737724983200972,1292.3695300247232,-27.311636611945104,3.5932213443191214,7.17926103371955,ipa_2,ipa,3,2,2026-09-11T13:30:04,,,0.016393795894977775,True,10025.0,,,,,,,,,,,,
psl,14987051.119961971,1716.9398707502937,229.1231086098611,,,False,0.0,0.7673562769826309,17.417444646391743,74.86746008226217,0.7737724983200972,1292.3695300247232,-27.311636611945104,3.5932213443191214,7.17926103371955,ipa_2,ipa,3,2,2026-09-11T13:30:04,,,0.0014679715358870288,True,10025.0,-13.944652385638548,True,ok,0.0007020299416270636,8.141140280863761e-05,-209.9719753800566,-226.11996197141707,1.0148457006416285,0.9731989391503829,,,
circle,14987191.713964516,1500.1357536050073,200.18903904555188,,,False,0.0,0.7673562769826309,17.417444646391743,74.86746008226217,0.7737724983200972,1292.3695300247232,-27.311636611945104,3.5932213443191214,7.17926103371955,ipa_2,ipa,3,2,2026-09-11T13:30:04,,,0.1511188171473828,,,,,,,,,,,,-26.020984800451142,1819.8880559557117,4.396213172426474e-12
mag_argmax,24970189.0,,,1965.1377038136125,,False,0.0,0.4852763506213932,32.65770068021499,63.44705692003963,0.6969565636454319,1434.8096454813472,-26.942734222995362,2.9631330218224625,5.947056485829446,ipa_2,ipa,5,2,2026-09-11T13:29:56,,,,,,,,,,,,,,,,,
argmax_hh,24971139.0,2020.1590532436967,161.79951208823087,,,False,0.0,0.4852763506213932,32.65770068021499,63.44705692003963,0.6969565636454319,1434.8096454813472,-26.942734222995362,2.9631330218224625,5.947056485829446,ipa_2,ipa,5,2,2026-09-11T13:29:56,False,0.41502030261092576,,,,,,,,,,,,,,,
midpoint,24970778.037154138,2020.1590532436967,161.80185096658923,,,False,0.0,0.4852763506213932,32.65770068021499,63.44705692003963,0.6969565636454319,1434.8096454813472,-26.942734222995362,2.9631330218224625,5.947056485829446,ipa_2,ipa,5,2,2026-09-11T13:29:56,,,,,,,,,,,,,,,,,
sym,24970666.170734845,2674.3819823011377,214.2018930544563,,,False,0.0,0.4852763506213932,32.65770068021499,63.44705692003963,0.6969565636454319,1434.8096454813472,-26.942734222995362,2.9631330218224625,5.947056485829446,ipa_2,ipa,5,2,2026-09-11T13:29:56,,,0.08088638055093023,True,12047.0,,,,,,,,,,,,
sym_lin,24971047.451346375,2161.0101897714057,173.08126092683304,,,False,0.0,0.4852763506213932,32.65770068021499,63.44705692003963,0.6969565636454319,1434.8096454813472,-26.942734222995362,2.9631330218224625,5.947056485829446,ipa_2,ipa,5,2,2026-09-11T13:29:56,,,0.02512547813029942,True,12047.0,,,,,,,,,,,,
psl,24971629.528844453,2152.5459710332357,172.3993196797072,,,False,0.0,0.4852763506213932,32.65770068021499,63.44705692003963,0.6969565636454319,1434.8096454813472,-26.942734222995362,2.9631330218224625,5.947056485829446,ipa_2,ipa,5,2,2026-09-11T13:29:56,,,0.0017105777718669016,True,12047.0,-24.7447297994581,True,ok,0.0004776793781396372,0.0002411834999105675,-472.179629593058,-490.5288444533944,1.0470131114655508,0.9384975189514803,,,
circle,24971736.308897395,2030.7903546471766,162.64710867730963,,,False,0.0,0.4852763506213932,32.65770068021499,63.44705692003963,0.6969565636454319,1434.8096454813472,-26.942734222995362,2.9631330218224625,5.947056485829446,ipa_2,ipa,5,2,2026-09-11T13:29:56,,,0.0932274533013831,,,,,,,,,,,,-27.981329406840104,2403.2653349417265,3.4387899511055076e-12
mag_argmax,34953130.0,,,3724.359379284084,,False,0.0,0.32820197770519466,40.58148787086044,60.40727499053585,0.6938787885873692,1441.1739001790884,-26.134229243774154,2.516674041525483,5.034606629829526,ipa_2,ipa,7,2,2026-09-11T13:29:58,,,,,,,,,,,,,,,,,
argmax_hh,34954644.0,2383.7016240544617,136.3882649787228,,,False,0.0,0.32820197770519466,40.58148787086044,60.40727499053585,0.6938787885873692,1441.1739001790884,-26.134229243774154,2.516674041525483,5.034606629829526,ipa_2,ipa,7,2,2026-09-11T13:29:58,False,0.5594013959890817,,,,,,,,,,,,,,,
midpoint,34954186.50274731,2383.7016240544617,136.3900500941201,,,False,0.0,0.32820197770519466,40.58148787086044,60.40727499053585,0.6938787885873692,1441.1739001790884,-26.134229243774154,2.516674041525483,5.034606629829526,ipa_2,ipa,7,2,2026-09-11T13:29:58,,,,,,,,,,,,,,,,,
sym,34954155.75682221,2832.93735749075,162.0944517841961,,,False,0.0,0.32820197770519466,40.58148787086044,60.40727499053585,0.6938787885873692,1441.1739001790884,-26.134229243774154,2.516674041525483,5.034606629829526,ipa_2,ipa,7,2,2026-09-11T13:29:58,,,0.07274731945117709,True,13151.0,,,,,,,,,,,,
sym_lin,34954517.801406994,2687.546456098638,153.77391107883963,,,False,0.0,0.32820197770519466,40.58148787086044,60.40727499053585,0.6938787885873692,1441.1739001790884,-26.134229243774154,2.516674041525483,5.034606629829526,ipa_2,ipa,7,2,2026-09-11T13:29:58,,,0.02270149178959842,True,13151.0,,,,,,,,,,,,
psl,34955093.90353406,2571.5413126502744,147.13399539117154,,,False,0.0,0.32820197770519466,40.58148787086044,60.40727499053585,0.6938787885873692,1441.1739001790884,-26.134229243774154,2.516674041525483,5.034606629829526,ipa_2,ipa,7,2,2026-09-11T13:29:58,,,0.004433838392488957,True,13151.0,-21.370651661012506,True,ok,0.000354019213030166,0.0003506037638035039,-485.21569021650447,-449.90353406220675,1.034990509628134,0.9269544348085071,,,
circle,34955113.155595474,2331.456665343173,133.39717454011233,,,False,0.0,0.32820197770519466,40.58148787086044,60.40727499053585,0.6938787885873692,1441.1739001790884,-26.134229243774154,2.516674041525483,5.034606629829526,ipa_2,ipa,7,2,2026-09-11T13:29:58,,,0.055814053971931586,,,,,,,,,,,,-24.560910185756445,3212.033001552593,3.1782420708723324e-12
mag_argmax,44937948.0,,,6575.857706725597,,False,0.0,0.18956247471702214,45.52599390219796,56.174587777511654,0.7926505030728733,1261.5900653860606,-24.344714890635597,2.216533430668153,4.434175312793549,ipa_2,ipa,9,2,2026-09-11T13:30:00,,,,,,,,,,,,,,,,,
argmax_hh,44939789.0,2706.4784663282335,120.44909540310631,,,False,0.0,0.18956247471702214,45.52599390219796,56.174587777511654,0.7926505030728733,1261.5900653860606,-24.344714890635597,2.216533430668153,4.434175312793549,ipa_2,ipa,9,2,2026-09-11T13:30:00,False,0.7366517531986964,,,,,,,,,,,,,,,
midpoint,44939227.59459147,2706.4784663282335,120.45060011908011,,,False,0.0,0.18956247471702214,45.52599390219796,56.174587777511654,0.7926505030728733,1261.5900653860606,-24.344714890635597,2.216533430668153,4.434175312793549,ipa_2,ipa,9,2,2026-09-11T13:30:00,,,,,,,,,,,,,,,,,
sym,44939127.108251534,3181.619264880413,141.59684309027077,,,False,0.0,0.18956247471702214,45.52599390219796,56.174587777511654,0.7926505030728733,1261.5900653860606,-24.344714890635597,2.216533430668153,4.434175312793549,ipa_2,ipa,9,2,2026-09-11T13:30:00,,,0.08915973542980539,True,14119.0,,,,,,,,,,,,
sym_lin,44939658.7983351,3210.0186084539137,142.85905564431374,,,False,0.0,0.18956247471702214,45.52599390219796,56.174587777511654,0.7926505030728733,1261.5900653860606,-24.344714890635597,2.216533430668153,4.434175312793549,ipa_2,ipa,9,2,2026-09-11T13:30:00,,,0.02558834751700189,True,14119.0,,,,,,,,,,,,
psl,44940463.302894704,2938.4751977873966,130.77191385332796,,,False,0.0,0.18956247471702214,45.52599390219796,56.174587777511654,0.7926505030728733,1261.5900653860606,-24.344714890635597,2.216533430668153,4.434175312793549,ipa_2,ipa,9,2,2026-09-11T13:30:00,,,0.004244070323385723,True,14119.0,-27.087284314763902,True,ok,0.00025505056528005095,0.0005521063696758148,-707.833154060552,-674.3028947040439,1.0564330044870953,0.9210485997520581,,,
circle,44940397.35952246,2689.352043093039,119.68528099910935,,,False,0.0,0.18956247471702214,45.52599390219796,56.174587777511654,0.7926505030728733,1261.5900653860606,-24.344714890635597,2.216533430668153,4.434175312793549,ipa_2,ipa,9,2,2026-09-11T13:30:00,,,0.05136745775412575,,,,,,,,,,,,-28.53795881091365,4452.196256956245,3.276481555363619e-12
mag_argmax,5003812.0,909.6528826006688,363.5839566317315,462.9121756646782,5003716.946204491,True,-0.6558419823055495,0.9921056171003757,0.6558419823055495,83.07704232800188,1.5871378801999105,630.0649820506101,-22.306114081123347,6.369176644285579,12.744724588982246,wat_0,water,1,0,2026-09-11T12:57:32,,,,,,,,,,,,,,,,,
argmax_hh,5003825.0,941.7229784922674,376.4012444449066,,,True,-0.6558419823055495,0.9921056171003757,0.6558419823055495,83.07704232800188,1.5871378801999105,630.0649820506101,-22.306114081123347,6.369176644285579,12.744724588982246,wat_0,water,1,0,2026-09-11T12:57:32,False,0.014615183210353537,,,,,,,,,,,,,,,
midpoint,5003827.0136965355,941.7229784922674,376.4010929692701,,,True,-0.6558419823055495,0.9921056171003757,0.6558419823055495,83.07704232800188,1.5871378801999105,630.0649820506101,-22.306114081123347,6.369176644285579,12.744724588982246,wat_0,water,1,0,2026-09-11T12:57:32,,,,,,,,,,,,,,,,,
sym,5003826.68407712,943.2396210233277,377.0073108346653,,,True,-0.6558419823055495,0.9921056171003757,0.6558419823055495,83.07704232800188,1.5871378801999105,630.0649820506101,-22.306114081123347,6.369176644285579,12.744724588982246,wat_0,water,1,0,2026-09-11T12:57:32,,,0.01991574979086187,True,5651.0,,,,,,,,,,,,
sym_lin,5003852.406958269,940.8779342717853,376.0614253783413,,,True,-0.6558419823055495,0.9921056171003757,0.6558419823055495,83.07704232800188,1.5871378801999105,630.0649820506101,-22.306114081123347,6.369176644285579,12.744724588982246,wat_0,water,1,0,2026-09-11T12:57:32,,,0.007736329141704259,True,5651.0,,,,,,,,,,,,
psl,5003906.536208102,940.3515787056251,375.8469795154135,,,True,-0.6558419823055495,0.9921056171003757,0.6558419823055495,83.07704232800188,1.5871378801999105,630.0649820506101,-22.306114081123347,6.369176644285579,12.744724588982246,wat_0,water,1,0,2026-09-11T12:57:32,,,0.004547299790279142,True,5651.0,-5.0828173853478305,True,ok,0.0015855821944199457,1.5019228778166694e-05,-41.73756275718842,-81.53620810154825,1.0019680969913605,1.0014583904761771,,,
circle,5003906.447597438,957.4851556927026,382.6950666323616,,,True,-0.6558419823055495,0.9921056171003757,0.6558419823055495,83.07704232800188,1.5871378801999105,630.0649820506101,-22.306114081123347,6.369176644285579,12.744724588982246,wat_0,water,1,0,2026-09-11T12:57:32,,,0.05606045127082719,,,,,,,,,,,,-4.335558594496548,702.9885094885168,2.7408109853390852e-12
mag_argmax,14986971.0,1775.7497734371573,236.97247074637792,843.8148128800094,14986328.634723984,False,0.0,0.87445426545201,9.543481199209069,76.01597325125422,1.005372727081315,994.655984853585,-25.553569916825587,4.617052167089857,9.245656591478522,wat_0,water,3,0,2026-09-11T12:57:34,,,,,,,,,,,,,,,,,
argmax_hh,14987319.0,1298.4475338468328,173.27282269054695,,,False,0.0,0.87445426545201,9.543481199209069,76.01597325125422,1.005372727081315,994.655984853585,-25.553569916825587,4.617052167089857,9.245656591478522,wat_0,water,3,0,2026-09-11T12:57:34,False,0.11010604020573908,,,,,,,,,,,,,,,
midpoint,14987183.27241942,1298.4475338468328,173.27439189141523,,,False,0.0,0.87445426545201,9.543481199209069,76.01597325125422,1.005372727081315,994.655984853585,-25.553569916825587,4.617052167089857,9.245656591478522,wat_0,water,3,0,2026-09-11T12:57:34,,,,,,,,,,,,,,,,,
sym,14987176.318814903,1402.0811889392576,187.10411609411503,,,False,0.0,0.87445426545201,9.543481199209069,76.01597325125422,1.005372727081315,994.655984853585,-25.553569916825587,4.617052167089857,9.245656591478522,wat_0,water,3,0,2026-09-11T12:57:34,,,0.04855461945280572,True,7791.0,,,,,,,,,,,,
sym_lin,14987280.899048457,1328.7562528419953,177.3178552923977,,,False,0.0,0.87445426545201,9.543481199209069,76.01597325125422,1.005372727081315,994.655984853585,-25.553569916825587,4.617052167089857,9.245656591478522,wat_0,water,3,0,2026-09-11T12:57:34,,,0.01615317194182723,True,7791.0,,,,,,,,,,,,
psl,14987482.040208537,1328.7895530539743,177.31991931521077,,,False,0.0,0.87445426545201,9.543481199209069,76.01597325125422,1.005372727081315,994.655984853585,-25.553569916825587,4.617052167089857,9.245656591478522,wat_0,water,3,0,2026-09-11T12:57:34,,,0.0028366892960812276,True,7791.0,-13.511718392249938,True,ok,0.0009397113209535773,7.817796290390646e-05,-157.4103979360345,-163.04020853713155,1.0139360196436398,0.9771656699607504,,,
circle,14986951.511753427,1382.869809125789,184.54317518026022,,,False,0.0,0.87445426545201,9.543481199209069,76.01597325125422,1.005372727081315,994.655984853585,-25.553569916825587,4.617052167089857,9.245656591478522,wat_0,water,3,0,2026-09-11T12:57:34,,,0.17870256703211923,,,,,,,,,,,,17.08024153465492,1384.1648150742847,4.55651338488375e-12
mag_argmax,24971133.0,6388.884337639436,511.70159861304137,1319.6235018111765,24966308.57469955,False,0.0,0.6097579818837039,25.121000918300517,64.37287568253146,0.8433934391507116,1185.6862450898236,-25.921879847565695,3.7923555946487455,7.584711189297491,wat_0,water,5,0,2026-09-11T12:57:36,,,,,,,,,,,,,,,,,
argmax_hh,24971714.0,1582.1301168240607,126.7137783833389,,,False,0.0,0.6097579818837039,25.121000918300517,64.37287568253146,0.8433934391507116,1185.6862450898236,-25.921879847565695,3.7923555946487455,7.584711189297491,wat_0,water,5,0,2026-09-11T12:57:36,False,0.3409526308665664,,,,,,,,,,,,,,,
midpoint,24971429.926473603,1582.1301168240607,126.71521987187097,,,False,0.0,0.6097579818837039,25.121000918300517,64.37287568253146,0.8433934391507116,1185.6862450898236,-25.921879847565695,3.7923555946487455,7.584711189297491,wat_0,water,5,0,2026-09-11T12:57:36,,,,,,,,,,,,,,,,,
sym,24971367.362907585,2011.5627965692258,161.10954336903447,,,False,0.0,0.6097579818837039,25.121000918300517,64.37287568253146,0.8433934391507116,1185.6862450898236,-25.921879847565695,3.7923555946487455,7.584711189297491,wat_0,water,5,0,2026-09-11T12:57:36,,,0.0784077411276043,True,9493.0,,,,,,,,,,,,
sym_lin,24971639.50819783,1651.5656861859916,132.275310609366,,,False,0.0,0.6097579818837039,25.121000918300517,64.37287568253146,0.8433934391507116,1185.6862450898236,-25.921879847565695,3.7923555946487455,7.584711189297491,wat_0,water,5,0,2026-09-11T12:57:36,,,0.026170118171350714,True,9493.0,,,,,,,,,,,,
psl,24972074.275240768,1646.5874032780018,131.8742996780652,,,False,0.0,0.6097579818837039,25.121000918300517,64.37287568253146,0.8433934391507116,1185.6862450898236,-25.921879847565695,3.7923555946487455,7.584711189297491,wat_0,water,5,0,2026-09-11T12:57:36,,,0.0017550676074712505,True,9493.0,-23.753108543404046,True,ok,0.0006313628856733175,0.00023815258595314993,-346.2867363606833,-360.27524076774716,1.0432914190547427,0.9608540145967226,,,
circle,24972162.589799423,1532.3043673751802,122.72099878134645,,,False,0.0,0.6097579818837039,25.121000918300517,64.37287568253146,0.8433934391507116,1185.6862450898236,-25.921879847565695,3.7923555946487455,7.584711189297491,wat_0,water,5,0,2026-09-11T12:57:36,,,0.10167777026721314,,,,,,,,,,,,-27.1383878150201,1830.6776843311138,3.3702496535687014e-12
mag_argmax,34954386.0,,,2199.387123167515,,False,0.0,0.437522034244784,34.28996717230104,60.962329655458255,0.8088303952028645,1236.353141438494,-25.600481069059793,3.2843513625984984,6.5769204517089195,wat_0,water,7,0,2026-09-11T12:57:38,,,,,,,,,,,,,,,,,
argmax_hh,34955361.0,1825.322366014123,104.43733457732695,,,False,0.0,0.437522034244784,34.28996717230104,60.962329655458255,0.8088303952028645,1236.353141438494,-25.600481069059793,3.2843513625984984,6.5769204517089195,wat_0,water,7,0,2026-09-11T12:57:38,False,0.47899357859459174,,,,,,,,,,,,,,,
midpoint,34954999.631132714,1825.322366014123,104.43841426268517,,,False,0.0,0.437522034244784,34.28996717230104,60.962329655458255,0.8088303952028645,1236.353141438494,-25.600481069059793,3.2843513625984984,6.5769204517089195,wat_0,water,7,0,2026-09-11T12:57:38,,,,,,,,,,,,,,,,,
sym,34954952.44123135,2261.2368525311167,129.3800560211239,,,False,0.0,0.437522034244784,34.28996717230104,60.962329655458255,0.8088303952028645,1236.353141438494,-25.600481069059793,3.2843513625984984,6.5769204517089195,wat_0,water,7,0,2026-09-11T12:57:38,,,0.07414786683426425,True,10951.0,,,,,,,,,,,,
sym_lin,34955238.02023746,1881.8091682363363,107.66965266532335,,,False,0.0,0.437522034244784,34.28996717230104,60.962329655458255,0.8088303952028645,1236.353141438494,-25.600481069059793,3.2843513625984984,6.5769204517089195,wat_0,water,7,0,2026-09-11T12:57:38,,,0.026459593418397917,True,10951.0,,,,,,,,,,,,
psl,34955706.82801346,1874.0612144287002,107.2249074321009,,,False,0.0,0.437522034244784,34.28996717230104,60.962329655458255,0.8088303952028645,1236.353141438494,-25.600481069059793,3.2843513625984984,6.5769204517089195,wat_0,water,7,0,2026-09-11T12:57:38,,,0.0036198987684421427,True,10951.0,-22.333267124993686,True,ok,0.0004676608493721477,0.00035812121015598526,-369.94008792131524,-345.8280134573579,1.0382358548514654,0.9739929261438586,,,
circle,34955756.421347894,1763.7463808209582,100.91307191646509,,,False,0.0,0.437522034244784,34.28996717230104,60.962329655458255,0.8088303952028645,1236.353141438494,-25.600481069059793,3.2843513625984984,6.5769204517089195,wat_0,water,7,0,2026-09-11T12:57:38,,,0.0662513538583158,,,,,,,,,,,,-26.83162471514535,2406.354272053408,3.0908211506911225e-12
mag_argmax,44939264.0,,,3826.4117269441485,,False,0.0,0.2696587101153359,41.15405100339811,56.349067995179595,0.8779436214380911,1139.0253036544395,-24.153808913635505,2.874255261214177,5.704188562671611,wat_0,water,9,0,2026-09-11T12:57:30,,,,,,,,,,,,,,,,,
argmax_hh,44940668.0,2098.2826686911285,93.3801281588039,,,False,0.0,0.2696587101153359,41.15405100339811,56.349067995179595,0.8779436214380911,1139.0253036544395,-24.153808913635505,2.874255261214177,5.704188562671611,wat_0,water,9,0,2026-09-11T12:57:30,False,0.6680615698060942,,,,,,,,,,,,,,,
midpoint,44940145.35785733,2098.2826686911285,93.38121414528379,,,False,0.0,0.2696587101153359,41.15405100339811,56.349067995179595,0.8779436214380911,1139.0253036544395,-24.153808913635505,2.874255261214177,5.704188562671611,wat_0,water,9,0,2026-09-11T12:57:30,,,,,,,,,,,,,,,,,
sym,44940032.07065506,2838.5757237227917,126.32726737978118,,,False,0.0,0.2696587101153359,41.15405100339811,56.349067995179595,0.8779436214380911,1139.0253036544395,-24.153808913635505,2.874255261214177,5.704188562671611,wat_0,water,9,0,2026-09-11T12:57:30,,,0.08841143114448174,True,12326.0,,,,,,,,,,,,
sym_lin,44940473.14225056,2178.8260760144044,96.9649816154691,,,False,0.0,0.2696587101153359,41.15405100339811,56.349067995179595,0.8779436214380911,1139.0253036544395,-24.153808913635505,2.874255261214177,5.704188562671611,wat_0,water,9,0,2026-09-11T12:57:30,,,0.03270407385957432,True,12326.0,,,,,,,,,,,,
psl,44941134.553284004,2135.462753846303,95.03377140220671,,,False,0.0,0.2696587101153359,41.15405100339811,56.349067995179595,0.8779436214380911,1139.0253036544395,-24.153808913635505,2.874255261214177,5.704188562671611,wat_0,water,9,0,2026-09-11T12:57:30,,,0.004337873020728294,True,12326.0,-27.48594501808711,True,ok,0.0003389504194202275,0.0005604221657219864,-522.2668160596434,-466.55328400433064,1.0581244981649438,0.982589213935852,,,
circle,44941117.8600235,2019.142678229319,89.85725208341594,,,False,0.0,0.2696587101153359,41.15405100339811,56.349067995179595,0.8779436214380911,1139.0253036544395,-24.153808913635505,2.874255261214177,5.704188562671611,wat_0,water,9,0,2026-09-11T12:57:30,,,0.0673091084043476,,,,,,,,,,,,-30.72345069703782,3296.975302595602,3.2072533379007605e-12
mag_argmax,5003808.0,907.9447951149195,362.90153223901456,485.3651801235974,5003723.366779953,True,-0.6120193444504762,0.9926398151794344,0.6120193444504762,83.15271414657877,1.5926040266574515,627.9024687001416,-22.27788330971984,6.3933325035805035,12.783468873598144,wat_1,water,1,1,2026-09-11T13:08:48,,,,,,,,,,,,,,,,,
argmax_hh,5003824.0,938.6341155632399,375.1667187188198,,,True,-0.6120193444504762,0.9926398151794344,0.6120193444504762,83.15271414657877,1.5926040266574515,627.9024687001416,-22.27788330971984,6.3933325035805035,12.783468873598144,wat_1,water,1,1,2026-09-11T13:08:48,False,0.014342394577191523,,,,,,,,,,,,,,,
midpoint,5003831.550106004,938.6341155632399,375.1661526429104,,,True,-0.6120193444504762,0.9926398151794344,0.6120193444504762,83.15271414657877,1.5926040266574515,627.9024687001416,-22.27788330971984,6.3933325035805035,12.783468873598144,wat_1,water,1,1,2026-09-11T13:08:48,,,,,,,,,,,,,,,,,
sym,5003830.59317347,937.7395424423217,374.80866907110845,,,True,-0.6120193444504762,0.9926398151794344,0.6120193444504762,83.15271414657877,1.5926040266574515,627.9024687001416,-22.27788330971984,6.3933325035805035,12.783468873598144,wat_1,water,1,1,2026-09-11T13:08:48,,,0.019911873974212804,True,5631.0,,,,,,,,,,,,
sym_lin,5003856.020191404,935.8989662797292,374.07110136791255,,,True,-0.6120193444504762,0.9926398151794344,0.6120193444504762,83.15271414657877,1.5926040266574515,627.9024687001416,-22.27788330971984,6.3933325035805035,12.783468873598144,wat_1,water,1,1,2026-09-11T13:08:48,,,0.007793492518593456,True,5631.0,,,,,,,,,,,,
psl,5003909.699279427,935.2109139113425,373.7920826373085,,,True,-0.6120193444504762,0.9926398151794344,0.6120193444504762,83.15271414657877,1.5926040266574515,627.9024687001416,-22.27788330971984,6.3933325035805035,12.783468873598144,wat_1,water,1,1,2026-09-11T13:08:48,,,0.004613773152050395,True,5631.0,-5.062316708505362,True,ok,0.0015946559195339851,1.4993665942288383e-05,-41.34175450636308,-85.69927942659706,1.001952247863501,1.0036603525482617,,,
circle,5003909.0213974975,952.1143709626558,380.54823414705015,,,True,-0.6120193444504762,0.9926398151794344,0.6120193444504762,83.15271414657877,1.5926040266574515,627.9024687001416,-22.27788330971984,6.3933325035805035,12.783468873598144,wat_1,water,1,1,2026-09-11T13:08:48,,,0.05578196122116073,,,,,,,,,,,,-4.287734140640816,698.9830005908547,2.742140709104657e-12
mag_argmax,14986985.0,1773.1455320650712,236.62471565362495,843.6259950138628,14986343.805570886,False,0.0,0.8739993901868075,9.577225389477206,76.00935744419272,1.006742469607671,993.3026868228787,-25.530904116466765,4.629428399804452,9.238055573648724,wat_1,water,3,1,2026-09-11T13:08:50,,,,,,,,,,,,,,,,,
argmax_hh,14987324.0,1298.0004184218124,173.21309907249784,,,False,0.0,0.8739993901868075,9.577225389477206,76.00935744419272,1.006742469607671,993.3026868228787,-25.530904116466765,4.629428399804452,9.238055573648724,wat_1,water,3,1,2026-09-11T13:08:50,False,0.11019619103443379,,,,,,,,,,,,,,,
midpoint,14987195.491623618,1298.0004184218124,173.21458429594358,,,False,0.0,0.8739993901868075,9.577225389477206,76.00935744419272,1.006742469607671,993.3026868228787,-25.530904116466765,4.629428399804452,9.238055573648724,wat_1,water,3,1,2026-09-11T13:08:50,,,,,,,,,,,,,,,,,
sym,14987188.92716803,1399.6106183896295,186.77426770172826,,,False,0.0,0.8739993901868075,9.577225389477206,76.00935744419272,1.006742469607671,993.3026868228787,-25.530904116466765,4.629428399804452,9.238055573648724,wat_1,water,3,1,2026-09-11T13:08:50,,,0.04873737740804941,True,7789.0,,,,,,,,,,,,
sym_lin,14987293.608608458,1328.2928752491875,177.25586886297305,,,False,0.0,0.8739993901868075,9.577225389477206,76.00935744419272,1.006742469607671,993.3026868228787,-25.530904116466765,4.629428399804452,9.238055573648724,wat_1,water,3,1,2026-09-11T13:08:50,,,0.01620475721432611,True,7789.0,,,,,,,,,,,,
psl,14987495.254187917,1327.5783363649948,177.15813267651018,,,False,0.0,0.8739993901868075,9.577225389477206,76.00935744419272,1.006742469607671,993.3026868228787,-25.530904116466765,4.629428399804452,9.238055573648724,wat_1,water,3,1,2026-09-11T13:08:50,,,0.0028311478538978994,True,7789.0,-13.551905600561456,True,ok,0.0009410676859343557,7.839325299085824e-05,-157.73904971454544,-171.25418791733682,1.0140192411667965,0.9777203972579359,,,
circle,14986961.566232411,1383.5857481338842,184.63859295553067,,,False,0.0,0.8739993901868075,9.577225389477206,76.00935744419272,1.006742469607671,993.3026868228787,-25.530904116466765,4.629428399804452,9.238055573648724,wat_1,water,3,1,2026-09-11T13:08:50,,,0.17934745199714372,,,,,,,,,,,,17.262915256277036,1383.976963834106,4.562910610683112e-12
mag_argmax,24971110.0,6439.195983290672,515.7316581674321,1346.1012357585132,24966277.52273255,False,0.0,0.6094423821300369,25.1409104609168,64.37183480898716,0.8444159354266895,1184.2505074169317,-25.958943652963484,3.767879099439126,7.600177184487167,wat_1,water,5,1,2026-09-11T13:08:52,,,,,,,,,,,,,,,,,
argmax_hh,24971763.0,1583.384138012305,126.81396487803482,,,False,0.0,0.6094423821300369,25.1409104609168,64.37183480898716,0.8444159354266895,1184.2505074169317,-25.958943652963484,3.767879099439126,7.600177184487167,wat_1,water,5,1,2026-09-11T13:08:52,False,0.3410376289272,,,,,,,,,,,,,,,
midpoint,24971452.473395973,1583.384138012305,126.81554184316725,,,False,0.0,0.6094423821300369,25.1409104609168,64.37183480898716,0.8444159354266895,1184.2505074169317,-25.958943652963484,3.767879099439126,7.600177184487167,wat_1,water,5,1,2026-09-11T13:08:52,,,,,,,,,,,,,,,,,
sym,24971385.2724467,2025.68278793842,162.24032153903357,,,False,0.0,0.6094423821300369,25.1409104609168,64.37183480898716,0.8444159354266895,1184.2505074169317,-25.958943652963484,3.767879099439126,7.600177184487167,wat_1,water,5,1,2026-09-11T13:08:52,,,0.07819656166581625,True,9501.0,,,,,,,,,,,,
sym_lin,24971659.45250809,1646.988654586177,131.908626875076,,,False,0.0,0.6094423821300369,25.1409104609168,64.37183480898716,0.8444159354266895,1184.2505074169317,-25.958943652963484,3.767879099439126,7.600177184487167,wat_1,water,5,1,2026-09-11T13:08:52,,,0.026329769952995033,True,9501.0,,,,,,,,,,,,
psl,24972095.438070394,1645.7934479932826,131.81060052207246,,,False,0.0,0.6094423821300369,25.1409104609168,64.37183480898716,0.8444159354266895,1184.2505074169317,-25.958943652963484,3.767879099439126,7.600177184487167,wat_1,water,5,1,2026-09-11T13:08:52,,,0.0016904624794605815,True,9501.0,-23.817974063789826,True,ok,0.0006325094704890081,0.00023823963568560591,-347.09269818598085,-332.43807039409876,1.0435300596355503,0.9620795002817192,,,
circle,24972184.01272754,1534.0972155755649,122.86448111976779,,,False,0.0,0.6094423821300369,25.1409104609168,64.37183480898716,0.8444159354266895,1184.2505074169317,-25.958943652963484,3.767879099439126,7.600177184487167,wat_1,water,5,1,2026-09-11T13:08:52,,,0.10241316554579527,,,,,,,,,,,,-27.249732099769442,1828.2465730442912,3.3690942308908646e-12
mag_argmax,34954415.0,,,2205.8056189641356,,False,0.0,0.43853957681933114,34.234140308292595,60.973381016521984,0.8097669457298963,1234.9232149734567,-25.600166960049823,3.293391369961617,6.5966728040972935,wat_1,water,7,1,2026-09-11T13:08:54,,,,,,,,,,,,,,,,,
argmax_hh,34955391.0,1820.0084128081799,104.13320296192252,,,False,0.0,0.43853957681933114,34.234140308292595,60.973381016521984,0.8097669457298963,1234.9232149734567,-25.600166960049823,3.293391369961617,6.5966728040972935,wat_1,water,7,1,2026-09-11T13:08:54,False,0.47838935077689637,,,,,,,,,,,,,,,
midpoint,34955028.33965503,1820.0084128081799,104.13428334964077,,,False,0.0,0.43853957681933114,34.234140308292595,60.973381016521984,0.8097669457298963,1234.9232149734567,-25.600166960049823,3.293391369961617,6.5966728040972935,wat_1,water,7,1,2026-09-11T13:08:54,,,,,,,,,,,,,,,,,
sym,34954979.984693564,2257.2305367413483,129.15072689097616,,,False,0.0,0.43853957681933114,34.234140308292595,60.973381016521984,0.8097669457298963,1234.9232149734567,-25.600166960049823,3.293391369961617,6.5966728040972935,wat_1,water,7,1,2026-09-11T13:08:54,,,0.0742076473113242,True,10921.0,,,,,,,,,,,,
sym_lin,34955265.40430833,1875.8824077660481,107.33046286839755,,,False,0.0,0.43853957681933114,34.234140308292595,60.973381016521984,0.8097669457298963,1234.9232149734567,-25.600166960049823,3.293391369961617,6.5966728040972935,wat_1,water,7,1,2026-09-11T13:08:54,,,0.02658372170264614,True,10921.0,,,,,,,,,,,,
psl,34955733.652293734,1868.1977122068108,106.88934357893088,,,False,0.0,0.43853957681933114,34.234140308292595,60.973381016521984,0.8097669457298963,1234.9232149734567,-25.600166960049823,3.293391369961617,6.5966728040972935,wat_1,water,7,1,2026-09-11T13:08:54,,,0.0036906796244256697,True,10921.0,-22.368324553869293,True,ok,0.00046869123813289744,0.0003580642348992334,-369.3764832864207,-342.65229373425245,1.0383568202590363,0.9742054606513209,,,
circle,34955783.07458131,1759.4760813938883,100.66866919501632,,,False,0.0,0.43853957681933114,34.234140308292595,60.973381016521984,0.8097669457298963,1234.9232149734567,-25.600166960049823,3.293391369961617,6.5966728040972935,wat_1,water,7,1,2026-09-11T13:08:54,,,0.06619754323656808,,,,,,,,,,,,-26.87946661509786,2400.534988854403,3.0888271588776156e-12
mag_argmax,44939130.0,,,3875.411399886012,,False,0.0,0.26980741076224596,41.168173634726514,56.37988421342629,0.8798398066548029,1136.5705352682921,-24.159266945366326,2.8579348691737505,5.725884193921112,wat_1,water,9,1,2026-09-11T13:08:56,,,,,,,,,,,,,,,,,
argmax_hh,44940736.0,2096.9687114432454,93.32151175464708,,,False,0.0,0.26980741076224596,41.168173634726514,56.37988421342629,0.8798398066548029,1136.5705352682921,-24.159266945366326,2.8579348691737505,5.725884193921112,wat_1,water,9,1,2026-09-11T13:08:56,False,0.6661377580115765,,,,,,,,,,,,,,,
midpoint,44940165.524196304,2096.9687114432454,93.32269638901144,,,False,0.0,0.26980741076224596,41.168173634726514,56.37988421342629,0.8798398066548029,1136.5705352682921,-24.159266945366326,2.8579348691737505,5.725884193921112,wat_1,water,9,1,2026-09-11T13:08:56,,,,,,,,,,,,,,,,,
sym,44940055.825073585,2882.794317869771,128.29509287175216,,,False,0.0,0.26980741076224596,41.168173634726514,56.37988421342629,0.8798398066548029,1136.5705352682921,-24.159266945366326,2.8579348691737505,5.725884193921112,wat_1,water,9,1,2026-09-11T13:08:56,,,0.0893410612012935,True,12284.0,,,,,,,,,,,,
sym_lin,44940510.70855366,2171.5240693272153,96.63993733448618,,,False,0.0,0.26980741076224596,41.168173634726514,56.37988421342629,0.8798398066548029,1136.5705352682921,-24.159266945366326,2.8579348691737505,5.725884193921112,wat_1,water,9,1,2026-09-11T13:08:56,,,0.034458018019630964,True,12284.0,,,,,,,,,,,,
psl,44941181.82310102,2117.6714772013775,94.24191315382076,,,False,0.0,0.26980741076224596,41.168173634726514,56.37988421342629,0.8798398066548029,1136.5705352682921,-24.159266945366326,2.8579348691737505,5.725884193921112,wat_1,water,9,1,2026-09-11T13:08:56,,,0.006165515676393618,True,12284.0,-27.995218009049182,True,ok,0.0003396457605108253,0.0005613934507493611,-527.9009354626838,-445.82310102134943,1.0603229246910308,0.9902238066758627,,,
circle,44941169.592772424,2016.3930108478164,89.73478123151023,,,False,0.0,0.26980741076224596,41.168173634726514,56.37988421342629,0.8798398066548029,1136.5705352682921,-24.159266945366326,2.8579348691737505,5.725884193921112,wat_1,water,9,1,2026-09-11T13:08:56,,,0.06434944788184739,,,,,,,,,,,,-31.38013284524239,3284.907632498306,3.206818136641295e-12
mag_argmax,5003814.0,906.9946252536029,362.5213188394304,474.4825439956039,5003723.599467786,True,-0.47219595603837927,0.9943129408624358,0.47219595603837927,83.02990080047316,1.5956881190704029,626.6888798937528,-22.26280139475508,6.413435132154253,12.8300775164166,wat_2,water,1,2,2026-09-11T13:15:26,,,,,,,,,,,,,,,,,
argmax_hh,5003829.0,935.3801631084643,373.86575884526206,,,True,-0.47219595603837927,0.9943129408624358,0.47219595603837927,83.02990080047316,1.5956881190704029,626.6888798937528,-22.26280139475508,6.413435132154253,12.8300775164166,wat_2,water,1,2,2026-09-11T13:15:26,False,0.013806705136549849,,,,,,,,,,,,,,,
midpoint,5003833.089265006,935.3801631084643,373.8654533122562,,,True,-0.47219595603837927,0.9943129408624358,0.47219595603837927,83.02990080047316,1.5956881190704029,626.6888798937528,-22.26280139475508,6.413435132154253,12.8300775164166,wat_2,water,1,2,2026-09-11T13:15:26,,,,,,,,,,,,,,,,,
sym,5003832.2836969625,935.2215341177609,373.80211050031227,,,True,-0.47219595603837927,0.9943129408624358,0.47219595603837927,83.02990080047316,1.5956881190704029,626.6888798937528,-22.26280139475508,6.413435132154253,12.8300775164166,wat_2,water,1,2,2026-09-11T13:15:26,,,0.019798072259686224,True,5613.0,,,,,,,,,,,,
sym_lin,5003857.642083728,933.1244764417103,372.9620397646383,,,True,-0.47219595603837927,0.9943129408624358,0.47219595603837927,83.02990080047316,1.5956881190704029,626.6888798937528,-22.26280139475508,6.413435132154253,12.8300775164166,wat_2,water,1,2,2026-09-11T13:15:26,,,0.007574105465903341,True,5613.0,,,,,,,,,,,,
psl,5003910.846810923,932.6324345211414,372.7614112531696,,,True,-0.47219595603837927,0.9943129408624358,0.47219595603837927,83.02990080047316,1.5956881190704029,626.6888798937528,-22.26280139475508,6.413435132154253,12.8300775164166,wat_2,water,1,2,2026-09-11T13:15:26,,,0.004570954315306981,True,5613.0,-5.041940141528679,True,ok,0.0015966812600410117,1.454174000929248e-05,-41.06160811557685,-81.84681092295796,1.0019365582417192,1.0029462074077808,,,
circle,5003909.917342737,948.7523664676139,379.20441500331276,,,True,-0.47219595603837927,0.9943129408624358,0.47219595603837927,83.02990080047316,1.5956881190704029,626.6888798937528,-22.26280139475508,6.413435132154253,12.8300775164166,wat_2,water,1,2,2026-09-11T13:15:26,,,0.0550206804716752,,,,,,,,,,,,-4.26984817652906,697.4148411152916,2.761849078973728e-12
mag_argmax,14986981.0,1773.601197693497,236.68558700294568,847.6805200465024,14986347.129536523,False,0.0,0.876270464157265,9.394770519873207,75.92989382756852,1.0075841239605359,992.4729620284958,-25.545438011458895,4.532512697131531,9.32367421665372,wat_2,water,3,2,2026-09-11T13:15:28,,,,,,,,,,,,,,,,,
argmax_hh,14987339.0,1299.058688512072,173.35414759245415,,,False,0.0,0.876270464157265,9.394770519873207,75.92989382756852,1.0075841239605359,992.4729620284958,-25.545438011458895,4.532512697131531,9.32367421665372,wat_2,water,3,2,2026-09-11T13:15:28,False,0.11005465281176216,,,,,,,,,,,,,,,
midpoint,14987199.063259639,1299.058688512072,173.35576621473572,,,False,0.0,0.876270464157265,9.394770519873207,75.92989382756852,1.0075841239605359,992.4729620284958,-25.545438011458895,4.532512697131531,9.32367421665372,wat_2,water,3,2,2026-09-11T13:15:28,,,,,,,,,,,,,,,,,
sym,14987191.745706327,1402.1979118477243,187.11949985552687,,,False,0.0,0.876270464157265,9.394770519873207,75.92989382756852,1.0075841239605359,992.4729620284958,-25.545438011458895,4.532512697131531,9.32367421665372,wat_2,water,3,2,2026-09-11T13:15:28,,,0.048671519339741114,True,7795.0,,,,,,,,,,,,
sym_lin,14987296.632795285,1327.2295272244558,177.11393318528238,,,False,0.0,0.876270464157265,9.394770519873207,75.92989382756852,1.0075841239605359,992.4729620284958,-25.545438011458895,4.532512697131531,9.32367421665372,wat_2,water,3,2,2026-09-11T13:15:28,,,0.016221735021312477,True,7795.0,,,,,,,,,,,,
psl,14987498.43932447,1327.5322645889767,177.15194699947702,,,False,0.0,0.876270464157265,9.394770519873207,75.92989382756852,1.0075841239605359,992.4729620284958,-25.545438011458895,4.532512697131531,9.32367421665372,wat_2,water,3,2,2026-09-11T13:15:28,,,0.0027311743306775364,True,7795.0,-13.55973380508906,True,ok,0.0009410373269677206,7.88875859031875e-05,-157.82554564952108,-159.4393244702369,1.0140354812153283,0.9785514997741162,,,
circle,14986970.126135983,1380.9860410840947,184.29155852866808,,,False,0.0,0.876270464157265,9.394770519873207,75.92989382756852,1.0075841239605359,992.4729620284958,-25.545438011458895,4.532512697131531,9.32367421665372,wat_2,water,3,2,2026-09-11T13:15:28,,,0.17825984948713883,,,,,,,,,,,,16.895752297110384,1380.1330444931198,4.545680521139119e-12
mag_argmax,24971155.0,6293.654291274026,504.07394381829965,1321.342291612178,24966427.637336522,False,0.0,0.6119059266597031,24.94981557958418,64.2880613064842,0.8462523350538157,1181.6806389508008,-25.91763434937679,3.7944416921992006,7.600278104194795,wat_2,water,5,2,2026-09-11T13:15:21,,,,,,,,,,,,,,,,,
argmax_hh,24971745.0,1579.679037451744,126.51731286313745,,,False,0.0,0.6119059266597031,24.94981557958418,64.2880613064842,0.8462523350538157,1181.6806389508008,-25.91763434937679,3.7944416921992006,7.600278104194795,wat_2,water,5,2,2026-09-11T13:15:21,False,0.34100930065237417,,,,,,,,,,,,,,,
midpoint,24971454.716867775,1579.679037451744,126.5187835760885,,,False,0.0,0.6119059266597031,24.94981557958418,64.2880613064842,0.8462523350538157,1181.6806389508008,-25.91763434937679,3.7944416921992006,7.600278104194795,wat_2,water,5,2,2026-09-11T13:15:21,,,,,,,,,,,,,,,,,
sym,24971389.838151228,2016.0853405764212,161.4716164092918,,,False,0.0,0.6119059266597031,24.94981557958418,64.2880613064842,0.8462523350538157,1181.6806389508008,-25.91763434937679,3.7944416921992006,7.600278104194795,wat_2,water,5,2,2026-09-11T13:15:21,,,0.07842181706911794,True,9479.0,,,,,,,,,,,,
sym_lin,24971663.23474386,1648.7240272589554,132.04759424795012,,,False,0.0,0.6119059266597031,24.94981557958418,64.2880613064842,0.8462523350538157,1181.6806389508008,-25.91763434937679,3.7944416921992006,7.600278104194795,wat_2,water,5,2,2026-09-11T13:15:21,,,0.026334621148126132,True,9479.0,,,,,,,,,,,,
psl,24972098.750810955,1644.5211151493768,131.7086826829861,,,False,0.0,0.6119059266597031,24.94981557958418,64.2880613064842,0.8462523350538157,1181.6806389508008,-25.91763434937679,3.7944416921992006,7.600278104194795,wat_2,water,5,2,2026-09-11T13:15:21,,,0.0018902506426445604,True,9479.0,-23.822447987684296,True,ok,0.000633432055176639,0.0002387684104247833,-346.8914294066285,-353.7508109547198,1.0435465440058547,0.960570845153458,,,
circle,24972187.816437453,1530.1837242017389,122.55103441073156,,,False,0.0,0.6119059266597031,24.94981557958418,64.2880613064842,0.8462523350538157,1181.6806389508008,-25.91763434937679,3.7944416921992006,7.600278104194795,wat_2,water,5,2,2026-09-11T13:15:21,,,0.10159463923464775,,,,,,,,,,,,-27.246263156148764,1824.2745633813947,3.3619628929062683e-12
mag_argmax,34954423.0,,,2195.260889045894,,False,0.0,0.43915664730077947,34.18539192527077,60.953547475857036,0.8104079580677016,1233.946421731041,-25.600213000667022,3.2893805004172547,6.586991310677088,wat_2,water,7,2,2026-09-11T13:15:22,,,,,,,,,,,,,,,,,
argmax_hh,34955396.0,1822.5316284447908,104.27755579967058,,,False,0.0,0.43915664730077947,34.18539192527077,60.953547475857036,0.8104079580677016,1233.946421731041,-25.600213000667022,3.2893805004172547,6.586991310677088,wat_2,water,7,2,2026-09-11T13:15:22,False,0.47799414310046073,,,,,,,,,,,,,,,
midpoint,34955036.426786624,1822.5316284447908,104.27862847530346,,,False,0.0,0.43915664730077947,34.18539192527077,60.953547475857036,0.8104079580677016,1233.946421731041,-25.600213000667022,3.2893805004172547,6.586991310677088,wat_2,water,7,2,2026-09-11T13:15:22,,,,,,,,,,,,,,,,,
sym,34954988.28625168,2258.458458523836,129.2209535319525,,,False,0.0,0.43915664730077947,34.18539192527077,60.953547475857036,0.8104079580677016,1233.946421731041,-25.600213000667022,3.2893805004172547,6.586991310677088,wat_2,water,7,2,2026-09-11T13:15:22,,,0.07390790920427351,True,10935.0,,,,,,,,,,,,
sym_lin,34955272.889623806,1880.5042372338166,107.59488236134064,,,False,0.0,0.43915664730077947,34.18539192527077,60.953547475857036,0.8104079580677016,1233.946421731041,-25.600213000667022,3.2893805004172547,6.586991310677088,wat_2,water,7,2,2026-09-11T13:15:22,,,0.026307270570267903,True,10935.0,,,,,,,,,,,,
psl,34955739.90501863,1873.2374108222475,107.17767187375742,,,False,0.0,0.43915664730077947,34.18539192527077,60.953547475857036,0.8104079580677016,1233.946421731041,-25.600213000667022,3.2893805004172547,6.586991310677088,wat_2,water,7,2,2026-09-11T13:15:22,,,0.003584317503477951,True,10935.0,-22.275618434245256,True,ok,0.00046908438765084186,0.00035789036139822653,-368.7984564008108,-343.9050186276436,1.038037362746406,0.9729314703600759,,,
circle,34955789.062765755,1762.168231106199,100.82268364430813,,,False,0.0,0.43915664730077947,34.18539192527077,60.953547475857036,0.8104079580677016,1233.946421731041,-25.600213000667022,3.2893805004172547,6.586991310677088,wat_2,water,7,2,2026-09-11T13:15:22,,,0.06580048814407465,,,,,,,,,,,,-26.781408563997317,2397.7263502038722,3.0859803916743924e-12
mag_argmax,44939134.0,,,3851.2776943668723,,False,0.0,0.2703517366213253,41.101238472257414,56.33020804015344,0.8808755749904559,1135.2341106867843,-24.160704427755693,2.8557227875563784,5.7185908364661096,wat_2,water,9,2,2026-09-11T13:15:24,,,,,,,,,,,,,,,,,
argmax_hh,44940740.0,2099.2933999486268,93.4249591772911,,,False,0.0,0.2703517366213253,41.101238472257414,56.33020804015344,0.8808755749904559,1135.2341106867843,-24.160704427755693,2.8557227875563784,5.7185908364661096,wat_2,water,9,2,2026-09-11T13:15:24,False,0.6659325886247176,,,,,,,,,,,,,,,
midpoint,44940173.29901405,2099.2933999486268,93.4261372772536,,,False,0.0,0.2703517366213253,41.101238472257414,56.33020804015344,0.8808755749904559,1135.2341106867843,-24.160704427755693,2.8557227875563784,5.7185908364661096,wat_2,water,9,2,2026-09-11T13:15:24,,,,,,,,,,,,,,,,,
sym,44940066.71616613,2876.4576899003955,128.01305828349638,,,False,0.0,0.2703517366213253,41.101238472257414,56.33020804015344,0.8808755749904559,1135.2341106867843,-24.160704427755693,2.8557227875563784,5.7185908364661096,wat_2,water,9,2,2026-09-11T13:15:24,,,0.08912308472697243,True,12293.0,,,,,,,,,,,,
sym_lin,44940519.52813447,2176.606100792145,96.86608537889762,,,False,0.0,0.2703517366213253,41.101238472257414,56.33020804015344,0.8808755749904559,1135.2341106867843,-24.160704427755693,2.8557227875563784,5.7185908364661096,wat_2,water,9,2,2026-09-11T13:15:24,,,0.0346589019580057,True,12293.0,,,,,,,,,,,,
psl,44941190.68604086,2118.5409425907205,94.28058804186327,,,False,0.0,0.2703517366213253,41.101238472257414,56.33020804015344,0.8808755749904559,1135.2341106867843,-24.160704427755693,2.8557227875563784,5.7185908364661096,wat_2,water,9,2,2026-09-11T13:15:24,,,0.0065046246794714544,True,12293.0,-27.938209834104615,True,ok,0.0003397191393604768,0.0005620055806367778,-526.9983692677675,-450.68604086339474,1.060074731728493,0.9909147176459302,,,
circle,44941170.75638246,2017.4336209789963,89.78108878894679,,,False,0.0,0.2703517366213253,41.101238472257414,56.33020804015344,0.8808755749904559,1135.2341106867843,-24.160704427755693,2.8557227875563784,5.7185908364661096,wat_2,water,9,2,2026-09-11T13:15:24,,,0.06376639089307702,,,,,,,,,,,,-31.12957987671224,3278.013804989412,3.2049154252901476e-12
