estimator,fres,gamma,D_ppm,w03,w3_mid,fold,delta,depth,r_min,baseline_deg,Gmax_mS,Rm_ohm,ratio_dB_peak,window_right_gamma,window_left_gamma,set,phase,n,replica,mtime,one_sided,baseline_frac,rms_rel,converged,n_fit,phi_deg,gate_ok,gate_reason,gmax,g_off,bias_pred,bias_meas,hh_factor_pred,hh_factor_meas,theta_deg,R1,C0
mag_argmax,5004601.0,128.4379445859231,51.32794585859017,69.95469554886222,5004594.349868683,True,4.229156099567599,1.0490309244934841,-4.229156099567599,86.25487166022396,28.015172559573838,35.694943440862815,-4.518275173123562,92.00267051601129,183.95934736237618,air_0,air,1,0,2026-09-11T12:25:49,,,,,,,,,,,,,,,,,
argmax_hh,5004600.0,65.22636752109975,26.0665657679334,,,True,4.229156099567599,1.0490309244934841,-4.229156099567599,86.25487166022396,28.015172559573838,35.694943440862815,-4.518275173123562,92.00267051601129,183.95934736237618,air_0,air,1,0,2026-09-11T12:25:49,False,-0.00040620678180036635,,,,,,,,,,,,,,,
midpoint,5004588.476300105,65.22636752109975,26.066625789508123,,,True,4.229156099567599,1.0490309244934841,-4.229156099567599,86.25487166022396,28.015172559573838,35.694943440862815,-4.518275173123562,92.00267051601129,183.95934736237618,air_0,air,1,0,2026-09-11T12:25:49,,,,,,,,,,,,,,,,,
sym,5004589.300787524,67.88024381026128,27.12719854937132,,,True,4.229156099567599,1.0490309244934841,-4.229156099567599,86.25487166022396,28.015172559573838,35.694943440862815,-4.518275173123562,92.00267051601129,183.95934736237618,air_0,air,1,0,2026-09-11T12:25:49,,,0.03943518041923866,True,391.0,,,,,,,,,,,,
sym_lin,5004591.824526742,66.00921132666333,26.379458561700172,,,True,4.229156099567599,1.0490309244934841,-4.229156099567599,86.25487166022396,28.015172559573838,35.694943440862815,-4.518275173123562,92.00267051601129,183.95934736237618,air_0,air,1,0,2026-09-11T12:25:49,,,0.030767123238312922,True,391.0,,,,,,,,,,,,
psl,5004598.269914287,65.52094916670823,26.184299171661742,,,True,4.229156099567599,1.0490309244934841,-4.229156099567599,86.25487166022396,28.015172559573838,35.694943440862815,-4.518275173123562,92.00267051601129,183.95934736237618,air_0,air,1,0,2026-09-11T12:25:49,,,0.025294499720583754,True,391.0,-7.943140410227101,True,ok,0.030879835819571443,-0.0014264684302917206,-4.549002179455878,1.7300857128575444,1.0048087143947453,0.9955040082697982,,,
circle,5004604.813412883,64.85002355278215,25.916141621802808,,,True,4.229156099567599,1.0490309244934841,-4.229156099567599,86.25487166022396,28.015172559573838,35.694943440862815,-4.518275173123562,92.00267051601129,183.95934736237618,air_0,air,1,0,2026-09-11T12:25:49,,,0.03610187846789954,,,,,,,,,,,,-15.89953667087494,37.89914507379906,-4.3806000252573984e-11
mag_argmax,14988759.0,134.7542256200686,17.980704822870074,71.82895946130157,14988742.916685648,True,4.852009731156759,1.061041180534326,-4.852009731156759,79.48748187182044,19.11512854179676,52.314584116628865,-5.999309845709026,76.89202197928397,153.74560435417902,air_0,air,3,0,2026-09-11T12:25:51,,,,,,,,,,,,,,,,,
argmax_hh,14988747.0,78.04450768139213,10.413746750331049,,,True,4.852009731156759,1.061041180534326,-4.852009731156759,79.48748187182044,19.11512854179676,52.314584116628865,-5.999309845709026,76.89202197928397,153.74560435417902,air_0,air,3,0,2026-09-11T12:25:51,False,0.0031410044526186793,,,,,,,,,,,,,,,
midpoint,14988728.132076915,78.04450768139213,10.413759859233352,,,True,4.852009731156759,1.061041180534326,-4.852009731156759,79.48748187182044,19.11512854179676,52.314584116628865,-5.999309845709026,76.89202197928397,153.74560435417902,air_0,air,3,0,2026-09-11T12:25:51,,,,,,,,,,,,,,,,,
sym,14988729.216257226,83.71516584223383,11.17041540138491,,,True,4.852009731156759,1.061041180534326,-4.852009731156759,79.48748187182044,19.11512854179676,52.314584116628865,-5.999309845709026,76.89202197928397,153.74560435417902,air_0,air,3,0,2026-09-11T12:25:51,,,0.05370705392620496,True,469.0,,,,,,,,,,,,
sym_lin,14988735.301174296,77.06221269427347,10.282683781631132,,,True,4.852009731156759,1.061041180534326,-4.852009731156759,79.48748187182044,19.11512854179676,52.314584116628865,-5.999309845709026,76.89202197928397,153.74560435417902,air_0,air,3,0,2026-09-11T12:25:51,,,0.0302456028229039,True,469.0,,,,,,,,,,,,
psl,14988748.638462093,76.10465252800186,10.154904103563712,,,True,4.852009731156759,1.061041180534326,-4.852009731156759,79.48748187182044,19.11512854179676,52.314584116628865,-5.999309845709026,76.89202197928397,153.74560435417902,air_0,air,3,0,2026-09-11T12:25:51,,,0.015653205634984145,True,469.0,-14.450519779288836,True,ok,0.020157911205402494,-0.0002979553924485828,-9.648342938078974,-1.6384620927274227,1.015945358476329,1.025489310954761,,,
circle,14988753.03926191,76.18434855153562,10.16553523191375,,,True,4.852009731156759,1.061041180534326,-4.852009731156759,79.48748187182044,19.11512854179676,52.314584116628865,-5.999309845709026,76.89202197928397,153.74560435417902,air_0,air,3,0,2026-09-11T12:25:51,,,0.0270834527036841,,,,,,,,,,,,-19.22593670974882,54.23490075359139,-1.842646881072257e-11
mag_argmax,24973714.0,160.96996379084885,12.891151375470132,88.83912466466427,24973690.49882243,True,6.419321613791018,1.0949567824856488,-6.419321613791018,67.60256029906228,10.511558073780725,95.13337537413489,-8.991325463337956,55.08306422989166,110.11106375045654,air_0,air,5,0,2026-09-11T12:25:53,,,,,,,,,,,,,,,,,
argmax_hh,24973703.0,108.9627108424902,8.726195778214404,,,True,6.419321613791018,1.0949567824856488,-6.419321613791018,67.60256029906228,10.511558073780725,95.13337537413489,-8.991325463337956,55.08306422989166,110.11106375045654,air_0,air,5,0,2026-09-11T12:25:53,False,0.019155074336028543,,,,,,,,,,,,,,,
midpoint,24973675.206421975,108.9627108424902,8.726205489728677,,,True,6.419321613791018,1.0949567824856488,-6.419321613791018,67.60256029906228,10.511558073780725,95.13337537413489,-8.991325463337956,55.08306422989166,110.11106375045654,air_0,air,5,0,2026-09-11T12:25:53,,,,,,,,,,,,,,,,,
sym,24973675.47507242,121.22836949806903,9.708492417872062,,,True,6.419321613791018,1.0949567824856488,-6.419321613791018,67.60256029906228,10.511558073780725,95.13337537413489,-8.991325463337956,55.08306422989166,110.11106375045654,air_0,air,5,0,2026-09-11T12:25:53,,,0.07201908960366983,True,653.0,,,,,,,,,,,,
sym_lin,24973688.515043434,104.77374828315315,8.390730766105332,,,True,6.419321613791018,1.0949567824856488,-6.419321613791018,67.60256029906228,10.511558073780725,95.13337537413489,-8.991325463337956,55.08306422989166,110.11106375045654,air_0,air,5,0,2026-09-11T12:25:53,,,0.03491680710405051,True,653.0,,,,,,,,,,,,
psl,24973714.28835419,103.26712869423802,8.270065678007203,,,True,6.419321613791018,1.0949567824856488,-6.419321613791018,67.60256029906228,10.511558073780725,95.13337537413489,-8.991325463337956,55.08306422989166,110.11106375045654,air_0,air,5,0,2026-09-11T12:25:53,,,0.011963767472352222,True,653.0,-20.632856593606423,True,ok,0.0110140550586697,8.144712873003592e-05,-18.797406964598085,-11.288354188203812,1.0326023759578784,1.05515387345683,,,
circle,24973719.77103866,104.49243010739588,8.368191127744845,,,True,6.419321613791018,1.0949567824856488,-6.419321613791018,67.60256029906228,10.511558073780725,95.13337537413489,-8.991325463337956,55.08306422989166,110.11106375045654,air_0,air,5,0,2026-09-11T12:25:53,,,0.011264576435954389,,,,,,,,,,,,-23.286613789882566,95.11859716246371,-5.96045500858471e-12
mag_argmax,34957591.0,185.83879905939102,10.632242883063139,97.2405508980155,34957552.37865456,True,5.65562102996322,1.0900406392562592,-5.65562102996322,62.8118711359556,6.405743136016962,156.10991242802027,-12.008321293461488,38.54710632785175,77.0556783941295,air_0,air,7,0,2026-09-11T12:25:55,,,,,,,,,,,,,,,,,
argmax_hh,34957591.0,155.70559172332287,8.908256391198288,,,True,5.65562102996322,1.0900406392562592,-5.65562102996322,62.8118711359556,6.405743136016962,156.10991242802027,-12.008321293461488,38.54710632785175,77.0556783941295,air_0,air,7,0,2026-09-11T12:25:55,False,0.04641231012130437,,,,,,,,,,,,,,,
midpoint,34957555.52849779,155.70559172332287,8.908265430424041,,,True,5.65562102996322,1.0900406392562592,-5.65562102996322,62.8118711359556,6.405743136016962,156.10991242802027,-12.008321293461488,38.54710632785175,77.0556783941295,air_0,air,7,0,2026-09-11T12:25:55,,,,,,,,,,,,,,,,,
sym,34957555.914367706,173.33288703218957,9.916762342126384,,,True,5.65562102996322,1.0900406392562592,-5.65562102996322,62.8118711359556,6.405743136016962,156.10991242802027,-12.008321293461488,38.54710632785175,77.0556783941295,air_0,air,7,0,2026-09-11T12:25:55,,,0.07965742156147462,True,935.0,,,,,,,,,,,,
sym_lin,34957576.83579056,147.56733489907018,8.442652395058833,,,True,5.65562102996322,1.0900406392562592,-5.65562102996322,62.8118711359556,6.405743136016962,156.10991242802027,-12.008321293461488,38.54710632785175,77.0556783941295,air_0,air,7,0,2026-09-11T12:25:55,,,0.036614925710329795,True,935.0,,,,,,,,,,,,
psl,34957617.09475556,144.9420234284156,8.292442990924584,,,True,5.65562102996322,1.0900406392562592,-5.65562102996322,62.8118711359556,6.405743136016962,156.10991242802027,-12.008321293461488,38.54710632785175,77.0556783941295,air_0,air,7,0,2026-09-11T12:25:55,,,0.009969306844148696,True,935.0,-22.896505046733047,True,ok,0.0065220897025054046,0.0002798877463380288,-29.352487975110037,-26.094755560159683,1.0402029409692883,1.0742611979625303,,,
circle,34957627.45121783,144.2456759993411,8.252601021086514,,,True,5.65562102996322,1.0900406392562592,-5.65562102996322,62.8118711359556,6.405743136016962,156.10991242802027,-12.008321293461488,38.54710632785175,77.0556783941295,air_0,air,7,0,2026-09-11T12:25:55,,,0.033442728503071215,,,,,,,,,,,,-27.340565929200483,168.85909354789248,-1.0154114584014263e-12
mag_argmax,44943135.0,231.30722921341658,10.293328634658733,123.11708791553974,44943068.22070667,True,-0.5807087989053272,0.9899639724793036,0.5807087989053272,57.86241595170792,4.905076872019195,203.87040327633966,-13.800413400144434,29.327299898126434,58.62528226886388,air_0,air,9,0,2026-09-11T12:25:47,,,,,,,,,,,,,,,,,
argmax_hh,44943136.0,204.6557310372591,9.10731868097763,,,True,-0.5807087989053272,0.9899639724793036,0.5807087989053272,57.86241595170792,4.905076872019195,203.87040327633966,-13.800413400144434,29.327299898126434,58.62528226886388,air_0,air,9,0,2026-09-11T12:25:47,False,0.12044471161142786,,,,,,,,,,,,,,,
midpoint,44943091.7651121,204.6557310372591,9.107327644785082,,,True,-0.5807087989053272,0.9899639724793036,0.5807087989053272,57.86241595170792,4.905076872019195,203.87040327633966,-13.800413400144434,29.327299898126434,58.62528226886388,air_0,air,9,0,2026-09-11T12:25:47,,,,,,,,,,,,,,,,,
sym,44943087.09185366,238.98252974159493,10.634896052118888,,,True,-0.5807087989053272,0.9899639724793036,0.5807087989053272,57.86241595170792,4.905076872019195,203.87040327633966,-13.800413400144434,29.327299898126434,58.62528226886388,air_0,air,9,0,2026-09-11T12:25:47,,,0.09165796001187626,True,1227.0,,,,,,,,,,,,
sym_lin,44943121.25198745,194.51955191052002,8.656254683331237,,,True,-0.5807087989053272,0.9899639724793036,0.5807087989053272,57.86241595170792,4.905076872019195,203.87040327633966,-13.800413400144434,29.327299898126434,58.62528226886388,air_0,air,9,0,2026-09-11T12:25:47,,,0.041259980989058476,True,1227.0,,,,,,,,,,,,
psl,44943183.3972038,189.89445486265456,8.45042297891471,,,True,-0.5807087989053272,0.9899639724793036,0.5807087989053272,57.86241595170792,4.905076872019195,203.87040327633966,-13.800413400144434,29.327299898126434,58.62528226886388,air_0,air,9,0,2026-09-11T12:25:47,,,0.012083285428838885,True,1227.0,-26.832058228094578,True,ok,0.004744107254298829,0.0005416413942102485,-45.295384284975945,-47.39720380306244,1.055363642640138,1.0777341085882732,,,
circle,44943195.39366094,192.36936525378005,8.560555766843093,,,True,-0.5807087989053272,0.9899639724793036,0.5807087989053272,57.86241595170792,4.905076872019195,203.87040327633966,-13.800413400144434,29.327299898126434,58.62528226886388,air_0,air,9,0,2026-09-11T12:25:47,,,0.07178798235805744,,,,,,,,,,,,-31.814836617357223,245.80882240017067,2.410185241330244e-13
mag_argmax,5004599.0,128.45556882908568,51.33500958981356,71.16511207167059,5004590.557236409,True,4.13719349177788,1.0479627467863768,-4.13719349177788,86.25847702602789,28.010723147125862,35.700613466761155,-4.517941757251705,91.80735902022602,183.6606293718507,air_1,air,1,1,2026-09-11T12:46:32,,,,,,,,,,,,,,,,,
argmax_hh,5004598.0,65.34334571892396,26.11332447438294,,,True,4.13719349177788,1.0479627467863768,-4.13719349177788,86.25847702602789,28.010723147125862,35.700613466761155,-4.517941757251705,91.80735902022602,183.6606293718507,air_1,air,1,1,2026-09-11T12:46:32,False,-0.0003731672830758725,,,,,,,,,,,,,,,
midpoint,5004584.579923576,65.34334571892396,26.113394498738515,,,True,4.13719349177788,1.0479627467863768,-4.13719349177788,86.25847702602789,28.010723147125862,35.700613466761155,-4.517941757251705,91.80735902022602,183.6606293718507,air_1,air,1,1,2026-09-11T12:46:32,,,,,,,,,,,,,,,,,
sym,5004585.510387638,68.08142052035711,27.207616046941624,,,True,4.13719349177788,1.0479627467863768,-4.13719349177788,86.25847702602789,28.010723147125862,35.700613466761155,-4.517941757251705,91.80735902022602,183.6606293718507,air_1,air,1,1,2026-09-11T12:46:32,,,0.0402097759281631,True,393.0,,,,,,,,,,,,
sym_lin,5004588.020786667,66.01708129491837,26.38262371276715,,,True,4.13719349177788,1.0479627467863768,-4.13719349177788,86.25847702602789,28.010723147125862,35.700613466761155,-4.517941757251705,91.80735902022602,183.6606293718507,air_1,air,1,1,2026-09-11T12:46:32,,,0.032000874308756214,True,393.0,,,,,,,,,,,,
psl,5004594.592428041,65.49486713705825,26.17389517870322,,,True,4.13719349177788,1.0479627467863768,-4.13719349177788,86.25847702602789,28.010723147125862,35.700613466761155,-4.517941757251705,91.80735902022602,183.6606293718507,air_1,air,1,1,2026-09-11T12:46:32,,,0.026352187536667616,True,393.0,-8.02415554266815,True,ok,0.03088072514466344,-0.0014018876574697521,-4.593721084228423,3.40757195930928,1.0049073879702073,0.997686514611638,,,
circle,5004601.300294482,64.85724514996538,25.91904579737412,,,True,4.13719349177788,1.0479627467863768,-4.13719349177788,86.25847702602789,28.010723147125862,35.700613466761155,-4.517941757251705,91.80735902022602,183.6606293718507,air_1,air,1,1,2026-09-11T12:46:32,,,0.0342179390504151,,,,,,,,,,,,-16.240236092829832,37.82234997419698,-4.4682772172301145e-11
mag_argmax,14988747.0,134.3684178274125,17.929239559172288,71.13984377868474,14988730.9064473,True,4.7934020879801365,1.0603036357567965,-4.7934020879801365,79.48777926610987,19.138707224518104,52.250133108203144,-5.991633851634959,76.91071386363544,153.82142772727087,air_1,air,3,1,2026-09-11T12:46:24,,,,,,,,,,,,,,,,,
argmax_hh,14988735.0,78.01253815740347,10.409489280770321,,,True,4.7934020879801365,1.0603036357567965,-4.7934020879801365,79.48777926610987,19.138707224518104,52.250133108203144,-5.991633851634959,76.91071386363544,153.82142772727087,air_1,air,3,1,2026-09-11T12:46:24,False,0.003158901131261874,,,,,,,,,,,,,,,
midpoint,14988716.160244873,78.01253815740347,10.409502364761435,,,True,4.7934020879801365,1.0603036357567965,-4.7934020879801365,79.48777926610987,19.138707224518104,52.250133108203144,-5.991633851634959,76.91071386363544,153.82142772727087,air_1,air,3,1,2026-09-11T12:46:24,,,,,,,,,,,,,,,,,
sym,14988717.248802923,83.64547134952718,11.16112472616128,,,True,4.7934020879801365,1.0603036357567965,-4.7934020879801365,79.48777926610987,19.138707224518104,52.250133108203144,-5.991633851634959,76.91071386363544,153.82142772727087,air_1,air,3,1,2026-09-11T12:46:24,,,0.05396996114688229,True,469.0,,,,,,,,,,,,
sym_lin,14988723.345295642,76.98467607048129,10.272345989312516,,,True,4.7934020879801365,1.0603036357567965,-4.7934020879801365,79.48777926610987,19.138707224518104,52.250133108203144,-5.991633851634959,76.91071386363544,153.82142772727087,air_1,air,3,1,2026-09-11T12:46:24,,,0.03054098567560303,True,469.0,,,,,,,,,,,,
psl,14988736.742315333,75.99055144826039,10.13968725379348,,,True,4.7934020879801365,1.0603036357567965,-4.7934020879801365,79.48777926610987,19.138707224518104,52.250133108203144,-5.991633851634959,76.91071386363544,153.82142772727087,air_1,air,3,1,2026-09-11T12:46:24,,,0.01588317225255416,True,469.0,-14.513023878267322,True,ok,0.020176556050362445,-0.0002879810419486328,-9.675995752270772,-1.7423153333365917,1.016083979942203,1.0266083963151629,,,
circle,14988740.97391233,76.16816772838962,10.163384351088478,,,True,4.7934020879801365,1.0603036357567965,-4.7934020879801365,79.48777926610987,19.138707224518104,52.250133108203144,-5.991633851634959,76.91071386363544,153.82142772727087,air_1,air,3,1,2026-09-11T12:46:24,,,0.028037287017539683,,,,,,,,,,,,-19.2495454193886,54.22439479070619,-1.8504540501204968e-11
mag_argmax,24973693.0,159.24247222021222,12.752817312218278,88.15065649524331,24973669.970217712,True,6.424531146268309,1.0951178339785985,-6.424531146268309,67.5428663326567,10.649067784169851,93.9049333019111,-8.916941489990553,55.83989912118067,111.67979824236134,air_1,air,5,1,2026-09-11T12:46:26,,,,,,,,,,,,,,,,,
argmax_hh,24973682.0,107.45005084946752,8.60506278965733,,,True,6.424531146268309,1.0951178339785985,-6.424531146268309,67.5428663326567,10.649067784169851,93.9049333019111,-8.916941489990553,55.83989912118067,111.67979824236134,air_1,air,5,1,2026-09-11T12:46:26,False,0.018901134727291498,,,,,,,,,,,,,,,
midpoint,24973654.712854084,107.45005084946752,8.605072191869647,,,True,6.424531146268309,1.0951178339785985,-6.424531146268309,67.5428663326567,10.649067784169851,93.9049333019111,-8.916941489990553,55.83989912118067,111.67979824236134,air_1,air,5,1,2026-09-11T12:46:26,,,,,,,,,,,,,,,,,
sym,24973654.890782773,119.64274959960787,9.581517012455024,,,True,6.424531146268309,1.0951178339785985,-6.424531146268309,67.5428663326567,10.649067784169851,93.9049333019111,-8.916941489990553,55.83989912118067,111.67979824236134,air_1,air,5,1,2026-09-11T12:46:26,,,0.07211338421122604,True,645.0,,,,,,,,,,,,
sym_lin,24973667.770503987,103.40951056007279,8.281483641918884,,,True,6.424531146268309,1.0951178339785985,-6.424531146268309,67.5428663326567,10.649067784169851,93.9049333019111,-8.916941489990553,55.83989912118067,111.67979824236134,air_1,air,5,1,2026-09-11T12:46:26,,,0.035049912041692596,True,645.0,,,,,,,,,,,,
psl,24973693.25804485,101.87827497936358,8.158847305978279,,,True,6.424531146268309,1.0951178339785985,-6.424531146268309,67.5428663326567,10.649067784169851,93.9049333019111,-8.916941489990553,55.83989912118067,111.67979824236134,air_1,air,5,1,2026-09-11T12:46:26,,,0.012006970758456432,True,645.0,-20.66244996870637,True,ok,0.011154863962707684,8.361257282414551e-05,-18.571781264240723,-11.258044850081205,1.0326965107108657,1.0546905203413834,,,
circle,24973698.464106474,103.09668375667245,8.256420962625818,,,True,6.424531146268309,1.0951178339785985,-6.424531146268309,67.5428663326567,10.649067784169851,93.9049333019111,-8.916941489990553,55.83989912118067,111.67979824236134,air_1,air,5,1,2026-09-11T12:46:26,,,0.010650292620930795,,,,,,,,,,,,-23.2684089549032,93.88860367270738,-6.120695648438489e-12
mag_argmax,34957554.0,190.7733024097979,10.91456813081361,101.17930104583502,34957516.00394812,True,5.552882453613717,1.0884065343950247,-5.552882453613717,62.810769493597775,6.236982967834105,160.3339315110021,-12.182617596668244,37.423565861472234,74.7723344560661,air_1,air,7,1,2026-09-11T12:46:28,,,,,,,,,,,,,,,,,
argmax_hh,34957554.0,160.43366958200932,9.178769749279901,,,True,5.552882453613717,1.0884065343950247,-5.552882453613717,62.810769493597775,6.236982967834105,160.3339315110021,-12.182617596668244,37.423565861472234,74.7723344560661,air_1,air,7,1,2026-09-11T12:46:28,False,0.04793632628794503,,,,,,,,,,,,,,,
midpoint,34957521.00775191,160.43366958200932,9.178778412029432,,,True,5.552882453613717,1.0884065343950247,-5.552882453613717,62.810769493597775,6.236982967834105,160.3339315110021,-12.182617596668244,37.423565861472234,74.7723344560661,air_1,air,7,1,2026-09-11T12:46:28,,,,,,,,,,,,,,,,,
sym,34957521.602144875,176.79170095104928,10.114658754309511,,,True,5.552882453613717,1.0884065343950247,-5.552882453613717,62.810769493597775,6.236982967834105,160.3339315110021,-12.182617596668244,37.423565861472234,74.7723344560661,air_1,air,7,1,2026-09-11T12:46:28,,,0.08003387765073428,True,963.0,,,,,,,,,,,,
sym_lin,34957542.88883132,151.98977484697184,8.695678373638296,,,True,5.552882453613717,1.0884065343950247,-5.552882453613717,62.810769493597775,6.236982967834105,160.3339315110021,-12.182617596668244,37.423565861472234,74.7723344560661,air_1,air,7,1,2026-09-11T12:46:28,,,0.03635562826450122,True,963.0,,,,,,,,,,,,
psl,34957584.168453254,149.11513968316808,8.531203927858032,,,True,5.552882453613717,1.0884065343950247,-5.552882453613717,62.810769493597775,6.236982967834105,160.3339315110021,-12.182617596668244,37.423565861472234,74.7723344560661,air_1,air,7,1,2026-09-11T12:46:28,,,0.009925345633685726,True,963.0,-22.83151469236413,True,ok,0.006345241213136359,0.0002792980340974835,-30.109565227525657,-30.168453253805637,1.039973390189318,1.075904632640859,,,
circle,34957594.91006156,148.03876270576689,8.469619439588968,,,True,5.552882453613717,1.0884065343950247,-5.552882453613717,62.810769493597775,6.236982967834105,160.3339315110021,-12.182617596668244,37.423565861472234,74.7723344560661,air_1,air,7,1,2026-09-11T12:46:28,,,0.03367274576326061,,,,,,,,,,,,-27.29378569469603,173.70008889685442,-8.78238662640806e-13
mag_argmax,44943100.0,229.13001092523336,10.196448884266255,122.00021985918283,44943032.258369416,True,-0.6366455330992116,0.9889843555651666,0.6366455330992116,57.79466983211903,4.942566719383943,202.32402651807666,-13.747873518869191,29.535521035268662,59.08581229275866,air_1,air,9,1,2026-09-11T12:46:30,,,,,,,,,,,,,,,,,
argmax_hh,44943100.0,203.1113652214408,9.038600595928665,,,True,-0.6366455330992116,0.9889843555651666,0.6366455330992116,57.79466983211903,4.942566719383943,202.32402651807666,-13.747873518869191,29.535521035268662,59.08581229275866,air_1,air,9,1,2026-09-11T12:46:30,False,0.1197292870516442,,,,,,,,,,,,,,,
midpoint,44943054.81913545,203.1113652214408,9.03860968235572,,,True,-0.6366455330992116,0.9889843555651666,0.6366455330992116,57.79466983211903,4.942566719383943,202.32402651807666,-13.747873518869191,29.535521035268662,59.08581229275866,air_1,air,9,1,2026-09-11T12:46:30,,,,,,,,,,,,,,,,,
sym,44943050.42472005,237.06358664755763,10.549510298355957,,,True,-0.6366455330992116,0.9889843555651666,0.6366455330992116,57.79466983211903,4.942566719383943,202.32402651807666,-13.747873518869191,29.535521035268662,59.08581229275866,air_1,air,9,1,2026-09-11T12:46:30,,,0.09167148727027082,True,1219.0,,,,,,,,,,,,
sym_lin,44943084.22610228,192.71656995318529,8.576027803684125,,,True,-0.6366455330992116,0.9889843555651666,0.6366455330992116,57.79466983211903,4.942566719383943,202.32402651807666,-13.747873518869191,29.535521035268662,59.08581229275866,air_1,air,9,1,2026-09-11T12:46:30,,,0.04177761626857937,True,1219.0,,,,,,,,,,,,
psl,44943145.96781118,188.01431659303734,8.366762608371717,,,True,-0.6366455330992116,0.9889843555651666,0.6366455330992116,57.79466983211903,4.942566719383943,202.32402651807666,-13.747873518869191,29.535521035268662,59.08581229275866,air_1,air,9,1,2026-09-11T12:46:30,,,0.01238717170471218,True,1219.0,-26.84062486945335,True,ok,0.004781749044791322,0.0005471046143077841,-44.861771847786855,-45.967811182141304,1.0553993643426807,1.0802973353411245,,,
circle,44943157.86849576,190.71353880246744,8.486877551439425,,,True,-0.6366455330992116,0.9889843555651666,0.6366455330992116,57.79466983211903,4.942566719383943,202.32402651807666,-13.747873518869191,29.535521035268662,59.08581229275866,air_1,air,9,1,2026-09-11T12:46:30,,,0.07109615084676366,,,,,,,,,,,,-31.879180658968988,243.8049408021312,2.1310991974587557e-13
mag_argmax,5004598.0,128.59461752464995,51.39058822492834,71.41699863784015,5004590.158284534,True,4.002483224856368,1.046394698246604,-4.002483224856368,86.27027173626125,28.00859279600752,35.70332887779156,-4.519158519524258,91.51030561582176,183.02061123164353,air_2,air,1,2,2026-09-11T12:50:12,,,,,,,,,,,,,,,,,
argmax_hh,5004597.0,65.56638577068225,26.202463763089114,,,True,4.002483224856368,1.046394698246604,-4.002483224856368,86.27027173626125,28.00859279600752,35.70332887779156,-4.519158519524258,91.51030561582176,183.02061123164353,air_2,air,1,2,2026-09-11T12:50:12,False,-0.0003451699294147385,,,,,,,,,,,,,,,
midpoint,5004584.090541542,65.56638577068225,26.20253135304491,,,True,4.002483224856368,1.046394698246604,-4.002483224856368,86.27027173626125,28.00859279600752,35.70332887779156,-4.519158519524258,91.51030561582176,183.02061123164353,air_2,air,1,2,2026-09-11T12:50:12,,,,,,,,,,,,,,,,,
sym,5004585.045557999,68.31263777943337,27.300020744004232,,,True,4.002483224856368,1.046394698246604,-4.002483224856368,86.27027173626125,28.00859279600752,35.70332887779156,-4.519158519524258,91.51030561582176,183.02061123164353,air_2,air,1,2,2026-09-11T12:50:12,,,0.04036179171804349,True,393.0,,,,,,,,,,,,
sym_lin,5004587.574191906,66.29288756436192,26.49284744510292,,,True,4.002483224856368,1.046394698246604,-4.002483224856368,86.27027173626125,28.00859279600752,35.70332887779156,-4.519158519524258,91.51030561582176,183.02061123164353,air_2,air,1,2,2026-09-11T12:50:12,,,0.032114487390867454,True,393.0,,,,,,,,,,,,
psl,5004594.154180519,65.75709961605317,26.2786941718836,,,True,4.002483224856368,1.046394698246604,-4.002483224856368,86.27027173626125,28.00859279600752,35.70332887779156,-4.519158519524258,91.51030561582176,183.02061123164353,air_2,air,1,2,2026-09-11T12:50:12,,,0.0265316633681789,True,393.0,-8.020574951470213,True,ok,0.030906736625448055,-0.001415287774556347,-4.610048928348952,2.845819480717182,1.004903005717291,0.9970997223648173,,,
circle,5004601.0632542875,65.06383973323175,26.001608883855127,,,True,4.002483224856368,1.046394698246604,-4.002483224856368,86.27027173626125,28.00859279600752,35.70332887779156,-4.519158519524258,91.51030561582176,183.02061123164353,air_2,air,1,2,2026-09-11T12:50:12,,,0.034494563284491346,,,,,,,,,,,,-16.462834308211406,37.86249791375292,-4.466909532024289e-11
mag_argmax,14988745.0,134.24120468925685,17.912267463254175,71.37012903951108,14988729.377660692,True,4.802462907806926,1.0604235919266212,-4.802462907806926,79.47993084620114,19.171683935464234,52.16025902399614,-5.988043307575071,77.06799686144934,154.09746614573083,air_2,air,3,2,2026-09-11T12:50:14,,,,,,,,,,,,,,,,,
argmax_hh,14988733.0,77.86630306206644,10.389978000417571,,,True,4.802462907806926,1.0604235919266212,-4.802462907806926,79.47993084620114,19.171683935464234,52.16025902399614,-5.988043307575071,77.06799686144934,154.09746614573083,air_2,air,3,2,2026-09-11T12:50:14,False,0.0031450431400264107,,,,,,,,,,,,,,,
midpoint,14988714.53232805,77.86630306206644,10.389990801962686,,,True,4.802462907806926,1.0604235919266212,-4.802462907806926,79.47993084620114,19.171683935464234,52.16025902399614,-5.988043307575071,77.06799686144934,154.09746614573083,air_2,air,3,2,2026-09-11T12:50:14,,,,,,,,,,,,,,,,,
sym,14988715.641337717,83.46666260501006,11.137266808213436,,,True,4.802462907806926,1.0604235919266212,-4.802462907806926,79.47993084620114,19.171683935464234,52.16025902399614,-5.988043307575071,77.06799686144934,154.09746614573083,air_2,air,3,2,2026-09-11T12:50:14,,,0.053868444488052725,True,467.0,,,,,,,,,,,,
sym_lin,14988721.737455081,76.8679418314093,10.25677081446181,,,True,4.802462907806926,1.0604235919266212,-4.802462907806926,79.47993084620114,19.171683935464234,52.16025902399614,-5.988043307575071,77.06799686144934,154.09746614573083,air_2,air,3,2,2026-09-11T12:50:14,,,0.030234580908887122,True,467.0,,,,,,,,,,,,
psl,14988735.064636903,75.88434303061672,10.125516623434292,,,True,4.802462907806926,1.0604235919266212,-4.802462907806926,79.47993084620114,19.171683935464234,52.16025902399614,-5.988043307575071,77.06799686144934,154.09746614573083,air_2,air,3,2,2026-09-11T12:50:14,,,0.015617110293411573,True,467.0,-14.494722767440383,True,ok,0.02020231536991573,-0.0002873062420822216,-9.650156539685558,-2.064636902883649,1.0160433291348965,1.026118168152949,,,
circle,14988739.421379566,75.99033106109668,10.1396560344102,,,True,4.802462907806926,1.0604235919266212,-4.802462907806926,79.47993084620114,19.171683935464234,52.16025902399614,-5.988043307575071,77.06799686144934,154.09746614573083,air_2,air,3,2,2026-09-11T12:50:14,,,0.027908968901423498,,,,,,,,,,,,-19.27638299086454,54.15034403015347,-1.8554806410852434e-11
mag_argmax,24973690.0,159.89390595071018,12.804988445897276,89.1819342598319,24973666.999086574,True,6.425986750402601,1.0951288169155167,-6.425986750402601,67.55036968565983,10.637242325055876,94.00932774131824,-8.923476363733592,55.7971998837819,111.56650581661374,air_2,air,5,2,2026-09-11T12:50:16,,,,,,,,,,,,,,,,,
argmax_hh,24973679.0,107.55019987560809,8.613084189606832,,,True,6.425986750402601,1.0951288169155167,-6.425986750402601,67.55036968565983,10.637242325055876,94.00932774131824,-8.923476363733592,55.7971998837819,111.56650581661374,air_2,air,5,2,2026-09-11T12:50:16,False,0.018903379956997323,,,,,,,,,,,,,,,
midpoint,24973651.62423773,107.55019987560809,8.613093631147411,,,True,6.425986750402601,1.0951288169155167,-6.425986750402601,67.55036968565983,10.637242325055876,94.00932774131824,-8.923476363733592,55.7971998837819,111.56650581661374,air_2,air,5,2,2026-09-11T12:50:16,,,,,,,,,,,,,,,,,
sym,24973651.74777605,119.7721893883276,9.591884326567783,,,True,6.425986750402601,1.0951288169155167,-6.425986750402601,67.55036968565983,10.637242325055876,94.00932774131824,-8.923476363733592,55.7971998837819,111.56650581661374,air_2,air,5,2,2026-09-11T12:50:16,,,0.0717740862575292,True,645.0,,,,,,,,,,,,
sym_lin,24973664.572493013,103.60219938206639,8.29691606382653,,,True,6.425986750402601,1.0951288169155167,-6.425986750402601,67.55036968565983,10.637242325055876,94.00932774131824,-8.923476363733592,55.7971998837819,111.56650581661374,air_2,air,5,2,2026-09-11T12:50:16,,,0.03485125626695316,True,645.0,,,,,,,,,,,,
psl,24973689.94888569,102.13245649852756,8.17920433124338,,,True,6.425986750402601,1.0951288169155167,-6.425986750402601,67.55036968565983,10.637242325055876,94.00932774131824,-8.923476363733592,55.7971998837819,111.56650581661374,air_2,air,5,2,2026-09-11T12:50:16,,,0.01204158241349064,True,645.0,-20.546590753569337,True,ok,0.011154703490194186,7.287526172657251e-05,-18.511442814009055,-10.948885690420866,1.032328757767122,1.0530462456580454,,,
circle,24973695.38716711,103.21388947792028,8.265808313731366,,,True,6.425986750402601,1.0951288169155167,-6.425986750402601,67.55036968565983,10.637242325055876,94.00932774131824,-8.923476363733592,55.7971998837819,111.56650581661374,air_2,air,5,2,2026-09-11T12:50:16,,,0.011131337609750238,,,,,,,,,,,,-23.207884777638675,93.86743183480203,-6.085142878166809e-12
mag_argmax,34957552.0,190.15157664194703,10.87899842883432,98.02989082038403,34957511.124931574,True,5.560572457631507,1.0885236012110884,-5.560572457631507,62.81457579173812,6.249334940751646,160.01702732862705,-12.169661541300078,37.498051487751766,74.99610297550353,air_2,air,7,2,2026-09-11T12:50:18,,,,,,,,,,,,,,,,,
argmax_hh,34957552.0,160.00831408426166,9.154434731829143,,,True,5.560572457631507,1.0885236012110884,-5.560572457631507,62.81457579173812,6.249334940751646,160.01702732862705,-12.169661541300078,37.498051487751766,74.99610297550353,air_2,air,7,2,2026-09-11T12:50:18,False,0.047789181136441705,,,,,,,,,,,,,,,
midpoint,34957515.84410617,160.00831408426166,9.15444420008689,,,True,5.560572457631507,1.0885236012110884,-5.560572457631507,62.81457579173812,6.249334940751646,160.01702732862705,-12.169661541300078,37.498051487751766,74.99610297550353,air_2,air,7,2,2026-09-11T12:50:18,,,,,,,,,,,,,,,,,
sym,34957516.300499074,177.85739561263512,10.175631133731082,,,True,5.560572457631507,1.0885236012110884,-5.560572457631507,62.81457579173812,6.249334940751646,160.01702732862705,-12.169661541300078,37.498051487751766,74.99610297550353,air_2,air,7,2,2026-09-11T12:50:18,,,0.07966725966171938,True,961.0,,,,,,,,,,,,
sym_lin,34957537.78681305,151.45356138407132,8.665001654733462,,,True,5.560572457631507,1.0885236012110884,-5.560572457631507,62.81457579173812,6.249334940751646,160.01702732862705,-12.169661541300078,37.498051487751766,74.99610297550353,air_2,air,7,2,2026-09-11T12:50:18,,,0.03651955475827292,True,961.0,,,,,,,,,,,,
psl,34957579.11424103,148.76281705607684,8.511048008783527,,,True,5.560572457631507,1.0885236012110884,-5.560572457631507,62.81457579173812,6.249334940751646,160.01702732862705,-12.169661541300078,37.498051487751766,74.99610297550353,air_2,air,7,2,2026-09-11T12:50:18,,,0.009659037538046361,True,961.0,-22.904344449002203,True,ok,0.006343303957557296,0.00028544178038402053,-30.13683887942597,-27.114241026341915,1.0402306757526139,1.0755934665041047,,,
circle,34957589.64235893,148.15722147836232,8.47639800078417,,,True,5.560572457631507,1.0885236012110884,-5.560572457631507,62.81457579173812,6.249334940751646,160.01702732862705,-12.169661541300078,37.498051487751766,74.99610297550353,air_2,air,7,2,2026-09-11T12:50:18,,,0.03430769466981321,,,,,,,,,,,,-27.302563867168246,173.68730454911483,-8.719146225160265e-13
mag_argmax,44943094.0,229.37828543782234,10.207498639849867,122.14928933978081,44943026.7133721,True,-0.6470866983143919,0.988804243371908,0.6470866983143919,57.797495945092045,4.941207509019938,202.37968111530387,-13.749743746124807,29.511122217228362,59.022244434456724,air_2,air,9,2,2026-09-11T12:50:19,,,,,,,,,,,,,,,,,
argmax_hh,44943094.0,203.31317649781704,9.047582549515484,,,True,-0.6470866983143919,0.988804243371908,0.6470866983143919,57.797495945092045,4.941207509019938,202.37968111530387,-13.749743746124807,29.511122217228362,59.022244434456724,air_2,air,9,2,2026-09-11T12:50:19,False,0.11979725524334692,,,,,,,,,,,,,,,
midpoint,44943049.35596696,203.31317649781704,9.047591536902411,,,True,-0.6470866983143919,0.988804243371908,0.6470866983143919,57.797495945092045,4.941207509019938,202.37968111530387,-13.749743746124807,29.511122217228362,59.022244434456724,air_2,air,9,2,2026-09-11T12:50:19,,,,,,,,,,,,,,,,,
sym,44943044.98894229,237.1267476424902,10.552322287056093,,,True,-0.6470866983143919,0.988804243371908,0.6470866983143919,57.797495945092045,4.941207509019938,202.37968111530387,-13.749743746124807,29.511122217228362,59.022244434456724,air_2,air,9,2,2026-09-11T12:50:19,,,0.09173857362651541,True,1219.0,,,,,,,,,,,,
sym_lin,44943078.81040428,192.97336461020927,8.587456387858152,,,True,-0.6470866983143919,0.988804243371908,0.6470866983143919,57.797495945092045,4.941207509019938,202.37968111530387,-13.749743746124807,29.511122217228362,59.022244434456724,air_2,air,9,2,2026-09-11T12:50:19,,,0.04181631162971307,True,1219.0,,,,,,,,,,,,
psl,44943140.59148813,188.14923504818742,8.372767571290796,,,True,-0.6470866983143919,0.988804243371908,0.6470866983143919,57.797495945092045,4.941207509019938,202.37968111530387,-13.749743746124807,29.511122217228362,59.022244434456724,air_2,air,9,2,2026-09-11T12:50:19,,,0.012457839409993265,True,1219.0,-26.84071207147271,True,ok,0.004780686743309202,0.0005470485368081718,-44.894115837439,-46.591488130390644,1.0553997280241314,1.0805952862138712,,,
circle,44943152.54073974,190.79466601805547,8.490488772237565,,,True,-0.6470866983143919,0.988804243371908,0.6470866983143919,57.797495945092045,4.941207509019938,202.37968111530387,-13.749743746124807,29.511122217228362,59.022244434456724,air_2,air,9,2,2026-09-11T12:50:19,,,0.07104654360713511,,,,,,,,,,,,-31.90410163497028,243.8976139191382,2.1460935064043175e-13
mag_argmax,5003529.0,1211.579386212863,484.28994264362734,675.5716902781278,5003370.355501063,True,-3.534366778593534,0.9566495323044184,3.534366778593534,81.53007260297147,1.170782603090697,854.1295346891425,-24.768943186770937,4.668797707756672,9.337595415513343,ipa_0,ipa,1,0,2026-09-11T13:20:02,,,,,,,,,,,,,,,,,
argmax_hh,5003557.0,1285.1274301372468,513.6855361644714,,,True,-3.534366778593534,0.9566495323044184,3.534366778593534,81.53007260297147,1.170782603090697,854.1295346891425,-24.768943186770937,4.668797707756672,9.337595415513343,ipa_0,ipa,1,0,2026-09-11T13:20:02,False,0.037107936896491826,,,,,,,,,,,,,,,
midpoint,5003553.369045207,1285.1274301372468,513.6859089333461,,,True,-3.534366778593534,0.9566495323044184,3.534366778593534,81.53007260297147,1.170782603090697,854.1295346891425,-24.768943186770937,4.668797707756672,9.337595415513343,ipa_0,ipa,1,0,2026-09-11T13:20:02,,,,,,,,,,,,,,,,,
sym,5003549.647373458,1302.3891135615002,520.5860660322099,,,True,-3.534366778593534,0.9566495323044184,3.534366778593534,81.53007260297147,1.170782603090697,854.1295346891425,-24.768943186770937,4.668797707756672,9.337595415513343,ipa_0,ipa,1,0,2026-09-11T13:20:02,,,0.019749561874966518,True,7711.0,,,,,,,,,,,,
sym_lin,5003583.968017937,1297.8307334364745,518.7604492028072,,,True,-3.534366778593534,0.9566495323044184,3.534366778593534,81.53007260297147,1.170782603090697,854.1295346891425,-24.768943186770937,4.668797707756672,9.337595415513343,ipa_0,ipa,1,0,2026-09-11T13:20:02,,,0.00887829462042285,True,7711.0,,,,,,,,,,,,
psl,5003657.868084204,1296.4125287946283,518.1859203698904,,,True,-3.534366778593534,0.9566495323044184,3.534366778593534,81.53007260297147,1.170782603090697,854.1295346891425,-24.768943186770937,4.668797707756672,9.337595415513343,ipa_0,ipa,1,0,2026-09-11T13:20:02,,,0.005134184804353535,True,7711.0,-4.994508195527053,True,ok,0.0011602124030171419,2.3962631764725785e-05,-56.54034448179459,-100.8680842043832,1.0019002818324516,0.991295132986817,,,
circle,5003663.486316417,1393.3238185346274,556.9214725750314,,,True,-3.534366778593534,0.9566495323044184,3.534366778593534,81.53007260297147,1.170782603090697,854.1295346891425,-24.768943186770937,4.668797707756672,9.337595415513343,ipa_0,ipa,1,0,2026-09-11T13:20:02,,,0.08138377641710391,,,,,,,,,,,,-3.6880660168635395,962.2654621487638,2.628867327374205e-12
mag_argmax,14986303.0,2775.4064666396007,370.39241321086337,1156.6665073223412,14985020.770270478,False,0.0,0.7755627862899651,16.73796043842204,74.57747385888912,0.782286659670562,1278.3037875414134,-27.2539609401133,3.595303393966268,7.187012682573689,ipa_0,ipa,3,0,2026-09-11T13:20:04,,,,,,,,,,,,,,,,,
argmax_hh,14986827.0,1669.4001429956406,222.7823331777488,,,False,0.0,0.7755627862899651,16.73796043842204,74.57747385888912,0.782286659670562,1278.3037875414134,-27.2539609401133,3.595303393966268,7.187012682573689,ipa_0,ipa,3,0,2026-09-11T13:20:04,False,0.14846359310369267,,,,,,,,,,,,,,,
midpoint,14986641.85435103,1669.4001429956406,222.78508544073446,,,False,0.0,0.7755627862899651,16.73796043842204,74.57747385888912,0.782286659670562,1278.3037875414134,-27.2539609401133,3.595303393966268,7.187012682573689,ipa_0,ipa,3,0,2026-09-11T13:20:04,,,,,,,,,,,,,,,,,
sym,14986636.137795355,1831.727056742691,244.44805891072386,,,False,0.0,0.7755627862899651,16.73796043842204,74.57747385888912,0.782286659670562,1278.3037875414134,-27.2539609401133,3.595303393966268,7.187012682573689,ipa_0,ipa,3,0,2026-09-11T13:20:04,,,0.05092761778106078,True,10017.0,,,,,,,,,,,,
sym_lin,14986781.88435614,1721.5029011714335,229.73616543634543,,,False,0.0,0.7755627862899651,16.73796043842204,74.57747385888912,0.782286659670562,1278.3037875414134,-27.2539609401133,3.595303393966268,7.187012682573689,ipa_0,ipa,3,0,2026-09-11T13:20:04,,,0.017199303309818652,True,10017.0,,,,,,,,,,,,
psl,14987057.390462277,1717.8583671369931,229.2455846909926,,,False,0.0,0.7755627862899651,16.73796043842204,74.57747385888912,0.782286659670562,1278.3037875414134,-27.2539609401133,3.595303393966268,7.187012682573689,ipa_0,ipa,3,0,2026-09-11T13:20:04,,,0.001640506823508244,True,10017.0,-14.348159796824675,True,ok,0.0007104791328807126,8.197805913803729e-05,-216.22647845701223,-230.39046227745712,1.0157196512743154,0.9717914904579045,,,
circle,14987204.434322413,1501.4817406315426,200.3684872934645,,,False,0.0,0.7755627862899651,16.73796043842204,74.57747385888912,0.782286659670562,1278.3037875414134,-27.2539609401133,3.595303393966268,7.187012682573689,ipa_0,ipa,3,0,2026-09-11T13:20:04,,,0.14846363825208928,,,,,,,,,,,,-26.656019286913633,1791.761697546416,4.359120133926251e-12
mag_argmax,24970196.0,,,1892.008974865079,,False,0.0,0.48848493561971607,32.25978918802843,63.06713415588678,0.7057661078678894,1416.9000024965603,-26.863993369692004,2.9615056815946503,5.92005084434732,ipa_0,ipa,5,0,2026-09-11T13:20:06,,,,,,,,,,,,,,,,,
argmax_hh,24971116.0,2026.671782972291,162.32128215433312,,,False,0.0,0.48848493561971607,32.25978918802843,63.06713415588678,0.7057661078678894,1416.9000024965603,-26.863993369692004,2.9615056815946503,5.92005084434732,ipa_0,ipa,5,0,2026-09-11T13:20:06,False,0.41688138293398563,,,,,,,,,,,,,,,
midpoint,24970782.931018293,2026.671782972291,162.3234472520117,,,False,0.0,0.48848493561971607,32.25978918802843,63.06713415588678,0.7057661078678894,1416.9000024965603,-26.863993369692004,2.9615056815946503,5.92005084434732,ipa_0,ipa,5,0,2026-09-11T13:20:06,,,,,,,,,,,,,,,,,
sym,24970664.634645786,2672.354332370878,214.03950367128752,,,False,0.0,0.48848493561971607,32.25978918802843,63.06713415588678,0.7057661078678894,1416.9000024965603,-26.863993369692004,2.9615056815946503,5.92005084434732,ipa_0,ipa,5,0,2026-09-11T13:20:06,,,0.08088552773683809,True,12083.0,,,,,,,,,,,,
sym_lin,24971045.26736358,2178.3130318655153,174.46710848844648,,,False,0.0,0.48848493561971607,32.25978918802843,63.06713415588678,0.7057661078678894,1416.9000024965603,-26.863993369692004,2.9615056815946503,5.92005084434732,ipa_0,ipa,5,0,2026-09-11T13:20:06,,,0.02432281163417655,True,12083.0,,,,,,,,,,,,
psl,24971627.630989783,2171.553335136071,173.9216495797153,,,False,0.0,0.48848493561971607,32.25978918802843,63.06713415588678,0.7057661078678894,1416.9000024965603,-26.863993369692004,2.9615056815946503,5.92005084434732,ipa_0,ipa,5,0,2026-09-11T13:20:06,,,0.0023865793022222826,True,12083.0,-24.641097639063734,True,ok,0.0004835140431922291,0.0002440066483653675,-474.2911010047435,-511.6309897825122,1.0466167951891447,0.9332820659665255,,,
circle,24971739.16722227,2046.6857471381475,163.92016058093486,,,False,0.0,0.48848493561971607,32.25978918802843,63.06713415588678,0.7057661078678894,1416.9000024965603,-26.863993369692004,2.9615056815946503,5.92005084434732,ipa_0,ipa,5,0,2026-09-11T13:20:06,,,0.09301770538126743,,,,,,,,,,,,-27.904041540496028,2373.051342612672,3.4354581437396485e-12
mag_argmax,34953140.0,,,3715.0611832886934,,False,0.0,0.3317548078961376,40.156455016608895,60.09239646032134,0.7033161916573539,1421.835600917299,-26.078850036575478,2.5159894823431643,5.031978964686329,ipa_0,ipa,7,0,2026-09-11T13:19:59,,,,,,,,,,,,,,,,,
argmax_hh,34954649.0,2384.7476478368044,136.44809580761657,,,False,0.0,0.3317548078961376,40.156455016608895,60.09239646032134,0.7033161916573539,1421.835600917299,-26.078850036575478,2.5159894823431643,5.031978964686329,ipa_0,ipa,7,0,2026-09-11T13:19:59,False,0.5607105880165677,,,,,,,,,,,,,,,
midpoint,34954182.921818085,2384.7476478368044,136.4499152030395,,,False,0.0,0.3317548078961376,40.156455016608895,60.09239646032134,0.7033161916573539,1421.835600917299,-26.078850036575478,2.5159894823431643,5.031978964686329,ipa_0,ipa,7,0,2026-09-11T13:19:59,,,,,,,,,,,,,,,,,
sym,34954155.10385224,2837.3468643409137,162.34675711147224,,,False,0.0,0.3317548078961376,40.156455016608895,60.09239646032134,0.7033161916573539,1421.835600917299,-26.078850036575478,2.5159894823431643,5.031978964686329,ipa_0,ipa,7,0,2026-09-11T13:19:59,,,0.07263354079659434,True,13155.0,,,,,,,,,,,,
sym_lin,34954517.16066828,2687.0986391985025,153.74829106334187,,,False,0.0,0.3317548078961376,40.156455016608895,60.09239646032134,0.7033161916573539,1421.835600917299,-26.078850036575478,2.5159894823431643,5.031978964686329,ipa_0,ipa,7,0,2026-09-11T13:19:59,,,0.022916265335381415,True,13155.0,,,,,,,,,,,,
psl,34955092.794150814,2570.5645260392275,147.07811197510946,,,False,0.0,0.3317548078961376,40.156455016608895,60.09239646032134,0.7033161916573539,1421.835600917299,-26.078850036575478,2.5159894823431643,5.031978964686329,ipa_0,ipa,7,0,2026-09-11T13:19:59,,,0.0048316524421297205,True,13155.0,-21.34885511418604,True,ok,0.0003575040201152966,0.0003565520018847918,-484.5250448128484,-443.794150814414,1.03491872426132,0.9277135911897403,,,
circle,34955111.388001435,2329.6465840937244,133.29361524468723,,,False,0.0,0.3317548078961376,40.156455016608895,60.09239646032134,0.7033161916573539,1421.835600917299,-26.078850036575478,2.5159894823431643,5.031978964686329,ipa_0,ipa,7,0,2026-09-11T13:19:59,,,0.05639846859947481,,,,,,,,,,,,-24.603351211574907,3179.4661199405673,3.182493900164781e-12
mag_argmax,44937950.0,,,6468.217389300466,,False,0.0,0.19200362929044315,45.04222238564377,55.745575126889634,0.805397187214447,1241.623407524687,-24.286776743899605,2.211524249754156,4.424154445957597,ipa_0,ipa,9,0,2026-09-11T13:20:00,,,,,,,,,,,,,,,,,
argmax_hh,44939783.0,2712.6087361089885,120.72193299682772,,,False,0.0,0.19200362929044315,45.04222238564377,55.745575126889634,0.805397187214447,1241.623407524687,-24.286776743899605,2.211524249754156,4.424154445957597,ipa_0,ipa,9,0,2026-09-11T13:20:00,False,0.7384031074246356,,,,,,,,,,,,,,,
midpoint,44939225.76058367,2712.6087361089885,120.72342993003792,,,False,0.0,0.19200362929044315,45.04222238564377,55.745575126889634,0.805397187214447,1241.623407524687,-24.286776743899605,2.211524249754156,4.424154445957597,ipa_0,ipa,9,0,2026-09-11T13:20:00,,,,,,,,,,,,,,,,,
sym,44939145.45338603,3151.702887831907,140.26536802312228,,,False,0.0,0.19200362929044315,45.04222238564377,55.745575126889634,0.805397187214447,1241.623407524687,-24.286776743899605,2.211524249754156,4.424154445957597,ipa_0,ipa,9,0,2026-09-11T13:20:00,,,0.08997550672765131,True,14137.0,,,,,,,,,,,,
sym_lin,44939673.371977754,3205.035458613508,142.63723868594096,,,False,0.0,0.19200362929044315,45.04222238564377,55.745575126889634,0.805397187214447,1241.623407524687,-24.286776743899605,2.211524249754156,4.424154445957597,ipa_0,ipa,9,0,2026-09-11T13:20:00,,,0.026304550561984833,True,14137.0,,,,,,,,,,,,
psl,44940481.46046976,2919.9279846620097,129.94644871485932,,,False,0.0,0.19200362929044315,45.04222238564377,55.745575126889634,0.805397187214447,1241.623407524687,-24.286776743899605,2.211524249754156,4.424154445957597,ipa_0,ipa,9,0,2026-09-11T13:20:00,,,0.004347379115435771,True,14137.0,-27.2286612288923,True,ok,0.00025846302249100364,0.0005622919907311999,-707.1780365843605,-698.4604697600007,1.057029903615229,0.9289985062501399,,,
circle,44940406.93693025,2685.3681518139256,119.50795886573054,,,False,0.0,0.19200362929044315,45.04222238564377,55.745575126889634,0.805397187214447,1241.623407524687,-24.286776743899605,2.211524249754156,4.424154445957597,ipa_0,ipa,9,0,2026-09-11T13:20:00,,,0.04812346316324411,,,,,,,,,,,,-28.554748441285454,4378.6555521247865,3.278945480060706e-12
mag_argmax,5003527.0,1211.6165082431398,484.3049745681955,675.3927227258682,5003368.676947523,True,-3.5560686518286477,0.956398093885743,3.5560686518286477,81.55764205606349,1.1705152700751071,854.3246086279885,-24.770740695172886,4.667005932582279,9.33634575711284,ipa_1,ipa,1,1,2026-09-11T13:24:12,,,,,,,,,,,,,,,,,
argmax_hh,5003555.0,1285.406551150605,513.7973105724251,,,True,-3.5560686518286477,0.956398093885743,3.5560686518286477,81.55764205606349,1.1705152700751071,854.3246086279885,-24.770740695172886,4.667005932582279,9.33634575711284,ipa_1,ipa,1,1,2026-09-11T13:24:12,False,0.0371672278354292,,,,,,,,,,,,,,,
midpoint,5003551.797669151,1285.406551150605,513.7976394086287,,,True,-3.5560686518286477,0.956398093885743,3.5560686518286477,81.55764205606349,1.1705152700751071,854.3246086279885,-24.770740695172886,4.667005932582279,9.33634575711284,ipa_1,ipa,1,1,2026-09-11T13:24:12,,,,,,,,,,,,,,,,,
sym,5003547.949177622,1302.7275438186978,520.7215188305781,,,True,-3.5560686518286477,0.956398093885743,3.5560686518286477,81.55764205606349,1.1705152700751071,854.3246086279885,-24.770740695172886,4.667005932582279,9.33634575711284,ipa_1,ipa,1,1,2026-09-11T13:24:12,,,0.019659041114245435,True,7713.0,,,,,,,,,,,,
sym_lin,5003582.13662689,1298.2274837208777,518.9192255754848,,,True,-3.5560686518286477,0.956398093885743,3.5560686518286477,81.55764205606349,1.1705152700751071,854.3246086279885,-24.770740695172886,4.667005932582279,9.33634575711284,ipa_1,ipa,1,1,2026-09-11T13:24:12,,,0.008823867649994818,True,7713.0,,,,,,,,,,,,
psl,5003655.710969454,1296.7951340818274,518.3390740649398,,,True,-3.5560686518286477,0.956398093885743,3.5560686518286477,81.55764205606349,1.1705152700751071,854.3246086279885,-24.770740695172886,4.667005932582279,9.33634575711284,ipa_1,ipa,1,1,2026-09-11T13:24:12,,,0.005109495190775753,True,7713.0,-4.97191664851842,True,ok,0.001159772917036146,2.4101020888205575e-05,-56.30088579070478,-100.71096945367754,1.0018831243022002,0.991217901245993,,,
circle,5003661.677097735,1394.346824426143,557.3305768486343,,,True,-3.5560686518286477,0.956398093885743,3.5560686518286477,81.55764205606349,1.1705152700751071,854.3246086279885,-24.770740695172886,4.667005932582279,9.33634575711284,ipa_1,ipa,1,1,2026-09-11T13:24:12,,,0.08122062910991004,,,,,,,,,,,,-3.68383542254293,962.4163051293879,2.631879468121299e-12
mag_argmax,14986303.0,2774.8955428088084,370.3242277710264,1150.6435901597142,14985019.620764554,False,0.0,0.7751231042950081,16.77316297659408,74.58820046412507,0.781693870476673,1279.273175559385,-27.256717528391736,3.59109812569782,7.1839920997665505,ipa_1,ipa,3,1,2026-09-11T13:24:14,,,,,,,,,,,,,,,,,
argmax_hh,14986826.0,1670.5196544397622,222.93174744802698,,,False,0.0,0.7751231042950081,16.77316297659408,74.58820046412507,0.781693870476673,1279.273175559385,-27.256717528391736,3.59109812569782,7.1839920997665505,ipa_1,ipa,3,1,2026-09-11T13:24:14,False,0.14859932374074605,,,,,,,,,,,,,,,
midpoint,14986641.13036144,1670.5196544397622,222.9344974512609,,,False,0.0,0.7751231042950081,16.77316297659408,74.58820046412507,0.781693870476673,1279.273175559385,-27.256717528391736,3.59109812569782,7.1839920997665505,ipa_1,ipa,3,1,2026-09-11T13:24:14,,,,,,,,,,,,,,,,,
sym,14986635.121566918,1833.8088567095053,244.7258963515451,,,False,0.0,0.7751231042950081,16.77316297659408,74.58820046412507,0.781693870476673,1279.273175559385,-27.256717528391736,3.59109812569782,7.1839920997665505,ipa_1,ipa,3,1,2026-09-11T13:24:14,,,0.050949131619749025,True,10023.0,,,,,,,,,,,,
sym_lin,14986781.086910633,1723.5122405332877,230.004325884041,,,False,0.0,0.7751231042950081,16.77316297659408,74.58820046412507,0.781693870476673,1279.273175559385,-27.256717528391736,3.59109812569782,7.1839920997665505,ipa_1,ipa,3,1,2026-09-11T13:24:14,,,0.01719810980010927,True,10023.0,,,,,,,,,,,,
psl,14987056.914282272,1719.9632820929326,229.52648968108645,,,False,0.0,0.7751231042950081,16.77316297659408,74.58820046412507,0.781693870476673,1279.273175559385,-27.256717528391736,3.59109812569782,7.1839920997665505,ipa_1,ipa,3,1,2026-09-11T13:24:14,,,0.0016125893162430489,True,10023.0,-14.35077913145671,True,ok,0.000710277410535397,8.172941012560058e-05,-216.5313615902853,-230.9142822716385,1.0157254067705574,0.971253091174711,,,
circle,14987204.169119436,1502.7184882017355,200.53353130372773,,,False,0.0,0.7751231042950081,16.77316297659408,74.58820046412507,0.781693870476673,1279.273175559385,-27.256717528391736,3.59109812569782,7.1839920997665505,ipa_1,ipa,3,1,2026-09-11T13:24:14,,,0.14889554884968803,,,,,,,,,,,,-26.6380164242504,1793.285937164591,4.3610037088401675e-12
mag_argmax,24970194.0,,,1887.3915788941085,,False,0.0,0.48731359914416,32.3272722802385,63.05467089876734,0.7053487419056778,1417.738404549,-26.868533276975118,2.957873234213263,5.915746468426526,ipa_1,ipa,5,1,2026-09-11T13:24:16,,,,,,,,,,,,,,,,,
argmax_hh,24971116.0,2028.48449710384,162.46646702564996,,,False,0.0,0.48731359914416,32.3272722802385,63.05467089876734,0.7053487419056778,1417.738404549,-26.868533276975118,2.957873234213263,5.915746468426526,ipa_1,ipa,5,1,2026-09-11T13:24:16,False,0.4171272350149782,,,,,,,,,,,,,,,
midpoint,24970783.254304994,2028.48449710384,162.46863195643868,,,False,0.0,0.48731359914416,32.3272722802385,63.05467089876734,0.7053487419056778,1417.738404549,-26.868533276975118,2.957873234213263,5.915746468426526,ipa_1,ipa,5,1,2026-09-11T13:24:16,,,,,,,,,,,,,,,,,
sym,24970664.571954753,2673.9455491943127,214.16695110289496,,,False,0.0,0.48731359914416,32.3272722802385,63.05467089876734,0.7053487419056778,1417.738404549,-26.868533276975118,2.957873234213263,5.915746468426526,ipa_1,ipa,5,1,2026-09-11T13:24:16,,,0.08076257627101018,True,12086.0,,,,,,,,,,,,
sym_lin,24971044.889100656,2182.888776477953,174.8335951637121,,,False,0.0,0.48731359914416,32.3272722802385,63.05467089876734,0.7053487419056778,1417.738404549,-26.868533276975118,2.957873234213263,5.915746468426526,ipa_1,ipa,5,1,2026-09-11T13:24:16,,,0.024144668556058867,True,12086.0,,,,,,,,,,,,
psl,24971626.51615166,2176.3625738154947,174.3068335903408,,,False,0.0,0.48731359914416,32.3272722802385,63.05467089876734,0.7053487419056778,1417.738404549,-26.868533276975118,2.957873234213263,5.915746468426526,ipa_1,ipa,5,1,2026-09-11T13:24:16,,,0.002484958078440081,True,12086.0,-24.58620763633457,True,ok,0.0004832438705529647,0.00024364836686094788,-474.2493855183854,-510.51615165919065,1.046407579353098,0.9320526467001305,,,
circle,24971738.97053765,2050.0241178157034,164.18753377443025,,,False,0.0,0.48731359914416,32.3272722802385,63.05467089876734,0.7053487419056778,1417.738404549,-26.868533276975118,2.957873234213263,5.915746468426526,ipa_1,ipa,5,1,2026-09-11T13:24:16,,,0.0934889061737833,,,,,,,,,,,,-27.885946996975775,2376.4248820234106,3.437148364928344e-12
mag_argmax,34953142.0,,,3718.4506672397256,,False,0.0,0.3310040391051169,40.180626013927245,60.06108909862414,0.7033362984561002,1421.7949538437144,-26.077364954561126,2.5213998082153477,5.0377601764409246,ipa_1,ipa,7,1,2026-09-11T13:24:17,,,,,,,,,,,,,,,,,
argmax_hh,34954646.0,2381.2169654481113,136.24609246210713,,,False,0.0,0.3310040391051169,40.180626013927245,60.06108909862414,0.7033362984561002,1421.7949538437144,-26.077364954561126,2.5213998082153477,5.0377601764409246,ipa_1,ipa,7,1,2026-09-11T13:24:17,False,0.5606723522212954,,,,,,,,,,,,,,,
midpoint,34954185.9810196,2381.2169654481113,136.24788554601906,,,False,0.0,0.3310040391051169,40.180626013927245,60.06108909862414,0.7033362984561002,1421.7949538437144,-26.077364954561126,2.5213998082153477,5.0377601764409246,ipa_1,ipa,7,1,2026-09-11T13:24:17,,,,,,,,,,,,,,,,,
sym,34954156.772439994,2833.846102801052,162.14644348310702,,,False,0.0,0.3310040391051169,40.180626013927245,60.06108909862414,0.7033362984561002,1421.7949538437144,-26.077364954561126,2.5213998082153477,5.0377601764409246,ipa_1,ipa,7,1,2026-09-11T13:24:17,,,0.07270563978347308,True,13148.0,,,,,,,,,,,,
sym_lin,34954518.17826765,2682.4189460301445,153.4805276016015,,,False,0.0,0.3310040391051169,40.180626013927245,60.06108909862414,0.7033362984561002,1421.7949538437144,-26.077364954561126,2.5213998082153477,5.0377601764409246,ipa_1,ipa,7,1,2026-09-11T13:24:17,,,0.02286469893272412,True,13148.0,,,,,,,,,,,,
psl,34955092.77938703,2567.3262124316493,146.89282781395437,,,False,0.0,0.3310040391051169,40.180626013927245,60.06108909862414,0.7033362984561002,1421.7949538437144,-26.077364954561126,2.5213998082153477,5.0377601764409246,ipa_1,ipa,7,1,2026-09-11T13:24:17,,,0.004798342719910418,True,13148.0,-21.336372383248477,True,ok,0.00035712282925790445,0.00035671480259805085,-483.6250608699684,-446.7793870270252,1.034877647121715,0.927508531606794,,,
circle,34955110.15759374,2329.1459176488866,133.26497368470726,,,False,0.0,0.3310040391051169,40.180626013927245,60.06108909862414,0.7033362984561002,1421.7949538437144,-26.077364954561126,2.5213998082153477,5.0377601764409246,ipa_1,ipa,7,1,2026-09-11T13:24:17,,,0.05662670103459623,,,,,,,,,,,,-24.55888350110732,3182.419630475605,3.182780280366584e-12
mag_argmax,44937956.0,,,6474.051684170961,,False,0.0,0.1919959817383821,45.030589939074446,55.73065098853792,0.80575009086041,1241.0795994228963,-24.28530245902928,2.2148280504588795,4.426335519132963,ipa_1,ipa,9,1,2026-09-11T13:24:19,,,,,,,,,,,,,,,,,
argmax_hh,44939784.0,2710.3684183321893,120.62222721551976,,,False,0.0,0.1919959817383821,45.030589939074446,55.73065098853792,0.80575009086041,1241.0795994228963,-24.28530245902928,2.2148280504588795,4.426335519132963,ipa_1,ipa,9,1,2026-09-11T13:24:19,False,0.7383665499186277,,,,,,,,,,,,,,,
midpoint,44939234.24088821,2710.3684183321893,120.62370283408818,,,False,0.0,0.1919959817383821,45.030589939074446,55.73065098853792,0.80575009086041,1241.0795994228963,-24.28530245902928,2.2148280504588795,4.426335519132963,ipa_1,ipa,9,1,2026-09-11T13:24:19,,,,,,,,,,,,,,,,,
sym,44939153.405598655,3142.801172593261,139.8691757375973,,,False,0.0,0.1919959817383821,45.030589939074446,55.73065098853792,0.80575009086041,1241.0795994228963,-24.28530245902928,2.2148280504588795,4.426335519132963,ipa_1,ipa,9,1,2026-09-11T13:24:19,,,0.08986473346940428,True,14135.0,,,,,,,,,,,,
sym_lin,44939678.74858587,3199.9556164997157,142.41114781446495,,,False,0.0,0.1919959817383821,45.030589939074446,55.73065098853792,0.80575009086041,1241.0795994228963,-24.28530245902928,2.2148280504588795,4.426335519132963,ipa_1,ipa,9,1,2026-09-11T13:24:19,,,0.026147694245201886,True,14135.0,,,,,,,,,,,,
psl,44940484.80425314,2917.681044991608,129.84644280986842,,,False,0.0,0.1919959817383821,45.030589939074446,55.73065098853792,0.80575009086041,1241.0795994228963,-24.28530245902928,2.2148280504588795,4.426335519132963,ipa_1,ipa,9,1,2026-09-11T13:24:19,,,0.004327289867981789,True,14135.0,-27.17648540219581,True,ok,0.00025853042323574434,0.0005625515473939857,-705.2276028575529,-700.8042531386018,1.0568092372774678,0.9289460967588338,,,
circle,44940408.99001348,2685.830951189353,119.52854954151353,,,False,0.0,0.1919959817383821,45.030589939074446,55.73065098853792,0.80575009086041,1241.0795994228963,-24.28530245902928,2.2148280504588795,4.426335519132963,ipa_1,ipa,9,1,2026-09-11T13:24:19,,,0.048203805323932765,,,,,,,,,,,,-28.48333567377937,4378.765086205581,3.278541410416954e-12
mag_argmax,5003526.0,1211.7146997768432,484.34432029606444,674.9354587830603,5003368.225459809,True,-3.69017584536655,0.9547257504528779,3.69017584536655,81.50716759039292,1.1698251389779086,854.828612140882,-24.775238371395858,4.665205152141409,9.330410304282818,ipa_2,ipa,1,2,2026-09-11T13:30:02,,,,,,,,,,,,,,,,,
argmax_hh,5003553.0,1286.1170740253292,514.0815232796891,,,True,-3.69017584536655,0.9547257504528779,3.69017584536655,81.50716759039292,1.1698251389779086,854.828612140882,-24.775238371395858,4.665205152141409,9.330410304282818,ipa_2,ipa,1,2,2026-09-11T13:30:02,False,0.03831593323964648,,,,,,,,,,,,,,,
midpoint,5003549.473453032,1286.1170740253292,514.0818856090009,,,True,-3.69017584536655,0.9547257504528779,3.69017584536655,81.50716759039292,1.1698251389779086,854.828612140882,-24.775238371395858,4.665205152141409,9.330410304282818,ipa_2,ipa,1,2,2026-09-11T13:30:02,,,,,,,,,,,,,,,,,
sym,5003545.573717181,1303.471745081153,521.0192356108756,,,True,-3.69017584536655,0.9547257504528779,3.69017584536655,81.50716759039292,1.1698251389779086,854.828612140882,-24.775238371395858,4.665205152141409,9.330410304282818,ipa_2,ipa,1,2,2026-09-11T13:30:02,,,0.019676014616922578,True,7717.0,,,,,,,,,,,,
sym_lin,5003579.441943725,1298.9340968012061,519.2019480744422,,,True,-3.69017584536655,0.9547257504528779,3.69017584536655,81.50716759039292,1.1698251389779086,854.828612140882,-24.775238371395858,4.665205152141409,9.330410304282818,ipa_2,ipa,1,2,2026-09-11T13:30:02,,,0.009138964860788044,True,7717.0,,,,,,,,,,,,
psl,5003653.016440214,1297.4417538556488,518.5978122754393,,,True,-3.69017584536655,0.9547257504528779,3.69017584536655,81.50716759039292,1.1698251389779086,854.828612140882,-24.775238371395858,4.665205152141409,9.330410304282818,ipa_2,ipa,1,2,2026-09-11T13:30:02,,,0.005302229083174275,True,7717.0,-4.953750432442968,True,ok,0.001158332591840036,2.5031395183311084e-05,-56.12288914912155,-100.01644021365792,1.001869384156558,0.991271531229309,,,
circle,5003659.364311415,1403.15662674737,560.8521782099639,,,True,-3.69017584536655,0.9547257504528779,3.69017584536655,81.50716759039292,1.1698251389779086,854.828612140882,-24.775238371395858,4.665205152141409,9.330410304282818,ipa_2,ipa,1,2,2026-09-11T13:30:02,,,0.08246220937342667,,,,,,,,,,,,-3.6086297967577954,962.2274871608419,2.5808811902828586e-12
mag_argmax,14986302.0,2798.4361360687762,373.4658671724053,1160.6045075394213,14984995.647005482,False,0.0,0.7710625264011334,17.091734962663452,74.65678158312684,0.7801942059378935,1281.732153852478,-27.2600044761559,3.5942429180201536,7.174128008138762,ipa_2,ipa,3,2,2026-09-11T13:30:04,,,,,,,,,,,,,,,,,
argmax_hh,14986821.0,1671.5620332388207,223.0709278824136,,,False,0.0,0.7710625264011334,17.091734962663452,74.65678158312684,0.7801942059378935,1281.732153852478,-27.2600044761559,3.5942429180201536,7.174128008138762,ipa_2,ipa,3,2,2026-09-11T13:30:04,False,0.1478488658942842,,,,,,,,,,,,,,,
midpoint,14986639.670238271,1671.5620332388207,223.07362691295623,,,False,0.0,0.7710625264011334,17.091734962663452,74.65678158312684,0.7801942059378935,1281.732153852478,-27.2600044761559,3.5942429180201536,7.174128008138762,ipa_2,ipa,3,2,2026-09-11T13:30:04,,,,,,,,,,,,,,,,,
sym,14986637.472286742,1825.0934727327915,243.56277064922006,,,False,0.0,0.7710625264011334,17.091734962663452,74.65678158312684,0.7801942059378935,1281.732153852478,-27.2600044761559,3.5942429180201536,7.174128008138762,ipa_2,ipa,3,2,2026-09-11T13:30:04,,,0.04993830070147046,True,10029.0,,,,,,,,,,,,
sym_lin,14986779.738766853,1720.908244684369,229.65684085325316,,,False,0.0,0.7710625264011334,17.091734962663452,74.65678158312684,0.7801942059378935,1281.732153852478,-27.2600044761559,3.5942429180201536,7.174128008138762,ipa_2,ipa,3,2,2026-09-11T13:30:04,,,0.016488166802466744,True,10029.0,,,,,,,,,,,,
psl,14987048.956354436,1717.8596511790556,229.24588505473474,,,False,0.0,0.7710625264011334,17.091734962663452,74.65678158312684,0.7801942059378935,1281.732153852478,-27.2600044761559,3.5942429180201536,7.174128008138762,ipa_2,ipa,3,2,2026-09-11T13:30:04,,,0.0014712452190998179,True,10029.0,-14.04050439769835,True,ok,0.0007067704107465659,8.32705322964422e-05,-211.54303167514144,-227.95635443553329,1.0150510236414818,0.973049243045869,,,
circle,14987189.276351713,1499.1087770299357,200.05202435060716,,,False,0.0,0.7710625264011334,17.091734962663452,74.65678158312684,0.7801942059378935,1281.732153852478,-27.2600044761559,3.5942429180201536,7.174128008138762,ipa_2,ipa,3,2,2026-09-11T13:30:04,,,0.15096130545663183,,,,,,,,,,,,-26.202629989620547,1806.9818350276664,4.395713307305358e-12
mag_argmax,24970189.0,,,1962.8393039517105,,False,0.0,0.48805379227444107,32.361919191245335,63.21351482418582,0.7037744352698327,1420.9098112758131,-26.890811905924718,2.965678920956004,5.9447234454616344,ipa_2,ipa,5,2,2026-09-11T13:29:56,,,,,,,,,,,,,,,,,
argmax_hh,24971134.0,2020.1107940804213,161.79567928956862,,,False,0.0,0.48805379227444107,32.361919191245335,63.21351482418582,0.7037744352698327,1420.9098112758131,-26.890811905924718,2.965678920956004,5.9447234454616344,ipa_2,ipa,5,2,2026-09-11T13:29:56,False,0.4168619232540733,,,,,,,,,,,,,,,
midpoint,24970771.299121395,2020.1107940804213,161.7980293745672,,,False,0.0,0.48805379227444107,32.361919191245335,63.21351482418582,0.7037744352698327,1420.9098112758131,-26.890811905924718,2.965678920956004,5.9447234454616344,ipa_2,ipa,5,2,2026-09-11T13:29:56,,,,,,,,,,,,,,,,,
sym,24970656.958947733,2684.8434864764113,215.03987587433912,,,False,0.0,0.48805379227444107,32.361919191245335,63.21351482418582,0.7037744352698327,1420.9098112758131,-26.890811905924718,2.965678920956004,5.9447234454616344,ipa_2,ipa,5,2,2026-09-11T13:29:56,,,0.0812798038251635,True,12052.0,,,,,,,,,,,,
sym_lin,24971042.100972336,2160.709871618343,173.0572446981865,,,False,0.0,0.48805379227444107,32.361919191245335,63.21351482418582,0.7037744352698327,1420.9098112758131,-26.890811905924718,2.965678920956004,5.9447234454616344,ipa_2,ipa,5,2,2026-09-11T13:29:56,,,0.025291056505986852,True,12052.0,,,,,,,,,,,,
psl,24971628.141270068,2152.5761681833187,172.40174777597323,,,False,0.0,0.48805379227444107,32.361919191245335,63.21351482418582,0.7037744352698327,1420.9098112758131,-26.890811905924718,2.965678920956004,5.9447234454616344,ipa_2,ipa,5,2,2026-09-11T13:29:56,,,0.0017116082660383431,True,12052.0,-24.907366656000267,True,ok,0.0004813758013268288,0.00024475085789556303,-475.38935484951594,-494.1412700675428,1.047638551488713,0.9384619340951393,,,
circle,24971734.566410586,2030.1258757715063,162.59390154676905,,,False,0.0,0.48805379227444107,32.361919191245335,63.21351482418582,0.7037744352698327,1420.9098112758131,-26.890811905924718,2.965678920956004,5.9447234454616344,ipa_2,ipa,5,2,2026-09-11T13:29:56,,,0.09318113595379258,,,,,,,,,,,,-28.192382475766475,2385.362677317446,3.4434573739176427e-12
mag_argmax,34953130.0,,,3720.1090631112456,,False,0.0,0.3301769297584837,40.301704630556756,60.16768669377912,0.7013293139919049,1425.8636849329564,-26.08178073375553,2.5188172580966435,5.032600237862648,ipa_2,ipa,7,2,2026-09-11T13:29:58,,,,,,,,,,,,,,,,,
argmax_hh,34954639.0,2383.6584336161613,136.3858132602177,,,False,0.0,0.3301769297584837,40.301704630556756,60.16768669377912,0.7013293139919049,1425.8636849329564,-26.08178073375553,2.5188172580966435,5.032600237862648,ipa_2,ipa,7,2,2026-09-11T13:29:58,False,0.561209240955171,,,,,,,,,,,,,,,
midpoint,34954178.38111807,2383.6584336161613,136.38761052405638,,,False,0.0,0.3301769297584837,40.301704630556756,60.16768669377912,0.7013293139919049,1425.8636849329564,-26.08178073375553,2.5188172580966435,5.032600237862648,ipa_2,ipa,7,2,2026-09-11T13:29:58,,,,,,,,,,,,,,,,,
sym,34954145.438389964,2842.031163703732,162.61482740083488,,,False,0.0,0.3301769297584837,40.301704630556756,60.16768669377912,0.7013293139919049,1425.8636849329564,-26.08178073375553,2.5188172580966435,5.032600237862648,ipa_2,ipa,7,2,2026-09-11T13:29:58,,,0.073215976413251,True,13155.0,,,,,,,,,,,,
sym_lin,34954511.52589073,2687.77171876766,153.78682759030022,,,False,0.0,0.3301769297584837,40.301704630556756,60.16768669377912,0.7013293139919049,1425.8636849329564,-26.08178073375553,2.5188172580966435,5.032600237862648,ipa_2,ipa,7,2,2026-09-11T13:29:58,,,0.022849647905709095,True,13155.0,,,,,,,,,,,,
psl,34955092.25333857,2571.4135206560504,147.1266905559635,,,False,0.0,0.3301769297584837,40.301704630556756,60.16768669377912,0.7013293139919049,1425.8636849329564,-26.08178073375553,2.5188172580966435,5.032600237862648,ipa_2,ipa,7,2,2026-09-11T13:29:58,,,0.004430303295525428,True,13155.0,-21.536938582090503,True,ok,0.0003567617165379959,0.00035559077547893164,-489.0569361257879,-453.2533385679126,1.0355406378432381,0.9269837054477388,,,
circle,34955111.76634601,2331.152564163404,133.37978031629612,,,False,0.0,0.3301769297584837,40.301704630556756,60.16768669377912,0.7013293139919049,1425.8636849329564,-26.08178073375553,2.5188172580966435,5.032600237862648,ipa_2,ipa,7,2,2026-09-11T13:29:58,,,0.05580892587805148,,,,,,,,,,,,-24.77522265735296,3186.381973247143,3.1858144723267363e-12
mag_argmax,44937948.0,,,6564.325733155012,,False,0.0,0.1907876118042409,45.256336789110186,55.926401337002375,0.8020065164458302,1246.8726618726207,-24.290168809693906,2.218762253166191,4.431982219272016,ipa_2,ipa,9,2,2026-09-11T13:30:00,,,,,,,,,,,,,,,,,
argmax_hh,44939783.0,2706.4639266468585,120.44846441055837,,,False,0.0,0.1907876118042409,45.256336789110186,55.926401337002375,0.8020065164458302,1246.8726618726207,-24.290168809693906,2.218762253166191,4.431982219272016,ipa_2,ipa,9,2,2026-09-11T13:30:00,False,0.737954720899394,,,,,,,,,,,,,,,
midpoint,44939218.76201323,2706.4639266468585,120.44997671097083,,,False,0.0,0.1907876118042409,45.256336789110186,55.926401337002375,0.8020065164458302,1246.8726618726207,-24.290168809693906,2.218762253166191,4.431982219272016,ipa_2,ipa,9,2,2026-09-11T13:30:00,,,,,,,,,,,,,,,,,
sym,44939114.641493924,3194.49043212312,142.16970928811003,,,False,0.0,0.1907876118042409,45.256336789110186,55.926401337002375,0.8020065164458302,1246.8726618726207,-24.290168809693906,2.218762253166191,4.431982219272016,ipa_2,ipa,9,2,2026-09-11T13:30:00,,,0.08965012993222798,True,14125.0,,,,,,,,,,,,
sym_lin,44939652.03803143,3211.427601365232,142.92178313474577,,,False,0.0,0.1907876118042409,45.256336789110186,55.926401337002375,0.8020065164458302,1246.8726618726207,-24.290168809693906,2.218762253166191,4.431982219272016,ipa_2,ipa,9,2,2026-09-11T13:30:00,,,0.025708562425519083,True,14125.0,,,,,,,,,,,,
psl,44940462.11223548,2938.846815207116,130.78845552889794,,,False,0.0,0.1907876118042409,45.256336789110186,55.926401337002375,0.8020065164458302,1246.8726618726207,-24.290168809693906,2.218762253166191,4.431982219272016,ipa_2,ipa,9,2,2026-09-11T13:30:00,,,0.004242181373881012,True,14125.0,-27.263700716953423,True,ok,0.00025721421429259535,0.0005596127235812787,-712.7114057159479,-679.1122354790568,1.0571783437110875,0.9209271856709959,,,
circle,44940396.26956467,2689.2461824795805,119.68057274567643,,,False,0.0,0.1907876118042409,45.256336789110186,55.926401337002375,0.8020065164458302,1246.8726618726207,-24.290168809693906,2.218762253166191,4.431982219272016,ipa_2,ipa,9,2,2026-09-11T13:30:00,,,0.051382652913370394,,,,,,,,,,,,-28.756151146597098,4413.245499054168,3.2868144090078667e-12
mag_argmax,5003812.0,908.385831982363,363.077522489799,462.50976180657744,5003717.189707218,True,-0.2962209558672546,0.9964259925263198,0.2962209558672546,82.88201914760694,1.5982958053447143,625.666410845847,-22.249920100347126,6.380455557635862,12.767293698357056,wat_0,water,1,0,2026-09-11T12:57:32,,,,,,,,,,,,,,,,,
argmax_hh,5003825.0,940.0582679118961,375.7358692248015,,,True,-0.2962209558672546,0.9964259925263198,0.2962209558672546,82.88201914760694,1.5982958053447143,625.666410845847,-22.249920100347126,6.380455557635862,12.767293698357056,wat_0,water,1,0,2026-09-11T12:57:32,False,0.013918674633299169,,,,,,,,,,,,,,,
midpoint,5003827.395870889,940.0582679118961,375.73568931958897,,,True,-0.2962209558672546,0.9964259925263198,0.2962209558672546,82.88201914760694,1.5982958053447143,625.666410845847,-22.249920100347126,6.380455557635862,12.767293698357056,wat_0,water,1,0,2026-09-11T12:57:32,,,,,,,,,,,,,,,,,
sym,5003827.029373354,941.5834791735799,376.34533473931754,,,True,-0.2962209558672546,0.9964259925263198,0.2962209558672546,82.88201914760694,1.5982958053447143,625.666410845847,-22.249920100347126,6.380455557635862,12.767293698357056,wat_0,water,1,0,2026-09-11T12:57:32,,,0.019823438618800145,True,5641.0,,,,,,,,,,,,
sym_lin,5003852.571251172,939.2946604463515,375.4285910991533,,,True,-0.2962209558672546,0.9964259925263198,0.2962209558672546,82.88201914760694,1.5982958053447143,625.666410845847,-22.249920100347126,6.380455557635862,12.767293698357056,wat_0,water,1,0,2026-09-11T12:57:32,,,0.007718086777830582,True,5641.0,,,,,,,,,,,,
psl,5003906.30796105,938.7738878604723,375.2164129719671,,,True,-0.2962209558672546,0.9964259925263198,0.2962209558672546,82.88201914760694,1.5982958053447143,625.666410845847,-22.249920100347126,6.380455557635862,12.767293698357056,wat_0,water,1,0,2026-09-11T12:57:32,,,0.004576349120172823,True,5641.0,-5.054864993700008,True,ok,0.001598200111801503,1.3755608418831203e-05,-41.4380924924963,-81.307961050421,1.0019465028165822,1.0013681463321813,,,
circle,5003906.1531275725,955.352406972105,381.84265561215,,,True,-0.2962209558672546,0.9964259925263198,0.2962209558672546,82.88201914760694,1.5982958053447143,625.666410845847,-22.249920100347126,6.380455557635862,12.767293698357056,wat_0,water,1,0,2026-09-11T12:57:32,,,0.05598127228059962,,,,,,,,,,,,-4.308082346093622,697.6781912066541,2.7673025717161847e-12
mag_argmax,14986971.0,1772.4235575515777,236.5285897399251,843.2114319074899,14986330.85721587,False,0.0,0.8786190472677751,9.201594841636362,75.80756811108363,1.0135694238658615,986.6122403198527,-25.497466945597633,4.6169500613208605,9.236208982482355,wat_0,water,3,0,2026-09-11T12:57:34,,,,,,,,,,,,,,,,,
argmax_hh,14987315.0,1299.3426223639399,173.39231508298047,,,False,0.0,0.8786190472677751,9.201594841636362,75.80756811108363,1.0135694238658615,986.6122403198527,-25.497466945597633,4.6169500613208605,9.236208982482355,wat_0,water,3,0,2026-09-11T12:57:34,False,0.11145947511367744,,,,,,,,,,,,,,,
midpoint,14987179.599278046,1299.3426223639399,173.39388158483547,,,False,0.0,0.8786190472677751,9.201594841636362,75.80756811108363,1.0135694238658615,986.6122403198527,-25.497466945597633,4.6169500613208605,9.236208982482355,wat_0,water,3,0,2026-09-11T12:57:34,,,,,,,,,,,,,,,,,
sym,14987172.181646734,1403.9677386540902,187.35592300372537,,,False,0.0,0.8786190472677751,9.201594841636362,75.80756811108363,1.0135694238658615,986.6122403198527,-25.497466945597633,4.6169500613208605,9.236208982482355,wat_0,water,3,0,2026-09-11T12:57:34,,,0.04884010129120428,True,7797.0,,,,,,,,,,,,
sym_lin,14987277.612729797,1329.889385815692,177.46910682245846,,,False,0.0,0.8786190472677751,9.201594841636362,75.80756811108363,1.0135694238658615,986.6122403198527,-25.497466945597633,4.6169500613208605,9.236208982482355,wat_0,water,3,0,2026-09-11T12:57:34,,,0.016210276716560015,True,7797.0,,,,,,,,,,,,
psl,14987480.159749074,1329.9416399668503,177.47368147163127,,,False,0.0,0.8786190472677751,9.201594841636362,75.80756811108363,1.0135694238658615,986.6122403198527,-25.497466945597633,4.6169500613208605,9.236208982482355,wat_0,water,3,0,2026-09-11T12:57:34,,,0.002869209526205214,True,7797.0,-13.597054288968485,True,ok,0.000946325524821553,7.994882247751063e-05,-158.55126557234416,-165.15974907390773,1.0141130348452696,0.9769922102719687,,,
circle,14986951.424962237,1380.9295336788316,184.28424761272768,,,False,0.0,0.8786190472677751,9.201594841636362,75.80756811108363,1.0135694238658615,986.6122403198527,-25.497466945597633,4.6169500613208605,9.236208982482355,wat_0,water,3,0,2026-09-11T12:57:34,,,0.17847502366809154,,,,,,,,,,,,16.78580464476297,1373.740246326962,4.550973078682668e-12
mag_argmax,24971132.0,6337.146235108376,507.5577859352452,1318.3390560671687,24966358.65101911,False,0.0,0.6131866003445821,24.810640507805946,64.14110920125265,0.8514283826872798,1174.496904653094,-25.868475752910154,3.793847762960444,7.5820075982402875,wat_0,water,5,0,2026-09-11T12:57:36,,,,,,,,,,,,,,,,,
argmax_hh,24971711.0,1582.298598960042,126.72728744618597,,,False,0.0,0.6131866003445821,24.810640507805946,64.14110920125265,0.8514283826872798,1174.496904653094,-25.868475752910154,3.793847762960444,7.5820075982402875,wat_0,water,5,0,2026-09-11T12:57:36,False,0.34259175940654957,,,,,,,,,,,,,,,
midpoint,24971424.610055972,1582.298598960042,126.72874084427299,,,False,0.0,0.6131866003445821,24.810640507805946,64.14110920125265,0.8514283826872798,1174.496904653094,-25.868475752910154,3.793847762960444,7.5820075982402875,wat_0,water,5,0,2026-09-11T12:57:36,,,,,,,,,,,,,,,,,
sym,24971360.440647785,2018.0255008448507,161.62719733602955,,,False,0.0,0.6131866003445821,24.810640507805946,64.14110920125265,0.8514283826872798,1174.496904653094,-25.868475752910154,3.793847762960444,7.5820075982402875,wat_0,water,5,0,2026-09-11T12:57:36,,,0.07879250476173456,True,9493.0,,,,,,,,,,,,
sym_lin,24971635.22281463,1651.4120493965036,132.26302840494301,,,False,0.0,0.6131866003445821,24.810640507805946,64.14110920125265,0.8514283826872798,1174.496904653094,-25.868475752910154,3.793847762960444,7.5820075982402875,wat_0,water,5,0,2026-09-11T12:57:36,,,0.026318792163269104,True,9493.0,,,,,,,,,,,,
psl,24972072.77930835,1646.5444706932124,131.87086913005678,,,False,0.0,0.6131866003445821,24.810640507805946,64.14110920125265,0.8514283826872798,1174.496904653094,-25.868475752910154,3.793847762960444,7.5820075982402875,wat_0,water,5,0,2026-09-11T12:57:36,,,0.0017560833686820945,True,9493.0,-23.90545580036624,True,ok,0.0006363751512992932,0.00024169426097633585,-348.56421534145204,-361.7793083488941,1.043852970177732,0.9609813929251956,,,
circle,24972160.983808413,1531.446605526367,122.65230922700961,,,False,0.0,0.6131866003445821,24.810640507805946,64.14110920125265,0.8514283826872798,1174.496904653094,-25.868475752910154,3.793847762960444,7.5820075982402875,wat_0,water,5,0,2026-09-11T12:57:36,,,0.10159245731724735,,,,,,,,,,,,-27.352581546951637,1816.8253241511616,3.372487517745505e-12
mag_argmax,34954386.0,,,2196.963374078274,,False,0.0,0.4401218754762532,33.99791247075887,60.723773588544404,0.8171402987060963,1223.7800553753787,-25.54670863788297,3.285762388115844,6.573167931284921,wat_0,water,7,0,2026-09-11T12:57:38,,,,,,,,,,,,,,,,,
argmax_hh,34955357.0,1825.755879882723,104.46215038700495,,,False,0.0,0.4401218754762532,33.99791247075887,60.723773588544404,0.8171402987060963,1223.7800553753787,-25.54670863788297,3.285762388115844,6.573167931284921,wat_0,water,7,0,2026-09-11T12:57:38,False,0.4807848011888974,,,,,,,,,,,,,,,
midpoint,34954992.805029675,1825.755879882723,104.46323877486337,,,False,0.0,0.4401218754762532,33.99791247075887,60.723773588544404,0.8171402987060963,1223.7800553753787,-25.54670863788297,3.285762388115844,6.573167931284921,wat_0,water,7,0,2026-09-11T12:57:38,,,,,,,,,,,,,,,,,
sym,34954944.372739814,2268.2539418640777,129.78157926253274,,,False,0.0,0.4401218754762532,33.99791247075887,60.723773588544404,0.8171402987060963,1223.7800553753787,-25.54670863788297,3.285762388115844,6.573167931284921,wat_0,water,7,0,2026-09-11T12:57:38,,,0.07462784605167624,True,10955.0,,,,,,,,,,,,
sym_lin,34955233.135739475,1881.634538156671,107.65967606909312,,,False,0.0,0.4401218754762532,33.99791247075887,60.723773588544404,0.8171402987060963,1223.7800553753787,-25.54670863788297,3.285762388115844,6.573167931284921,wat_0,water,7,0,2026-09-11T12:57:38,,,0.026653366217383012,True,10955.0,,,,,,,,,,,,
psl,34955705.725766025,1873.7974895030775,107.20982172143027,,,False,0.0,0.4401218754762532,33.99791247075887,60.723773588544404,0.8171402987060963,1223.7800553753787,-25.54670863788297,3.285762388115844,6.573167931284921,wat_0,water,7,0,2026-09-11T12:57:38,,,0.0036160814182470704,True,10955.0,-22.50992013252893,True,ok,0.00047131022190848026,0.00036320012966848113,-372.8901293874619,-348.7257660254836,1.0388473812191648,0.9743613651477915,,,
circle,34955754.951671556,1763.3336830712108,100.88946358098266,,,False,0.0,0.4401218754762532,33.99791247075887,60.723773588544404,0.8171402987060963,1223.7800553753787,-25.54670863788297,3.285762388115844,6.573167931284921,wat_0,water,7,0,2026-09-11T12:57:38,,,0.06623012093030606,,,,,,,,,,,,-27.041127881304362,2386.979893975078,3.096697728884953e-12
mag_argmax,44939264.0,,,3820.3765894025564,,False,0.0,0.2713990876523067,40.87549551712404,56.10135099256913,0.8878982351926584,1126.2551949807823,-24.097993025321948,2.8752176082979797,5.698989971119455,wat_0,water,9,0,2026-09-11T12:57:30,,,,,,,,,,,,,,,,,
argmax_hh,44940663.0,2099.3193637169898,93.42627471770898,,,False,0.0,0.2713990876523067,40.87549551712404,56.10135099256913,0.8878982351926584,1126.2551949807823,-24.097993025321948,2.8752176082979797,5.698989971119455,wat_0,water,9,0,2026-09-11T12:57:30,False,0.6695388885091414,,,,,,,,,,,,,,,
midpoint,44940138.197974116,2099.3193637169898,93.42736573122627,,,False,0.0,0.2713990876523067,40.87549551712404,56.10135099256913,0.8878982351926584,1126.2551949807823,-24.097993025321948,2.8752176082979797,5.698989971119455,wat_0,water,9,0,2026-09-11T12:57:30,,,,,,,,,,,,,,,,,
sym,44940021.62868189,2852.427579966322,126.94375643761722,,,False,0.0,0.2713990876523067,40.87549551712404,56.10135099256913,0.8878982351926584,1126.2551949807823,-24.097993025321948,2.8752176082979797,5.698989971119455,wat_0,water,9,0,2026-09-11T12:57:30,,,0.0888461717593492,True,12334.0,,,,,,,,,,,,
sym_lin,44940467.54720673,2179.7129895865487,97.00446428586517,,,False,0.0,0.2713990876523067,40.87549551712404,56.10135099256913,0.8878982351926584,1126.2551949807823,-24.097993025321948,2.8752176082979797,5.698989971119455,wat_0,water,9,0,2026-09-11T12:57:30,,,0.03289691402171686,True,12334.0,,,,,,,,,,,,
psl,44941133.72335556,2136.1807921145555,95.06572777020972,,,False,0.0,0.2713990876523067,40.87549551712404,56.10135099256913,0.8878982351926584,1126.2551949807823,-24.097993025321948,2.8752176082979797,5.698989971119455,wat_0,water,9,0,2026-09-11T12:57:30,,,0.004339569961886769,True,12334.0,-27.667362262310412,True,ok,0.00034182150060979404,0.000567979821325423,-526.0280271774591,-470.7233555614948,1.058902795883444,0.9827442375038503,,,
circle,44941116.754111096,2018.895740757255,89.84626491608363,,,False,0.0,0.2713990876523067,40.87549551712404,56.10135099256913,0.8878982351926584,1126.2551949807823,-24.097993025321948,2.8752176082979797,5.698989971119455,wat_0,water,9,0,2026-09-11T12:57:30,,,0.0672877478479439,,,,,,,,,,,,-30.93966623688321,3268.0289166364532,3.2163767158878254e-12
mag_argmax,5003807.0,906.8641545623541,362.4696774125597,486.0708678085357,5003723.595785059,True,-0.25185340868056905,0.9969641009880508,0.25185340868056905,82.95842769778596,1.6036620108502941,623.5727935400674,-22.222388442480195,6.403914236059894,12.804627048572348,wat_1,water,1,1,2026-09-11T13:08:48,,,,,,,,,,,,,,,,,
argmax_hh,5003824.0,937.0831305342726,374.54679882197,,,True,-0.25185340868056905,0.9969641009880508,0.25185340868056905,82.95842769778596,1.6036620108502941,623.5727935400674,-22.222388442480195,6.403914236059894,12.804627048572348,wat_1,water,1,1,2026-09-11T13:08:48,False,0.01364624389836943,,,,,,,,,,,,,,,
midpoint,5003831.899100127,937.0831305342726,374.54620755856917,,,True,-0.25185340868056905,0.9969641009880508,0.25185340868056905,82.95842769778596,1.6036620108502941,623.5727935400674,-22.222388442480195,6.403914236059894,12.804627048572348,wat_1,water,1,1,2026-09-11T13:08:48,,,,,,,,,,,,,,,,,
sym,5003830.934151196,936.084759115661,374.1472369607347,,,True,-0.25185340868056905,0.9969641009880508,0.25185340868056905,82.95842769778596,1.6036620108502941,623.5727935400674,-22.222388442480195,6.403914236059894,12.804627048572348,wat_1,water,1,1,2026-09-11T13:08:48,,,0.019822665239702532,True,5623.0,,,,,,,,,,,,
sym_lin,5003856.173575138,934.3128884357064,373.4371476821093,,,True,-0.25185340868056905,0.9969641009880508,0.25185340868056905,82.95842769778596,1.6036620108502941,623.5727935400674,-22.222388442480195,6.403914236059894,12.804627048572348,wat_1,water,1,1,2026-09-11T13:08:48,,,0.007782970655668088,True,5623.0,,,,,,,,,,,,
psl,5003909.469907469,933.6308782274593,373.16057927991403,,,True,-0.25185340868056905,0.9969641009880508,0.25185340868056905,82.95842769778596,1.6036620108502941,623.5727935400674,-22.222388442480195,6.403914236059894,12.804627048572348,wat_1,water,1,1,2026-09-11T13:08:48,,,0.0046492419349703825,True,5623.0,-5.034167150975893,True,ok,0.0016073656245427113,1.3724933379184162e-05,-41.04211448751261,-85.46990746911615,1.001930589862264,1.0036976629493741,,,
circle,5003908.715836976,950.0080372344011,379.70638202399687,,,True,-0.25185340868056905,0.9969641009880508,0.25185340868056905,82.95842769778596,1.6036620108502941,623.5727935400674,-22.222388442480195,6.403914236059894,12.804627048572348,wat_1,water,1,1,2026-09-11T13:08:48,,,0.055702688325708884,,,,,,,,,,,,-4.258762293417359,693.6783577897359,2.7684512984203305e-12
mag_argmax,14986985.0,1769.7217492805794,236.16781484475754,842.8120626211166,14986346.01242023,False,0.0,0.8781584921737309,9.23570084763543,75.80094019194505,1.0149760242362589,985.244947783345,-25.475000741852977,4.629449743574249,9.228873120942046,wat_1,water,3,1,2026-09-11T13:08:50,,,,,,,,,,,,,,,,,
argmax_hh,14987320.0,1298.8584676496685,173.3276486589555,,,False,0.0,0.8781584921737309,9.23570084763543,75.80094019194505,1.0149760242362589,985.244947783345,-25.475000741852977,4.629449743574249,9.228873120942046,wat_1,water,3,1,2026-09-11T13:08:50,False,0.11154633558746413,,,,,,,,,,,,,,,
midpoint,14987191.812633466,1298.8584676496685,173.3291311524811,,,False,0.0,0.8781584921737309,9.23570084763543,75.80094019194505,1.0149760242362589,985.244947783345,-25.475000741852977,4.629449743574249,9.228873120942046,wat_1,water,3,1,2026-09-11T13:08:50,,,,,,,,,,,,,,,,,
sym,14987184.81331667,1401.5174281748036,187.02877767004028,,,False,0.0,0.8781584921737309,9.23570084763543,75.80094019194505,1.0149760242362589,985.244947783345,-25.475000741852977,4.629449743574249,9.228873120942046,wat_1,water,3,1,2026-09-11T13:08:50,,,0.049018142226537956,True,7793.0,,,,,,,,,,,,
sym_lin,14987290.357335463,1329.4468583792845,177.40990221472458,,,False,0.0,0.8781584921737309,9.23570084763543,75.80094019194505,1.0149760242362589,985.244947783345,-25.475000741852977,4.629449743574249,9.228873120942046,wat_1,water,3,1,2026-09-11T13:08:50,,,0.016255448559467874,True,7793.0,,,,,,,,,,,,
psl,14987493.375521135,1328.7455761945134,177.31391673069695,,,False,0.0,0.8781584921737309,9.23570084763543,75.80094019194505,1.0149760242362589,985.244947783345,-25.475000741852977,4.629449743574249,9.228873120942046,wat_1,water,3,1,2026-09-11T13:08:50,,,0.002860027719983125,True,7793.0,-13.636668327863354,True,ok,0.0009476948979733584,8.016361977205578e-05,-158.87456678791088,-173.37552113458514,1.0141955900928523,0.9775072752223637,,,
circle,14986962.575099738,1380.7503314986689,184.26019609773797,,,False,0.0,0.8781584921737309,9.23570084763543,75.80094019194505,1.0149760242362589,985.244947783345,-25.475000741852977,4.629449743574249,9.228873120942046,wat_1,water,3,1,2026-09-11T13:08:50,,,0.17911514910550966,,,,,,,,,,,,16.90129356105735,1373.5844921887194,4.557423159237475e-12
mag_argmax,24971110.0,6387.063684016466,511.5562491228036,1344.6825086399913,24966327.92016821,False,0.0,0.6128821615637565,24.82928049326938,64.13881776558496,0.852423807674385,1173.1253761297892,-25.90425900758611,3.769533778122352,7.595894698628458,wat_1,water,5,1,2026-09-11T13:08:52,,,,,,,,,,,,,,,,,
argmax_hh,24971759.0,1583.7502331584692,126.84330592478241,,,False,0.0,0.6128821615637565,24.82928049326938,64.13881776558496,0.852423807674385,1173.1253761297892,-25.90425900758611,3.769533778122352,7.595894698628458,wat_1,water,5,1,2026-09-11T13:08:52,False,0.34262070733525113,,,,,,,,,,,,,,,
midpoint,24971447.085125297,1583.7502331584692,126.84489030688648,,,False,0.0,0.6128821615637565,24.82928049326938,64.13881776558496,0.852423807674385,1173.1253761297892,-25.90425900758611,3.769533778122352,7.595894698628458,wat_1,water,5,1,2026-09-11T13:08:52,,,,,,,,,,,,,,,,,
sym,24971378.37473234,2031.6420985669192,162.7176576382076,,,False,0.0,0.6128821615637565,24.82928049326938,64.13881776558496,0.852423807674385,1173.1253761297892,-25.90425900758611,3.769533778122352,7.595894698628458,wat_1,water,5,1,2026-09-11T13:08:52,,,0.07859845070673732,True,9503.0,,,,,,,,,,,,
sym_lin,24971655.123336673,1646.9723382573643,131.9073429552713,,,False,0.0,0.6128821615637565,24.82928049326938,64.13881776558496,0.852423807674385,1173.1253761297892,-25.90425900758611,3.769533778122352,7.595894698628458,wat_1,water,5,1,2026-09-11T13:08:52,,,0.02648376361693063,True,9503.0,,,,,,,,,,,,
psl,24972093.952638958,1645.7486852270079,131.80702333959394,,,False,0.0,0.6128821615637565,24.82928049326938,64.13881776558496,0.852423807674385,1173.1253761297892,-25.90425900758611,3.769533778122352,7.595894698628458,wat_1,water,5,1,2026-09-11T13:08:52,,,0.0016901894493842981,True,9503.0,-23.970413575016178,True,ok,0.0006375254575047516,0.00024178603926188508,-349.3705921355817,-334.95263895764947,1.0440935321644973,0.9623281169080886,,,
circle,24972182.35908971,1533.184458368259,122.7913873382548,,,False,0.0,0.6128821615637565,24.82928049326938,64.13881776558496,0.852423807674385,1173.1253761297892,-25.90425900758611,3.769533778122352,7.595894698628458,wat_1,water,5,1,2026-09-11T13:08:52,,,0.102321629667617,,,,,,,,,,,,-27.461617013831546,1814.4235791670335,3.371294715018456e-12
mag_argmax,34954415.0,,,2203.4516739174724,,False,0.0,0.4411541929933844,33.94137814776037,60.73478179887027,0.8180708341822113,1222.3880356273246,-25.54636508196661,3.2951514934835977,6.59359923721076,wat_1,water,7,1,2026-09-11T13:08:54,,,,,,,,,,,,,,,,,
argmax_hh,34955387.0,1820.2501499131322,104.14704605691433,,,False,0.0,0.4411541929933844,33.94137814776037,60.73478179887027,0.8180708341822113,1222.3880356273246,-25.54636508196661,3.2951514934835977,6.59359923721076,wat_1,water,7,1,2026-09-11T13:08:54,False,0.4801877104153482,,,,,,,,,,,,,,,
midpoint,34955021.7134873,1820.2501499131322,104.14813441301877,,,False,0.0,0.4411541929933844,33.94137814776037,60.73478179887027,0.8180708341822113,1222.3880356273246,-25.54636508196661,3.2951514934835977,6.59359923721076,wat_1,water,7,1,2026-09-11T13:08:54,,,,,,,,,,,,,,,,,
sym,34954971.956797265,2264.4514995062314,129.56391453009826,,,False,0.0,0.4411541929933844,33.94137814776037,60.73478179887027,0.8180708341822113,1222.3880356273246,-25.54636508196661,3.2951514934835977,6.59359923721076,wat_1,water,7,1,2026-09-11T13:08:54,,,0.07468215160738358,True,10921.0,,,,,,,,,,,,
sym_lin,34955260.61969383,1875.685617704603,107.31921802052534,,,False,0.0,0.4411541929933844,33.94137814776037,60.73478179887027,0.8180708341822113,1222.3880356273246,-25.54636508196661,3.2951514934835977,6.59359923721076,wat_1,water,7,1,2026-09-11T13:08:54,,,0.026770228657614418,True,10921.0,,,,,,,,,,,,
psl,34955732.5637643,1867.907630514827,106.8727498190744,,,False,0.0,0.4411541929933844,33.94137814776037,60.73478179887027,0.8180708341822113,1222.3880356273246,-25.54636508196661,3.2951514934835977,6.59359923721076,wat_1,water,7,1,2026-09-11T13:08:54,,,0.00368952989255194,True,10921.0,-22.54556976003049,True,ok,0.0004723447752818447,0.00036314675405724607,-372.32219322094403,-345.5637642964721,1.0389713920741876,0.97448616846832,,,
circle,34955781.610664934,1759.013252811898,100.64219260800203,,,False,0.0,0.4411541929933844,33.94137814776037,60.73478179887027,0.8180708341822113,1222.3880356273246,-25.54636508196661,3.2951514934835977,6.59359923721076,wat_1,water,7,1,2026-09-11T13:08:54,,,0.06617139579852913,,,,,,,,,,,,-27.089579784613598,2381.2536988198844,3.094677356139528e-12
mag_argmax,44939295.0,,,3819.4828233271837,,False,0.0,0.2715481151445405,40.88961161760447,56.13220648844618,0.8885199688327243,1125.4671083124113,-24.08831866372559,2.877939572218899,5.695862529724197,wat_1,water,9,1,2026-09-11T13:08:56,,,,,,,,,,,,,,,,,
argmax_hh,44940687.0,2099.4186460077763,93.43064319456337,,,False,0.0,0.2715481151445405,40.88961161760447,56.13220648844618,0.8885199688327243,1125.4671083124113,-24.08831866372559,2.877939572218899,5.695862529724197,wat_1,water,9,1,2026-09-11T13:08:56,False,0.6690566027193733,,,,,,,,,,,,,,,
midpoint,44940170.475650005,2099.4186460077763,93.43171704901775,,,False,0.0,0.2715481151445405,40.88961161760447,56.13220648844618,0.8885199688327243,1125.4671083124113,-24.08831866372559,2.877939572218899,5.695862529724197,wat_1,water,9,1,2026-09-11T13:08:56,,,,,,,,,,,,,,,,,
sym,44940047.441830866,2863.707703027133,127.44569113923771,,,False,0.0,0.2715481151445405,40.88961161760447,56.13220648844618,0.8885199688327243,1125.4671083124113,-24.08831866372559,2.877939572218899,5.695862529724197,wat_1,water,9,1,2026-09-11T13:08:56,,,0.08954789779624935,True,12341.0,,,,,,,,,,,,
sym_lin,44940499.48810185,2178.779445995448,96.96284958169134,,,False,0.0,0.2715481151445405,40.88961161760447,56.13220648844618,0.8885199688327243,1125.4671083124113,-24.08831866372559,2.877939572218899,5.695862529724197,wat_1,water,9,1,2026-09-11T13:08:56,,,0.03304072529070101,True,12341.0,,,,,,,,,,,,
psl,44941171.80710407,2135.1283616249893,95.01881129354437,,,False,0.0,0.2715481151445405,40.88961161760447,56.13220648844618,0.8885199688327243,1125.4671083124113,-24.08831866372559,2.877939572218899,5.695862529724197,wat_1,water,9,1,2026-09-11T13:08:56,,,0.004081353221099074,True,12341.0,-27.930117710148828,True,ok,0.0003426096009343864,0.000567935276992639,-530.9644745995017,-484.80710407346487,1.0600395445000774,0.9832751434250842,,,
circle,44941156.9654201,2017.6379516996903,89.79020959572352,,,False,0.0,0.2715481151445405,40.88961161760447,56.13220648844618,0.8885199688327243,1125.4671083124113,-24.08831866372559,2.877939572218899,5.695862529724197,wat_1,water,9,1,2026-09-11T13:08:56,,,0.06621578386896587,,,,,,,,,,,,-31.218675695287505,3257.7022144846037,3.2167584469662206e-12
mag_argmax,5003814.0,905.7654847227968,362.0300373766078,474.33705035597086,5003723.842989804,True,-0.11192899881451446,0.99864877038135,0.11192899881451446,82.83492107458832,1.606888236072416,622.3208170620611,-22.20671698706984,6.424593590645016,12.8524000135574,wat_2,water,1,2,2026-09-11T13:15:26,,,,,,,,,,,,,,,,,
argmax_hh,5003829.0,933.7555621783249,373.21641574015615,,,True,-0.11192899881451446,0.99864877038135,0.11192899881451446,82.83492107458832,1.606888236072416,622.3208170620611,-22.20671698706984,6.424593590645016,12.8524000135574,wat_2,water,1,2,2026-09-11T13:15:26,False,0.013116134354256853,,,,,,,,,,,,,,,
midpoint,5003833.469157051,933.7555621783249,373.21608240316834,,,True,-0.11192899881451446,0.99864877038135,0.11192899881451446,82.83492107458832,1.606888236072416,622.3208170620611,-22.20671698706984,6.424593590645016,12.8524000135574,wat_2,water,1,2,2026-09-11T13:15:26,,,,,,,,,,,,,,,,,
sym,5003832.626968634,933.5686766928642,373.14144828158584,,,True,-0.11192899881451446,0.99864877038135,0.11192899881451446,82.83492107458832,1.606888236072416,622.3208170620611,-22.20671698706984,6.424593590645016,12.8524000135574,wat_2,water,1,2,2026-09-11T13:15:26,,,0.019705573648315707,True,5603.0,,,,,,,,,,,,
sym_lin,5003857.8043244565,931.5422790577516,372.32963664662486,,,True,-0.11192899881451446,0.99864877038135,0.11192899881451446,82.83492107458832,1.606888236072416,622.3208170620611,-22.20671698706984,6.424593590645016,12.8524000135574,wat_2,water,1,2,2026-09-11T13:15:26,,,0.007557579463691671,True,5603.0,,,,,,,,,,,,
psl,5003910.616230834,931.054935790511,372.13092207143484,,,True,-0.11192899881451446,0.99864877038135,0.11192899881451446,82.83492107458832,1.606888236072416,622.3208170620611,-22.20671698706984,6.424593590645016,12.8524000135574,wat_2,water,1,2,2026-09-11T13:15:26,,,0.0046022938881727414,True,5603.0,-5.013650776504169,True,ok,0.001609411081877545,1.3268643650728687e-05,-40.76186078720002,-81.61623083427548,1.0019148809433056,1.0029006090661245,,,
circle,5003909.619933355,946.634127046771,378.3578037763915,,,True,-0.11192899881451446,0.99864877038135,0.11192899881451446,82.83492107458832,1.606888236072416,622.3208170620611,-22.20671698706984,6.424593590645016,12.8524000135574,wat_2,water,1,2,2026-09-11T13:15:26,,,0.05493654840136419,,,,,,,,,,,,-4.241829816792348,692.1310470844578,2.7886282311381416e-12
mag_argmax,14986981.0,1770.2133113248274,236.2334764186099,846.7804328370839,14986349.313888814,True,-9.056571982747208,0.8803959799191966,9.056571982747208,75.72130081103191,1.065632974962207,938.4093993858113,-25.35333750263126,4.422519263680291,8.847250155597129,wat_2,water,3,2,2026-09-11T13:15:28,,,,,,,,,,,,,,,,,
argmax_hh,14987228.0,1356.4666748354211,181.01635270183667,,,True,-9.056571982747208,0.8803959799191966,9.056571982747208,75.72130081103191,1.065632974962207,938.4093993858113,-25.35333750263126,4.422519263680291,8.847250155597129,wat_2,water,3,2,2026-09-11T13:15:28,False,0.1799744070070752,,,,,,,,,,,,,,,
midpoint,14987057.426052567,1356.4666748354211,181.01841292439755,,,True,-9.056571982747208,0.8803959799191966,9.056571982747208,75.72130081103191,1.065632974962207,938.4093993858113,-25.35333750263126,4.422519263680291,8.847250155597129,wat_2,water,3,2,2026-09-11T13:15:28,,,,,,,,,,,,,,,,,
sym,14987030.04659914,1531.9946012548387,204.44272100495044,,,True,-9.056571982747208,0.8803959799191966,9.056571982747208,75.72130081103191,1.065632974962207,938.4093993858113,-25.35333750263126,4.422519263680291,8.847250155597129,wat_2,water,3,2,2026-09-11T13:15:28,,,0.06229661848476559,True,8139.0,,,,,,,,,,,,
sym_lin,14987183.97232683,1391.499172685118,185.69187850825875,,,True,-9.056571982747208,0.8803959799191966,9.056571982747208,75.72130081103191,1.065632974962207,938.4093993858113,-25.35333750263126,4.422519263680291,8.847250155597129,wat_2,water,3,2,2026-09-11T13:15:28,,,0.019412417913427026,True,8139.0,,,,,,,,,,,,
psl,14987461.241618203,1395.43804279391,186.2140652506193,,,True,-9.056571982747208,0.8803959799191966,9.056571982747208,75.72130081103191,1.065632974962207,938.4093993858113,-25.35333750263126,4.422519263680291,8.847250155597129,wat_2,water,3,2,2026-09-11T13:15:28,,,0.0038536210459227164,True,8139.0,-17.8688375730913,True,ok,0.0009361936126633598,0.0001485348646293251,-219.37867226496925,-233.24161820299923,1.0244173003678323,0.9720723050659695,,,
circle,14987492.389125563,1865.5463089831774,248.94709008649866,,,True,-9.056571982747208,0.8803959799191966,9.056571982747208,75.72130081103191,1.065632974962207,938.4093993858113,-25.35333750263126,4.422519263680291,8.847250155597129,wat_2,water,3,2,2026-09-11T13:15:28,,,0.15146780877820812,,,,,,,,,,,,-12.486591235077903,1060.7317183563925,2.0454464941946864e-12
mag_argmax,24971154.0,6246.182261370122,500.2718145400988,1320.145899284631,24966473.449893534,False,0.0,0.615350675448837,24.639136132300486,64.05610138806622,0.8542948070639296,1170.5561028011339,-25.862742557086445,3.796481063009973,7.596759872998615,wat_2,water,5,2,2026-09-11T13:15:21,,,,,,,,,,,,,,,,,
argmax_hh,24971741.0,1579.8840822465718,126.53375527533878,,,False,0.0,0.615350675448837,24.639136132300486,64.05610138806622,0.8542948070639296,1170.5561028011339,-25.862742557086445,3.796481063009973,7.596759872998615,wat_2,water,5,2,2026-09-11T13:15:21,False,0.3426453118355917,,,,,,,,,,,,,,,
midpoint,24971449.40309243,1579.8840822465718,126.53523283681893,,,False,0.0,0.615350675448837,24.639136132300486,64.05610138806622,0.8542948070639296,1170.5561028011339,-25.862742557086445,3.796481063009973,7.596759872998615,wat_2,water,5,2,2026-09-11T13:15:21,,,,,,,,,,,,,,,,,
sym,24971382.942389578,2022.1461362096686,161.95708030066868,,,False,0.0,0.615350675448837,24.639136132300486,64.05610138806622,0.8542948070639296,1170.5561028011339,-25.862742557086445,3.796481063009973,7.596759872998615,wat_2,water,5,2,2026-09-11T13:15:21,,,0.0788190785379886,True,9479.0,,,,,,,,,,,,
sym_lin,24971658.940327343,1648.7188486526127,132.0472021976927,,,False,0.0,0.615350675448837,24.639136132300486,64.05610138806622,0.8542948070639296,1170.5561028011339,-25.862742557086445,3.796481063009973,7.596759872998615,wat_2,water,5,2,2026-09-11T13:15:21,,,0.02648157137028619,True,9479.0,,,,,,,,,,,,
psl,24972097.244361814,1644.4704746522264,131.70463486189684,,,False,0.0,0.615350675448837,24.639136132300486,64.05610138806622,0.8542948070639296,1170.5561028011339,-25.862742557086445,3.796481063009973,7.596759872998615,wat_2,water,5,2,2026-09-11T13:15:21,,,0.0018931028192207995,True,9479.0,-23.97474436296835,True,ok,0.0006384598302832738,0.00024231328145634965,-349.16419624143134,-356.24436181411147,1.0441095946159642,0.9607251127939446,,,
circle,24972186.18438931,1529.2447491986898,122.47584075395496,,,False,0.0,0.615350675448837,24.639136132300486,64.05610138806622,0.8542948070639296,1170.5561028011339,-25.862742557086445,3.796481063009973,7.596759872998615,wat_2,water,5,2,2026-09-11T13:15:21,,,0.10149726930661551,,,,,,,,,,,,-27.460060419725075,1810.4996676555756,3.3640992060890842e-12
mag_argmax,34954423.0,,,2192.8586833029985,,False,0.0,0.44176845820934724,33.89300802363964,60.714964107761126,0.8187207052191581,1221.417747988084,-25.546421871735593,3.291202082530143,6.58405004041411,wat_2,water,7,2,2026-09-11T13:15:22,,,,,,,,,,,,,,,,,
argmax_hh,34955392.0,1822.738272998482,104.28939106152676,,,False,0.0,0.44176845820934724,33.89300802363964,60.714964107761126,0.8187207052191581,1221.417747988084,-25.546421871735593,3.291202082530143,6.58405004041411,wat_2,water,7,2,2026-09-11T13:15:22,False,0.4797878689863002,,,,,,,,,,,,,,,
midpoint,34955029.84085812,1822.738272998482,104.29047157430406,,,False,0.0,0.44176845820934724,33.89300802363964,60.714964107761126,0.8187207052191581,1221.417747988084,-25.546421871735593,3.291202082530143,6.58405004041411,wat_2,water,7,2,2026-09-11T13:15:22,,,,,,,,,,,,,,,,,
sym,34954980.23220652,2265.5417257985873,129.6262627384456,,,False,0.0,0.44176845820934724,33.89300802363964,60.714964107761126,0.8187207052191581,1221.417747988084,-25.546421871735593,3.291202082530143,6.58405004041411,wat_2,water,7,2,2026-09-11T13:15:22,,,0.0743854251590306,True,10937.0,,,,,,,,,,,,
sym_lin,34955268.04076205,1880.3018272764127,107.58331620193869,,,False,0.0,0.44176845820934724,33.89300802363964,60.714964107761126,0.8187207052191581,1221.417747988084,-25.546421871735593,3.291202082530143,6.58405004041411,wat_2,water,7,2,2026-09-11T13:15:22,,,0.02649806860312246,True,10937.0,,,,,,,,,,,,
psl,34955738.795640975,1872.9451809773875,107.16095528273864,,,False,0.0,0.44176845820934724,33.89300802363964,60.714964107761126,0.8187207052191581,1221.417747988084,-25.546421871735593,3.291202082530143,6.58405004041411,wat_2,water,7,2,2026-09-11T13:15:22,,,0.0035820784002054957,True,10937.0,-22.452590610050542,True,ok,0.0004727397391420876,0.00036296826718571694,-371.7464827933583,-346.7956409752369,1.0386483781321405,0.9731936051899259,,,
circle,34955787.589010626,1761.7299503227414,100.79761160218244,,,False,0.0,0.44176845820934724,33.89300802363964,60.714964107761126,0.8187207052191581,1221.417747988084,-25.546421871735593,3.291202082530143,6.58405004041411,wat_2,water,7,2,2026-09-11T13:15:22,,,0.0657769255672763,,,,,,,,,,,,-26.991123416807064,2378.4464787881225,3.0918040780903938e-12
mag_argmax,44939134.0,,,3846.2645851671696,,False,0.0,0.2720834397880869,40.82332598534379,56.082425125015966,0.8908599360618071,1122.5109127936144,-24.105579818638134,2.856283160935576,5.713994701514894,wat_2,water,9,2,2026-09-11T13:15:24,,,,,,,,,,,,,,,,,
argmax_hh,44940736.0,2100.2819615527987,93.46896150311373,,,False,0.0,0.2720834397880869,40.82332598534379,56.082425125015966,0.8908599360618071,1122.5109127936144,-24.105579818638134,2.856283160935576,5.713994701514894,wat_2,water,9,2,2026-09-11T13:15:24,False,0.6674075593318266,,,,,,,,,,,,,,,
midpoint,44940166.20185151,2100.2819615527987,93.4701465997813,,,False,0.0,0.2720834397880869,40.82332598534379,56.082425125015966,0.8908599360618071,1122.5109127936144,-24.105579818638134,2.856283160935576,5.713994701514894,wat_2,water,9,2,2026-09-11T13:15:24,,,,,,,,,,,,,,,,,
sym,44940056.13004523,2891.1924949661266,128.6688421838968,,,False,0.0,0.2720834397880869,40.82332598534379,56.082425125015966,0.8908599360618071,1122.5109127936144,-24.105579818638134,2.856283160935576,5.713994701514894,wat_2,water,9,2,2026-09-11T13:15:24,,,0.0895443496211171,True,12300.0,,,,,,,,,,,,
sym_lin,44940513.958492465,2177.490548971952,96.9054582234242,,,False,0.0,0.2720834397880869,40.82332598534379,56.082425125015966,0.8908599360618071,1122.5109127936144,-24.105579818638134,2.856283160935576,5.713994701514894,wat_2,water,9,2,2026-09-11T13:15:24,,,0.03486097970631782,True,12300.0,,,,,,,,,,,,
psl,44941189.947274126,2119.1202956746974,94.3063723128333,,,False,0.0,0.2720834397880869,40.82332598534379,56.082425125015966,0.8908599360618071,1122.5109127936144,-24.105579818638134,2.856283160935576,5.713994701514894,wat_2,water,9,2,2026-09-11T13:15:24,,,0.006515211009171057,True,12300.0,-28.123279075009897,True,ok,0.0003425964823360885,0.0005695872636967699,-530.7781797233421,-453.94727412611246,1.060882389216988,0.9911103045162895,,,
circle,44941169.75748319,2017.1385731738612,89.76796038282852,,,False,0.0,0.2720834397880869,40.82332598534379,56.082425125015966,0.8908599360618071,1122.5109127936144,-24.105579818638134,2.856283160935576,5.713994701514894,wat_2,water,9,2,2026-09-11T13:15:24,,,0.06374424833348873,,,,,,,,,,,,-31.348917622763167,3249.2278373774047,3.2139940086168224e-12
