dataset,source,t,n,df_over_n,dG_over_n,D_ppm
DS-2,datalog A (live),2026-09-11 12:15:27,1,30.11320754699409,-0.6113887404158049,25.80855243569851
DS-2,datalog A (live),2026-09-11 12:15:27,3,39.96226415100197,-1.173892844130587,9.9550158718582
DS-2,datalog A (live),2026-09-11 12:15:27,5,40.36981132104993,-0.495747787373611,8.427189256170088
DS-2,datalog A (live),2026-09-11 12:15:27,7,41.95417789795569,-1.0646869112207102,8.720864281351691
DS-2,datalog A (live),2026-09-11 12:15:27,9,39.99371069173018,-0.02548765741310098,9.031033523007386
DS-2,datalog A (live),2026-09-11 12:15:37,1,30.11320754699409,-0.4803149265303688,25.860933487827047
DS-2,datalog A (live),2026-09-11 12:15:37,3,38.62893081766864,-1.0281758218109474,10.013348696189706
DS-2,datalog A (live),2026-09-11 12:15:37,5,39.36981132104993,-0.34955343154767604,8.485729851835913
DS-2,datalog A (live),2026-09-11 12:15:37,7,39.6684636122414,-1.0133294486683195,8.741436037317284
DS-2,datalog A (live),2026-09-11 12:15:37,9,38.10482180284129,0.02555392870450785,9.051479267661836
DS-2,datalog A (live),2026-09-11 12:15:47,1,30.11320754699409,-0.43985827156075175,25.877101188224945
DS-2,datalog A (live),2026-09-11 12:15:47,3,36.96226415100197,-0.8575199360996351,10.08166519295856
DS-2,datalog A (live),2026-09-11 12:15:47,5,37.36981132104993,-0.3108013443709524,8.501250304217008
DS-2,datalog A (live),2026-09-11 12:15:47,7,37.95417789795569,-1.0317117853913698,8.734077231489819
DS-2,datalog A (live),2026-09-11 12:15:47,9,36.2159329139524,0.07582349145556261,9.071615829685674
DS-2,datalog A (live),2026-09-11 12:16:43,1,25.11320754699409,-0.37436339588450096,25.90330079667858
DS-2,datalog A (live),2026-09-11 12:16:43,3,27.96226415100197,-0.3611833750928355,10.280366089253452
DS-2,datalog A (live),2026-09-11 12:16:43,5,27.969811321049928,-0.048217798317762114,8.606409823831415
DS-2,datalog A (live),2026-09-11 12:16:43,7,28.668463612241403,-0.945269937754091,8.768711994142834
DS-2,datalog A (live),2026-09-11 12:16:43,9,26.882599580619072,0.08243211008585957,9.074279564877642
DS-2,datalog A (live),2026-09-11 12:16:53,1,23.11320754699409,-0.1496701341188924,25.99310548317482
DS-2,datalog A (live),2026-09-11 12:16:53,3,26.295597484335303,-0.2152609266768811,10.338782062041036
DS-2,datalog A (live),2026-09-11 12:16:53,5,26.56981132104993,-0.04822382280463842,8.606409823831415
DS-2,datalog A (live),2026-09-11 12:16:53,7,27.097035040812834,-0.9010249155634621,8.786434154611156
DS-2,datalog A (live),2026-09-11 12:16:53,9,25.549266247285736,0.20535638803692613,9.12351370243288
DS-2,datalog A (live),2026-09-11 12:17:03,1,23.11320754699409,-0.1496701341188924,25.99310548317482
DS-2,datalog A (live),2026-09-11 12:17:03,3,25.295597484335303,-0.2152660960679119,10.338782062041036
DS-2,datalog A (live),2026-09-11 12:17:03,5,24.969811321049928,-0.018233250694817116,8.618421391967116
DS-2,datalog A (live),2026-09-11 12:17:03,7,25.668463612241403,-0.9010311915878576,8.786434154611156
DS-2,datalog A (live),2026-09-11 12:17:03,9,24.215932913952404,0.20535030569445845,9.12351370243288
DS-2,datalog A (live),2026-09-11 12:17:03,1,22.11320754699409,-0.14968313067163308,25.99310548317482
DS-2,datalog A (live),2026-09-11 12:17:03,3,23.96226415100197,-0.21527298858928626,10.338782062041036
DS-2,datalog A (live),2026-09-11 12:17:03,5,23.969811321049928,-0.00393319335179001,8.624149141040526
DS-2,datalog A (live),2026-09-11 12:17:03,7,24.52560646938426,-0.9010362124073765,8.786434154611156
DS-2,datalog A (live),2026-09-11 12:17:03,9,22.993710691730183,0.17113146001243726,9.109811130024582
DS-2,datalog A (live),2026-09-11 12:17:56,1,18.11320754699409,0.1327195420794851,26.105983160663328
DS-2,datalog A (live),2026-09-11 12:17:56,3,19.295597484335303,-0.12499411339311924,10.374930271591603
DS-2,datalog A (live),2026-09-11 12:17:56,5,19.36981132104993,0.09254165513479222,8.66278754169805
DS-2,datalog A (live),2026-09-11 12:17:56,7,19.95417789795569,-0.7946907938661322,8.82903184377431
DS-2,datalog A (live),2026-09-11 12:17:56,9,18.438155136174625,0.15305514618444882,9.102579786944778
DS-2,datalog A (live),2026-09-11 12:18:24,1,16.11320754699409,0.08493044878196088,26.08689557594325
DS-2,datalog A (live),2026-09-11 12:18:24,3,17.295597484335303,-0.059120886523724415,10.401303428883862
DS-2,datalog A (live),2026-09-11 12:18:24,5,17.36981132104993,0.11756414794298849,8.672810520847907
DS-2,datalog A (live),2026-09-11 12:18:24,7,17.95417789795569,-0.8472205800918086,8.80799802861038
DS-2,datalog A (live),2026-09-11 12:18:24,9,16.549266247285736,0.16475461155981938,9.107268925893536
DS-2,datalog A (live),2026-09-11 12:18:43,1,15.11320754699409,0.08491740533418124,26.08689557594325
DS-2,datalog A (live),2026-09-11 12:18:43,3,15.96226415100197,-0.053514590769992765,10.40355040130204
DS-2,datalog A (live),2026-09-11 12:18:43,5,16.169811321049927,0.14664166731899114,8.684455832059855
DS-2,datalog A (live),2026-09-11 12:18:43,7,16.668463612241403,-0.8546802109492221,8.805012830968455
DS-2,datalog A (live),2026-09-11 12:18:43,9,15.438155136174625,0.22999840500432356,9.133401431813288
DS-2,datalog A (live),2026-09-11 12:19:17,1,13.11320754699409,0.09009266197017496,26.088974196867383
DS-2,datalog A (live),2026-09-11 12:19:17,3,13.96226415100197,-0.0193654600553117,10.41722444684055
DS-2,datalog A (live),2026-09-11 12:19:17,5,14.169811321049929,0.19963364539807174,8.705678379050358
DS-2,datalog A (live),2026-09-11 12:19:17,7,14.811320755098548,-0.833350275401626,8.813558413578354
DS-2,datalog A (live),2026-09-11 12:19:17,9,13.549266247285736,0.24659864419842215,9.140053371452282
DS-2,datalog A (live),2026-09-11 12:19:27,1,12.11320754699409,0.06117236539057558,26.07742194489625
DS-2,datalog A (live),2026-09-11 12:19:27,3,13.628930817668637,-0.01936719625938584,10.41722444684055
DS-2,datalog A (live),2026-09-11 12:19:27,5,13.769811321049929,0.2126426601237597,8.710888151656139
DS-2,datalog A (live),2026-09-11 12:19:27,7,14.382749326527119,-0.852146023878439,8.806031763679398
DS-2,datalog A (live),2026-09-11 12:19:27,9,12.99371069173018,0.23042880752179132,9.133578281210903
DS-2,datalog A (live),2026-09-11 12:19:36,1,12.11320754699409,0.06117236539057558,26.07742194489625
DS-2,datalog A (live),2026-09-11 12:19:36,3,13.295597484335303,0.02131525367748092,10.433510309636642
DS-2,datalog A (live),2026-09-11 12:19:36,5,13.56981132104993,0.21272527067129374,8.71092157941116
DS-2,datalog A (live),2026-09-11 12:19:36,7,13.95417789795569,-0.8521479108852442,8.806031763679398
DS-2,datalog A (live),2026-09-11 12:19:36,9,12.660377358396849,0.23042728525874484,9.133578281210903
DS-2,datalog A (live),2026-09-11 12:19:46,1,12.11320754699409,0.2010614372933759,26.133326041261345
DS-2,datalog A (live),2026-09-11 12:19:46,3,12.96226415100197,0.035697089392508964,10.43926804896597
DS-2,datalog A (live),2026-09-11 12:19:46,5,12.969811321049928,0.21272265739482066,8.71092157941116
DS-2,datalog A (live),2026-09-11 12:19:46,7,13.525606469384261,-0.8259212462437843,8.8165358943368
DS-2,datalog A (live),2026-09-11 12:19:46,9,12.327044025063515,0.24298273752938826,9.138607418130448
DS-2,datalog A (live),2026-09-11 12:19:56,1,11.11320754699409,0.2010483706303603,26.133326041261345
DS-2,datalog A (live),2026-09-11 12:19:56,3,12.628930817668637,0.03569534951449782,10.43926804896597
DS-2,datalog A (live),2026-09-11 12:19:56,5,12.56981132104993,0.17592860798714866,8.69618918397083
DS-2,datalog A (live),2026-09-11 12:19:56,7,13.239892183669976,-0.8259225057489142,8.8165358943368
DS-2,datalog A (live),2026-09-11 12:19:56,9,11.77148846950796,0.2502605395385097,9.14152323461369
DS-2,datalog A (live),2026-09-11 12:20:05,1,11.11320754699409,0.2010483706303603,26.133326041261345
DS-2,datalog A (live),2026-09-11 12:20:05,3,11.96226415100197,0.013788077697166537,10.430499967771324
DS-2,datalog A (live),2026-09-11 12:20:05,5,12.169811321049929,0.1759268687493119,8.69618918397083
DS-2,datalog A (live),2026-09-11 12:20:05,7,12.811320755098548,-0.8165343169704207,8.820296476392787
DS-2,datalog A (live),2026-09-11 12:20:05,9,11.549266247285736,0.2502595238137057,9.14152323461369
DS-2,datalog A (live),2026-09-11 12:20:15,1,11.11320754699409,0.2578059469283289,26.15600816793259
DS-2,datalog A (live),2026-09-11 12:20:15,3,11.628930817668637,-0.0002257109656843189,10.424890948012788
DS-2,datalog A (live),2026-09-11 12:20:15,5,11.769811321049929,0.2425115761733565,8.722851769014913
DS-2,datalog A (live),2026-09-11 12:20:15,7,12.382749326527119,-0.7766330601480961,8.836277075324546
DS-2,datalog A (live),2026-09-11 12:20:15,9,11.327044025063515,0.23820188705269946,9.13669449103715
DS-2,datalog A (live),2026-09-11 12:20:25,1,10.11320754699409,0.25779286892424125,26.15600816793259
DS-2,datalog A (live),2026-09-11 12:20:25,3,11.295597484335303,-0.0002274484475085122,10.424890948012788
DS-2,datalog A (live),2026-09-11 12:20:25,5,11.369811321049928,0.2425098316030045,8.722851769014913
DS-2,datalog A (live),2026-09-11 12:20:25,7,12.097035040812832,-0.7766343224733906,8.836277075324546
DS-2,datalog A (live),2026-09-11 12:20:25,9,10.77148846950796,0.23819934908200618,9.13669449103715
DS-2,datalog A (live),2026-09-11 12:20:34,1,10.11320754699409,0.32734385849245484,26.18380295364432
DS-2,datalog A (live),2026-09-11 12:20:34,3,10.96226415100197,0.011338534171391265,10.429521503721896
DS-2,datalog A (live),2026-09-11 12:20:34,5,11.169811321049929,0.24216408370201634,8.722713673696695
DS-2,datalog A (live),2026-09-11 12:20:34,7,11.668463612241405,-0.7766362159613364,8.836277075324546
DS-2,datalog A (live),2026-09-11 12:20:34,9,10.549266247285736,0.23781843150968662,9.13654233800216
DS-2,datalog A (live),2026-09-11 12:20:44,1,10.11320754699409,0.3311622191154129,26.185328891894
DS-2,datalog A (live),2026-09-11 12:20:44,3,10.628930817668637,0.01133679591780871,10.429521503721896
DS-2,datalog A (live),2026-09-11 12:20:44,5,10.769811321049929,0.2421623391592817,8.722713673696695
DS-2,datalog A (live),2026-09-11 12:20:44,7,11.525606469384261,-0.7704579180130183,8.83875164218466
DS-2,datalog A (live),2026-09-11 12:20:44,9,10.438155136174625,0.2153307207447218,9.1275360868387
DS-2,datalog A (live),2026-09-11 12:20:54,1,10.11320754699409,0.3311622191154129,26.185328891894
DS-2,datalog A (live),2026-09-11 12:20:54,3,10.295597484335303,-0.008177220794053142,10.421710742078114
DS-2,datalog A (live),2026-09-11 12:20:54,5,10.56981132104993,0.2624126012170507,8.730822647040103
DS-2,datalog A (live),2026-09-11 12:20:54,7,11.239892183669976,-0.7704591806918221,8.83875164218466
DS-2,datalog A (live),2026-09-11 12:20:54,9,9.88259958061907,0.21014284034047315,9.125459326822783
DS-2,datalog A (live),2026-09-11 12:21:03,1,9.11320754699409,0.1381027760848923,26.108181419998683
DS-2,datalog A (live),2026-09-11 12:21:03,3,10.295597484335303,-0.008177220794053142,10.421710742078114
DS-2,datalog A (live),2026-09-11 12:21:03,5,10.169811321049929,0.26241085505252215,8.730822647040103
DS-2,datalog A (live),2026-09-11 12:21:03,7,10.95417789795569,-0.7849898699565878,8.832932827792328
DS-2,datalog A (live),2026-09-11 12:21:03,9,9.88259958061907,0.19741120428159004,9.120360234511905
DS-2,datalog A (live),2026-09-11 12:21:13,1,9.11320754699409,0.1381027760848923,26.108181419998683
DS-2,datalog A (live),2026-09-11 12:21:13,3,9.628930817668637,0.007177167288972441,10.427858492357414
DS-2,datalog A (live),2026-09-11 12:21:13,5,9.969811321049928,0.21198126761381958,8.710629943612474
DS-2,datalog A (live),2026-09-11 12:21:13,7,10.525606469384261,-0.7849917627279085,8.832932827792328
DS-2,datalog A (live),2026-09-11 12:21:13,9,9.660377358396849,0.1974101909082309,9.120360234511905
DS-2,datalog A (live),2026-09-11 12:21:53,1,8.11320754699409,0.22202586866251295,26.141724985042607
DS-2,datalog A (live),2026-09-11 12:21:53,3,8.628930817668637,-0.005246454822507,10.422887404082374
DS-2,datalog A (live),2026-09-11 12:21:53,5,8.969811321049928,0.1892516045850698,8.701530257120448
DS-2,datalog A (live),2026-09-11 12:21:53,7,9.525606469384261,-0.7950288411137072,8.828914898115322
DS-2,datalog A (live),2026-09-11 12:21:53,9,8.438155136174625,0.2124842979699224,9.126399733705975
DS-2,datalog A (live),2026-09-11 12:22:06,1,8.11320754699409,0.22202586866251295,26.141724985042607
DS-2,datalog A (live),2026-09-11 12:22:06,3,8.628930817668637,0.0377645700822408,10.440104715549666
DS-2,datalog A (live),2026-09-11 12:22:06,5,8.769811321049929,0.183351408945029,8.699168044239904
DS-2,datalog A (live),2026-09-11 12:22:06,7,9.382749326527119,-0.7668735853258559,8.840190905997689
DS-2,datalog A (live),2026-09-11 12:22:06,9,8.104821802841293,0.21287832592562633,9.12655815338488
DS-2,datalog A (live),2026-09-11 12:23:18,1,6.11320754699409,0.07056257681327338,26.08120583891883
DS-2,datalog A (live),2026-09-11 12:23:18,3,6.628930817668636,0.037674729118757945,10.440072931376504
DS-2,datalog A (live),2026-09-11 12:23:18,5,6.969811321049929,0.19065321624387366,8.702094976119039
DS-2,datalog A (live),2026-09-11 12:23:18,7,7.668463612241404,-0.75313758796379,8.845695002269256
DS-2,datalog A (live),2026-09-11 12:23:18,9,6.438155136174625,0.20945755952740164,9.12519116216758
DS-2,datalog A (live),2026-09-11 12:23:33,1,6.11320754699409,0.07056257681327338,26.08120583891883
DS-2,datalog A (live),2026-09-11 12:23:33,3,6.628930817668636,0.037674729118757945,10.440072931376504
DS-2,datalog A (live),2026-09-11 12:23:33,5,6.5698113210499285,0.15420166416232634,8.687499705402576
DS-2,datalog A (live),2026-09-11 12:23:33,7,7.382749326527119,-0.7531388516345032,8.845695002269256
DS-2,datalog A (live),2026-09-11 12:23:33,9,6.327044025063515,0.21053524958569547,9.125622986482185
DS-2,datalog A (live),2026-09-11 12:23:47,1,6.11320754699409,0.15705707454389994,26.11577181657205
DS-2,datalog A (live),2026-09-11 12:23:47,3,6.295597484335303,0.006434416736179098,10.42756812632551
DS-2,datalog A (live),2026-09-11 12:23:47,5,6.5698113210499285,0.15420166416232634,8.687499705402576
DS-2,datalog A (live),2026-09-11 12:23:47,7,7.2398921836699754,-0.730279656931186,8.85485002196773
DS-2,datalog A (live),2026-09-11 12:23:47,9,6.327044025063515,0.21053524958569547,9.125622986482185
DS-2,datalog A (live),2026-09-11 12:24:54,1,5.11320754699409,0.23198559479122594,26.14572088270488
DS-2,datalog A (live),2026-09-11 12:24:54,3,5.295597484335303,0.07006324613095671,10.453040848138404
DS-2,datalog A (live),2026-09-11 12:24:54,5,5.369811321049928,0.18237126033468484,8.698781493702567
DS-2,datalog A (live),2026-09-11 12:24:54,7,6.097035040812833,-0.682504401935408,8.873985330084182
DS-2,datalog A (live),2026-09-11 12:24:54,9,5.104821802841292,0.1940806725536264,9.119035062462
DS-2,datalog A (live),2026-09-11 12:25:04,1,5.11320754699409,0.23198559479122594,26.14572088270488
DS-2,datalog A (live),2026-09-11 12:25:04,3,5.295597484335303,0.04338691696774314,10.44236230756769
DS-2,datalog A (live),2026-09-11 12:25:04,5,5.169811321049929,0.17829571640257882,8.697149908109786
DS-2,datalog A (live),2026-09-11 12:25:04,7,5.95417789795569,-0.6672130149862474,8.880109557995889
DS-2,datalog A (live),2026-09-11 12:25:04,9,5.104821802841292,0.18735530373928416,9.116341511604828
DS-2,datalog A (live),2026-09-11 12:25:13,1,4.11320754699409,0.09199089947422578,26.08977971078865
DS-2,datalog A (live),2026-09-11 12:25:13,3,4.96226415100197,0.05618955849609127,10.447487904876205
DS-2,datalog A (live),2026-09-11 12:25:13,5,5.169811321049929,0.1696444363719678,8.693685752776094
DS-2,datalog A (live),2026-09-11 12:25:13,7,5.8113207550985475,-0.6471541877776262,8.88814307554756
DS-2,datalog A (live),2026-09-11 12:25:13,9,4.88259958061907,0.1659854037751087,9.10778314281546
DS-2,datalog A (live),2026-09-11 12:25:23,1,4.11320754699409,0.09199089947422578,26.08977971078865
DS-2,datalog A (live),2026-09-11 12:25:23,3,4.96226415100197,0.0319340197455252,10.437778406604975
DS-2,datalog A (live),2026-09-11 12:25:23,5,4.969811321049929,0.16280482460266227,8.690947375700327
DS-2,datalog A (live),2026-09-11 12:25:23,7,5.525606469384262,-0.6324738766938286,8.894022831787629
DS-2,datalog A (live),2026-09-11 12:25:23,9,4.771488469507959,0.16598489778715791,9.10778314281546
DS-2,datalog A (live),2026-09-11 12:25:33,1,4.11320754699409,0.04102709302014773,26.06941292971896
DS-2,datalog A (live),2026-09-11 12:25:33,3,4.628930817668636,0.03193228011579189,10.437778406604975
DS-2,datalog A (live),2026-09-11 12:25:33,5,4.769811321049929,0.15562822086875486,8.688074059690882
DS-2,datalog A (live),2026-09-11 12:25:33,7,5.525606469384262,-0.6165472984786382,8.900401191093842
DS-2,datalog A (live),2026-09-11 12:25:33,9,4.660377358396848,0.18006181125928972,9.113421234892645
DS-2,datalog A (live),2026-09-11 12:25:42,1,4.11320754699409,0.06890551520857002,26.08055404653863
DS-2,datalog A (live),2026-09-11 12:25:42,3,4.628930817668636,0.013245657338363989,10.430298146301409
DS-2,datalog A (live),2026-09-11 12:25:42,5,4.769811321049929,0.16280395550792265,8.690947375700327
DS-2,datalog A (live),2026-09-11 12:25:42,7,5.382749326527119,-0.6165479342215779,8.900401191093842
DS-2,datalog A (live),2026-09-11 12:25:42,9,4.549266247285737,0.18006130495811273,9.113421234892645
DS-2,datalog A (live),2026-09-11 12:25:52,1,3.11320754699409,0.0410140583136922,26.06941292971896
DS-2,datalog A (live),2026-09-11 12:25:52,3,4.295597484335303,0.002370738331568608,10.425945608778251
DS-2,datalog A (live),2026-09-11 12:25:52,5,4.5698113210499285,0.17922514243190618,8.69752311473316
DS-2,datalog A (live),2026-09-11 12:25:52,7,5.2398921836699754,-0.6124662322124347,8.902036107152396
DS-2,datalog A (live),2026-09-11 12:25:52,9,4.438155136174625,0.16823713545148974,9.108685785686385
DS-2,datalog A (live),2026-09-11 12:26:01,1,3.11320754699409,0.05179741158417528,26.073722306400608
DS-2,datalog A (live),2026-09-11 12:26:01,3,4.295597484335303,0.0012282676647193587,10.425488277421527
DS-2,datalog A (live),2026-09-11 12:26:01,5,4.369811321049928,0.18100935494665862,8.698237899507795
DS-2,datalog A (live),2026-09-11 12:26:01,7,5.2398921836699754,-0.5969343642266917,8.908256391198288
DS-2,datalog A (live),2026-09-11 12:26:01,9,4.438155136174625,0.16823713545148974,9.108685785686385
DS-2,datalog A (live),2026-09-11 12:26:11,1,3.11320754699409,0.05179741158417528,26.073722306400608
DS-2,datalog A (live),2026-09-11 12:26:11,3,4.295597484335303,0.0012282676647193587,10.425488277421527
DS-2,datalog A (live),2026-09-11 12:26:11,5,4.369811321049928,0.20196828153804064,8.70663029794041
DS-2,datalog A (live),2026-09-11 12:26:11,7,5.097035040812833,-0.5807046091824881,8.914756423734147
DS-2,datalog A (live),2026-09-11 12:26:11,9,4.104821802841292,0.16482217462882748,9.10731868097763
DS-2,datalog A (live),2026-09-11 12:26:21,1,3.11320754699409,0.20340203092700904,26.134308414917907
DS-2,datalog A (live),2026-09-11 12:26:21,3,3.96226415100197,-0.018476946252074338,10.41760096930299
DS-2,datalog A (live),2026-09-11 12:26:21,5,4.169811321049929,0.20196741087501097,8.70663029794041
DS-2,datalog A (live),2026-09-11 12:26:21,7,4.95417789795569,-0.5807052459508019,8.914756423734147
DS-2,datalog A (live),2026-09-11 12:26:21,9,4.104821802841292,0.1587675808111947,9.104893779075098
DS-2,datalog A (live),2026-09-11 12:26:30,1,3.11320754699409,0.2081285164959752,26.13619727139753
DS-2,datalog A (live),2026-09-11 12:26:30,3,3.96226415100197,0.0043822725887234055,10.426751522194126
DS-2,datalog A (live),2026-09-11 12:26:30,5,4.169811321049929,0.20196741087501097,8.70663029794041
DS-2,datalog A (live),2026-09-11 12:26:30,7,4.8113207550985475,-0.5807058827191197,8.914756423734147
DS-2,datalog A (live),2026-09-11 12:26:30,9,3.9937106917301812,0.1560619832106435,9.103810373229772
DS-2,datalog A (live),2026-09-11 12:26:40,1,3.11320754699409,0.20340203092700904,26.134308414917907
DS-2,datalog A (live),2026-09-11 12:26:40,3,3.96226415100197,-0.005877129706230259,10.422644680049377
DS-2,datalog A (live),2026-09-11 12:26:40,5,3.969811321049929,0.17225246107344958,8.694732149909195
DS-2,datalog A (live),2026-09-11 12:26:40,7,4.8113207550985475,-0.57306275386873,8.91781738437149
DS-2,datalog A (live),2026-09-11 12:26:40,9,3.9937106917301812,0.1587670749837634,9.104893779075098
DS-2,datalog A (live),2026-09-11 12:26:49,1,3.11320754699409,0.1790665939384013,26.12458318733184
DS-2,datalog A (live),2026-09-11 12:26:49,3,3.96226415100197,0.0043822725887234055,10.426751522194126
DS-2,datalog A (live),2026-09-11 12:26:49,5,3.969811321049929,0.17225246107344958,8.694732149909195
DS-2,datalog A (live),2026-09-11 12:26:49,7,4.668463612241404,-0.5912485104508635,8.910534511355984
DS-2,datalog A (live),2026-09-11 12:26:49,9,3.88259958061907,0.13796327619900872,9.09656193247474
DS-2,datalog A (live),2026-09-11 12:26:59,1,3.11320754699409,0.1790665939384013,26.12458318733184
DS-2,datalog A (live),2026-09-11 12:26:59,3,3.628930817668637,0.017895001324527964,10.432161367992846
DS-2,datalog A (live),2026-09-11 12:26:59,5,3.7698113210499287,0.1283358817375216,8.67714736677225
DS-2,datalog A (live),2026-09-11 12:26:59,7,4.525606469384262,-0.5730640278426417,8.91781738437149
DS-2,datalog A (live),2026-09-11 12:26:59,9,3.88259958061907,0.15218481210709772,9.102257744952638
DS-2,datalog A (live),2026-09-11 12:27:09,1,3.11320754699409,0.1790665939384013,26.12458318733184
DS-2,datalog A (live),2026-09-11 12:27:09,3,3.628930817668637,0.017895001324527964,10.432161367992846
DS-2,datalog A (live),2026-09-11 12:27:09,5,3.7698113210499287,0.1283358817375216,8.67714736677225
DS-2,datalog A (live),2026-09-11 12:27:09,7,4.382749326527119,-0.5570039761285963,8.924249454418147
DS-2,datalog A (live),2026-09-11 12:27:09,9,3.660377358396848,0.14276755389895535,9.098486480089637
DS-2,datalog A (live),2026-09-11 12:27:18,1,3.11320754699409,0.0787745464526779,26.08450324188736
DS-2,datalog A (live),2026-09-11 12:27:18,3,3.628930817668637,0.006279767899404949,10.427511785886356
DS-2,datalog A (live),2026-09-11 12:27:18,5,3.5698113210499285,0.14954083277051494,8.685638627417191
DS-2,datalog A (live),2026-09-11 12:27:18,7,4.2398921836699754,-0.5464009480225026,8.928496066926844
DS-2,datalog A (live),2026-09-11 12:27:18,9,3.438155136174626,0.14276654295601235,9.098486480089637
DS-2,datalog A (live),2026-09-11 12:27:28,1,3.11320754699409,0.06407112227088874,26.07862727810133
DS-2,datalog A (live),2026-09-11 12:27:28,3,3.2955974843353033,-0.008521844930659958,10.4215873902553
DS-2,datalog A (live),2026-09-11 12:27:28,5,3.5698113210499285,0.14954083277051494,8.685638627417191
DS-2,datalog A (live),2026-09-11 12:27:28,7,4.2398921836699754,-0.5450474335087075,8.929038129634927
DS-2,datalog A (live),2026-09-11 12:27:28,9,3.3270440250635147,0.1371973146744444,9.09625617215374
DS-2,datalog A (live),2026-09-11 12:27:38,1,3.11320754699409,0.01863280003226464,26.060468655139005
DS-2,datalog A (live),2026-09-11 12:27:38,3,3.2955974843353033,-0.01825740713376452,10.417690240953222
DS-2,datalog A (live),2026-09-11 12:27:38,5,3.3698113210499288,0.14953996420665022,8.685638627417191
DS-2,datalog A (live),2026-09-11 12:27:38,7,4.097035040812833,-0.5030648024426918,8.945851813439916
DS-2,datalog A (live),2026-09-11 12:27:38,9,3.3270440250635147,0.12003619163378845,9.089383036210064
DS-2,datalog A (live),2026-09-11 12:27:47,1,3.11320754699409,0.01863280003226464,26.060468655139005
DS-2,datalog A (live),2026-09-11 12:27:47,3,3.2955974843353033,-0.027318636549007163,10.41406302732602
DS-2,datalog A (live),2026-09-11 12:27:47,5,3.3698113210499288,0.16892330026392982,8.69340012755917
DS-2,datalog A (live),2026-09-11 12:27:47,7,4.097035040812833,-0.5030648024426918,8.945851813439916
DS-2,datalog A (live),2026-09-11 12:27:47,9,3.3270440250635147,0.11810187396881765,9.088608330018744
DS-2,datalog A (live),2026-09-11 12:27:57,1,3.11320754699409,0.08957644414294919,26.08882002951885
DS-2,datalog A (live),2026-09-11 12:27:57,3,3.2955974843353033,-0.05820973680415401,10.40169730798817
DS-2,datalog A (live),2026-09-11 12:27:57,5,3.3698113210499288,0.19253805075170477,8.702855976063375
DS-2,datalog A (live),2026-09-11 12:27:57,7,3.9541778979556903,-0.5313428185288233,8.934527138065361
DS-2,datalog A (live),2026-09-11 12:27:57,9,3.2159329139524035,0.12003568666806548,9.089383036210064
DS-2,datalog A (live),2026-09-11 12:28:07,1,3.11320754699409,0.19331517786986296,26.130277382245104
DS-2,datalog A (live),2026-09-11 12:28:07,3,3.2955974843353033,-0.05820973680415401,10.40169730798817
DS-2,datalog A (live),2026-09-11 12:28:07,5,3.1698113210499286,0.19253718046610685,8.702855976063375
DS-2,datalog A (live),2026-09-11 12:28:07,7,3.9541778979556903,-0.5313428185288233,8.934527138065361
DS-2,datalog A (live),2026-09-11 12:28:07,9,3.1048218028412924,0.12057104356564866,9.089597652210935
DS-2,datalog A (live),2026-09-11 12:28:16,1,3.11320754699409,0.2603521190225564,26.15706751178701
DS-2,datalog A (live),2026-09-11 12:28:16,3,2.96226415100197,-0.06634580154964453,10.398441131884836
DS-2,datalog A (live),2026-09-11 12:28:16,5,2.969811321049929,0.1835003734952693,8.699237794483349
DS-2,datalog A (live),2026-09-11 12:28:16,7,3.811320755098547,-0.5305401839788308,8.934848837038334
DS-2,datalog A (live),2026-09-11 12:28:16,9,3.1048218028412924,0.12057104356564866,9.089597652210935
DS-2,datalog A (live),2026-09-11 12:28:27,1,2.11320754699409,0.26033904048880174,26.15706751178701
DS-2,datalog A (live),2026-09-11 12:28:27,3,2.96226415100197,-0.033295276547458265,10.41167127066386
DS-2,datalog A (live),2026-09-11 12:28:27,5,2.969811321049929,0.1835003734952693,8.699237794483349
DS-2,datalog A (live),2026-09-11 12:28:27,7,3.811320755098547,-0.5209511276274797,8.938689113774835
DS-2,datalog A (live),2026-09-11 12:28:27,9,2.7714884695079594,0.11813871502026371,9.088624096212811
DS-2,datalog A (live),2026-09-11 12:28:36,1,2.11320754699409,0.1521681949429734,26.11383893521341
DS-2,datalog A (live),2026-09-11 12:28:36,3,2.96226415100197,-0.06511757151143627,10.398932792875303
DS-2,datalog A (live),2026-09-11 12:28:36,5,2.969811321049929,0.1835003734952693,8.699237794483349
DS-2,datalog A (live),2026-09-11 12:28:36,7,3.5256064693842615,-0.5013040764463638,8.946557982097923
DS-2,datalog A (live),2026-09-11 12:28:36,9,2.7714884695079594,0.11813871502026371,9.088624096212811
DS-2,datalog A (live),2026-09-11 12:28:45,1,2.11320754699409,0.149486934014476,26.11276741642499
DS-2,datalog A (live),2026-09-11 12:28:45,3,2.628930817668637,-0.045064946609225366,10.406960561206098
DS-2,datalog A (live),2026-09-11 12:28:45,5,2.7698113210499287,0.17420553913478615,8.695516292944749
DS-2,datalog A (live),2026-09-11 12:28:45,7,3.5256064693842615,-0.4956016197208685,8.948841732693843
DS-2,datalog A (live),2026-09-11 12:28:45,9,2.7714884695079594,0.11388805117022432,9.086921678855086
DS-2,datalog A (live),2026-09-11 12:28:55,1,2.11320754699409,0.1521681949429734,26.11383893521341
DS-2,datalog A (live),2026-09-11 12:28:55,3,2.628930817668637,-0.045064946609225366,10.406960561206098
DS-2,datalog A (live),2026-09-11 12:28:55,5,2.7698113210499287,0.17420553913478615,8.695516292944749
DS-2,datalog A (live),2026-09-11 12:28:55,7,3.5256064693842615,-0.4956016197208685,8.948841732693843
DS-2,datalog A (live),2026-09-11 12:28:55,9,2.7714884695079594,0.11297513590768757,9.086556050604088
DS-2,datalog A (live),2026-09-11 12:29:07,1,2.11320754699409,0.11455643614091571,26.098808057094278
DS-2,datalog A (live),2026-09-11 12:29:07,3,2.628930817668637,-0.030304512602578864,10.412869169416172
DS-2,datalog A (live),2026-09-11 12:29:07,5,2.7698113210499287,0.1804063104857164,8.69799921401467
DS-2,datalog A (live),2026-09-11 12:29:07,7,3.3827493265271187,-0.4772649473850054,8.956185558235763
DS-2,datalog A (live),2026-09-11 12:29:07,9,2.660377358396848,0.11297463109901981,9.086556050604088
DS-2,datalog A (live),2026-09-11 12:29:24,1,2.11320754699409,0.1626599749483688,26.11803179062716
DS-2,datalog A (live),2026-09-11 12:29:24,3,2.628930817668637,-0.02055301576603578,10.416772697879018
DS-2,datalog A (live),2026-09-11 12:29:24,5,2.5698113210499285,0.18201666077738138,8.69864438092173
DS-2,datalog A (live),2026-09-11 12:29:24,7,3.239892183669976,-0.43732338318269676,8.972181828200972
DS-2,datalog A (live),2026-09-11 12:29:24,9,2.549266247285737,0.09794738745502071,9.080537747801474
DS-2,datalog A (live),2026-09-11 12:29:34,1,2.11320754699409,0.1831251086600787,26.126210321499144
DS-2,datalog A (live),2026-09-11 12:29:34,3,2.2955974843353033,-0.025255817271760368,10.414890859220144
DS-2,datalog A (live),2026-09-11 12:29:34,5,2.5698113210499285,0.23003489879505706,8.717871908102001
DS-2,datalog A (live),2026-09-11 12:29:34,7,3.097035040812833,-0.42402485198674966,8.977507952746878
DS-2,datalog A (live),2026-09-11 12:29:34,9,2.549266247285737,0.09794738745502071,9.080537747801474
DS-2,datalog A (live),2026-09-11 12:29:46,1,2.11320754699409,0.20771203953108852,26.136036056136827
DS-2,datalog A (live),2026-09-11 12:29:46,3,2.2955974843353033,-0.04015991244215419,10.40892474298514
DS-2,datalog A (live),2026-09-11 12:29:46,5,2.3698113210499288,0.23003402700786638,8.717871908102001
DS-2,datalog A (live),2026-09-11 12:29:46,7,3.097035040812833,-0.39685300710412924,8.988389880529136
DS-2,datalog A (live),2026-09-11 12:29:46,9,2.438155136174626,0.09620193166015649,9.079838883878196
DS-2,datalog A (live),2026-09-11 12:30:30,1,1.11320754699409,0.24360077566734617,26.150383583812093
DS-2,datalog A (live),2026-09-11 12:30:30,3,1.96226415100197,-0.06525877829391409,10.398878349079729
DS-2,datalog A (live),2026-09-11 12:30:30,5,2.1698113210499286,0.14968821866576718,8.685700078420227
DS-2,datalog A (live),2026-09-11 12:30:30,7,2.811320755098547,-0.4098679500439175,8.983178099552415
DS-2,datalog A (live),2026-09-11 12:30:30,9,2.1048218028412924,0.10709696782109607,9.084203020418656
DS-2,datalog A (live),2026-09-11 12:30:41,1,1.11320754699409,0.41879725846729343,26.220397791866343
DS-2,datalog A (live),2026-09-11 12:30:41,3,1.96226415100197,-0.05336727043984979,10.40363852552714
DS-2,datalog A (live),2026-09-11 12:30:41,5,2.1698113210499286,0.1579634179747586,8.689013645076287
DS-2,datalog A (live),2026-09-11 12:30:41,7,2.811320755098547,-0.37741723735884747,8.996174137681232
DS-2,datalog A (live),2026-09-11 12:30:41,9,2.1048218028412924,0.10709696782109607,9.084203020418656
DS-2,datalog A (live),2026-09-11 12:30:51,1,1.11320754699409,0.5106680658767146,26.257112352120505
DS-2,datalog A (live),2026-09-11 12:30:51,3,1.96226415100197,-0.06245170158394823,10.400002023268472
DS-2,datalog A (live),2026-09-11 12:30:51,5,1.9698113210499286,0.20383822744851443,8.707383247861522
DS-2,datalog A (live),2026-09-11 12:30:51,7,2.6684636122414043,-0.3665952759602078,9.000508433183406
DS-2,datalog A (live),2026-09-11 12:30:51,9,1.8825995806190703,0.10709595846520553,9.084203020418656
DS-2,datalog A (live),2026-09-11 12:31:00,1,2.11320754699409,0.4758322827451593,26.24318559727452
DS-2,datalog A (live),2026-09-11 12:31:00,3,1.96226415100197,-0.06245170158394823,10.400002023268472
DS-2,datalog A (live),2026-09-11 12:31:00,5,1.9698113210499286,0.20383822744851443,8.707383247861522
DS-2,datalog A (live),2026-09-11 12:31:00,7,2.6684636122414043,-0.3665952759602078,9.000508433183406
DS-2,datalog A (live),2026-09-11 12:31:00,9,1.8825995806190703,0.11064178891457585,9.0856231478604
DS-2,datalog A (live),2026-09-11 12:31:10,1,2.11320754699409,0.4758322827451593,26.24318559727452
DS-2,datalog A (live),2026-09-11 12:31:10,3,1.96226415100197,-0.07299190260220693,10.395782775612595
DS-2,datalog A (live),2026-09-11 12:31:10,5,1.9698113210499286,0.20383822744851443,8.707383247861522
DS-2,datalog A (live),2026-09-11 12:31:10,7,2.5256064693842615,-0.36649110462101525,9.000550409760473
DS-2,datalog A (live),2026-09-11 12:31:10,9,1.8825995806190703,0.10307420481388224,9.082592282735137
DS-2,datalog A (live),2026-09-11 12:31:19,1,1.11320754699409,0.3886202542976349,26.208338080309225
DS-2,datalog A (live),2026-09-11 12:31:19,3,1.96226415100197,-0.07299190260220693,10.395782775612595
DS-2,datalog A (live),2026-09-11 12:31:19,5,1.9698113210499286,0.17217554424732384,8.694704832323671
DS-2,datalog A (live),2026-09-11 12:31:19,7,2.5256064693842615,-0.3637323269391938,9.001655260132821
DS-2,datalog A (live),2026-09-11 12:31:19,9,1.8825995806190703,0.11064178891457585,9.0856231478604
DS-2,datalog A (live),2026-09-11 12:31:29,1,1.11320754699409,0.2727735831335849,26.16204198573218
DS-2,datalog A (live),2026-09-11 12:31:29,3,1.96226415100197,-0.05636812836923847,10.402437280620877
DS-2,datalog A (live),2026-09-11 12:31:29,5,1.7698113210499287,0.17217467477684067,8.694704832323671
DS-2,datalog A (live),2026-09-11 12:31:29,7,2.3827493265271187,-0.3179270993027582,9.019999846208918
DS-2,datalog A (live),2026-09-11 12:31:29,9,1.7714884695079591,0.10350511121230789,9.082765065558096
DS-2,datalog A (live),2026-09-11 12:31:40,1,1.11320754699409,0.26474447147256797,26.15883329178273
DS-2,datalog A (live),2026-09-11 12:31:40,3,1.6289308176686366,-0.05636986210878092,10.402437280620877
DS-2,datalog A (live),2026-09-11 12:31:40,5,1.7698113210499287,0.1301447644096271,8.677875156626081
DS-2,datalog A (live),2026-09-11 12:31:40,7,2.3827493265271187,-0.2715915651666145,9.038556554835766
DS-2,datalog A (live),2026-09-11 12:31:40,9,1.7714884695079591,0.11282930793839796,9.086499465193564
DS-2,datalog A (live),2026-09-11 12:31:54,1,1.11320754699409,0.17086249561316436,26.1213150032571
DS-2,datalog A (live),2026-09-11 12:31:54,3,1.6289308176686366,-0.03162989576407919,10.412340701987292
DS-2,datalog A (live),2026-09-11 12:31:54,5,1.5698113210499287,0.12898545266273514,8.677411290851435
DS-2,datalog A (live),2026-09-11 12:31:54,7,2.3827493265271187,-0.25130541530241757,9.046680863300288
DS-2,datalog A (live),2026-09-11 12:31:54,9,1.7714884695079591,0.11282930793839796,9.086499465193564
DS-2,datalog A (live),2026-09-11 12:32:06,1,1.11320754699409,0.2704350186445481,26.1611074193638
DS-2,datalog A (live),2026-09-11 12:32:06,3,1.6289308176686366,-0.060681489889807004,10.400711333782642
DS-2,datalog A (live),2026-09-11 12:32:06,5,1.5698113210499287,0.13015762560240204,8.677880654003857
DS-2,datalog A (live),2026-09-11 12:32:06,7,2.097035040812833,-0.25130670768539937,9.046680863300288
DS-2,datalog A (live),2026-09-11 12:32:06,9,1.660377358396848,0.09451825359606876,9.079165974379755
DS-2,datalog A (live),2026-09-11 12:32:28,1,1.11320754699409,0.21539187914959257,26.13911039203215
DS-2,datalog A (live),2026-09-11 12:32:28,3,1.2955974843353033,-0.07856601349759747,10.393552843125496
DS-2,datalog A (live),2026-09-11 12:32:28,5,1.3698113210499288,0.19130476427460225,8.702365626531849
DS-2,datalog A (live),2026-09-11 12:32:28,7,2.097035040812833,-0.26496126342978854,9.04121241167675
DS-2,datalog A (live),2026-09-11 12:32:28,9,1.3270440250635147,0.08767158790815996,9.076424447361097
DS-2,datalog A (live),2026-09-11 12:32:46,1,1.11320754699409,0.13754209568058684,26.10799908859919
DS-2,datalog A (live),2026-09-11 12:32:46,3,1.2955974843353033,-0.0829597313925537,10.391794035454716
DS-2,datalog A (live),2026-09-11 12:32:46,5,1.3698113210499288,0.1360331603712325,8.680233691551575
DS-2,datalog A (live),2026-09-11 12:32:46,7,1.95417789795569,-0.2759008527274481,9.036831523264434
DS-2,datalog A (live),2026-09-11 12:32:46,9,1.3270440250635147,0.07739424686443247,9.07230830704461
DS-2,datalog A (live),2026-09-11 12:33:03,1,1.11320754699409,0.03734593530451491,26.06795744674261
DS-2,datalog A (live),2026-09-11 12:33:03,3,1.2955974843353033,-0.06455054317661298,10.399163243542525
DS-2,datalog A (live),2026-09-11 12:33:03,5,1.3698113210499288,0.1360331603712325,8.680233691551575
DS-2,datalog A (live),2026-09-11 12:33:03,7,1.8113207550985473,-0.2759014982154164,9.036831523264434
DS-2,datalog A (live),2026-09-11 12:33:03,9,1.3270440250635147,0.0753654430059372,9.071495758222822
DS-2,datalog A (live),2026-09-11 12:33:13,1,1.11320754699409,0.03734593530451491,26.06795744674261
DS-2,datalog A (live),2026-09-11 12:33:13,3,1.2955974843353033,-0.04835178141543395,10.405647616714374
DS-2,datalog A (live),2026-09-11 12:33:13,5,1.3698113210499288,0.1360331603712325,8.680233691551575
DS-2,datalog A (live),2026-09-11 12:33:13,7,1.8113207550985473,-0.3095988511447274,9.023336221159598
DS-2,datalog A (live),2026-09-11 12:33:13,9,1.3270440250635147,0.05227757942922532,9.06224892232574
DS-2,datalog A (live),2026-09-11 12:33:51,1,0.11320754699409008,-0.024622366584026167,26.043198103319025
DS-2,datalog A (live),2026-09-11 12:33:51,3,0.9622641510019699,-0.059211070311557513,10.401301331384987
DS-2,datalog A (live),2026-09-11 12:33:51,5,0.9698113210499286,0.09089916510646674,8.662161766078487
DS-2,datalog A (live),2026-09-11 12:33:51,7,1.6684636122414045,-0.32322334364523286,9.01788006708369
DS-2,datalog A (live),2026-09-11 12:33:51,9,1.1048218028412924,0.03862953663678405,9.05678319759888
DS-2,datalog A (live),2026-09-11 12:34:01,1,0.11320754699409008,-0.024622366584026167,26.043198103319025
DS-2,datalog A (live),2026-09-11 12:34:01,3,0.9622641510019699,-0.07570580793915838,10.394698478471788
DS-2,datalog A (live),2026-09-11 12:34:01,5,0.9698113210499286,0.09366528703038454,8.663269380678878
DS-2,datalog A (live),2026-09-11 12:34:01,7,1.5256064693842615,-0.2868900897719909,9.032431268162892
DS-2,datalog A (live),2026-09-11 12:34:01,9,1.1048218028412924,0.03247975787333088,9.054320172062946
DS-2,datalog A (live),2026-09-11 12:34:15,1,0.11320754699409008,-0.01378039811470444,26.047530907126934
DS-2,datalog A (live),2026-09-11 12:34:15,3,0.9622641510019699,-0.07570580793915838,10.394698478471788
DS-2,datalog A (live),2026-09-11 12:34:15,5,0.9698113210499286,0.09366528703038454,8.663269380678878
DS-2,datalog A (live),2026-09-11 12:34:15,7,1.5256064693842615,-0.2868900897719909,9.032431268162892
DS-2,datalog A (live),2026-09-11 12:34:15,9,1.1048218028412924,0.03247975787333088,9.054320172062946
DS-2,datalog A (live),2026-09-11 12:34:20,1,0.11320754699409008,-0.01378039811470444,26.047530907126934
DS-2,datalog A (live),2026-09-11 12:34:20,3,0.9622641510019699,-0.04172283501425511,10.408301881984002
DS-2,datalog A (live),2026-09-11 12:34:20,5,0.7698113210499287,0.092958608028934,8.662986758120569
DS-2,datalog A (live),2026-09-11 12:34:20,7,1.5256064693842615,-0.2868900897719909,9.032431268162892
DS-2,datalog A (live),2026-09-11 12:34:20,9,0.8825995806190703,0.03247875183775603,9.054320172062946
DS-2,datalog A (live),2026-09-11 12:34:30,1,0.11320754699409008,-0.01378039811470444,26.047530907126934
DS-2,datalog A (live),2026-09-11 12:34:30,3,0.9622641510019699,-0.04172283501425511,10.408301881984002
DS-2,datalog A (live),2026-09-11 12:34:30,5,0.7698113210499287,0.082985165846992,8.658993177604941
DS-2,datalog A (live),2026-09-11 12:34:30,7,1.3827493265271187,-0.25926239601670076,9.043496018954468
DS-2,datalog A (live),2026-09-11 12:34:30,9,0.8825995806190703,0.019748784590714448,9.049221738931877
DS-2,datalog A (live),2026-09-11 12:34:39,1,0.11320754699409008,-0.27469215989776785,25.94326206718515
DS-2,datalog A (live),2026-09-11 12:34:39,3,0.9622641510019699,-0.07280910136549323,10.395858031771176
DS-2,datalog A (live),2026-09-11 12:34:39,5,0.7698113210499287,0.07720048105483386,8.656676865537996
DS-2,datalog A (live),2026-09-11 12:34:39,7,1.3827493265271187,-0.25926239601670076,9.043496018954468
DS-2,datalog A (live),2026-09-11 12:34:39,9,0.8825995806190703,0.015678757817988123,9.047591667232576
DS-2,datalog A (live),2026-09-11 12:34:48,1,0.11320754699409008,0.2150657092519026,26.138985266935173
DS-2,datalog A (live),2026-09-11 12:34:48,3,0.9622641510019699,-0.09696440861621151,10.386188648453269
DS-2,datalog A (live),2026-09-11 12:34:48,5,0.7698113210499287,0.0705089637464738,8.653997438249489
DS-2,datalog A (live),2026-09-11 12:34:48,7,1.3827493265271187,-0.2872154433220463,9.03230122714689
DS-2,datalog A (live),2026-09-11 12:34:48,9,0.8825995806190703,0.015678757817988123,9.047591667232576
DS-2,datalog A (live),2026-09-11 12:35:27,1,0.11320754699409008,0.339407012511856,26.188676102484944
DS-2,datalog A (live),2026-09-11 12:35:27,3,0.9622641510019699,-0.04926851047574132,10.405281343777952
DS-2,datalog A (live),2026-09-11 12:35:27,5,0.7698113210499287,0.07165167344873566,8.654455003763852
DS-2,datalog A (live),2026-09-11 12:35:27,7,1.3827493265271187,-0.27140915579496194,9.038631417060838
DS-2,datalog A (live),2026-09-11 12:35:27,9,0.9937106917301813,0.017586994311658246,9.04835572679843
DS-2,datalog A (live),2026-09-11 12:35:36,1,0.11320754699409008,0.01255757548415204,26.058056419410484
DS-2,datalog A (live),2026-09-11 12:35:36,3,0.6289308176686367,-0.03505812282958232,10.410970464672356
DS-2,datalog A (live),2026-09-11 12:35:36,5,0.7698113210499287,0.10953981330757187,8.669626228939007
DS-2,datalog A (live),2026-09-11 12:35:36,7,1.3827493265271187,-0.2452802559567187,9.049095664148282
DS-2,datalog A (live),2026-09-11 12:35:36,9,0.8825995806190703,0.03865613727912079,9.056794254359188
DS-2,datalog A (live),2026-09-11 12:35:46,1,1.11320754699409,0.37958448118797605,26.20472709173046
DS-2,datalog A (live),2026-09-11 12:35:46,3,0.6289308176686367,-0.03505812282958232,10.410970464672356
DS-2,datalog A (live),2026-09-11 12:35:46,5,0.7698113210499287,0.10953981330757187,8.669626228939007
DS-2,datalog A (live),2026-09-11 12:35:46,7,1.239892183669976,-0.19428832109952054,9.069517457185592
DS-2,datalog A (live),2026-09-11 12:35:46,9,0.7714884695079591,0.038655634123882815,9.056794254359188
DS-2,datalog A (live),2026-09-11 12:35:56,1,0.11320754699409008,0.21999171999550526,26.140953861306944
DS-2,datalog A (live),2026-09-11 12:35:56,3,0.6289308176686367,-0.05795872488119377,10.401803339952188
DS-2,datalog A (live),2026-09-11 12:35:56,5,0.5698113210499287,0.08626320300762984,8.660306120885538
DS-2,datalog A (live),2026-09-11 12:35:56,7,1.239892183669976,-0.17323660823318018,9.077948364445856
DS-2,datalog A (live),2026-09-11 12:35:56,9,0.6603773583968481,0.022047714036148136,9.050142877585396
DS-2,datalog A (live),2026-09-11 12:36:05,1,0.11320754699409008,0.22399399959749644,26.142553302621398
DS-2,datalog A (live),2026-09-11 12:36:05,3,0.6289308176686367,-0.058152312075094414,10.4017258468825
DS-2,datalog A (live),2026-09-11 12:36:05,5,0.5698113210499287,0.08626320300762984,8.660306120885538
DS-2,datalog A (live),2026-09-11 12:36:05,7,0.6684636122414044,-0.15470978590462078,9.085369129064247
DS-2,datalog A (live),2026-09-11 12:36:05,9,0.6603773583968481,0.021494567203635344,9.049921338738672
DS-2,datalog A (live),2026-09-11 12:36:15,1,0.11320754699409008,0.21999171999550526,26.140953861306944
DS-2,datalog A (live),2026-09-11 12:36:15,3,0.6289308176686367,-0.06259438051282491,10.399947684225795
DS-2,datalog A (live),2026-09-11 12:36:15,5,0.7698113210499287,0.04878938423801173,8.645300451998375
DS-2,datalog A (live),2026-09-11 12:36:15,7,0.6684636122414044,-0.10448728368152567,9.1054825188753
DS-2,datalog A (live),2026-09-11 12:36:15,9,0.6603773583968481,0.014904153653102666,9.04728183593111
DS-2,datalog A (live),2026-09-11 12:36:25,1,0.11320754699409008,0.09967355541220968,26.0928708030374
DS-2,datalog A (live),2026-09-11 12:36:25,3,0.6289308176686367,-0.10600523772089332,10.382570292079558
DS-2,datalog A (live),2026-09-11 12:36:25,5,0.7698113210499287,0.04515115345561753,8.643843626230614
DS-2,datalog A (live),2026-09-11 12:36:25,7,0.6684636122414044,-0.10448728368152567,9.1054825188753
DS-2,datalog A (live),2026-09-11 12:36:25,9,0.7714884695079591,0.013798238624032264,9.046838708588409
DS-2,datalog A (live),2026-09-11 12:36:33,1,0.11320754699409008,0.09967355541220968,26.0928708030374
DS-2,datalog A (live),2026-09-11 12:36:33,3,0.6289308176686367,-0.11385091701893184,10.379429661956497
DS-2,datalog A (live),2026-09-11 12:36:33,5,0.5698113210499287,0.044583039395735116,8.643616487264845
DS-2,datalog A (live),2026-09-11 12:36:33,7,1.5256064693842615,-0.15378799954097694,9.08573673179941
DS-2,datalog A (live),2026-09-11 12:36:33,9,0.8825995806190703,0.013798741226183766,9.046838708588409
DS-2,datalog A (live),2026-09-11 12:36:56,1,0.11320754699409008,0.1533812896036295,26.11433416330054
DS-2,datalog A (live),2026-09-11 12:36:56,3,0.6289308176686367,-0.04636691818384975,10.40644354711736
DS-2,datalog A (live),2026-09-11 12:36:56,5,0.5698113210499287,-0.02090082714195205,8.617395339220494
DS-2,datalog A (live),2026-09-11 12:36:56,7,1.5256064693842615,-0.25857942204856954,9.04376928145958
DS-2,datalog A (live),2026-09-11 12:36:56,9,0.7714884695079591,0.009663055977670056,9.045182541509012
DS-2,datalog A (live),2026-09-11 12:37:04,1,1.11320754699409,0.1533943467707104,26.11433416330054
DS-2,datalog A (live),2026-09-11 12:37:04,3,0.6289308176686367,-0.03171157647916326,10.412310089181222
DS-2,datalog A (live),2026-09-11 12:37:04,5,0.5698113210499287,0.01645299209421012,8.63235261153809
DS-2,datalog A (live),2026-09-11 12:37:04,7,1.5256064693842615,-0.25857942204856954,9.04376928145958
DS-2,datalog A (live),2026-09-11 12:37:04,9,0.6603773583968481,0.011517596136971835,9.04592549797094
DS-2,datalog A (live),2026-09-11 12:37:13,1,1.11320754699409,0.1533943467707104,26.11433416330054
DS-2,datalog A (live),2026-09-11 12:37:13,3,0.6289308176686367,-0.03171157647916326,10.412310089181222
DS-2,datalog A (live),2026-09-11 12:37:13,5,0.5698113210499287,0.044780616594007935,8.64369560142288
DS-2,datalog A (live),2026-09-11 12:37:13,7,1.0970350408128329,-0.20052324370286506,9.06702072001517
DS-2,datalog A (live),2026-09-11 12:37:13,9,0.6603773583968481,0.011517596136971835,9.04592549797094
DS-2,datalog A (live),2026-09-11 12:37:21,1,0.11320754699409008,0.061095734772152355,26.0774538491288
DS-2,datalog A (live),2026-09-11 12:37:21,3,0.6289308176686367,-0.06017814511804431,10.400914904701803
DS-2,datalog A (live),2026-09-11 12:37:21,5,0.5698113210499287,0.044780616594007935,8.64369560142288
DS-2,datalog A (live),2026-09-11 12:37:21,7,1.0970350408128329,-0.1896473736043325,9.07137634919274
DS-2,datalog A (live),2026-09-11 12:37:21,9,0.7714884695079591,0.0017281909533121758,9.042004577352012
DS-2,datalog A (live),2026-09-11 12:37:31,1,0.11320754699409008,0.03541606915450757,26.06719141816077
DS-2,datalog A (live),2026-09-11 12:37:31,3,0.6289308176686367,-0.06639483754583846,10.398426358998767
DS-2,datalog A (live),2026-09-11 12:37:31,5,0.5698113210499287,0.040214227271729894,8.641867120962297
DS-2,datalog A (live),2026-09-11 12:37:31,7,1.0970350408128329,-0.1417185799824178,9.090571140051209
DS-2,datalog A (live),2026-09-11 12:37:31,9,0.7714884695079591,0.0017281909533121758,9.042004577352012
DS-2,datalog A (live),2026-09-11 12:37:48,1,0.11320754699409008,0.03541606915450757,26.06719141816077
DS-2,datalog A (live),2026-09-11 12:37:48,3,0.6289308176686367,-0.06017814511804431,10.400914904701803
DS-2,datalog A (live),2026-09-11 12:37:48,5,0.5698113210499287,0.040214227271729894,8.641867120962297
DS-2,datalog A (live),2026-09-11 12:37:48,7,1.0970350408128329,-0.14143896448227825,9.090683122027814
DS-2,datalog A (live),2026-09-11 12:37:48,9,0.7714884695079591,0.004958367405445567,9.04329828366638
DS-2,datalog A (live),2026-09-11 12:37:54,1,0.11320754699409008,0.03541606915450757,26.06719141816077
DS-2,datalog A (live),2026-09-11 12:37:54,3,0.6289308176686367,-0.06639483754583846,10.398426358998767
DS-2,datalog A (live),2026-09-11 12:37:54,5,0.5698113210499287,0.02848040921753068,8.637168647939976
DS-2,datalog A (live),2026-09-11 12:37:54,7,1.0970350408128329,-0.12263258306510595,9.098214806654696
DS-2,datalog A (live),2026-09-11 12:37:54,9,0.7714884695079591,0.011129686625249886,9.045769936457164
DS-2,datalog A (live),2026-09-11 12:38:28,1,0.11320754699409008,0.08518324204987948,26.087080001755165
DS-2,datalog A (live),2026-09-11 12:38:28,3,0.6289308176686367,-0.08703968857476241,10.390162212764318
DS-2,datalog A (live),2026-09-11 12:38:28,5,0.5698113210499287,0.023758492005518404,8.635277890768542
DS-2,datalog A (live),2026-09-11 12:38:28,7,0.9541778979556901,-0.09440180066008404,9.109521088594068
DS-2,datalog A (live),2026-09-11 12:38:28,9,0.7714884695079591,0.0015854051293110337,9.0419473907169
DS-2,datalog A (live),2026-09-11 12:38:37,1,0.11320754699409008,0.08518324204987948,26.087080001755165
DS-2,datalog A (live),2026-09-11 12:38:37,3,0.6289308176686367,-0.027345296899464227,10.414057913512652
DS-2,datalog A (live),2026-09-11 12:38:37,5,0.5698113210499287,0.023758492005518404,8.635277890768542
DS-2,datalog A (live),2026-09-11 12:38:37,7,0.9541778979556901,-0.11809149218171504,9.1000337084014
DS-2,datalog A (live),2026-09-11 12:38:37,9,0.7714884695079591,0.0015854051293110337,9.0419473907169
DS-2,datalog A (live),2026-09-11 12:38:48,1,0.11320754699409008,0.08518324204987948,26.087080001755165
DS-2,datalog A (live),2026-09-11 12:38:48,3,0.6289308176686367,-0.0616332730005098,10.40033241613874
DS-2,datalog A (live),2026-09-11 12:38:48,5,0.5698113210499287,0.032643256468227834,8.63883554147907
DS-2,datalog A (live),2026-09-11 12:38:48,7,1.0970350408128329,-0.12139598818407242,9.09871004507662
DS-2,datalog A (live),2026-09-11 12:38:48,9,0.7714884695079591,0.008578291179187798,9.044748086274074
DS-2,datalog A (live),2026-09-11 12:38:56,1,0.11320754699409008,0.08095551253565247,26.085390463311118
DS-2,datalog A (live),2026-09-11 12:38:56,3,0.6289308176686367,-0.02896602014451351,10.413409137026743
DS-2,datalog A (live),2026-09-11 12:38:56,5,0.5698113210499287,0.04393223208818995,8.64335589002675
DS-2,datalog A (live),2026-09-11 12:38:56,7,1.0970350408128329,-0.11809084217930733,9.1000337084014
DS-2,datalog A (live),2026-09-11 12:38:56,9,0.5492662472857369,0.01408739451711464,9.046954919967613
DS-2,datalog A (live),2026-09-11 12:39:07,1,0.11320754699409008,0.03243677568889325,26.066000795433062
DS-2,datalog A (live),2026-09-11 12:39:07,3,0.6289308176686367,-0.05603266659874843,10.402574342236482
DS-2,datalog A (live),2026-09-11 12:39:07,5,0.36981132104992864,0.04393136775260018,8.64335589002675
DS-2,datalog A (live),2026-09-11 12:39:07,7,0.9541778979556901,-0.12139663809193328,9.09871004507662
DS-2,datalog A (live),2026-09-11 12:39:07,9,0.4381551361746258,0.014086891908508252,9.046954919967613
DS-2,datalog A (live),2026-09-11 12:39:19,1,0.11320754699409008,0.03243677568889325,26.066000795433062
DS-2,datalog A (live),2026-09-11 12:39:19,3,0.6289308176686367,-0.03574015191176727,10.41069744802218
DS-2,datalog A (live),2026-09-11 12:39:19,5,0.36981132104992864,0.022532028836661767,8.634787134302599
DS-2,datalog A (live),2026-09-11 12:39:19,7,0.9541778979556901,-0.10127188929956787,9.106769717060986
DS-2,datalog A (live),2026-09-11 12:39:19,9,0.5492662472857369,0.012751622891070409,9.04641993487015
DS-2,datalog A (live),2026-09-11 12:39:25,1,0.11320754699409008,-0.023340387090229342,26.04371042408883
DS-2,datalog A (live),2026-09-11 12:39:25,3,0.6289308176686367,-0.03574015191176727,10.41069744802218
DS-2,datalog A (live),2026-09-11 12:39:25,5,0.36981132104992864,0.020659324777128063,8.634037263304583
DS-2,datalog A (live),2026-09-11 12:39:25,7,0.9541778979556901,-0.06923497387807791,9.119600040179654
DS-2,datalog A (live),2026-09-11 12:39:25,9,0.6603773583968481,-0.006424923382859838,9.038739404065874
DS-2,datalog A (live),2026-09-11 12:39:36,1,0.11320754699409008,0.1924449598350293,26.129945278533757
DS-2,datalog A (live),2026-09-11 12:39:36,3,0.6289308176686367,-0.03505461722362687,10.41097186796852
DS-2,datalog A (live),2026-09-11 12:39:36,5,0.5698113210499287,0.012367592511228053,8.630716729710251
DS-2,datalog A (live),2026-09-11 12:39:36,7,0.9541778979556901,-0.06923497387807791,9.119600040179654
DS-2,datalog A (live),2026-09-11 12:39:36,9,0.6603773583968481,-0.011911955692966103,9.036541812507064
DS-2,datalog A (live),2026-09-11 12:39:44,1,0.11320754699409008,-0.07026858516701395,26.02495638731952
DS-2,datalog A (live),2026-09-11 12:39:44,3,0.6289308176686367,-0.03505461722362687,10.41097186796852
DS-2,datalog A (live),2026-09-11 12:39:44,5,0.5698113210499287,0.020660188180855243,8.634037263304583
DS-2,datalog A (live),2026-09-11 12:39:44,7,0.9541778979556901,-0.16748731992122753,9.080251390963095
DS-2,datalog A (live),2026-09-11 12:39:44,9,0.7714884695079591,-0.01191145366286782,9.036541812507064
DS-2,datalog A (live),2026-09-11 12:39:55,1,0.11320754699409008,-0.00953586574594567,26.049227160539047
DS-2,datalog A (live),2026-09-11 12:39:55,3,0.6289308176686367,-0.08007529499380439,10.392950063686886
DS-2,datalog A (live),2026-09-11 12:39:55,5,0.5698113210499287,0.027087305245450465,8.636610819158255
DS-2,datalog A (live),2026-09-11 12:39:55,7,0.9541778979556901,-0.16748731992122753,9.080251390963095
DS-2,datalog A (live),2026-09-11 12:39:55,9,0.6603773583968481,-0.009957201956758076,9.037324703889412
DS-2,datalog A (live),2026-09-11 12:40:13,1,0.11320754699409008,-0.08565044012586043,26.01880929697085
DS-2,datalog A (live),2026-09-11 12:40:13,3,0.6289308176686367,-0.08007529499380439,10.392950063686886
DS-2,datalog A (live),2026-09-11 12:40:13,5,0.5698113210499287,0.027087305245450465,8.636610819158255
DS-2,datalog A (live),2026-09-11 12:40:13,7,0.9541778979556901,-0.09929662330276708,9.10756078263802
DS-2,datalog A (live),2026-09-11 12:40:13,9,0.6603773583968481,0.003900840687862228,9.04287493866411
DS-2,datalog A (live),2026-09-11 12:40:23,1,0.11320754699409008,0.0051752670601672435,26.05510620846483
DS-2,datalog A (live),2026-09-11 12:40:23,3,0.6289308176686367,-0.06452312690267092,10.3991756058905
DS-2,datalog A (live),2026-09-11 12:40:23,5,0.5698113210499287,0.004770694804838627,8.627674768537686
DS-2,datalog A (live),2026-09-11 12:40:23,7,0.9541778979556901,-0.14005676150788662,9.091236934456855
DS-2,datalog A (live),2026-09-11 12:40:23,9,0.7714884695079591,-0.008318087897584469,9.03798097846263
DS-2,datalog A (live),2026-09-11 12:40:32,1,0.11320754699409008,0.03592327441356247,26.067394113905927
DS-2,datalog A (live),2026-09-11 12:40:32,3,0.6289308176686367,-0.07969293771682828,10.393103121533915
DS-2,datalog A (live),2026-09-11 12:40:32,5,0.5698113210499287,0.004770694804838627,8.627674768537686
DS-2,datalog A (live),2026-09-11 12:40:32,7,0.9541778979556901,-0.14005676150788662,9.091236934456855
DS-2,datalog A (live),2026-09-11 12:40:32,9,0.7714884695079591,-0.011632542833906554,9.036653518076688
DS-2,datalog A (live),2026-09-11 12:40:42,1,0.11320754699409008,0.03592327441356247,26.067394113905927
DS-2,datalog A (live),2026-09-11 12:40:42,3,0.6289308176686367,-0.05354380573828147,10.403570634729912
DS-2,datalog A (live),2026-09-11 12:40:42,5,0.5698113210499287,-0.012263846265619804,8.620853772055765
DS-2,datalog A (live),2026-09-11 12:40:42,7,0.9541778979556901,-0.07935960882942693,9.11554526973202
DS-2,datalog A (live),2026-09-11 12:40:42,9,0.7714884695079591,-0.011632542833906554,9.036653518076688
DS-2,datalog A (live),2026-09-11 12:40:52,1,0.11320754699409008,0.08140898793270424,26.08557168685302
DS-2,datalog A (live),2026-09-11 12:40:52,3,0.6289308176686367,-0.07969293771682828,10.393103121533915
DS-2,datalog A (live),2026-09-11 12:40:52,5,0.5698113210499287,-0.012263846265619804,8.620853772055765
DS-2,datalog A (live),2026-09-11 12:40:52,7,0.9541778979556901,-0.07935960882942693,9.11554526973202
DS-2,datalog A (live),2026-09-11 12:40:52,9,0.5492662472857369,-0.0005082941140257288,9.041109253124096
DS-2,datalog A (live),2026-09-11 12:41:01,1,1.11320754699409,0.13881468511453932,26.108507656693547
DS-2,datalog A (live),2026-09-11 12:41:01,3,0.6289308176686367,-0.05590881063042256,10.4026239218548
DS-2,datalog A (live),2026-09-11 12:41:01,5,0.5698113210499287,-0.012760498987984193,8.620654901627853
DS-2,datalog A (live),2026-09-11 12:41:01,7,0.9541778979556901,-0.10369398683776256,9.105799701888454
DS-2,datalog A (live),2026-09-11 12:41:01,9,0.5492662472857369,0.006111082809875749,9.043760356007056
DS-2,datalog A (live),2026-09-11 12:41:10,1,1.11320754699409,0.13881468511453932,26.108507656693547
DS-2,datalog A (live),2026-09-11 12:41:10,3,0.6289308176686367,-0.07561981593626872,10.394733594622732
DS-2,datalog A (live),2026-09-11 12:41:10,5,0.5698113210499287,-0.006894972416108658,8.623003584574219
DS-2,datalog A (live),2026-09-11 12:41:10,7,0.8113207550985473,-0.10369463725202925,9.105799701888454
DS-2,datalog A (live),2026-09-11 12:41:10,9,0.6603773583968481,0.00611158524100751,9.043760356007056
DS-2,datalog A (live),2026-09-11 12:41:20,1,0.11320754699409008,-0.03725614939548905,26.038149232126614
DS-2,datalog A (live),2026-09-11 12:41:20,3,0.6289308176686367,-0.07561981593626872,10.394733594622732
DS-2,datalog A (live),2026-09-11 12:41:20,5,0.5698113210499287,-0.012760498987984193,8.620654901627853
DS-2,datalog A (live),2026-09-11 12:41:20,7,0.8113207550985473,-0.07304833683613765,9.118073104080972
DS-2,datalog A (live),2026-09-11 12:41:20,9,0.7714884695079591,0.005120298324139109,9.043363138034278
DS-2,datalog A (live),2026-09-11 12:41:48,1,0.11320754699409008,-0.05859859688871438,26.029620094818167
DS-2,datalog A (live),2026-09-11 12:41:48,3,0.6289308176686367,-0.05890273858853826,10.401425450699614
DS-2,datalog A (live),2026-09-11 12:41:48,5,0.5698113210499287,0.021619269383594996,8.634421300038108
DS-2,datalog A (live),2026-09-11 12:41:48,7,0.8113207550985473,-0.060161273122243335,9.123234187601486
DS-2,datalog A (live),2026-09-11 12:41:48,9,0.6603773583968481,0.003798518139237533,9.04283395782849
DS-2,datalog A (live),2026-09-11 12:41:49,1,0.11320754699409008,-0.05015896615304882,26.03299284620481
DS-2,datalog A (live),2026-09-11 12:41:49,3,0.2955974843353033,-0.05890447215944524,10.401425450699614
DS-2,datalog A (live),2026-09-11 12:41:49,5,0.5698113210499287,0.021619269383594996,8.634421300038108
DS-2,datalog A (live),2026-09-11 12:41:49,7,0.8113207550985473,-0.060161273122243335,9.123234187601486
DS-2,datalog A (live),2026-09-11 12:41:49,9,0.5492662472857369,0.012993965521227816,9.046516994646751
DS-2,datalog A (live),2026-09-11 12:43:04,1,1.11320754699409,0.11766133428817227,26.10005409026269
DS-2,datalog A (live),2026-09-11 12:43:04,3,0.2955974843353033,-0.05321741722274472,10.403701982349563
DS-2,datalog A (live),2026-09-11 12:43:04,5,0.36981132104992864,-0.032099498676606684,8.612911495249573
DS-2,datalog A (live),2026-09-11 12:43:04,7,0.9541778979556901,-0.07325349008440948,9.117990682327736
DS-2,datalog A (live),2026-09-11 12:43:04,9,0.6603773583968481,-0.0019092594834325559,9.040547956359164
DS-2,datalog A (live),2026-09-11 12:43:15,1,0.11320754699409008,0.004058114898271015,26.054659758066567
DS-2,datalog A (live),2026-09-11 12:43:15,3,0.2955974843353033,-0.02100084067383534,10.41659829810226
DS-2,datalog A (live),2026-09-11 12:43:15,5,0.36981132104992864,-0.005743708329742958,8.623464920768294
DS-2,datalog A (live),2026-09-11 12:43:15,7,0.9541778979556901,-0.07353310046918134,9.11787870239656
DS-2,datalog A (live),2026-09-11 12:43:15,9,0.6603773583968481,-0.0019092594834325559,9.040547956359164
DS-2,datalog A (live),2026-09-11 12:43:34,1,0.11320754699409008,0.004058114898271015,26.054659758066567
DS-2,datalog A (live),2026-09-11 12:43:34,3,0.2955974843353033,-0.04814544348416897,10.405732296611005
DS-2,datalog A (live),2026-09-11 12:43:34,5,0.36981132104992864,-0.019539190697022944,8.617940912808683
DS-2,datalog A (live),2026-09-11 12:43:34,7,0.8113207550985473,-0.011737408055856642,9.142627248545567
DS-2,datalog A (live),2026-09-11 12:43:34,9,0.5492662472857369,0.005797046977395187,9.043634582643426
DS-2,datalog A (live),2026-09-11 12:43:53,1,0.11320754699409008,-0.038023852563583205,26.03784243293056
DS-2,datalog A (live),2026-09-11 12:43:53,3,0.2955974843353033,-0.06744221315779934,10.398007787635311
DS-2,datalog A (live),2026-09-11 12:43:53,5,0.36981132104992864,-0.04174435647065877,8.609049486672765
DS-2,datalog A (live),2026-09-11 12:43:53,7,0.5256064693842616,-0.011738714145463649,9.142627248545567
DS-2,datalog A (live),2026-09-11 12:43:53,9,0.5492662472857369,-0.0038481382686781115,9.039771624134415
DS-2,datalog A (live),2026-09-11 12:44:03,1,0.11320754699409008,-0.038023852563583205,26.03784243293056
DS-2,datalog A (live),2026-09-11 12:44:03,3,0.2955974843353033,-0.06744221315779934,10.398007787635311
DS-2,datalog A (live),2026-09-11 12:44:03,5,0.36981132104992864,-0.04174435647065877,8.609049486672765
DS-2,datalog A (live),2026-09-11 12:44:03,7,0.5256064693842616,-0.000555881160055703,9.147105812446316
DS-2,datalog A (live),2026-09-11 12:44:03,9,0.5492662472857369,-0.0038481382686781115,9.039771624134415
DS-2,datalog A (live),2026-09-11 12:44:12,1,0.11320754699409008,-0.2266473419099384,25.962462341647942
DS-2,datalog A (live),2026-09-11 12:44:12,3,0.2955974843353033,-0.06744221315779934,10.398007787635311
DS-2,datalog A (live),2026-09-11 12:44:12,5,0.16981132104992866,-0.037409034612127814,8.610785787616885
DS-2,datalog A (live),2026-09-11 12:44:12,7,0.5256064693842616,0.005432635817795374,9.149504127434213
DS-2,datalog A (live),2026-09-11 12:44:12,9,0.5492662472857369,-0.0034200973231419437,9.039943057276504
DS-2,datalog A (live),2026-09-11 12:44:21,1,0.11320754699409008,0.015694494538806225,26.059310034458672
DS-2,datalog A (live),2026-09-11 12:44:21,3,0.2955974843353033,-0.0746915886526125,10.395105858088296
DS-2,datalog A (live),2026-09-11 12:44:21,5,0.36981132104992864,-0.03649106720323232,8.61115301672375
DS-2,datalog A (live),2026-09-11 12:44:21,7,0.5256064693842616,0.005432635817795374,9.149504127434213
DS-2,datalog A (live),2026-09-11 12:44:21,9,0.5492662472857369,-0.0034200973231419437,9.039943057276504
DS-2,datalog A (live),2026-09-11 12:44:30,1,0.11320754699409008,-0.26596746762014334,25.946748738450637
DS-2,datalog A (live),2026-09-11 12:44:30,3,0.2955974843353033,-0.0746915886526125,10.395105858088296
DS-2,datalog A (live),2026-09-11 12:44:30,5,0.36981132104992864,-0.03649106720323232,8.61115301672375
DS-2,datalog A (live),2026-09-11 12:44:30,7,0.09703504081283297,0.023212145743985144,9.156625351454537
DS-2,datalog A (live),2026-09-11 12:44:30,9,0.5492662472857369,-0.0034200973231419437,9.039943057276504
DS-2,datalog A (live),2026-09-11 12:44:40,1,0.11320754699409008,-0.10972418990651533,26.009188642288503
DS-2,datalog A (live),2026-09-11 12:44:40,3,0.2955974843353033,-0.09009477276105808,10.388939953850835
DS-2,datalog A (live),2026-09-11 12:44:40,5,0.36981132104992864,-0.03917566003139257,8.610078047994403
DS-2,datalog A (live),2026-09-11 12:44:40,7,0.09703504081283297,0.023212145743985144,9.156625351454537
DS-2,datalog A (live),2026-09-11 12:44:40,9,0.4381551361746258,0.0033679108756277604,9.042661899268287
DS-2,datalog A (live),2026-09-11 12:44:49,1,0.11320754699409008,-0.10972418990651533,26.009188642288503
DS-2,datalog A (live),2026-09-11 12:44:49,3,0.2955974843353033,-0.09009477276105808,10.388939953850835
DS-2,datalog A (live),2026-09-11 12:44:49,5,0.16981132104992866,-0.03917652103919807,8.610078047994403
DS-2,datalog A (live),2026-09-11 12:44:49,7,0.5256064693842616,0.023214107877988357,9.156625351454537
DS-2,datalog A (live),2026-09-11 12:44:49,9,0.3270440250635147,0.0077381007950647375,9.044412389620806
DS-2,datalog A (live),2026-09-11 12:44:59,1,1.11320754699409,0.3540750157021648,26.194532680316872
DS-2,datalog A (live),2026-09-11 12:44:59,3,0.2955974843353033,-0.0031703657507762273,10.423735848371734
DS-2,datalog A (live),2026-09-11 12:44:59,5,0.16981132104992866,-0.10220226595039036,8.584841182677069
DS-2,datalog A (live),2026-09-11 12:44:59,7,0.8113207550985473,-0.022486894265678563,9.13832223404706
DS-2,datalog A (live),2026-09-11 12:44:59,9,0.4381551361746258,0.007738603262421546,9.044412389620806
DS-2,datalog A (live),2026-09-11 12:45:09,1,1.11320754699409,0.3540750157021648,26.194532680316872
DS-2,datalog A (live),2026-09-11 12:45:09,3,0.2955974843353033,-0.0031703657507762273,10.423735848371734
DS-2,datalog A (live),2026-09-11 12:45:09,5,0.36981132104992864,-0.0767058270596948,8.595050161627661
DS-2,datalog A (live),2026-09-11 12:45:09,7,0.8113207550985473,0.028716335521551173,9.158828390555554
DS-2,datalog A (live),2026-09-11 12:45:09,9,0.5492662472857369,-0.004314750623589387,9.03958474289566
DS-2,datalog A (live),2026-09-11 12:45:19,1,0.11320754699409008,0.2163228627227909,26.13948766641744
DS-2,datalog A (live),2026-09-11 12:45:19,3,0.2955974843353033,-0.041738500480837125,10.408296999904511
DS-2,datalog A (live),2026-09-11 12:45:19,5,0.36981132104992864,-0.0767058270596948,8.595050161627661
DS-2,datalog A (live),2026-09-11 12:45:19,7,0.9541778979556901,-0.02248624152837562,9.13832223404706
DS-2,datalog A (live),2026-09-11 12:45:19,9,0.5492662472857369,-0.008302011614265185,9.037987819313726
DS-2,datalog A (live),2026-09-11 12:45:28,1,0.11320754699409008,-0.01602274301194484,26.046634793055315
DS-2,datalog A (live),2026-09-11 12:45:28,3,0.2955974843353033,-0.041738500480837125,10.408296999904511
DS-2,datalog A (live),2026-09-11 12:45:28,5,0.36981132104992864,-0.013288885968276532,8.620443669301887
DS-2,datalog A (live),2026-09-11 12:45:28,7,0.3827493265271187,0.021677351163560843,9.156010164393225
DS-2,datalog A (live),2026-09-11 12:45:28,9,0.5492662472857369,-0.008302011614265185,9.037987819313726
DS-2,datalog A (live),2026-09-11 12:45:39,1,0.11320754699409008,-0.2586801855891423,25.949660973753904
DS-2,datalog A (live),2026-09-11 12:45:39,3,0.2955974843353033,-0.08088270634163071,10.392627549803167
DS-2,datalog A (live),2026-09-11 12:45:39,5,0.36981132104992864,-0.013288885968276532,8.620443669301887
DS-2,datalog A (live),2026-09-11 12:45:39,7,0.3827493265271187,0.010208194699462833,9.151416931922656
DS-2,datalog A (live),2026-09-11 12:45:39,9,0.4381551361746258,0.004303408802993797,9.043036572192332
DS-2,datalog A (live),2026-09-11 12:46:06,1,0.11320754699409008,-0.14121840922824447,25.996602526234906
DS-2,datalog A (live),2026-09-11 12:46:06,3,0.2955974843353033,-0.06797189200668186,10.397795756860647
DS-2,datalog A (live),2026-09-11 12:46:06,5,0.16981132104992866,-0.01433600844676448,8.620024724096242
DS-2,datalog A (live),2026-09-11 12:46:06,7,0.23989218366997583,0.040606757676394115,9.163591382016351
DS-2,datalog A (live),2026-09-11 12:46:06,9,0.3270440250635147,-0.00013289888612967439,9.04126000366136
DS-2,datalog A (live),2026-09-11 12:46:15,1,0.11320754699409008,-0.14121840922824447,25.996602526234906
DS-2,datalog A (live),2026-09-11 12:46:15,3,0.2955974843353033,-0.07275948267180847,10.395879281321468
DS-2,datalog A (live),2026-09-11 12:46:15,5,0.16981132104992866,0.0003274516588930965,8.625896289252577
DS-2,datalog A (live),2026-09-11 12:46:15,7,0.3827493265271187,0.00547896939696914,9.149522945099124
DS-2,datalog A (live),2026-09-11 12:46:15,9,0.3270440250635147,-0.0016932661529362274,9.040635066542484
DS-2,datalog A (live),2026-09-11 12:46:25,1,0.11320754699409008,0.017246364795482805,26.059930212369768
DS-2,datalog A (live),2026-09-11 12:46:25,3,0.2955974843353033,-0.07275948267180847,10.395879281321468
DS-2,datalog A (live),2026-09-11 12:46:25,5,0.16981132104992866,0.0003274516588930965,8.625896289252577
DS-2,datalog A (live),2026-09-11 12:46:25,7,0.3827493265271187,0.00547896939696914,9.149522945099124
DS-2,datalog A (live),2026-09-11 12:46:25,9,0.3270440250635147,-0.002217021030083465,9.040425299348
DS-2,datalog A (live),2026-09-11 12:46:35,1,0.11320754699409008,0.060906698175571705,26.07737830394641
DS-2,datalog A (live),2026-09-11 12:46:35,3,0.2955974843353033,-0.05118774526812805,10.404514461303105
DS-2,datalog A (live),2026-09-11 12:46:35,5,0.16981132104992866,-0.011075660454582702,8.621330237633325
DS-2,datalog A (live),2026-09-11 12:46:35,7,0.3827493265271187,0.024498075438243307,9.157139823960566
DS-2,datalog A (live),2026-09-11 12:46:35,9,0.3270440250635147,-0.006773011386798089,9.038600595928663
DS-2,datalog A (live),2026-09-11 12:46:44,1,1.11320754699409,0.07833745395100777,26.08433898973427
DS-2,datalog A (live),2026-09-11 12:46:44,3,0.2955974843353033,-0.03876003682364152,10.40948928077032
DS-2,datalog A (live),2026-09-11 12:46:44,5,0.16981132104992866,-0.0517014677249847,8.60506278965733
DS-2,datalog A (live),2026-09-11 12:46:44,7,-0.18867924490145274,0.07850469356733518,9.1787697492799
DS-2,datalog A (live),2026-09-11 12:46:44,9,0.3270440250635147,-0.006773011386798089,9.038600595928663
DS-2,datalog A (live),2026-09-11 12:46:54,1,1.11320754699409,0.07833745395100777,26.08433898973427
DS-2,datalog A (live),2026-09-11 12:46:54,3,0.2955974843353033,-0.03876003682364152,10.40948928077032
DS-2,datalog A (live),2026-09-11 12:46:54,5,0.16981132104992866,-0.0517014677249847,8.60506278965733
DS-2,datalog A (live),2026-09-11 12:46:54,7,-0.3315363877585956,0.12539874629848263,9.197550409270768
DS-2,datalog A (live),2026-09-11 12:46:54,9,0.3270440250635147,-0.006773011386798089,9.038600595928663
DS-2,datalog A (live),2026-09-11 12:47:03,1,0.11320754699409008,0.002528011512822559,26.05404827890633
DS-2,datalog A (live),2026-09-11 12:47:03,3,0.2955974843353033,-0.06114178334424025,10.4005298536323
DS-2,datalog A (live),2026-09-11 12:47:03,5,0.16981132104992866,-0.04987101467187074,8.605795742472663
DS-2,datalog A (live),2026-09-11 12:47:03,7,-0.3315363877585956,0.12539874629848263,9.197550409270768
DS-2,datalog A (live),2026-09-11 12:47:03,9,0.10482180284129249,-0.003558475714811493,9.039888440406692
DS-2,datalog A (live),2026-09-11 12:47:13,1,0.11320754699409008,-0.08927364396595294,26.017361346680307
DS-2,datalog A (live),2026-09-11 12:47:13,3,0.2955974843353033,-0.0724188017696008,10.396015656099808
DS-2,datalog A (live),2026-09-11 12:47:13,5,0.16981132104992866,-0.016547798233582968,8.619139075841884
DS-2,datalog A (live),2026-09-11 12:47:13,7,0.5256064693842616,0.04090277615348116,9.163709408892782
DS-2,datalog A (live),2026-09-11 12:47:13,9,0.10482180284129249,-0.002169275800588998,9.040444823925522
DS-2,datalog A (live),2026-09-11 12:47:22,1,0.11320754699409008,-0.08927364396595294,26.017361346680307
DS-2,datalog A (live),2026-09-11 12:47:22,3,0.2955974843353033,-0.0724188017696008,10.396015656099808
DS-2,datalog A (live),2026-09-11 12:47:22,5,0.16981132104992866,-0.013036385046791565,8.620545121288764
DS-2,datalog A (live),2026-09-11 12:47:22,7,0.5256064693842616,0.04090277615348116,9.163709408892782
DS-2,datalog A (live),2026-09-11 12:47:22,9,0.2159329139524036,-0.002168773553655178,9.040444823925522
DS-2,datalog A (live),2026-09-11 12:47:32,1,0.11320754699409008,0.09732386068708365,26.091931788477336
DS-2,datalog A (live),2026-09-11 12:47:32,3,0.2955974843353033,-0.0724188017696008,10.396015656099808
DS-2,datalog A (live),2026-09-11 12:47:32,5,0.16981132104992866,-0.013036385046791565,8.620545121288764
DS-2,datalog A (live),2026-09-11 12:47:32,7,0.5256064693842616,0.05461497791709137,9.169200948639324
DS-2,datalog A (live),2026-09-11 12:47:32,9,0.2159329139524036,-0.002168773553655178,9.040444823925522
DS-2,datalog A (live),2026-09-11 12:47:41,1,0.11320754699409008,0.15125902613793585,26.113486037680957
DS-2,datalog A (live),2026-09-11 12:47:41,3,-0.03773584899803003,-0.023230003131520977,10.41570665787782
DS-2,datalog A (live),2026-09-11 12:47:41,5,0.16981132104992866,-0.056728837134789954,8.603049722697559
DS-2,datalog A (live),2026-09-11 12:47:41,7,0.5256064693842616,0.05461497791709137,9.169200948639324
DS-2,datalog A (live),2026-09-11 12:47:41,9,0.2159329139524036,-0.001016608733490582,9.04090627335126
DS-2,datalog A (live),2026-09-11 12:47:52,1,0.11320754699409008,0.15125902613793585,26.113486037680957
DS-2,datalog A (live),2026-09-11 12:47:52,3,-0.03773584899803003,-0.023230003131520977,10.41570665787782
DS-2,datalog A (live),2026-09-11 12:47:52,5,0.16981132104992866,-0.056728837134789954,8.603049722697559
DS-2,datalog A (live),2026-09-11 12:47:52,7,0.3827493265271187,0.03534132356333787,9.1614823891292
DS-2,datalog A (live),2026-09-11 12:47:52,9,0.2159329139524036,-0.001016608733490582,9.04090627335126
DS-2,datalog A (live),2026-09-11 12:48:01,1,0.11320754699409008,0.08139785909359887,26.08556723940636
DS-2,datalog A (live),2026-09-11 12:48:01,3,-0.03773584899803003,-0.06768503130474812,10.397911281094206
DS-2,datalog A (live),2026-09-11 12:48:01,5,0.16981132104992866,-0.03278587484593061,8.612637000332015
DS-2,datalog A (live),2026-09-11 12:48:01,7,0.23989218366997583,0.015875132853056226,9.153686721129244
DS-2,datalog A (live),2026-09-11 12:48:01,9,0.2159329139524036,0.008946593240295897,9.044896599864312
DS-2,datalog A (live),2026-09-11 12:48:11,1,0.11320754699409008,-0.2569803495957643,25.950340283593786
DS-2,datalog A (live),2026-09-11 12:48:11,3,-0.03773584899803003,-0.06768503130474812,10.397911281094206
DS-2,datalog A (live),2026-09-11 12:48:11,5,-0.030188678950071334,-0.014023623111197026,8.62015015508018
DS-2,datalog A (live),2026-09-11 12:48:11,7,0.09703504081283297,0.01587447901829364,9.153686721129244
DS-2,datalog A (live),2026-09-11 12:48:11,9,0.10482180284129249,0.0011726607628443414,9.041783291057456
DS-2,datalog A (live),2026-09-11 12:48:21,1,0.11320754699409008,0.08139785909359887,26.08556723940636
DS-2,datalog A (live),2026-09-11 12:48:21,3,-0.03773584899803003,-0.06410503446806122,10.399344356163796
DS-2,datalog A (live),2026-09-11 12:48:21,5,-0.030188678950071334,-0.03278673610963097,8.612637000332015
DS-2,datalog A (live),2026-09-11 12:48:21,7,-0.045822102044309886,-0.003356213808469225,9.145985365989048
DS-2,datalog A (live),2026-09-11 12:48:21,9,0.10482180284129249,0.003572209525467921,9.042744325801618
DS-2,datalog A (live),2026-09-11 12:48:31,1,0.11320754699409008,0.05610220664448207,26.07545827261078
DS-2,datalog A (live),2026-09-11 12:48:31,3,-0.03773584899803003,-0.01683594656237612,10.41826620289442
DS-2,datalog A (live),2026-09-11 12:48:31,5,-0.030188678950071334,-0.014023623111197026,8.62015015508018
DS-2,datalog A (live),2026-09-11 12:48:31,7,-0.045822102044309886,-0.003356213808469225,9.145985365989048
DS-2,datalog A (live),2026-09-11 12:48:31,9,0.10482180284129249,0.0011726607628443414,9.041783291057456
DS-2,datalog A (live),2026-09-11 12:48:39,1,0.11320754699409008,0.06277611403994854,26.07812538342728
DS-2,datalog A (live),2026-09-11 12:48:39,3,-0.03773584899803003,-0.01683594656237612,10.41826620289442
DS-2,datalog A (live),2026-09-11 12:48:39,5,-0.030188678950071334,-0.027961698415234083,8.614569049393744
DS-2,datalog A (live),2026-09-11 12:48:39,7,-0.045822102044309886,0.010470993024552757,9.151522964246771
DS-2,datalog A (live),2026-09-11 12:48:39,9,0.10482180284129249,-0.001174328832386588,9.040843306598571
DS-2,datalog A (live),2026-09-11 12:49:08,1,0.11320754699409008,-0.09707771549666688,26.01424258545709
DS-2,datalog A (live),2026-09-11 12:49:08,3,-0.03773584899803003,-0.02670517281689892,10.414315545185294
DS-2,datalog A (live),2026-09-11 12:49:08,5,-0.030188678950071334,-0.016245356921533016,8.619260524989071
DS-2,datalog A (live),2026-09-11 12:49:08,7,-0.18867924490145274,0.040188328768116274,9.163424593632309
DS-2,datalog A (live),2026-09-11 12:49:08,9,-0.006289308269818624,0.012720677397096678,9.046408547430534
DS-2,datalog A (live),2026-09-11 12:49:18,1,0.11320754699409008,0.1954798857999691,26.13115813382058
DS-2,datalog A (live),2026-09-11 12:49:18,3,-0.03773584899803003,-0.02670517281689892,10.414315545185294
DS-2,datalog A (live),2026-09-11 12:49:18,5,-0.23018867895007133,-0.0162462188475871,8.619260524989071
DS-2,datalog A (live),2026-09-11 12:49:18,7,-0.18867924490145274,0.06881997944215966,9.17489115989826
DS-2,datalog A (live),2026-09-11 12:49:18,9,-0.11740041938092974,0.012265639328088836,9.046226503028972
DS-2,datalog A (live),2026-09-11 12:49:28,1,0.11320754699409008,0.1954798857999691,26.13115813382058
DS-2,datalog A (live),2026-09-11 12:49:28,3,-0.03773584899803003,-0.05943360549458987,10.401214332229875
DS-2,datalog A (live),2026-09-11 12:49:28,5,-0.23018867895007133,-0.010341396423532956,8.621624943218205
DS-2,datalog A (live),2026-09-11 12:49:28,7,-0.3315363877585956,0.068819324092792,9.17489115989826
DS-2,datalog A (live),2026-09-11 12:49:28,9,-0.11740041938092974,0.012265639328088836,9.046226503028972
DS-2,datalog A (live),2026-09-11 12:49:56,1,0.11320754699409008,0.011301802650905302,26.05755457167599
DS-2,datalog A (live),2026-09-11 12:49:56,3,-0.03773584899803003,-0.026713162012384828,10.41431234710513
DS-2,datalog A (live),2026-09-11 12:49:56,5,-0.23018867895007133,-0.03611275354261352,8.611305536098756
DS-2,datalog A (live),2026-09-11 12:49:56,7,-0.47439353061573847,0.06298814794379837,9.172556119641587
DS-2,datalog A (live),2026-09-11 12:49:56,9,-0.11740041938092974,0.01285787296422806,9.046463696427658
DS-2,datalog A (live),2026-09-11 12:50:05,1,0.11320754699409008,0.011301802650905302,26.05755457167599
DS-2,datalog A (live),2026-09-11 12:50:05,3,-0.03773584899803003,-0.026713162012384828,10.41431234710513
DS-2,datalog A (live),2026-09-11 12:50:05,5,-0.23018867895007133,-0.017295610176000766,8.618840326072284
DS-2,datalog A (live),2026-09-11 12:50:05,7,-0.47439353061573847,0.06298814794379837,9.172556119641587
DS-2,datalog A (live),2026-09-11 12:50:05,9,-0.22851153049204084,0.012857370382912828,9.046463696427658
DS-2,datalog A (live),2026-09-11 12:50:14,1,0.11320754699409008,0.07258834009326165,26.082046668619004
DS-2,datalog A (live),2026-09-11 12:50:14,3,-0.03773584899803003,-0.029944027607929986,10.413019029499168
DS-2,datalog A (live),2026-09-11 12:50:14,5,-0.43018867895007135,-0.017296472060033354,8.618840326072284
DS-2,datalog A (live),2026-09-11 12:50:14,7,-0.3315363877585956,0.06298880312637525,9.172556119641587
DS-2,datalog A (live),2026-09-11 12:50:14,9,-0.22851153049204084,0.006354221676566062,9.043859143285095
DS-2,datalog A (live),2026-09-11 12:50:24,1,0.11320754699409008,-0.09187865611831114,26.016320298958643
DS-2,datalog A (live),2026-09-11 12:50:24,3,-0.3710691823313634,-0.03118328566756645,10.41252364837931
DS-2,datalog A (live),2026-09-11 12:50:24,5,-0.43018867895007135,-0.03167166249687625,8.613084189606832
DS-2,datalog A (live),2026-09-11 12:50:24,7,-0.3315363877585956,0.04953125763948459,9.16716656514913
DS-2,datalog A (live),2026-09-11 12:50:24,9,-0.22851153049204084,0.006354221676566062,9.043859143285095
DS-2,datalog A (live),2026-09-11 12:50:33,1,0.11320754699409008,0.23298800661495989,26.14614760083061
DS-2,datalog A (live),2026-09-11 12:50:33,3,-0.3710691823313634,-0.05344262697711599,10.40361321893492
DS-2,datalog A (live),2026-09-11 12:50:33,5,-0.43018867895007135,-0.04526159675652934,8.60764248666044
DS-2,datalog A (live),2026-09-11 12:50:33,7,-0.47439353061573847,0.01773962246053478,9.154434731829143
DS-2,datalog A (live),2026-09-11 12:50:33,9,-0.22851153049204084,0.012626116849572908,9.04637107789098
DS-2,datalog A (live),2026-09-11 12:50:43,1,0.11320754699409008,-0.09187865611831114,26.016320298958643
DS-2,datalog A (live),2026-09-11 12:50:43,3,-0.3710691823313634,-0.06957540968804683,10.397155255058616
DS-2,datalog A (live),2026-09-11 12:50:43,5,-0.23018867895007133,-0.06099736118550538,8.601341202591284
DS-2,datalog A (live),2026-09-11 12:50:43,7,-0.47439353061573847,0.01773962246053478,9.154434731829143
DS-2,datalog A (live),2026-09-11 12:50:43,9,-0.22851153049204084,0.012626116849572908,9.04637107789098
DS-2,datalog A (live),2026-09-11 12:50:52,1,0.11320754699409008,-0.18349531158615662,25.97970729876388
DS-2,datalog A (live),2026-09-11 12:50:52,3,-0.3710691823313634,-0.05344262697711599,10.40361321893492
DS-2,datalog A (live),2026-09-11 12:50:52,5,-0.23018867895007133,-0.06649697000021604,8.599139040629284
DS-2,datalog A (live),2026-09-11 12:50:52,7,-0.47439353061573847,0.01518524412131228,9.153411739808732
DS-2,datalog A (live),2026-09-11 12:50:52,9,-0.22851153049204084,0.012626116849572908,9.04637107789098
DS-2,datalog A (live),2026-09-11 12:51:02,1,0.11320754699409008,-0.18349531158615662,25.97970729876388
DS-2,datalog A (live),2026-09-11 12:51:02,3,-0.3710691823313634,-0.04641660517452806,10.406425740234454
DS-2,datalog A (live),2026-09-11 12:51:02,5,-0.43018867895007135,-0.0671230173283277,8.598888702097181
DS-2,datalog A (live),2026-09-11 12:51:02,7,-0.47439353061573847,0.01518524412131228,9.153411739808732
DS-2,datalog A (live),2026-09-11 12:51:02,9,-0.22851153049204084,0.01638392339956201,9.04787610373321
DS-2,datalog A (live),2026-09-11 12:51:12,1,0.11320754699409008,-0.014053495886855671,26.047421768360252
DS-2,datalog A (live),2026-09-11 12:51:12,3,-0.3710691823313634,-0.04641660517452806,10.406425740234454
DS-2,datalog A (live),2026-09-11 12:51:12,5,-0.43018867895007135,-0.08936046795780328,8.589984346984155
DS-2,datalog A (live),2026-09-11 12:51:12,7,-0.6172506734728813,0.015184590306189096,9.153411739808732
DS-2,datalog A (live),2026-09-11 12:51:12,9,-0.339622641603152,0.02413360879631278,9.050980104274908
DS-2,datalog A (live),2026-09-11 12:51:21,1,0.11320754699409008,0.0029282757945878757,26.05420823755306
DS-2,datalog A (live),2026-09-11 12:51:21,3,-0.3710691823313634,-0.04514191700517264,10.406935998774395
DS-2,datalog A (live),2026-09-11 12:51:21,5,-0.43018867895007135,-0.0671230173283277,8.598888702097181
DS-2,datalog A (live),2026-09-11 12:51:21,7,-0.6172506734728813,0.05564808234105304,9.169616790571244
DS-2,datalog A (live),2026-09-11 12:51:21,9,-0.339622641603152,0.02413360879631278,9.050980104274908
DS-2,datalog A (live),2026-09-11 12:51:31,1,0.11320754699409008,-0.014053495886855671,26.047421768360252
DS-2,datalog A (live),2026-09-11 12:51:31,3,-0.3710691823313634,-0.04514191700517264,10.406935998774395
DS-2,datalog A (live),2026-09-11 12:51:31,5,-0.43018867895007135,-0.027509530874439747,8.614750796926657
DS-2,datalog A (live),2026-09-11 12:51:31,7,-0.6172506734728813,0.06842257695071956,9.17473279324933
DS-2,datalog A (live),2026-09-11 12:51:31,9,-0.339622641603152,0.017368310664876516,9.048270558530785
DS-2,datalog A (live),2026-09-11 12:51:40,1,0.11320754699409008,0.0029282757945878757,26.05420823755306
DS-2,datalog A (live),2026-09-11 12:51:40,3,-0.3710691823313634,-0.04514191700517264,10.406935998774395
DS-2,datalog A (live),2026-09-11 12:51:40,5,-0.43018867895007135,-0.02013783542414558,8.617702582865082
DS-2,datalog A (live),2026-09-11 12:51:40,7,-0.6172506734728813,0.07015079872481676,9.175424921391755
DS-2,datalog A (live),2026-09-11 12:51:40,9,-0.339622641603152,0.010536615028759874,9.04553442015575
DS-2,datalog A (live),2026-09-11 12:51:50,1,0.11320754699409008,0.048850091353884295,26.07256009108264
DS-2,datalog A (live),2026-09-11 12:51:50,3,-0.3710691823313634,-0.026661566120874152,10.41433369578493
DS-2,datalog A (live),2026-09-11 12:51:50,5,-0.43018867895007135,-0.027509530874439747,8.614750796926657
DS-2,datalog A (live),2026-09-11 12:51:50,7,-0.6172506734728813,0.06842257695071956,9.17473279324933
DS-2,datalog A (live),2026-09-11 12:51:50,9,-0.339622641603152,0.0052196062850795345,9.043404923697056
DS-2,datalog A (live),2026-09-11 12:51:59,1,0.11320754699409008,0.048850091353884295,26.07256009108264
DS-2,datalog A (live),2026-09-11 12:51:59,3,-0.3710691823313634,-0.054118269406250384,10.403342758811654
DS-2,datalog A (live),2026-09-11 12:51:59,5,-0.6301886789500714,-0.06351183849615154,8.600335040406279
DS-2,datalog A (live),2026-09-11 12:51:59,7,-0.6172506734728813,0.07015079872481676,9.175424921391755
DS-2,datalog A (live),2026-09-11 12:51:59,9,-0.339622641603152,0.010536615028759874,9.04553442015575
DS-2,datalog A (live),2026-09-11 12:52:09,1,0.11320754699409008,-0.006817055220849966,26.050313685797768
DS-2,datalog A (live),2026-09-11 12:52:09,3,-0.3710691823313634,-0.045440786490824316,10.4068163611163
DS-2,datalog A (live),2026-09-11 12:52:09,5,-0.43018867895007135,-0.06570136370019668,8.599457962888966
DS-2,datalog A (live),2026-09-11 12:52:09,7,-0.6172506734728813,0.024204566282475883,9.157024111386708
DS-2,datalog A (live),2026-09-11 12:52:09,9,-0.4507337527142631,0.0019305464008488747,9.042087835088395
DS-2,datalog A (live),2026-09-11 12:52:18,1,-1.88679245300591,-0.20574796088703806,25.97082479394837
DS-2,datalog A (live),2026-09-11 12:52:18,3,-0.3710691823313634,-0.045440786490824316,10.4068163611163
DS-2,datalog A (live),2026-09-11 12:52:18,5,-0.23018867895007133,-0.06570050375439962,8.599457962888966
DS-2,datalog A (live),2026-09-11 12:52:18,7,-0.6172506734728813,-0.09820000640450287,9.108002827898694
DS-2,datalog A (live),2026-09-11 12:52:18,9,-1.6729559749364853,-0.12783365070031827,8.990118632423922
DS-2,datalog A (live),2026-09-11 12:52:28,1,-3.88679245300591,-0.2057739317118319,25.97082479394837
DS-2,datalog A (live),2026-09-11 12:52:28,3,-0.3710691823313634,0.5440738295138393,10.642799462291563
DS-2,datalog A (live),2026-09-11 12:52:28,5,-0.23018867895007133,0.810105022919825,8.950149381484152
DS-2,datalog A (live),2026-09-11 12:52:28,7,-1.3315363877585955,-0.6743601137750821,8.87726020188101
DS-2,datalog A (live),2026-09-11 12:52:28,9,-2.450733752714263,-0.12783714685756487,8.990118632423922
DS-2,datalog A (live),2026-09-11 12:52:37,1,-4.88679245300591,0.06753652467658355,26.080053854699308
DS-2,datalog A (live),2026-09-11 12:52:37,3,-1.7044025156646967,1.984872156301132,11.21955500520128
DS-2,datalog A (live),2026-09-11 12:52:37,5,-0.23018867895007133,1.0690341478644512,9.053830186613643
DS-2,datalog A (live),2026-09-11 12:52:37,7,-1.6172506734728813,-0.6743613819551147,8.87726020188101
DS-2,datalog A (live),2026-09-11 12:52:37,9,-3.0062893082698188,0.06839370132745633,9.068711400931198
DS-2,datalog A (live),2026-09-11 12:52:47,1,-777.8867924530059,882.8016491836802,378.9082407254948
DS-2,datalog A (live),2026-09-11 12:52:47,3,-2.03773584899803,3.17757009414098,11.696993707577764
DS-2,datalog A (live),2026-09-11 12:52:47,5,-2.030188678950071,1.2193574899262671,9.114026178828398
DS-2,datalog A (live),2026-09-11 12:52:47,7,-1.6172506734728813,1.7583162366871525,9.851513045873473
DS-2,datalog A (live),2026-09-11 12:52:47,9,-275.0062893082698,203.39325398146255,90.50660887119405
DS-2,datalog A (live),2026-09-11 12:52:56,1,-777.8867924530059,882.8016491836802,378.9082407254948
DS-2,datalog A (live),2026-09-11 12:52:56,3,-475.037735848998,404.6049155267229,172.40500811026757
DS-2,datalog A (live),2026-09-11 12:52:56,5,-397.0301886789501,290.6846852564639,125.03211511708392
DS-2,datalog A (live),2026-09-11 12:52:56,7,-317.76010781633005,231.75170558132828,101.96705479895677
DS-2,datalog A (live),2026-09-11 12:52:56,9,-275.0062893082698,203.39325398146255,90.50660887119405
DS-2,datalog A (live),2026-09-11 12:53:05,1,-776.8867924530059,881.9218552231293,378.5565160772575
DS-2,datalog A (live),2026-09-11 12:53:05,3,-475.037735848998,404.63469059150276,172.41692822138822
DS-2,datalog A (live),2026-09-11 12:53:05,5,-397.0301886789501,290.6846852564639,125.03211511708392
DS-2,datalog A (live),2026-09-11 12:53:05,7,-317.76010781633005,231.75170558132828,101.96705479895677
DS-2,datalog A (live),2026-09-11 12:53:05,9,-272.5618448638254,203.39336460065118,90.50660887119405
DS-2,datalog A (live),2026-09-11 12:53:14,1,-774.8867924530059,881.7251560131022,378.4777451831117
DS-2,datalog A (live),2026-09-11 12:53:14,3,-474.037735848998,404.6347767999669,172.41692822138822
DS-2,datalog A (live),2026-09-11 12:53:14,5,-396.23018867895007,290.68473526930995,125.03211511708392
DS-2,datalog A (live),2026-09-11 12:53:14,7,-316.76010781633005,231.7517565648557,101.96705479895677
DS-2,datalog A (live),2026-09-11 12:53:14,9,-268.228511530492,212.09387143367476,93.99132664287092
DS-2,datalog A (live),2026-09-11 12:53:24,1,-773.8867924530059,881.7253452519748,378.4777451831117
DS-2,datalog A (live),2026-09-11 12:53:24,3,-473.3710691823314,407.26617336227406,173.47035477533822
DS-2,datalog A (live),2026-09-11 12:53:24,5,-395.8301886789501,295.18649168066065,126.8348482287187
DS-2,datalog A (live),2026-09-11 12:53:24,7,-315.90296495918716,237.00075088163285,104.069317292284
DS-2,datalog A (live),2026-09-11 12:53:24,9,-268.0062893082698,212.0938818771555,93.99132664287092
DS-2,datalog A (live),2026-09-11 12:53:33,1,-773.8867924530059,880.4299451454475,377.9599810229777
DS-2,datalog A (live),2026-09-11 12:53:33,3,-473.3710691823314,407.4838906669641,173.5575154118699
DS-2,datalog A (live),2026-09-11 12:53:33,5,-395.63018867895005,295.35608702657873,126.90275815958456
DS-2,datalog A (live),2026-09-11 12:53:33,7,-315.18867924490144,237.5898324423005,104.30523602113892
DS-2,datalog A (live),2026-09-11 12:53:33,9,-268.0062893082698,211.51308348774126,93.75870065503644
DS-2,datalog A (live),2026-09-11 12:53:43,1,-773.8867924530059,880.3419051204743,377.9247919185776
DS-2,datalog A (live),2026-09-11 12:53:43,3,-473.3710691823314,407.26617336227406,173.47035477533822
DS-2,datalog A (live),2026-09-11 12:53:43,5,-395.43018867895006,295.33620602422627,126.89479166573685
DS-2,datalog A (live),2026-09-11 12:53:43,7,-314.90296495918716,237.58984734304846,104.30523602113892
DS-2,datalog A (live),2026-09-11 12:53:43,9,-267.228511530492,211.40651680150341,93.71600312145412
DS-2,datalog A (live),2026-09-11 12:53:52,1,-773.8867924530059,880.3419051204743,377.9247919185776
DS-2,datalog A (live),2026-09-11 12:53:52,3,-473.7044025156647,406.9103780056933,173.32792773260348
DS-2,datalog A (live),2026-09-11 12:53:52,5,-395.0301886789501,295.33623140318457,126.89479166573685
DS-2,datalog A (live),2026-09-11 12:53:52,7,-314.90296495918716,237.5908987844077,104.30565713489142
DS-2,datalog A (live),2026-09-11 12:53:52,9,-271.78406708604757,211.15167854456752,93.61401869824888
DS-2,datalog A (live),2026-09-11 12:54:01,1,-773.8867924530059,880.3419051204743,377.9247919185776
DS-2,datalog A (live),2026-09-11 12:54:01,3,-473.7044025156647,406.9103780056933,173.32792773260348
DS-2,datalog A (live),2026-09-11 12:54:01,5,-395.0301886789501,295.25694288232023,126.86304032249085
DS-2,datalog A (live),2026-09-11 12:54:01,7,-314.4743935306157,238.41298345077846,104.63490204576313
DS-2,datalog A (live),2026-09-11 12:54:01,9,-271.5618448638254,210.80187259926538,93.473907374464
DS-2,datalog A (live),2026-09-11 12:54:11,1,-773.8867924530059,879.3881088599495,377.5435649005457
DS-2,datalog A (live),2026-09-11 12:54:11,3,-473.7044025156647,407.139349639443,173.41959391736245
DS-2,datalog A (live),2026-09-11 12:54:11,5,-394.8301886789501,295.1934169015459,126.83759605987863
DS-2,datalog A (live),2026-09-11 12:54:11,7,-314.4743935306157,238.41298345077846,104.63490204576313
DS-2,datalog A (live),2026-09-11 12:54:11,9,-271.5618448638254,211.15168894612515,93.61401869824888
DS-2,datalog A (live),2026-09-11 12:54:20,1,-772.8867924530059,879.0852587178281,377.4224419698016
DS-2,datalog A (live),2026-09-11 12:54:20,3,-473.7044025156647,407.3191488928746,173.49157449991176
DS-2,datalog A (live),2026-09-11 12:54:20,5,-394.63018867895005,295.0475220353641,126.77916691680946
DS-2,datalog A (live),2026-09-11 12:54:20,7,-314.4743935306157,238.0077161861236,104.47258809222204
DS-2,datalog A (live),2026-09-11 12:54:20,9,-267.11740041938094,211.5260283638783,93.76386874859544
DS-2,datalog A (live),2026-09-11 12:54:29,1,-773.8867924530059,878.7930534255626,377.3057245795004
DS-2,datalog A (live),2026-09-11 12:54:29,3,-474.3710691823314,407.2086605987272,173.44736491610217
DS-2,datalog A (live),2026-09-11 12:54:29,5,-394.43018867895006,295.1934422690651,126.83759605987863
DS-2,datalog A (live),2026-09-11 12:54:29,7,-314.4743935306157,237.61960956002514,104.31714716133122
DS-2,datalog A (live),2026-09-11 12:54:29,9,-266.6729559749365,211.5260492002936,93.76386874859544
DS-2,datalog A (live),2026-09-11 12:54:38,1,-773.8867924530059,878.5009475782566,377.188971509975
DS-2,datalog A (live),2026-09-11 12:54:38,3,-475.037735848998,407.2086027829389,173.44736491610217
DS-2,datalog A (live),2026-09-11 12:54:38,5,-394.23018867895007,295.0505512987651,126.78036984106556
DS-2,datalog A (live),2026-09-11 12:54:38,7,-314.4743935306157,237.80704271486042,104.3922161813072
DS-2,datalog A (live),2026-09-11 12:54:38,9,-267.11740041938094,211.34654440556588,93.69198041964796
DS-2,datalog A (live),2026-09-11 12:54:48,1,-773.8867924530059,878.0821334963598,377.0215738694522
DS-2,datalog A (live),2026-09-11 12:54:48,3,-475.037735848998,407.2086027829389,173.44736491610217
DS-2,datalog A (live),2026-09-11 12:54:48,5,-394.23018867895007,295.1745651231534,126.83003156803112
DS-2,datalog A (live),2026-09-11 12:54:48,7,-314.3315363877586,237.61961701124991,104.31714716133122
DS-2,datalog A (live),2026-09-11 12:54:48,9,-271.228511530492,211.22027342502508,93.64148246748285
DS-2,datalog A (live),2026-09-11 12:54:57,1,-773.8867924530059,878.0821334963598,377.0215738694522
DS-2,datalog A (live),2026-09-11 12:54:57,3,-473.7044025156647,407.1275248573051,173.41486000056042
DS-2,datalog A (live),2026-09-11 12:54:57,5,-394.23018867895007,295.1587535509211,126.8236997740802
DS-2,datalog A (live),2026-09-11 12:54:57,7,-314.3315363877586,237.8070501714473,104.3922161813072
DS-2,datalog A (live),2026-09-11 12:54:57,9,-271.228511530492,211.22027342502508,93.64148246748285
DS-2,datalog A (live),2026-09-11 12:55:06,1,-772.8867924530059,877.4583223668789,376.7721647614309
DS-2,datalog A (live),2026-09-11 12:55:06,3,-473.7044025156647,407.1939799224088,173.4414645287118
DS-2,datalog A (live),2026-09-11 12:55:06,5,-394.23018867895007,295.1587535509211,126.8236997740802
DS-2,datalog A (live),2026-09-11 12:55:06,7,-314.3315363877586,238.09286610915782,104.50668857410506
DS-2,datalog A (live),2026-09-11 12:55:06,9,-271.228511530492,211.40920787120004,93.71715604258203
DS-2,datalog A (live),2026-09-11 12:55:15,1,-772.8867924530059,877.4583223668789,376.7721647614309
DS-2,datalog A (live),2026-09-11 12:55:15,3,-471.3710691823314,407.0970667325221,173.4025854476238
DS-2,datalog A (live),2026-09-11 12:55:15,5,-394.0301886789501,295.1587662332911,126.8236997740802
DS-2,datalog A (live),2026-09-11 12:55:15,7,-314.3315363877586,238.09286610915782,104.50668857410506
DS-2,datalog A (live),2026-09-11 12:55:15,9,-266.0062893082698,211.44359807319913,93.73083226262972
DS-2,datalog A (live),2026-09-11 12:55:25,1,-772.8867924530059,877.1768583228745,376.6596651835063
DS-2,datalog A (live),2026-09-11 12:55:25,3,-473.7044025156647,407.09686442950573,173.4025854476238
DS-2,datalog A (live),2026-09-11 12:55:25,5,-393.63018867895005,295.06756355508514,126.78716722104872
DS-2,datalog A (live),2026-09-11 12:55:25,7,-314.18867924490144,238.0928735739213,104.50668857410506
DS-2,datalog A (live),2026-09-11 12:55:25,9,-266.0062893082698,211.44359807319913,93.73083226262972
DS-2,datalog A (live),2026-09-11 12:55:34,1,-772.8867924530059,876.946473232947,376.5675815730806
DS-2,datalog A (live),2026-09-11 12:55:34,3,-473.7044025156647,407.09686442950573,173.4025854476238
DS-2,datalog A (live),2026-09-11 12:55:34,5,-393.63018867895005,295.06756355508514,126.78716722104872
DS-2,datalog A (live),2026-09-11 12:55:34,7,-314.18867924490144,237.58886207933466,104.30482649253412
DS-2,datalog A (live),2026-09-11 12:55:34,9,-266.11740041938094,211.41784343187157,93.72051889851322
DS-2,datalog A (live),2026-09-11 12:55:43,1,-772.8867924530059,876.6294898415847,376.4408851139876
DS-2,datalog A (live),2026-09-11 12:55:43,3,-474.7044025156647,407.1738074065149,173.43342340785892
DS-2,datalog A (live),2026-09-11 12:55:43,5,-393.43018867895006,295.06757623380184,126.78716722104872
DS-2,datalog A (live),2026-09-11 12:55:43,7,-314.18867924490144,238.0259425408108,104.47988196788576
DS-2,datalog A (live),2026-09-11 12:55:43,9,-271.228511530492,211.1966834062253,93.63203399953336
DS-2,datalog A (live),2026-09-11 12:55:52,1,-772.8867924530059,876.3255452468924,376.3194001877822
DS-2,datalog A (live),2026-09-11 12:55:52,3,-474.7044025156647,407.1738074065149,173.43342340785892
DS-2,datalog A (live),2026-09-11 12:55:52,5,-393.8301886789501,294.9771559347785,126.75096828459218
DS-2,datalog A (live),2026-09-11 12:55:52,7,-314.18867924490144,238.0259425408108,104.47988196788576
DS-2,datalog A (live),2026-09-11 12:55:52,9,-271.228511530492,211.14830883366346,93.61265861868692
DS-2,datalog A (live),2026-09-11 12:56:02,1,-772.8867924530059,876.6294898415847,376.4408851139876
DS-2,datalog A (live),2026-09-11 12:56:02,3,-471.037735848998,407.0211604411677,173.3721856749952
DS-2,datalog A (live),2026-09-11 12:56:02,5,-393.63018867895005,294.9771686098753,126.75096828459218
DS-2,datalog A (live),2026-09-11 12:56:02,7,-314.0458221020443,238.1590587532515,104.53319346730164
DS-2,datalog A (live),2026-09-11 12:56:02,9,-271.11740041938094,211.19500220406752,93.63135854720186
DS-2,datalog A (live),2026-09-11 12:56:11,1,-771.8867924530059,876.0809688812055,376.221569218319
DS-2,datalog A (live),2026-09-11 12:56:11,3,-471.037735848998,407.0211604411677,173.3721856749952
DS-2,datalog A (live),2026-09-11 12:56:11,5,-393.63018867895005,294.9771686098753,126.75096828459218
DS-2,datalog A (live),2026-09-11 12:56:11,7,-314.0458221020443,238.1590587532515,104.53319346730164
DS-2,datalog A (live),2026-09-11 12:56:11,9,-265.6729559749365,211.19525708943246,93.63135854720186
DS-2,datalog A (live),2026-09-11 12:56:20,1,-772.8867924530059,876.1869994920609,376.2640242373765
DS-2,datalog A (live),2026-09-11 12:56:20,3,-471.3710691823314,407.1106163002407,173.40800986014796
DS-2,datalog A (live),2026-09-11 12:56:20,5,-393.63018867895005,295.1583275573321,126.8235139475416
DS-2,datalog A (live),2026-09-11 12:56:20,7,-313.76010781633005,237.48628243299,104.26373328095232
DS-2,datalog A (live),2026-09-11 12:56:20,9,-265.6729559749365,211.3473347419415,93.69226986902387
DS-2,datalog A (live),2026-09-11 12:56:29,1,-772.8867924530059,875.6061898886161,376.0318779414856
DS-2,datalog A (live),2026-09-11 12:56:29,3,-472.7044025156647,407.3616146455063,173.50854044905614
DS-2,datalog A (live),2026-09-11 12:56:29,5,-393.63018867895005,295.1583275573321,126.8235139475416
DS-2,datalog A (live),2026-09-11 12:56:29,7,-313.76010781633005,237.48628243299,104.26373328095232
DS-2,datalog A (live),2026-09-11 12:56:29,9,-265.6729559749365,211.3473347419415,93.69226986902387
DS-2,datalog A (live),2026-09-11 12:56:39,1,-772.8867924530059,875.6061898886161,376.0318779414856
DS-2,datalog A (live),2026-09-11 12:56:39,3,-471.3710691823314,407.3617303178666,173.50854044905614
DS-2,datalog A (live),2026-09-11 12:56:39,5,-393.8301886789501,295.1212842208523,126.80868490653376
DS-2,datalog A (live),2026-09-11 12:56:39,7,-314.18867924490144,237.54034411295783,104.28539451966918
DS-2,datalog A (live),2026-09-11 12:56:39,9,-271.228511530492,211.1732014070593,93.6226287964942
DS-2,datalog A (live),2026-09-11 12:56:48,1,-772.8867924530059,875.6061898886161,376.0318779414856
DS-2,datalog A (live),2026-09-11 12:56:48,3,-473.7044025156647,407.3615278912361,173.50854044905614
DS-2,datalog A (live),2026-09-11 12:56:48,5,-393.8301886789501,294.95883140279113,126.7436301685722
DS-2,datalog A (live),2026-09-11 12:56:48,7,-314.18867924490144,237.54034411295783,104.28539451966918
DS-2,datalog A (live),2026-09-11 12:56:48,9,-271.228511530492,211.16398009017917,93.61893539897156
DS-2,datalog A (live),2026-09-11 12:56:57,1,-772.8867924530059,875.6490971332058,376.0490277231685
DS-2,datalog A (live),2026-09-11 12:56:57,3,-473.037735848998,407.2428726417597,173.46101502412586
DS-2,datalog A (live),2026-09-11 12:56:57,5,-393.8301886789501,294.95883140279113,126.7436301685722
DS-2,datalog A (live),2026-09-11 12:56:57,7,-314.18867924490144,237.54034411295783,104.28539451966918
DS-2,datalog A (live),2026-09-11 12:56:57,9,-271.228511530492,211.1732014070593,93.6226287964942
DS-2,datalog A (live),2026-09-11 12:57:06,1,-773.8867924530059,875.7403419592353,376.0855729209276
DS-2,datalog A (live),2026-09-11 12:57:06,3,-473.3710691823314,407.31469958712904,173.48978169527396
DS-2,datalog A (live),2026-09-11 12:57:06,5,-393.43018867895006,295.10013519823985,126.80020555892092
DS-2,datalog A (live),2026-09-11 12:57:06,7,-314.0458221020443,237.43921919858826,104.24488991013057
DS-2,datalog A (live),2026-09-11 12:57:06,9,-266.33962264160317,211.17522044809976,93.62334581567232
DS-2,datalog A (live),2026-09-11 12:57:16,1,-773.8867924530059,875.7862626942195,376.1039271812539
DS-2,datalog A (live),2026-09-11 12:57:16,3,-473.3710691823314,407.2428437315905,173.46101502412586
DS-2,datalog A (live),2026-09-11 12:57:16,5,-393.43018867895006,295.10013519823985,126.80020555892092
DS-2,datalog A (live),2026-09-11 12:57:16,7,-314.0458221020443,238.28025503217705,104.58173389287812
DS-2,datalog A (live),2026-09-11 12:57:16,9,-266.33962264160317,211.17522044809976,93.62334581567232
DS-2,datalog A (live),2026-09-11 12:57:25,1,-773.8867924530059,875.7403419592353,376.0855729209276
DS-2,datalog A (live),2026-09-11 12:57:25,3,-473.3710691823314,407.1990594679532,173.44348649420888
DS-2,datalog A (live),2026-09-11 12:57:25,5,-393.43018867895006,295.0454348673499,126.77830064246626
DS-2,datalog A (live),2026-09-11 12:57:25,7,-314.18867924490144,237.69542276886492,104.34750520687544
DS-2,datalog A (live),2026-09-11 12:57:25,9,-266.33962264160317,211.12791855821158,93.60440009304376
DS-2,datalog A (live),2026-09-11 12:57:34,1,-772.8867924530059,874.8656021282395,375.7358692248015
DS-2,datalog A (live),2026-09-11 12:57:34,3,-472.3710691823314,407.1609845242426,173.42820891032093
DS-2,datalog A (live),2026-09-11 12:57:34,5,-393.8301886789501,294.75698968744047,126.66280202376952
DS-2,datalog A (live),2026-09-11 12:57:34,7,-314.18867924490144,238.36683587065298,104.61641345158144
DS-2,datalog A (live),2026-09-11 12:57:34,9,-270.33962264160317,210.82368997263654,93.48262296701544
DS-2,datalog A (live),2026-09-11 12:57:44,1,-772.8867924530059,874.8656021282395,375.7358692248015
DS-2,datalog A (live),2026-09-11 12:57:44,3,-472.3710691823314,407.07132582946014,173.39231508298047
DS-2,datalog A (live),2026-09-11 12:57:44,5,-393.8301886789501,294.75698968744047,126.66280202376952
DS-2,datalog A (live),2026-09-11 12:57:44,7,-314.18867924490144,237.98167013208715,104.46215038700495
DS-2,datalog A (live),2026-09-11 12:57:44,9,-270.8951781971587,210.8074426926422,93.4761258741873
DS-2,datalog A (live),2026-09-11 12:57:53,1,-771.8867924530059,874.865789996174,375.7358692248015
DS-2,datalog A (live),2026-09-11 12:57:53,3,-473.037735848998,407.0712680320218,173.39231508298047
DS-2,datalog A (live),2026-09-11 12:57:53,5,-393.8301886789501,294.9180208271186,126.72728744618595
DS-2,datalog A (live),2026-09-11 12:57:53,7,-314.0458221020443,237.9816775936693,104.46215038700495
DS-2,datalog A (live),2026-09-11 12:57:53,9,-270.33962264160317,210.80746865823275,93.4761258741873
DS-2,datalog A (live),2026-09-11 12:58:02,1,-772.8867924530059,875.2647791990944,375.89541803021706
DS-2,datalog A (live),2026-09-11 12:58:02,3,-473.037735848998,407.10899803808843,173.40741985901272
DS-2,datalog A (live),2026-09-11 12:58:02,5,-393.8301886789501,294.9180208271186,126.72728744618595
DS-2,datalog A (live),2026-09-11 12:58:02,7,-313.90296495918716,237.9816850552515,104.46215038700495
DS-2,datalog A (live),2026-09-11 12:58:02,9,-266.6729559749365,211.0463766479108,93.57174653618266
DS-2,datalog A (live),2026-09-11 12:58:12,1,-772.8867924530059,874.7885892351092,375.70508760932887
DS-2,datalog A (live),2026-09-11 12:58:12,3,-473.3710691823314,407.1089691368518,173.40741985901272
DS-2,datalog A (live),2026-09-11 12:58:12,5,-393.8301886789501,294.8506782737947,126.70031991055046
DS-2,datalog A (live),2026-09-11 12:58:12,7,-313.90296495918716,237.8782280873094,104.4207147492641
DS-2,datalog A (live),2026-09-11 12:58:12,9,-266.6729559749365,211.0463766479108,93.57174653618266
DS-2,datalog A (live),2026-09-11 12:58:21,1,-772.8867924530059,874.7885892351092,375.70508760932887
DS-2,datalog A (live),2026-09-11 12:58:21,3,-473.037735848998,407.10899803808843,173.40741985901272
DS-2,datalog A (live),2026-09-11 12:58:21,5,-393.0301886789501,294.85072895392267,126.70031991055046
DS-2,datalog A (live),2026-09-11 12:58:21,7,-313.90296495918716,237.8782280873094,104.4207147492641
DS-2,datalog A (live),2026-09-11 12:58:21,9,-270.11740041938094,210.99535690428058,93.55137623989974
DS-2,datalog A (live),2026-09-11 12:58:30,1,-772.8867924530059,873.8706517185559,375.3381932035491
DS-2,datalog A (live),2026-09-11 12:58:30,3,-473.037735848998,407.1218587947378,173.41256851571984
DS-2,datalog A (live),2026-09-11 12:58:30,5,-393.0301886789501,294.80686235121703,126.68275339541565
DS-2,datalog A (live),2026-09-11 12:58:30,7,-313.76010781633005,237.79578607663046,104.387692843518
DS-2,datalog A (live),2026-09-11 12:58:30,9,-270.78406708604757,210.8809903284324,93.50558169431888
DS-2,datalog A (live),2026-09-11 12:58:39,1,-771.8867924530059,873.8708393876525,375.3381932035491
DS-2,datalog A (live),2026-09-11 12:58:39,3,-472.037735848998,407.1219455010221,173.41256851571984
DS-2,datalog A (live),2026-09-11 12:58:39,5,-393.43018867895006,294.89952551318,126.71987079092708
DS-2,datalog A (live),2026-09-11 12:58:39,7,-313.76010781633005,237.35391019897335,104.21071676705432
DS-2,datalog A (live),2026-09-11 12:58:39,9,-270.78406708604757,210.9953257204885,93.55137623989974
DS-2,datalog A (live),2026-09-11 12:58:49,1,-771.8867924530059,873.9337987068044,375.3633576803851
DS-2,datalog A (live),2026-09-11 12:58:49,3,-471.037735848998,407.01830561741195,173.3710427794414
DS-2,datalog A (live),2026-09-11 12:58:49,5,-393.63018867895005,294.806824346391,126.68275339541565
DS-2,datalog A (live),2026-09-11 12:58:49,7,-313.6172506734729,237.35391764259597,104.21071676705432
DS-2,datalog A (live),2026-09-11 12:58:49,9,-266.228511530492,211.2564526644451,93.65587949384978
DS-2,datalog A (live),2026-09-11 12:58:58,1,-771.8867924530059,875.0959344718018,375.8278566446764
DS-2,datalog A (live),2026-09-11 12:58:58,3,-470.7044025156647,406.8237474436835,173.2931421102349
DS-2,datalog A (live),2026-09-11 12:58:58,5,-393.8301886789501,294.79444647698375,126.67780171203408
DS-2,datalog A (live),2026-09-11 12:58:58,7,-313.6172506734729,237.29650427002522,104.18772208995786
DS-2,datalog A (live),2026-09-11 12:58:58,9,-265.6729559749365,211.25762530923075,93.65633875070266
DS-2,datalog A (live),2026-09-11 12:59:07,1,-772.8867924530059,875.0957465578736,375.8278566446764
DS-2,datalog A (live),2026-09-11 12:59:07,3,-470.7044025156647,406.70799447303716,173.2468017551082
DS-2,datalog A (live),2026-09-11 12:59:07,5,-393.8301886789501,294.79444647698375,126.67780171203408
DS-2,datalog A (live),2026-09-11 12:59:07,7,-313.6172506734729,237.29650427002522,104.18772208995786
DS-2,datalog A (live),2026-09-11 12:59:07,9,-265.6729559749365,211.25647867996716,93.65587949384978
DS-2,datalog A (live),2026-09-11 12:59:17,1,-772.8867924530059,874.3773409129985,375.5407139934261
DS-2,datalog A (live),2026-09-11 12:59:17,3,-470.7044025156647,406.70799447303716,173.2468017551082
DS-2,datalog A (live),2026-09-11 12:59:17,5,-393.0301886789501,294.93575643463333,126.7343694250935
DS-2,datalog A (live),2026-09-11 12:59:17,7,-313.18867924490144,237.29652659596567,104.18772208995786
DS-2,datalog A (live),2026-09-11 12:59:17,9,-270.45073375271426,210.80790750536968,93.47630372480712
DS-2,datalog A (live),2026-09-11 12:59:26,1,-772.8867924530059,874.0507903330772,375.4101935834671
DS-2,datalog A (live),2026-09-11 12:59:26,3,-471.037735848998,406.90596129284364,173.3260670331149
DS-2,datalog A (live),2026-09-11 12:59:26,5,-392.8301886789501,294.9357691080703,126.7343694250935
DS-2,datalog A (live),2026-09-11 12:59:26,7,-313.18867924490144,237.60799644519912,104.31246912489118
DS-2,datalog A (live),2026-09-11 12:59:26,9,-271.6729559749365,210.7704839936923,93.46133743135374
DS-2,datalog A (live),2026-09-11 12:59:35,1,-771.8867924530059,874.3423378433646,375.52664841759525
DS-2,datalog A (live),2026-09-11 12:59:35,3,-471.037735848998,406.90596129284364,173.3260670331149
DS-2,datalog A (live),2026-09-11 12:59:35,5,-393.0301886789501,294.9361097292565,126.73451090300522
DS-2,datalog A (live),2026-09-11 12:59:35,7,-313.18867924490144,237.60799644519912,104.31246912489118
DS-2,datalog A (live),2026-09-11 12:59:35,9,-271.6729559749365,210.8078503809619,93.47630372480712
DS-2,datalog A (live),2026-09-11 12:59:44,1,-770.8867924530059,874.0511657432709,375.4101935834671
DS-2,datalog A (live),2026-09-11 12:59:44,3,-471.037735848998,406.90596129284364,173.3260670331149
DS-2,datalog A (live),2026-09-11 12:59:44,5,-393.0301886789501,294.8804027320272,126.71220286569242
DS-2,datalog A (live),2026-09-11 12:59:44,7,-313.0458221020443,237.53170624508988,104.28191109339711
DS-2,datalog A (live),2026-09-11 12:59:44,9,-265.78406708604757,211.17595257634449,93.62362863704682
DS-2,datalog A (live),2026-09-11 12:59:54,1,-770.8867924530059,873.5977101793446,375.2289500454519
DS-2,datalog A (live),2026-09-11 12:59:54,3,-471.037735848998,406.982385836305,173.35666271200697
DS-2,datalog A (live),2026-09-11 12:59:54,5,-393.23018867895007,294.93609705580536,126.73451090300522
DS-2,datalog A (live),2026-09-11 12:59:54,7,-313.0458221020443,237.40220580224013,104.23004477039454
DS-2,datalog A (live),2026-09-11 12:59:54,9,-265.6729559749365,211.41095147235174,93.717750135686
DS-2,datalog A (live),2026-09-11 13:00:03,1,-770.8867924530059,873.5977101793446,375.2289500454519
DS-2,datalog A (live),2026-09-11 13:00:03,3,-471.3710691823314,407.1574016306661,173.42673982538207
DS-2,datalog A (live),2026-09-11 13:00:03,5,-393.0301886789501,294.8804027320272,126.71220286569242
DS-2,datalog A (live),2026-09-11 13:00:03,7,-312.76010781633005,237.39440087304146,104.22691284870702
DS-2,datalog A (live),2026-09-11 13:00:03,9,-265.6729559749365,211.17595777765723,93.62362863704682
DS-2,datalog A (live),2026-09-11 13:00:12,1,-772.8867924530059,872.5788173876651,374.8218543671349
DS-2,datalog A (live),2026-09-11 13:00:12,3,-471.3710691823314,406.9823569435279,173.35666271200697
DS-2,datalog A (live),2026-09-11 13:00:12,5,-392.0301886789501,295.06600848903105,126.78650387238008
DS-2,datalog A (live),2026-09-11 13:00:12,7,-312.6172506734729,237.39440831782096,104.22691284870702
DS-2,datalog A (live),2026-09-11 13:00:12,9,-269.78406708604757,211.01311502579495,93.55848262143216
DS-2,datalog A (live),2026-09-11 13:00:21,1,-773.8867924530059,872.578629976738,374.8218543671349
DS-2,datalog A (live),2026-09-11 13:00:21,3,-474.3710691823314,407.02541877129073,173.37400612848384
DS-2,datalog A (live),2026-09-11 13:00:21,5,-387.43018867895006,295.05696681006015,126.78276633289155
DS-2,datalog A (live),2026-09-11 13:00:21,7,-312.6172506734729,237.58068236345323,104.30151760507682
DS-2,datalog A (live),2026-09-11 13:00:21,9,-269.78406708604757,210.85984894989434,93.49709525250807
DS-2,datalog A (live),2026-09-11 13:00:31,1,-774.8867924530059,872.5784425658107,374.8218543671349
DS-2,datalog A (live),2026-09-11 13:00:31,3,-469.7044025156647,406.7727626857311,173.27269627169193
DS-2,datalog A (live),2026-09-11 13:00:31,5,-387.43018867895006,295.05696681006015,126.78276633289155
DS-2,datalog A (live),2026-09-11 13:00:31,7,-312.6172506734729,237.60702890876746,104.31206967950932
DS-2,datalog A (live),2026-09-11 13:00:31,9,-269.5618448638254,211.0131254211819,93.55848262143216
DS-2,datalog A (live),2026-09-11 13:00:40,1,-773.8867924530059,873.186267382328,375.06472363153136
DS-2,datalog A (live),2026-09-11 13:00:40,3,-471.7044025156647,407.0256499366323,173.37400612848384
DS-2,datalog A (live),2026-09-11 13:00:40,5,-392.23018867895007,294.79568918807564,126.67825877660576
DS-2,datalog A (live),2026-09-11 13:00:40,7,-312.6172506734729,237.60702890876746,104.31206967950932
DS-2,datalog A (live),2026-09-11 13:00:40,9,-266.8951781971587,211.0815167960012,93.58582530873387
DS-2,datalog A (live),2026-09-11 13:00:50,1,-773.8867924530059,873.186267382328,375.06472363153136
DS-2,datalog A (live),2026-09-11 13:00:50,3,-470.037735848998,406.67677285714603,173.2342794269761
DS-2,datalog A (live),2026-09-11 13:00:50,5,-393.63018867895005,294.68623962341013,126.63446486872112
DS-2,datalog A (live),2026-09-11 13:00:50,7,-312.4743935306157,237.60703635962957,104.31206967950932
DS-2,datalog A (live),2026-09-11 13:00:50,9,-264.8951781971587,211.20343329348236,93.6346187593095
DS-2,datalog A (live),2026-09-11 13:00:59,1,-773.8867924530059,873.186267382328,375.06472363153136
DS-2,datalog A (live),2026-09-11 13:00:59,3,-471.7044025156647,407.02948444525646,173.3755412297081
DS-2,datalog A (live),2026-09-11 13:00:59,5,-393.63018867895005,294.6270546642519,126.61076406807588
DS-2,datalog A (live),2026-09-11 13:00:59,7,-312.4743935306157,237.65485995455035,104.33122354248368
DS-2,datalog A (live),2026-09-11 13:00:59,9,-266.8951781971587,211.2033396588636,93.6346187593095
DS-2,datalog A (live),2026-09-11 13:01:08,1,-773.8867924530059,873.1085855209745,375.0336746270588
DS-2,datalog A (live),2026-09-11 13:01:08,3,-470.037735848998,406.6573209915601,173.22649209993122
DS-2,datalog A (live),2026-09-11 13:01:08,5,-392.43018867895006,294.62713063071027,126.61076406807588
DS-2,datalog A (live),2026-09-11 13:01:08,7,-312.4743935306157,237.73314313511295,104.3625767963781
DS-2,datalog A (live),2026-09-11 13:01:08,9,-269.228511530492,210.81840768934103,93.48048646306168
DS-2,datalog A (live),2026-09-11 13:01:17,1,-772.8867924530059,873.1236448210597,375.0396187942589
DS-2,datalog A (live),2026-09-11 13:01:17,3,-470.7044025156647,407.02957113302705,173.3755412297081
DS-2,datalog A (live),2026-09-11 13:01:17,5,-387.0301886789501,295.1237432544507,126.80949697793224
DS-2,datalog A (live),2026-09-11 13:01:17,7,-312.4743935306157,237.65485995455035,104.33122354248368
DS-2,datalog A (live),2026-09-11 13:01:17,9,-269.6729559749365,210.81838691589957,93.48048646306168
DS-2,datalog A (live),2026-09-11 13:01:27,1,-772.8867924530059,873.1236448210597,375.0396187942589
DS-2,datalog A (live),2026-09-11 13:01:27,3,-470.7044025156647,407.0034202746213,173.36507203778478
DS-2,datalog A (live),2026-09-11 13:01:27,5,-387.0301886789501,295.1237432544507,126.80949697793224
DS-2,datalog A (live),2026-09-11 13:01:27,7,-312.4743935306157,237.91972991265953,104.4373068031013
DS-2,datalog A (live),2026-09-11 13:01:27,9,-269.6729559749365,210.82947593881426,93.48492792815122
DS-2,datalog A (live),2026-09-11 13:01:36,1,-772.8867924530059,873.1236448210597,375.0396187942589
DS-2,datalog A (live),2026-09-11 13:01:36,3,-470.7044025156647,407.0034202746213,173.36507203778478
DS-2,datalog A (live),2026-09-11 13:01:36,5,-392.43018867895006,294.84695734134084,126.69879433568804
DS-2,datalog A (live),2026-09-11 13:01:36,7,-312.3315363877586,237.40780184861268,104.23227113793745
DS-2,datalog A (live),2026-09-11 13:01:36,9,-264.5618448638254,211.41583247670675,93.7196842593618
DS-2,datalog A (live),2026-09-11 13:01:45,1,-773.8867924530059,872.4745879352025,374.7802693464276
DS-2,datalog A (live),2026-09-11 13:01:45,3,-470.7044025156647,407.0034202746213,173.36507203778478
DS-2,datalog A (live),2026-09-11 13:01:45,5,-393.0301886789501,294.6924639651007,126.63694221202869
DS-2,datalog A (live),2026-09-11 13:01:45,7,-312.18867924490144,237.30579341389623,104.19141268562235
DS-2,datalog A (live),2026-09-11 13:01:45,9,-264.5618448638254,211.49721990947685,93.75228217841722
DS-2,datalog A (live),2026-09-11 13:01:54,1,-771.8867924530059,872.4749627154719,374.7802693464276
DS-2,datalog A (live),2026-09-11 13:01:54,3,-470.3710691823314,407.0066671434927,173.36636031642905
DS-2,datalog A (live),2026-09-11 13:01:54,5,-393.0301886789501,294.6924639651007,126.63694221202869
DS-2,datalog A (live),2026-09-11 13:01:54,7,-312.0458221020443,237.30580085613997,104.19141268562235
DS-2,datalog A (live),2026-09-11 13:01:54,9,-264.8951781971587,211.49720428409648,93.75228217841722
DS-2,datalog A (live),2026-09-11 13:02:04,1,-772.8867924530059,872.7385574215692,374.8857015503708
DS-2,datalog A (live),2026-09-11 13:02:04,3,-470.7044025156647,407.0727522498467,173.39282828745715
DS-2,datalog A (live),2026-09-11 13:02:04,5,-391.8301886789501,294.70001079293223,126.63993393429205
DS-2,datalog A (live),2026-09-11 13:02:04,7,-312.0458221020443,237.48831382740352,104.26451108293844
DS-2,datalog A (live),2026-09-11 13:02:04,9,-269.45073375271426,211.17952245829932,93.62512722292534
DS-2,datalog A (live),2026-09-11 13:02:13,1,-772.8867924530059,872.7385574215692,374.8857015503708
DS-2,datalog A (live),2026-09-11 13:02:13,3,-470.7044025156647,407.10188371101026,173.4044907290182
DS-2,datalog A (live),2026-09-11 13:02:13,5,-391.43018867895006,294.758330304989,126.66327801100456
DS-2,datalog A (live),2026-09-11 13:02:13,7,-312.0458221020443,237.53863986608775,104.28466719976464
DS-2,datalog A (live),2026-09-11 13:02:13,9,-269.45073375271426,211.019334782609,93.56096756312796
DS-2,datalog A (live),2026-09-11 13:02:22,1,-772.8867924530059,873.2557726215505,375.0924295248085
DS-2,datalog A (live),2026-09-11 13:02:22,3,-470.7044025156647,407.0727522498467,173.39282828745715
DS-2,datalog A (live),2026-09-11 13:02:22,5,-391.43018867895006,294.70003612091904,126.63993393429205
DS-2,datalog A (live),2026-09-11 13:02:22,7,-312.0458221020443,237.55204874646415,104.290037599789
DS-2,datalog A (live),2026-09-11 13:02:22,9,-264.5618448638254,211.17975131972145,93.62512722292534
DS-2,datalog A (live),2026-09-11 13:02:31,1,-772.8867924530059,872.2091463617444,374.6740989601019
DS-2,datalog A (live),2026-09-11 13:02:31,3,-470.7044025156647,406.8793273692516,173.3153928868185
DS-2,datalog A (live),2026-09-11 13:02:31,5,-392.0301886789501,294.738436855135,126.6553268366059
DS-2,datalog A (live),2026-09-11 13:02:31,7,-311.90296495918716,237.55205619575256,104.290037599789
DS-2,datalog A (live),2026-09-11 13:02:31,9,-264.33962264160317,211.23181319925493,93.64597527885086
DS-2,datalog A (live),2026-09-11 13:02:41,1,-772.8867924530059,872.4086187641338,374.7538269450948
DS-2,datalog A (live),2026-09-11 13:02:41,3,-471.037735848998,406.8194251620339,173.29142329759614
DS-2,datalog A (live),2026-09-11 13:02:41,5,-392.0301886789501,294.738436855135,126.6553268366059
DS-2,datalog A (live),2026-09-11 13:02:41,7,-311.90296495918716,237.55205619575256,104.290037599789
DS-2,datalog A (live),2026-09-11 13:02:41,9,-264.5618448638254,211.23180279414657,93.64597527885086
DS-2,datalog A (live),2026-09-11 13:02:50,1,-773.8867924530059,872.4084313872204,374.7538269450948
DS-2,datalog A (live),2026-09-11 13:02:50,3,-471.037735848998,406.85617255756705,173.30613469085975
DS-2,datalog A (live),2026-09-11 13:02:50,5,-392.0301886789501,294.738436855135,126.6553268366059
DS-2,datalog A (live),2026-09-11 13:02:50,7,-311.76010781633005,237.5857127962857,104.30351444403342
DS-2,datalog A (live),2026-09-11 13:02:50,9,-268.8951781971587,210.6889248677908,93.42861872459322
DS-2,datalog A (live),2026-09-11 13:02:59,1,-773.8867924530059,872.4084313872204,374.7538269450948
DS-2,datalog A (live),2026-09-11 13:02:59,3,-470.7044025156647,406.85620144192285,173.30613469085975
DS-2,datalog A (live),2026-09-11 13:02:59,5,-391.63018867895005,294.6222140226223,126.6087749172297
DS-2,datalog A (live),2026-09-11 13:02:59,7,-311.76010781633005,237.75128635365576,104.36982842109155
DS-2,datalog A (live),2026-09-11 13:02:59,9,-268.8951781971587,210.6889248677908,93.42861872459322
DS-2,datalog A (live),2026-09-11 13:03:09,1,-772.8867924530059,872.5133281546558,374.7956786930867
DS-2,datalog A (live),2026-09-11 13:03:09,3,-469.037735848998,406.85634586370173,173.30613469085975
DS-2,datalog A (live),2026-09-11 13:03:09,5,-391.63018867895005,294.5540044379807,126.5814601882294
DS-2,datalog A (live),2026-09-11 13:03:09,7,-311.76010781633005,237.75128635365576,104.36982842109155
DS-2,datalog A (live),2026-09-11 13:03:09,9,-268.8951781971587,210.76515482429807,93.45915095817892
DS-2,datalog A (live),2026-09-11 13:03:18,1,-771.8867924530059,872.3855372221476,374.7445264923812
DS-2,datalog A (live),2026-09-11 13:03:18,3,-470.7044025156647,406.8951362362405,173.32172178279694
DS-2,datalog A (live),2026-09-11 13:03:18,5,-391.63018867895005,294.5540044379807,126.5814601882294
DS-2,datalog A (live),2026-09-11 13:03:18,7,-311.4743935306157,237.93360053877237,104.44284122246977
DS-2,datalog A (live),2026-09-11 13:03:18,9,-264.11740041938094,211.2928243480372,93.6704077625886
DS-2,datalog A (live),2026-09-11 13:03:27,1,-771.8867924530059,872.0657310829336,374.616701822568
DS-2,datalog A (live),2026-09-11 13:03:27,3,-471.037735848998,407.1865299220404,173.43838942716923
DS-2,datalog A (live),2026-09-11 13:03:27,5,-391.23018867895007,294.5540297542728,126.5814601882294
DS-2,datalog A (live),2026-09-11 13:03:27,7,-311.3315363877586,237.5074474638654,104.27215939397108
DS-2,datalog A (live),2026-09-11 13:03:27,9,-264.0062893082698,211.29282955194876,93.6704077625886
DS-2,datalog A (live),2026-09-11 13:03:36,1,-771.8867924530059,871.8931602171556,374.5477262425755
DS-2,datalog A (live),2026-09-11 13:03:36,3,-471.037735848998,407.1865299220404,173.43838942716923
DS-2,datalog A (live),2026-09-11 13:03:36,5,-391.0301886789501,294.84866401701277,126.69944226307436
DS-2,datalog A (live),2026-09-11 13:03:36,7,-311.3315363877586,237.9336079989753,104.44284122246977
DS-2,datalog A (live),2026-09-11 13:03:36,9,-264.0062893082698,211.13342920506938,93.60656351968754
DS-2,datalog A (live),2026-09-11 13:03:45,1,-771.8867924530059,871.8931602171556,374.5477262425755
DS-2,datalog A (live),2026-09-11 13:03:45,3,-470.037735848998,406.98690984804426,173.35843914657576
DS-2,datalog A (live),2026-09-11 13:03:45,5,-391.0301886789501,295.03201835478967,126.7728670386693
DS-2,datalog A (live),2026-09-11 13:03:45,7,-311.3315363877586,237.5074474638654,104.27215939397108
DS-2,datalog A (live),2026-09-11 13:03:45,9,-263.8951781971587,210.65477575792104,93.414847511054
DS-2,datalog A (live),2026-09-11 13:03:55,1,-770.8867924530059,871.9312051779496,374.562857738727
DS-2,datalog A (live),2026-09-11 13:03:55,3,-469.037735848998,406.9869965272638,173.35843914657576
DS-2,datalog A (live),2026-09-11 13:03:55,5,-391.8301886789501,295.0319676456428,126.7728670386693
DS-2,datalog A (live),2026-09-11 13:03:55,7,-311.4743935306157,237.94817675038703,104.44867915047384
DS-2,datalog A (live),2026-09-11 13:03:55,9,-268.78406708604757,210.65454741051602,93.414847511054
DS-2,datalog A (live),2026-09-11 13:04:04,1,-770.8867924530059,872.2936801283554,374.7077368573877
DS-2,datalog A (live),2026-09-11 13:04:04,3,-470.037735848998,406.98690984804426,173.35843914657576
DS-2,datalog A (live),2026-09-11 13:04:04,5,-391.8301886789501,294.78254627039786,126.67298551057728
DS-2,datalog A (live),2026-09-11 13:04:04,7,-311.18867924490144,237.79786652939194,104.38847233332838
DS-2,datalog A (live),2026-09-11 13:04:04,9,-264.78406708604757,210.70867668098947,93.43645295229416
DS-2,datalog A (live),2026-09-11 13:04:13,1,-770.8867924530059,872.2936801283554,374.7077368573877
DS-2,datalog A (live),2026-09-11 13:04:13,3,-469.3710691823314,406.966024632593,173.350054861775
DS-2,datalog A (live),2026-09-11 13:04:13,5,-391.63018867895005,294.7825589376964,126.67298551057728
DS-2,datalog A (live),2026-09-11 13:04:13,7,-311.18867924490144,237.94819167162692,104.44867915047384
DS-2,datalog A (live),2026-09-11 13:04:13,9,-264.78406708604757,210.7280724357148,93.44422148914528
DS-2,datalog A (live),2026-09-11 13:04:22,1,-770.8867924530059,872.2936801283554,374.7077368573877
DS-2,datalog A (live),2026-09-11 13:04:22,3,-469.3710691823314,406.966024632593,173.350054861775
DS-2,datalog A (live),2026-09-11 13:04:22,5,-386.8301886789501,295.00315904667735,126.76120364518184
DS-2,datalog A (live),2026-09-11 13:04:22,7,-311.18867924490144,237.81051667806886,104.39353885232136
DS-2,datalog A (live),2026-09-11 13:04:22,9,-264.0062893082698,210.76474829330186,93.4588966284625
DS-2,datalog A (live),2026-09-11 13:04:32,1,-770.8867924530059,872.1535807496998,374.6517399547554
DS-2,datalog A (live),2026-09-11 13:04:32,3,-467.7044025156647,406.9661690909721,173.350054861775
DS-2,datalog A (live),2026-09-11 13:04:32,5,-386.8301886789501,295.00315904667735,126.76120364518184
DS-2,datalog A (live),2026-09-11 13:04:32,7,-311.18867924490144,237.81051667806886,104.39353885232136
DS-2,datalog A (live),2026-09-11 13:04:32,9,-263.8951781971587,210.76475348546282,93.4588966284625
DS-2,datalog A (live),2026-09-11 13:04:41,1,-770.8867924530059,872.3013252920402,374.7107925846192
DS-2,datalog A (live),2026-09-11 13:04:41,3,-467.7044025156647,407.03710252152547,173.3784522184038
DS-2,datalog A (live),2026-09-11 13:04:41,5,-391.8301886789501,294.9635819022931,126.74548176529898
DS-2,datalog A (live),2026-09-11 13:04:41,7,-311.0458221020443,237.30757644799732,104.1921029641287
DS-2,datalog A (live),2026-09-11 13:04:41,9,-263.8951781971587,210.71072454276162,93.43725654465918
DS-2,datalog A (live),2026-09-11 13:04:55,1,-769.8867924530059,871.9126240966774,374.5553561353738
DS-2,datalog A (live),2026-09-11 13:04:55,3,-467.7044025156647,407.03710252152547,173.3784522184038
DS-2,datalog A (live),2026-09-11 13:04:55,5,-391.8301886789501,294.5159656622328,126.566232516865
DS-2,datalog A (live),2026-09-11 13:04:55,7,-311.0458221020443,237.24287686577398,104.16619009455174
DS-2,datalog A (live),2026-09-11 13:04:55,9,-263.8951781971587,210.64539082708094,93.4110885870456
DS-2,datalog A (live),2026-09-11 13:05:00,1,-769.8867924530059,871.861300291673,374.53484231465046
DS-2,datalog A (live),2026-09-11 13:05:00,3,-468.7044025156647,407.0370158322994,173.3784522184038
DS-2,datalog A (live),2026-09-11 13:05:00,5,-391.8301886789501,294.5159656622328,126.566232516865
DS-2,datalog A (live),2026-09-11 13:05:00,7,-311.0458221020443,236.99436269652713,104.0666575313663
DS-2,datalog A (live),2026-09-11 13:05:00,9,-263.6729559749365,210.53013519914913,93.36492136973246
DS-2,datalog A (live),2026-09-11 13:05:10,1,-769.8867924530059,870.7691867385812,374.09833099917455
DS-2,datalog A (live),2026-09-11 13:05:10,3,-467.7044025156647,407.00316065425136,173.36486399488055
DS-2,datalog A (live),2026-09-11 13:05:10,5,-391.0301886789501,294.51057251071694,126.56405254019504
DS-2,datalog A (live),2026-09-11 13:05:10,7,-310.90296495918716,236.99437012985982,104.0666575313663
DS-2,datalog A (live),2026-09-11 13:05:10,9,-263.5618448638254,210.48986484339648,93.3487899035712
DS-2,datalog A (live),2026-09-11 13:05:18,1,-769.8867924530059,870.7691867385812,374.09833099917455
DS-2,datalog A (live),2026-09-11 13:05:18,3,-468.7044025156647,406.6781399213051,173.23478048012157
DS-2,datalog A (live),2026-09-11 13:05:18,5,-390.8301886789501,294.7467390065468,126.65862102535613
DS-2,datalog A (live),2026-09-11 13:05:18,7,-310.90296495918716,237.32007232069503,104.19710471294864
DS-2,datalog A (live),2026-09-11 13:05:18,9,-263.5618448638254,210.48986484339648,93.3487899035712
DS-2,datalog A (live),2026-09-11 13:05:27,1,-768.8867924530059,870.7888094710121,374.1060993250504
DS-2,datalog A (live),2026-09-11 13:05:27,3,-468.3710691823314,406.65872077290675,173.22699469486452
DS-2,datalog A (live),2026-09-11 13:05:27,5,-390.43018867895006,294.6809485634244,126.63226491086895
DS-2,datalog A (live),2026-09-11 13:05:27,7,-310.90296495918716,237.32007232069503,104.19710471294864
DS-2,datalog A (live),2026-09-11 13:05:27,9,-263.6729559749365,210.34424391961593,93.29046678137178
DS-2,datalog A (live),2026-09-11 13:05:37,1,-769.8867924530059,871.062476229519,374.2155570707145
DS-2,datalog A (live),2026-09-11 13:05:37,3,-468.7044025156647,406.65869190174095,173.22699469486452
DS-2,datalog A (live),2026-09-11 13:05:37,5,-390.43018867895006,294.6809485634244,126.63226491086895
DS-2,datalog A (live),2026-09-11 13:05:37,7,-310.90296495918716,237.32007232069503,104.19710471294864
DS-2,datalog A (live),2026-09-11 13:05:37,9,-264.33962264160317,210.75728161200033,93.45591225492127
DS-2,datalog A (live),2026-09-11 13:05:46,1,-768.8867924530059,870.7888094710121,374.1060993250504
DS-2,datalog A (live),2026-09-11 13:05:46,3,-470.3710691823314,406.9756269402455,173.35393373301034
DS-2,datalog A (live),2026-09-11 13:05:46,5,-390.63018867895005,294.62823029652316,126.61115880092144
DS-2,datalog A (live),2026-09-11 13:05:46,7,-310.90296495918716,237.6446264681599,104.3270920909859
DS-2,datalog A (live),2026-09-11 13:05:46,9,-264.33962264160317,210.42216692894416,93.3216895567162
DS-2,datalog A (live),2026-09-11 13:05:55,1,-770.8867924530059,871.0622891217405,374.2155570707145
DS-2,datalog A (live),2026-09-11 13:05:55,3,-470.3710691823314,406.9756269402455,173.35393373301034
DS-2,datalog A (live),2026-09-11 13:05:55,5,-391.0301886789501,294.56019385977345,126.58392355313843
DS-2,datalog A (live),2026-09-11 13:05:55,7,-310.90296495918716,237.6446264681599,104.3270920909859
DS-2,datalog A (live),2026-09-11 13:05:55,9,-263.33962264160317,210.74013246328445,93.4490248321392
DS-2,datalog A (live),2026-09-11 13:06:04,1,-768.8867924530059,871.3329735721395,374.32359844817273
DS-2,datalog A (live),2026-09-11 13:06:04,3,-469.7044025156647,406.9756847248901,173.35393373301034
DS-2,datalog A (live),2026-09-11 13:06:04,5,-391.0301886789501,294.56019385977345,126.58392355313843
DS-2,datalog A (live),2026-09-11 13:06:04,7,-310.90296495918716,237.6446264681599,104.3270920909859
DS-2,datalog A (live),2026-09-11 13:06:04,9,-263.33962264160317,210.74004917594849,93.4489914732645
DS-2,datalog A (live),2026-09-11 13:06:13,1,-768.8867924530059,871.3329735721395,374.32359844817273
DS-2,datalog A (live),2026-09-11 13:06:13,3,-469.037735848998,407.0743870613663,173.39342491852926
DS-2,datalog A (live),2026-09-11 13:06:13,5,-391.0301886789501,294.56019385977345,126.58392355313843
DS-2,datalog A (live),2026-09-11 13:06:13,7,-310.90296495918716,237.40914984074624,104.23278120441844
DS-2,datalog A (live),2026-09-11 13:06:13,9,-263.6729559749365,210.74003360111658,93.4489914732645
DS-2,datalog A (live),2026-09-11 13:06:23,1,-768.8867924530059,871.3329735721395,374.32359844817273
DS-2,datalog A (live),2026-09-11 13:06:23,3,-469.7044025156647,407.07432926355796,173.39342491852926
DS-2,datalog A (live),2026-09-11 13:06:23,5,-390.8301886789501,294.42506440369556,126.5298055041664
DS-2,datalog A (live),2026-09-11 13:06:23,7,-310.90296495918716,237.40914984074624,104.23278120441844
DS-2,datalog A (live),2026-09-11 13:06:23,9,-268.11740041938094,210.53486258558902,93.36689792075136
DS-2,datalog A (live),2026-09-11 13:06:32,1,-769.8867924530059,871.49014555934,374.3864939675421
DS-2,datalog A (live),2026-09-11 13:06:32,3,-469.7044025156647,407.20792773430793,173.4469095013017
DS-2,datalog A (live),2026-09-11 13:06:32,5,-390.8301886789501,294.60222425017275,126.60074967493888
DS-2,datalog A (live),2026-09-11 13:06:32,7,-310.90296495918716,237.40914984074624,104.23278120441844
DS-2,datalog A (live),2026-09-11 13:06:32,9,-268.11740041938094,210.53486258558902,93.36689792075136
DS-2,datalog A (live),2026-09-11 13:06:41,1,-769.8867924530059,871.49014555934,374.3864939675421
DS-2,datalog A (live),2026-09-11 13:06:41,3,-469.7044025156647,407.0605537064268,173.3879100356007
DS-2,datalog A (live),2026-09-11 13:06:41,5,-390.43018867895006,294.5540056300944,126.58143025167098
DS-2,datalog A (live),2026-09-11 13:06:41,7,-310.76010781633005,237.16867539422398,104.13646565916925
DS-2,datalog A (live),2026-09-11 13:06:41,9,-263.8951781971587,210.66656365505952,93.41956888943358
DS-2,datalog A (live),2026-09-11 13:06:50,1,-769.8867924530059,871.49014555934,374.3864939675421
DS-2,datalog A (live),2026-09-11 13:06:50,3,-469.7044025156647,406.86621247979747,173.31010780206165
DS-2,datalog A (live),2026-09-11 13:06:50,5,-390.43018867895006,294.5975203849283,126.59885585917851
DS-2,datalog A (live),2026-09-11 13:06:50,7,-310.6172506734729,237.78815211449935,104.38456966202334
DS-2,datalog A (live),2026-09-11 13:06:50,9,-263.45073375271426,211.05234602765887,93.57407705610228
DS-2,datalog A (live),2026-09-11 13:07:00,1,-769.8867924530059,871.2564240765081,374.2930768758513
DS-2,datalog A (live),2026-09-11 13:07:00,3,-469.3710691823314,406.8662413648154,173.31010780206165
DS-2,datalog A (live),2026-09-11 13:07:00,5,-390.63018867895005,294.55399297195146,126.58143025167098
DS-2,datalog A (live),2026-09-11 13:07:00,7,-310.6172506734729,237.28413932159074,104.18270720483196
DS-2,datalog A (live),2026-09-11 13:07:00,9,-263.8951781971587,211.05232523341948,93.57407705610228
DS-2,datalog A (live),2026-09-11 13:07:09,1,-769.8867924530059,871.290346925792,374.3066356376886
DS-2,datalog A (live),2026-09-11 13:07:09,3,-469.3710691823314,407.126821591588,173.41442803641402
DS-2,datalog A (live),2026-09-11 13:07:09,5,-390.63018867895005,294.5975077250427,126.59885585917851
DS-2,datalog A (live),2026-09-11 13:07:09,7,-310.6172506734729,237.66789359413679,104.33640485200236
DS-2,datalog A (live),2026-09-11 13:07:09,9,-263.33962264160317,210.3584562641638,93.29615298970008
DS-2,datalog A (live),2026-09-11 13:07:18,1,-769.8867924530059,871.290346925792,374.3066356376886
DS-2,datalog A (live),2026-09-11 13:07:18,3,-469.7044025156647,407.12679268918333,173.41442803641402
DS-2,datalog A (live),2026-09-11 13:07:18,5,-390.43018867895006,294.5093468504016,126.56354651615034
DS-2,datalog A (live),2026-09-11 13:07:18,7,-310.6172506734729,237.28413932159074,104.18270720483196
DS-2,datalog A (live),2026-09-11 13:07:18,9,-264.6729559749365,210.3583940667285,93.29615298970008
DS-2,datalog A (live),2026-09-11 13:07:27,1,-769.8867924530059,871.290346925792,374.3066356376886
DS-2,datalog A (live),2026-09-11 13:07:27,3,-469.7044025156647,407.05980346013104,173.38760968328472
DS-2,datalog A (live),2026-09-11 13:07:27,5,-390.43018867895006,294.6919535381174,126.63667188432804
DS-2,datalog A (live),2026-09-11 13:07:27,7,-310.6172506734729,237.4935238167171,104.26656791090664
DS-2,datalog A (live),2026-09-11 13:07:27,9,-264.6729559749365,210.39137619793098,93.30936324625374
DS-2,datalog A (live),2026-09-11 13:07:37,1,-770.8867924530059,871.106740287219,374.23332394169626
DS-2,datalog A (live),2026-09-11 13:07:37,3,-469.3710691823314,407.01400623411183,173.3692637325978
DS-2,datalog A (live),2026-09-11 13:07:37,5,-390.43018867895006,294.46998250500934,126.54778295192448
DS-2,datalog A (live),2026-09-11 13:07:37,7,-310.6172506734729,237.33237031993713,104.2020242300662
DS-2,datalog A (live),2026-09-11 13:07:37,9,-264.6729559749365,210.95531680199892,93.5352370691134
DS-2,datalog A (live),2026-09-11 13:07:46,1,-770.8867924530059,871.106740287219,374.23332394169626
DS-2,datalog A (live),2026-09-11 13:07:46,3,-469.037735848998,407.0140351289892,173.3692637325978
DS-2,datalog A (live),2026-09-11 13:07:46,5,-390.63018867895005,294.79744724011186,126.67892221064172
DS-2,datalog A (live),2026-09-11 13:07:46,7,-310.4743935306157,237.33237776293888,104.2020242300662
DS-2,datalog A (live),2026-09-11 13:07:46,9,-263.228511530492,210.95538435522568,93.5352370691134
DS-2,datalog A (live),2026-09-11 13:07:55,1,-770.8867924530059,871.3729266623899,374.3397170797354
DS-2,datalog A (live),2026-09-11 13:07:55,3,-469.3710691823314,407.1612709353739,173.42821942673376
DS-2,datalog A (live),2026-09-11 13:07:55,5,-390.63018867895005,294.79744724011186,126.67892221064172
DS-2,datalog A (live),2026-09-11 13:07:55,7,-310.4743935306157,237.27856299954075,104.18047084845608
DS-2,datalog A (live),2026-09-11 13:07:55,9,-263.228511530492,210.95538435522568,93.5352370691134
DS-2,datalog A (live),2026-09-11 13:08:04,1,-769.8867924530059,871.7633448868924,374.49569011982805
DS-2,datalog A (live),2026-09-11 13:08:04,3,-469.3710691823314,407.1612709353739,173.42821942673376
DS-2,datalog A (live),2026-09-11 13:08:04,5,-390.63018867895005,294.79744724011186,126.67892221064172
DS-2,datalog A (live),2026-09-11 13:08:04,7,-310.3315363877586,236.9928734715023,104.06604619537735
DS-2,datalog A (live),2026-09-11 13:08:04,9,-263.228511530492,210.78534703434326,93.4671324348496
DS-2,datalog A (live),2026-09-11 13:08:14,1,-769.8867924530059,871.7633448868924,374.49569011982805
DS-2,datalog A (live),2026-09-11 13:08:14,3,-469.3710691823314,406.9067620750424,173.326329792653
DS-2,datalog A (live),2026-09-11 13:08:14,5,-390.43018867895006,294.5106847055505,126.56408226405507
DS-2,datalog A (live),2026-09-11 13:08:14,7,-310.4743935306157,236.9928660382133,104.06604619537735
DS-2,datalog A (live),2026-09-11 13:08:14,9,-263.8951781971587,210.78531587863242,93.4671324348496
DS-2,datalog A (live),2026-09-11 13:08:23,1,-769.8867924530059,871.639025745936,374.4460004958837
DS-2,datalog A (live),2026-09-11 13:08:23,3,-469.3710691823314,406.9067620750424,173.326329792653
DS-2,datalog A (live),2026-09-11 13:08:23,5,-390.43018867895006,294.5106847055505,126.56408226405507
DS-2,datalog A (live),2026-09-11 13:08:23,7,-310.3315363877586,237.22999393182462,104.1610154435905
DS-2,datalog A (live),2026-09-11 13:08:23,9,-263.8951781971587,210.86777028422367,93.500157701637
DS-2,datalog A (live),2026-09-11 13:08:32,1,-771.8867924530059,871.6386512999355,374.4460004958837
DS-2,datalog A (live),2026-09-11 13:08:32,3,-467.037735848998,406.98009758817904,173.3556078366193
DS-2,datalog A (live),2026-09-11 13:08:32,5,-390.43018867895006,294.5311179128861,126.57226480012844
DS-2,datalog A (live),2026-09-11 13:08:32,7,-310.3315363877586,237.64782754731564,104.32836221867444
DS-2,datalog A (live),2026-09-11 13:08:32,9,-263.11740041938094,210.89736056930985,93.5119948625848
DS-2,datalog A (live),2026-09-11 13:08:42,1,-771.8867924530059,870.8013465676393,374.1113346223584
DS-2,datalog A (live),2026-09-11 13:08:42,3,-467.037735848998,406.98009758817904,173.3556078366193
DS-2,datalog A (live),2026-09-11 13:08:42,5,-390.43018867895006,294.55571438757835,126.58211452847212
DS-2,datalog A (live),2026-09-11 13:08:42,7,-310.0458221020443,237.64784245136738,104.32836221867444
DS-2,datalog A (live),2026-09-11 13:08:42,9,-263.0062893082698,210.953521262658,93.53448668661088
DS-2,datalog A (live),2026-09-11 13:08:51,1,-772.8867924530059,871.8906526185506,374.54679882197
DS-2,datalog A (live),2026-09-11 13:08:51,3,-467.037735848998,406.6436033779219,173.22089639319287
DS-2,datalog A (live),2026-09-11 13:08:51,5,-390.63018867895005,294.72384755304415,126.649449005156
DS-2,datalog A (live),2026-09-11 13:08:51,7,-310.18867924490144,237.28697998033752,104.18383597727896
DS-2,datalog A (live),2026-09-11 13:08:51,9,-263.0062893082698,210.98553420318703,93.54730875119115
DS-2,datalog A (live),2026-09-11 13:09:00,1,-771.8867924530059,871.6941746087117,374.4681928422492
DS-2,datalog A (live),2026-09-11 13:09:00,3,-467.037735848998,406.6436033779219,173.22089639319287
DS-2,datalog A (live),2026-09-11 13:09:00,5,-390.43018867895006,295.10694205788377,126.80285521899674
DS-2,datalog A (live),2026-09-11 13:09:00,7,-310.0458221020443,237.19512986272113,104.14704605691432
DS-2,datalog A (live),2026-09-11 13:09:00,9,-263.0062893082698,210.98553420318703,93.54730875119115
DS-2,datalog A (live),2026-09-11 13:09:09,1,-769.8867924530059,871.6945490769045,374.4681928422492
DS-2,datalog A (live),2026-09-11 13:09:09,3,-466.7044025156647,406.82228154567633,173.29241650381627
DS-2,datalog A (live),2026-09-11 13:09:09,5,-390.0301886789501,295.1069674184548,126.80285521899674
DS-2,datalog A (live),2026-09-11 13:09:09,7,-309.90296495918716,237.16430507574293,104.13469742586956
DS-2,datalog A (live),2026-09-11 13:09:09,9,-263.8951781971587,210.98549262660538,93.54730875119115
DS-2,datalog A (live),2026-09-11 13:09:19,1,-769.8867924530059,871.2876109622352,374.3055420892678
DS-2,datalog A (live),2026-09-11 13:09:19,3,-467.3710691823314,406.89722240781043,173.32244131127615
DS-2,datalog A (live),2026-09-11 13:09:19,5,-389.63018867895005,294.7003629916734,126.64001918861292
DS-2,datalog A (live),2026-09-11 13:09:19,7,-309.90296495918716,237.19513730179582,104.14704605691432
DS-2,datalog A (live),2026-09-11 13:09:19,9,-263.8951781971587,210.70276688740728,93.43406928390344
DS-2,datalog A (live),2026-09-11 13:09:28,1,-769.8867924530059,871.2295071848408,374.2823183537572
DS-2,datalog A (live),2026-09-11 13:09:28,3,-466.7044025156647,406.85464893984005,173.30537440313194
DS-2,datalog A (live),2026-09-11 13:09:28,5,-390.0301886789501,294.70033766366953,126.64001918861292
DS-2,datalog A (live),2026-09-11 13:09:28,7,-309.90296495918716,237.33569180939412,104.2033396165499
DS-2,datalog A (live),2026-09-11 13:09:28,9,-263.8951781971587,210.94194754276816,93.52986774242164
DS-2,datalog A (live),2026-09-11 13:09:37,1,-769.8867924530059,870.281795826127,373.9035237396693
DS-2,datalog A (live),2026-09-11 13:09:37,3,-466.3710691823314,406.89730906903105,173.32244131127615
DS-2,datalog A (live),2026-09-11 13:09:37,5,-390.0301886789501,294.70033766366953,126.64001918861292
DS-2,datalog A (live),2026-09-11 13:09:37,7,-309.90296495918716,237.35395129003385,104.21065273072796
DS-2,datalog A (live),2026-09-11 13:09:37,9,-263.11740041938094,210.94198391549452,93.52986774242164
DS-2,datalog A (live),2026-09-11 13:09:46,1,-769.8867924530059,870.281795826127,373.9035237396693
DS-2,datalog A (live),2026-09-11 13:09:46,3,-466.3710691823314,406.9400060307508,173.339534528337
DS-2,datalog A (live),2026-09-11 13:09:46,5,-390.43018867895006,294.7581039985097,126.66316202459517
DS-2,datalog A (live),2026-09-11 13:09:46,7,-309.76010781633005,237.35395873365192,104.21065273072796
DS-2,datalog A (live),2026-09-11 13:09:46,9,-263.11740041938094,210.98893886936878,93.5486744953905
DS-2,datalog A (live),2026-09-11 13:09:56,1,-769.8867924530059,870.4500105452862,373.970758166103
DS-2,datalog A (live),2026-09-11 13:09:56,3,-468.037735848998,406.9398615811387,173.339534528337
DS-2,datalog A (live),2026-09-11 13:09:56,5,-390.43018867895006,294.6476912790255,126.61894693661137
DS-2,datalog A (live),2026-09-11 13:09:56,7,-310.0458221020443,237.25867024942767,104.17249465128371
DS-2,datalog A (live),2026-09-11 13:09:56,9,-262.8951781971587,210.98894926366597,93.5486744953905
DS-2,datalog A (live),2026-09-11 13:10:05,1,-769.8867924530059,870.4500105452862,373.970758166103
DS-2,datalog A (live),2026-09-11 13:10:05,3,-469.3710691823314,406.90812633457284,173.32687595793846
DS-2,datalog A (live),2026-09-11 13:10:05,5,-390.0301886789501,294.7581293311421,126.66316202459517
DS-2,datalog A (live),2026-09-11 13:10:05,7,-309.76010781633005,237.05881895631086,104.09244614692516
DS-2,datalog A (live),2026-09-11 13:10:05,9,-262.8951781971587,210.90317872478704,93.51432103251128
DS-2,datalog A (live),2026-09-11 13:10:23,1,-768.8867924530059,870.1271063353723,373.8416205557403
DS-2,datalog A (live),2026-09-11 13:10:23,3,-470.7044025156647,406.9080107833222,173.32687595793846
DS-2,datalog A (live),2026-09-11 13:10:23,5,-390.0301886789501,294.6222871070183,126.60876362340952
DS-2,datalog A (live),2026-09-11 13:10:23,7,-309.76010781633005,237.10227147177062,104.1098493362086
DS-2,datalog A (live),2026-09-11 13:10:23,9,-267.33962264160317,210.76026994906698,93.45716531482825
DS-2,datalog A (live),2026-09-11 13:10:33,1,-768.8867924530059,870.0231644177743,373.8000755955226
DS-2,datalog A (live),2026-09-11 13:10:33,3,-469.3710691823314,406.96390073718135,173.3492045851833
DS-2,datalog A (live),2026-09-11 13:10:33,5,-389.63018867895005,294.58807572400343,126.59505343967191
DS-2,datalog A (live),2026-09-11 13:10:33,7,-309.76010781633005,237.3089839496839,104.19263985690247
DS-2,datalog A (live),2026-09-11 13:10:33,9,-267.33962264160317,210.81329345270137,93.47840270716512
DS-2,datalog A (live),2026-09-11 13:10:42,1,-768.8867924530059,870.0231644177743,373.8000755955226
DS-2,datalog A (live),2026-09-11 13:10:42,3,-470.3710691823314,407.09563458930944,173.40197739593694
DS-2,datalog A (live),2026-09-11 13:10:42,5,-389.63018867895005,294.622312428771,126.60876362340952
DS-2,datalog A (live),2026-09-11 13:10:42,7,-309.76010781633005,237.34378635804097,104.20657858734764
DS-2,datalog A (live),2026-09-11 13:10:42,9,-262.5618448638254,211.55957205592517,93.77721837816702
DS-2,datalog A (live),2026-09-11 13:10:53,1,-768.8867924530059,870.0971486230314,373.82964663803534
DS-2,datalog A (live),2026-09-11 13:10:53,3,-469.3710691823314,406.97370347134716,173.35312899471404
DS-2,datalog A (live),2026-09-11 13:10:53,5,-389.23018867895007,294.5374255251885,126.57476028910568
DS-2,datalog A (live),2026-09-11 13:10:53,7,-309.76010781633005,237.84138254635633,104.40587109228872
DS-2,datalog A (live),2026-09-11 13:10:53,9,-262.5618448638254,211.55957205592517,93.77721837816702
DS-2,datalog A (live),2026-09-11 13:11:01,1,-768.8867924530059,870.0971486230314,373.82964663803534
DS-2,datalog A (live),2026-09-11 13:11:01,3,-468.037735848998,406.97381904009984,173.35312899471404
DS-2,datalog A (live),2026-09-11 13:11:01,5,-389.23018867895007,294.6664954667366,126.62644670238376
DS-2,datalog A (live),2026-09-11 13:11:01,7,-309.76010781633005,237.84138254635633,104.40587109228872
DS-2,datalog A (live),2026-09-11 13:11:01,9,-262.45073375271426,211.47478273327434,93.7432558357454
DS-2,datalog A (live),2026-09-11 13:11:28,1,-768.8867924530059,869.6204937111519,373.639130532414
DS-2,datalog A (live),2026-09-11 13:11:28,3,-467.7044025156647,406.88700465681853,173.31836232059328
DS-2,datalog A (live),2026-09-11 13:11:28,5,-389.0301886789501,294.6835512297205,126.63327165854189
DS-2,datalog A (live),2026-09-11 13:11:28,7,-309.6172506734729,237.22808792833817,104.16023717004114
DS-2,datalog A (live),2026-09-11 13:11:28,9,-267.0062893082698,210.6942023387583,93.43069715695955
DS-2,datalog A (live),2026-09-11 13:11:28,1,-768.8867924530059,869.3516484077022,373.5316746792353
DS-2,datalog A (live),2026-09-11 13:11:28,3,-467.7044025156647,407.0439793325934,173.38120526805668
DS-2,datalog A (live),2026-09-11 13:11:28,5,-389.0301886789501,294.55204884588795,126.58061116916598
DS-2,datalog A (live),2026-09-11 13:11:28,7,-309.4743935306157,237.6115866266412,104.31382944206553
DS-2,datalog A (live),2026-09-11 13:11:28,9,-267.0062893082698,210.7528309023887,93.45417953061472
DS-2,datalog A (live),2026-09-11 13:11:47,1,-768.8867924530059,869.175976821401,373.46145980122543
DS-2,datalog A (live),2026-09-11 13:11:47,3,-467.3710691823314,406.98664313091837,173.3582398335647
DS-2,datalog A (live),2026-09-11 13:11:47,5,-389.0301886789501,294.66257052971014,126.62486987982278
DS-2,datalog A (live),2026-09-11 13:11:47,7,-309.6172506734729,237.8508606580427,104.40966418872748
DS-2,datalog A (live),2026-09-11 13:11:47,9,-262.78406708604757,211.1645611743454,93.61900981867564
DS-2,datalog A (live),2026-09-11 13:11:57,1,-768.8867924530059,869.175976821401,373.46145980122543
DS-2,datalog A (live),2026-09-11 13:11:57,3,-467.3710691823314,406.891092312004,173.31998720037512
DS-2,datalog A (live),2026-09-11 13:11:57,5,-388.8301886789501,294.66258319219713,126.62486987982278
DS-2,datalog A (live),2026-09-11 13:11:57,7,-309.6172506734729,237.8508606580427,104.40966418872748
DS-2,datalog A (live),2026-09-11 13:11:57,9,-262.5618448638254,211.16457157645758,93.61900981867564
DS-2,datalog A (live),2026-09-11 13:12:05,1,-768.8867924530059,869.0419569916024,373.4078928801408
DS-2,datalog A (live),2026-09-11 13:12:05,3,-466.3710691823314,406.89117897199753,173.31998720037512
DS-2,datalog A (live),2026-09-11 13:12:05,5,-388.8301886789501,294.58900803974035,126.59540650991111
DS-2,datalog A (live),2026-09-11 13:12:05,7,-309.6172506734729,237.97306093281466,104.4586066821367
DS-2,datalog A (live),2026-09-11 13:12:05,9,-262.45073375271426,210.6868802362385,93.4276792155094
DS-2,datalog A (live),2026-09-11 13:12:23,1,-769.8867924530059,869.6358150552891,373.6453290535469
DS-2,datalog A (live),2026-09-11 13:12:23,3,-466.3710691823314,406.9303909313828,173.33568523850607
DS-2,datalog A (live),2026-09-11 13:12:23,5,-388.8301886789501,294.47733410873536,126.55068638050844
DS-2,datalog A (live),2026-09-11 13:12:23,7,-309.6172506734729,237.97306093281466,104.4586066821367
DS-2,datalog A (live),2026-09-11 13:12:23,9,-262.45073375271426,210.6868802362385,93.4276792155094
DS-2,datalog A (live),2026-09-11 13:12:31,1,-767.8867924530059,868.6608727790349,373.2555012150723
DS-2,datalog A (live),2026-09-11 13:12:31,3,-502.037735848998,426.4283419696221,181.142749570066
DS-2,datalog A (live),2026-09-11 13:12:31,5,-388.8301886789501,294.47733410873536,126.55068638050844
DS-2,datalog A (live),2026-09-11 13:12:31,7,-309.3315363877586,237.87786475542995,104.4204736388321
DS-2,datalog A (live),2026-09-11 13:12:31,9,-263.11740041938094,210.6868490936788,93.4276792155094
DS-2,datalog A (live),2026-09-11 13:12:41,1,-767.8867924530059,868.9732591953992,373.38036016463445
DS-2,datalog A (live),2026-09-11 13:12:41,3,-502.037735848998,426.4283419696221,181.142749570066
DS-2,datalog A (live),2026-09-11 13:12:41,5,-388.8301886789501,294.40948649993305,126.52351662103102
DS-2,datalog A (live),2026-09-11 13:12:41,7,-309.6172506734729,237.86694739200772,104.41610709462542
DS-2,datalog A (live),2026-09-11 13:12:41,9,-263.11740041938094,210.71241685315113,93.43791980775131
DS-2,datalog A (live),2026-09-11 13:12:43,1,-767.8867924530059,868.9732591953992,373.38036016463445
DS-2,datalog A (live),2026-09-11 13:12:43,3,-503.037735848998,426.3179748409391,181.09860134757324
DS-2,datalog A (live),2026-09-11 13:12:43,5,-388.8301886789501,294.4442823348022,126.5374507077424
DS-2,datalog A (live),2026-09-11 13:12:43,7,-309.3315363877586,237.5764152019863,104.29973993372364
DS-2,datalog A (live),2026-09-11 13:12:43,9,-266.78406708604757,210.51139926247959,93.35747527566888
DS-2,datalog A (live),2026-09-11 13:13:01,1,-768.8867924530059,869.2292105105639,373.4827369870771
DS-2,datalog A (live),2026-09-11 13:13:01,3,-465.7044025156647,406.89834689134364,173.32283366176463
DS-2,datalog A (live),2026-09-11 13:13:01,5,-388.8301886789501,294.46307844526876,126.54497766130056
DS-2,datalog A (live),2026-09-11 13:13:01,7,-309.3315363877586,237.5283637971763,104.2804948425563
DS-2,datalog A (live),2026-09-11 13:13:01,9,-262.11740041938094,211.09239768259206,93.59009385840513
DS-2,datalog A (live),2026-09-11 13:13:10,1,-768.8867924530059,868.9249984719365,373.36114526225066
DS-2,datalog A (live),2026-09-11 13:13:10,3,-465.7044025156647,406.89834689134364,173.32283366176463
DS-2,datalog A (live),2026-09-11 13:13:10,5,-388.8301886789501,294.5277622827715,126.5708804799562
DS-2,datalog A (live),2026-09-11 13:13:10,7,-309.3315363877586,237.5283637971763,104.2804948425563
DS-2,datalog A (live),2026-09-11 13:13:10,9,-262.11740041938094,211.09239768259206,93.59009385840513
DS-2,datalog A (live),2026-09-11 13:13:19,1,-768.8867924530059,869.3676813619143,373.5380829547444
DS-2,datalog A (live),2026-09-11 13:13:19,3,-502.7044025156647,425.9785850146796,180.96271762525143
DS-2,datalog A (live),2026-09-11 13:13:19,5,-388.8301886789501,294.6314582458185,126.61240581039156
DS-2,datalog A (live),2026-09-11 13:13:19,7,-309.3315363877586,237.63165492698084,104.32186402245284
DS-2,datalog A (live),2026-09-11 13:13:19,9,-266.8951781971587,210.34333103925522,93.29016134721546
DS-2,datalog A (live),2026-09-11 13:13:39,1,-767.8867924530059,869.0760474253377,373.4214439946129
DS-2,datalog A (live),2026-09-11 13:13:39,3,-502.7044025156647,426.1175469992335,181.01834979542912
DS-2,datalog A (live),2026-09-11 13:13:39,5,-388.8301886789501,294.6465496669376,126.61844921102448
DS-2,datalog A (live),2026-09-11 13:13:39,7,-309.4743935306157,237.92098012646989,104.43774478449244
DS-2,datalog A (live),2026-09-11 13:13:39,9,-262.6729559749365,210.74546857175622,93.45114961413748
DS-2,datalog A (live),2026-09-11 13:14:04,1,-767.8867924530059,868.6503375509685,373.2512903485274
DS-2,datalog A (live),2026-09-11 13:14:04,3,-502.7044025156647,426.1358135553971,181.02566264551768
DS-2,datalog A (live),2026-09-11 13:14:04,5,-388.8301886789501,294.5870634232934,126.59462778296596
DS-2,datalog A (live),2026-09-11 13:14:04,7,-309.4743935306157,237.7463432696889,104.36780089129378
DS-2,datalog A (live),2026-09-11 13:14:04,9,-262.5618448638254,211.16160172336248,93.61782031080284
DS-2,datalog A (live),2026-09-11 13:14:06,1,-767.8867924530059,868.6503375509685,373.2512903485274
DS-2,datalog A (live),2026-09-11 13:14:06,3,-502.7044025156647,426.15004929592465,181.0313617951245
DS-2,datalog A (live),2026-09-11 13:14:06,5,-388.8301886789501,294.53681430944755,126.5745053886584
DS-2,datalog A (live),2026-09-11 13:14:06,7,-309.4743935306157,237.7463432696889,104.36780089129378
DS-2,datalog A (live),2026-09-11 13:14:06,9,-262.45073375271426,211.0079208146568,93.55626479694494
DS-2,datalog A (live),2026-09-11 13:14:15,1,-767.8867924530059,868.5000124589444,373.1912063240636
DS-2,datalog A (live),2026-09-11 13:14:15,3,-502.7044025156647,426.1358135553971,181.02566264551768
DS-2,datalog A (live),2026-09-11 13:14:15,5,-388.8301886789501,294.6871109270877,126.63469207797046
DS-2,datalog A (live),2026-09-11 13:14:15,7,-309.3315363877586,237.42483966703782,104.23903234358436
DS-2,datalog A (live),2026-09-11 13:14:15,9,-262.45073375271426,210.4318962546436,93.32555111789736
DS-2,datalog A (live),2026-09-11 13:15:01,1,-768.8867924530059,868.8946138598891,373.3490007152968
DS-2,datalog A (live),2026-09-11 13:15:01,3,-502.3710691823314,426.09600960279755,181.00971541650327
DS-2,datalog A (live),2026-09-11 13:15:01,5,-388.43018867895006,294.5587802975615,126.58329159021724
DS-2,datalog A (live),2026-09-11 13:15:01,7,-309.18867924490144,237.3956056991142,104.22732085135809
DS-2,datalog A (live),2026-09-11 13:15:01,9,-262.33962264160317,210.82785698917985,93.48414220226884
DS-2,datalog A (live),2026-09-11 13:15:10,1,-768.8867924530059,868.8946138598891,373.3490007152968
DS-2,datalog A (live),2026-09-11 13:15:10,3,-502.3710691823314,426.22736659987646,181.0623029954112
DS-2,datalog A (live),2026-09-11 13:15:10,5,-388.43018867895006,294.5587802975615,126.58329159021724
DS-2,datalog A (live),2026-09-11 13:15:10,7,-309.18867924490144,237.3956056991142,104.22732085135809
DS-2,datalog A (live),2026-09-11 13:15:10,9,-262.33962264160317,210.82785698917985,93.48414220226884
DS-2,datalog A (live),2026-09-11 13:15:19,1,-767.8867924530059,868.8236794366435,373.3205740453423
DS-2,datalog A (live),2026-09-11 13:15:19,3,-502.3710691823314,426.09600960279755,181.00971541650327
DS-2,datalog A (live),2026-09-11 13:15:19,5,-388.23018867895007,294.60890211327137,126.603357936167
DS-2,datalog A (live),2026-09-11 13:15:19,7,-309.0458221020443,237.9447192082357,104.4472435717321
DS-2,datalog A (live),2026-09-11 13:15:19,9,-262.11740041938094,210.57540331140962,93.38302340735126
DS-2,datalog A (live),2026-09-11 13:15:28,1,-767.8867924530059,868.5630842626027,373.21641574015615
DS-2,datalog A (live),2026-09-11 13:15:28,3,-502.3710691823314,425.9721788860509,180.9601409154645
DS-2,datalog A (live),2026-09-11 13:15:28,5,-388.0301886789501,294.43510481169585,126.53375527533876
DS-2,datalog A (live),2026-09-11 13:15:28,7,-309.0458221020443,237.9447192082357,104.4472435717321
DS-2,datalog A (live),2026-09-11 13:15:28,9,-262.11740041938094,210.57540331140962,93.38302340735126
DS-2,datalog A (live),2026-09-11 13:15:38,1,-767.8867924530059,867.8819242806107,372.9441602406209
DS-2,datalog A (live),2026-09-11 13:15:38,3,-502.3710691823314,425.9721788860509,180.9601409154645
DS-2,datalog A (live),2026-09-11 13:15:38,5,-388.0301886789501,294.52521686796877,126.56984088758058
DS-2,datalog A (live),2026-09-11 13:15:38,7,-309.0458221020443,237.65898966833066,104.33280590332689
DS-2,datalog A (live),2026-09-11 13:15:38,9,-262.228511530492,210.78996041646408,93.46896150311372
DS-2,datalog A (live),2026-09-11 13:15:47,1,-767.8867924530059,867.8819242806107,372.9441602406209
DS-2,datalog A (live),2026-09-11 13:15:47,3,-502.037735848998,425.9258993126359,180.9416012361702
DS-2,datalog A (live),2026-09-11 13:15:47,5,-388.0301886789501,294.43510481169585,126.53375527533876
DS-2,datalog A (live),2026-09-11 13:15:47,7,-309.0458221020443,237.55059089592055,104.28939106152676
DS-2,datalog A (live),2026-09-11 13:15:47,9,-262.33962264160317,210.82178890810223,93.48171176895713
DS-2,datalog A (live),2026-09-11 13:15:56,1,-767.8867924530059,867.4007268698819,372.75182856392735
DS-2,datalog A (live),2026-09-11 13:15:56,3,-502.037735848998,426.11261885584895,181.01635270183667
DS-2,datalog A (live),2026-09-11 13:15:56,5,-388.23018867895007,294.27995064607023,126.47162844226663
DS-2,datalog A (live),2026-09-11 13:15:56,7,-309.0458221020443,237.65898966833066,104.33280590332689
DS-2,datalog A (live),2026-09-11 13:15:56,9,-262.33962264160317,210.82178890810223,93.48171176895713
DS-2,datalog A (live),2026-09-11 13:16:06,1,-768.8867924530059,867.4005404939676,372.75182856392735
DS-2,datalog A (live),2026-09-11 13:16:06,3,-502.037735848998,425.91826800488116,180.93854611173165
DS-2,datalog A (live),2026-09-11 13:16:06,5,-388.23018867895007,294.27995064607023,126.47162844226663
DS-2,datalog A (live),2026-09-11 13:16:06,7,-309.0458221020443,237.3972388849254,104.22797197762884
DS-2,datalog A (live),2026-09-11 13:16:06,9,-263.0062893082698,210.6232088160271,93.40218745222694
DS-2,datalog A (live),2026-09-11 13:16:15,1,-769.8867924530059,868.0196421581254,372.9993543237396
DS-2,datalog A (live),2026-09-11 13:16:15,3,-502.037735848998,425.98419640961043,180.9649399470944
DS-2,datalog A (live),2026-09-11 13:16:15,5,-387.63018867895005,294.2799885875588,126.47162844226663
DS-2,datalog A (live),2026-09-11 13:16:15,7,-309.0458221020443,237.68386840049243,104.3427700956971
DS-2,datalog A (live),2026-09-11 13:16:15,9,-266.33962264160317,210.62305314571466,93.40218745222694
DS-2,datalog A (live),2026-09-11 13:16:24,1,-1039.886792453006,1211.2370140181788,510.20883420890414
DS-2,datalog A (live),2026-09-11 13:16:24,3,-502.037735848998,425.98419640961043,180.9649399470944
DS-2,datalog A (live),2026-09-11 13:16:24,5,-387.63018867895005,294.4259435211695,126.53007647835716
DS-2,datalog A (live),2026-09-11 13:16:24,7,-415.0458221020443,316.0420123250948,135.72890719848155
DS-2,datalog A (live),2026-09-11 13:16:24,9,-363.45073375271426,273.5323023427584,118.60139815361752
DS-2,datalog A (live),2026-09-11 13:16:33,1,-1039.886792453006,1212.3362948807821,510.648233964959
DS-2,datalog A (live),2026-09-11 13:16:33,3,-633.0377358489981,530.4739140523872,222.80228753102784
DS-2,datalog A (live),2026-09-11 13:16:33,5,-516.8301886789501,380.8722471957482,161.15189446157157
DS-2,datalog A (live),2026-09-11 13:16:33,7,-415.0458221020443,316.0420123250948,135.72890719848155
DS-2,datalog A (live),2026-09-11 13:16:33,9,-366.0062893082698,274.14184462508376,118.84560236515397
DS-2,datalog A (live),2026-09-11 13:16:42,1,-1039.886792453006,1212.3362948807821,510.648233964959
DS-2,datalog A (live),2026-09-11 13:16:42,3,-633.0377358489981,530.6495843906989,222.87261739252767
DS-2,datalog A (live),2026-09-11 13:16:42,5,-516.8301886789501,380.954408522082,161.18479703142418
DS-2,datalog A (live),2026-09-11 13:16:42,7,-414.3315363877586,316.0420607997045,135.72890719848155
DS-2,datalog A (live),2026-09-11 13:16:42,9,-366.0062893082698,274.14184462508376,118.84560236515397
DS-2,datalog A (live),2026-09-11 13:16:51,1,-1039.886792453006,1216.4498740417255,512.2924959013948
DS-2,datalog A (live),2026-09-11 13:16:51,3,-632.3710691823313,530.6496586815714,222.87261739252767
DS-2,datalog A (live),2026-09-11 13:16:51,5,-516.8301886789501,381.0596580235277,161.22694556076016
DS-2,datalog A (live),2026-09-11 13:16:51,7,-414.18867924490144,316.97484526563943,136.10250111381524
DS-2,datalog A (live),2026-09-11 13:16:51,9,-366.0062893082698,277.176922808294,120.0612598639962
DS-2,datalog A (live),2026-09-11 13:17:01,1,-1040.886792453006,1217.4447331286087,512.6902591054566
DS-2,datalog A (live),2026-09-11 13:17:01,3,-632.3710691823313,530.6761108503708,222.8832075532665
DS-2,datalog A (live),2026-09-11 13:17:01,5,-511.63018867895005,384.14737583747274,162.4632930906196
DS-2,datalog A (live),2026-09-11 13:17:01,7,-414.3315363877586,317.23768813323215,136.20777854392574
DS-2,datalog A (live),2026-09-11 13:17:01,9,-367.8951781971587,277.8458778814886,120.32924584476848
DS-2,datalog A (live),2026-09-11 13:17:10,1,-1040.886792453006,1217.730134184652,512.8043383946833
DS-2,datalog A (live),2026-09-11 13:17:10,3,-633.0377358489981,530.7095950680099,222.8966427497072
DS-2,datalog A (live),2026-09-11 13:17:10,5,-511.63018867895005,384.17022824466704,162.47244462425078
DS-2,datalog A (live),2026-09-11 13:17:10,7,-414.3315363877586,317.2854811264528,136.22692054103854
DS-2,datalog A (live),2026-09-11 13:17:10,9,-367.78406708604757,277.80858842636945,120.31430739977031
DS-2,datalog A (live),2026-09-11 13:17:19,1,-1040.886792453006,1218.1802752179667,512.9842668428969
DS-2,datalog A (live),2026-09-11 13:17:19,3,-635.7044025156647,530.7092978724862,222.8966427497072
DS-2,datalog A (live),2026-09-11 13:17:19,5,-512.4301886789501,384.1701632556892,162.47244462425078
DS-2,datalog A (live),2026-09-11 13:17:19,7,-414.4743935306157,317.2447529515772,136.2106120339843
DS-2,datalog A (live),2026-09-11 13:17:19,9,-367.78406708604757,277.9963877457497,120.38952777907618
DS-2,datalog A (live),2026-09-11 13:17:28,1,-1040.886792453006,1218.7191405875542,513.1996598032584
DS-2,datalog A (live),2026-09-11 13:17:28,3,-635.7044025156647,530.8831498639539,222.9662446707013
DS-2,datalog A (live),2026-09-11 13:17:28,5,-512.8301886789501,384.19244760511583,162.48138168698435
DS-2,datalog A (live),2026-09-11 13:17:28,7,-414.90296495918716,317.2447237635889,136.2106120339843
DS-2,datalog A (live),2026-09-11 13:17:28,9,-367.6729559749365,277.80859511049766,120.31430739977031
DS-2,datalog A (live),2026-09-11 13:17:37,1,-1039.886792453006,1218.8286408062838,513.2433261865533
DS-2,datalog A (live),2026-09-11 13:17:37,3,-634.0377358489981,531.255302488508,223.11516212811335
DS-2,datalog A (live),2026-09-11 13:17:37,5,-512.8301886789501,384.32739545919475,162.5354232639306
DS-2,datalog A (live),2026-09-11 13:17:37,7,-414.90296495918716,317.1692335903905,136.18037678933035
DS-2,datalog A (live),2026-09-11 13:17:37,9,-367.6729559749365,277.8827958859674,120.34402747740344
DS-2,datalog A (live),2026-09-11 13:17:47,1,-1040.886792453006,1219.062826801271,513.337036586377
DS-2,datalog A (live),2026-09-11 13:17:47,3,-634.0377358489981,531.2914449548,223.12963181708776
DS-2,datalog A (live),2026-09-11 13:17:47,5,-512.8301886789501,384.32739545919475,162.5354232639306
DS-2,datalog A (live),2026-09-11 13:17:47,7,-415.0458221020443,317.01964171683755,136.12046630390523
DS-2,datalog A (live),2026-09-11 13:17:47,9,-367.6729559749365,277.64113972730905,120.24723549982129
DS-2,datalog A (live),2026-09-11 13:17:56,1,-1040.886792453006,1219.235189609875,513.4059327108948
DS-2,datalog A (live),2026-09-11 13:17:56,3,-633.7044025156647,531.4024823929143,223.1740709256742
DS-2,datalog A (live),2026-09-11 13:17:56,5,-512.4301886789501,384.7314807779644,162.69723131573835
DS-2,datalog A (live),2026-09-11 13:17:56,7,-414.90296495918716,317.15020880609285,136.1727570027627
DS-2,datalog A (live),2026-09-11 13:17:56,9,-367.78406708604757,277.80026691009806,120.31097433332258
DS-2,datalog A (live),2026-09-11 13:18:05,1,-1040.886792453006,1219.235189609875,513.4059327108948
DS-2,datalog A (live),2026-09-11 13:18:05,3,-634.7044025156647,531.4939919195101,223.21075157673832
DS-2,datalog A (live),2026-09-11 13:18:05,5,-513.4301886789501,384.73139942934876,162.69723131573835
DS-2,datalog A (live),2026-09-11 13:18:05,7,-414.90296495918716,317.15020880609285,136.1727570027627
DS-2,datalog A (live),2026-09-11 13:18:05,9,-367.8951781971587,277.80026022615505,120.31097433332258
DS-2,datalog A (live),2026-09-11 13:18:14,1,-1040.886792453006,1219.220788320706,513.4001762891944
DS-2,datalog A (live),2026-09-11 13:18:14,3,-635.0377358489981,531.4023336102003,223.1740709256742
DS-2,datalog A (live),2026-09-11 13:18:14,5,-513.03018867895,384.50011460068504,162.6045973429075
DS-2,datalog A (live),2026-09-11 13:18:14,7,-414.6172506734729,317.20753487292876,136.19570938596013
DS-2,datalog A (live),2026-09-11 13:18:14,9,-367.8951781971587,277.80026022615505,120.31097433332258
DS-2,datalog A (live),2026-09-11 13:18:23,1,-1040.886792453006,1219.097201675822,513.3507767641829
DS-2,datalog A (live),2026-09-11 13:18:23,3,-635.0377358489981,531.379145502761,223.1647875312593
DS-2,datalog A (live),2026-09-11 13:18:23,5,-513.4301886789501,384.50008207976555,162.6045973429075
DS-2,datalog A (live),2026-09-11 13:18:23,7,-414.3315363877586,317.2131849170124,136.19796454269826
DS-2,datalog A (live),2026-09-11 13:18:23,9,-367.8951781971587,277.78404518238926,120.3044796251751
DS-2,datalog A (live),2026-09-11 13:18:33,1,-1040.886792453006,1219.220788320706,513.4001762891944
DS-2,datalog A (live),2026-09-11 13:18:33,3,-635.0377358489981,531.379145502761,223.1647875312593
DS-2,datalog A (live),2026-09-11 13:18:33,5,-513.03018867895,384.50722775546967,162.6074458959256
DS-2,datalog A (live),2026-09-11 13:18:33,7,-414.4743935306157,317.2131751885864,136.19796454269826
DS-2,datalog A (live),2026-09-11 13:18:33,9,-367.6729559749365,277.7840585495536,120.3044796251751
DS-2,datalog A (live),2026-09-11 13:18:42,1,-1040.886792453006,1219.1334145490016,513.365251618938
DS-2,datalog A (live),2026-09-11 13:18:42,3,-635.0377358489981,531.3331198554998,223.1463610927133
DS-2,datalog A (live),2026-09-11 13:18:42,5,-513.4301886789501,384.5867888933099,162.63932018848993
DS-2,datalog A (live),2026-09-11 13:18:42,7,-414.4743935306157,317.201826488073,136.19341917351255
DS-2,datalog A (live),2026-09-11 13:18:42,9,-367.78406708604757,277.89125151385144,120.34741693826868
DS-2,datalog A (live),2026-09-11 13:18:51,1,-1040.886792453006,1219.1334145490016,513.365251618938
DS-2,datalog A (live),2026-09-11 13:18:51,3,-633.3710691823313,531.4095378099283,223.1768806804238
DS-2,datalog A (live),2026-09-11 13:18:51,5,-513.03018867895,384.50722775546967,162.6074458959256
DS-2,datalog A (live),2026-09-11 13:18:51,7,-414.4743935306157,317.0754504173402,136.1428031671216
DS-2,datalog A (live),2026-09-11 13:18:51,9,-367.78406708604757,278.0264979458267,120.40158799675022
DS-2,datalog A (live),2026-09-11 13:19:00,1,-1040.886792453006,1219.1334145490016,513.365251618938
DS-2,datalog A (live),2026-09-11 13:19:00,3,-633.3710691823313,531.3333058108007,223.1463610927133
DS-2,datalog A (live),2026-09-11 13:19:00,5,-513.63018867895,384.58677262937783,162.63932018848993
DS-2,datalog A (live),2026-09-11 13:19:00,7,-414.6172506734729,317.07544069285433,136.1428031671216
DS-2,datalog A (live),2026-09-11 13:19:00,9,-367.8951781971587,278.1520122962442,120.4518636869678
DS-2,datalog A (live),2026-09-11 13:19:09,1,-1040.886792453006,1219.3510086314686,513.4522273947532
DS-2,datalog A (live),2026-09-11 13:19:09,3,-633.3710691823313,531.0824204135118,223.045918772225
DS-2,datalog A (live),2026-09-11 13:19:09,5,-513.03018867895,384.393029299266,162.5617136762668
DS-2,datalog A (live),2026-09-11 13:19:09,7,-414.6172506734729,317.07544069285433,136.1428031671216
DS-2,datalog A (live),2026-09-11 13:19:09,9,-367.8951781971587,278.18205437376247,120.46389661937565
DS-2,datalog A (live),2026-09-11 13:19:19,1,-1040.886792453006,1219.5158718490907,513.5181258148456
DS-2,datalog A (live),2026-09-11 13:19:19,3,-635.0377358489981,530.82141742834,222.94150024036367
DS-2,datalog A (live),2026-09-11 13:19:19,5,-513.03018867895,384.13480071252354,162.45830276473907
DS-2,datalog A (live),2026-09-11 13:19:19,7,-414.18867924490144,317.2018238675974,136.19341033138588
DS-2,datalog A (live),2026-09-11 13:19:19,9,-368.11740041938094,278.245059559138,120.4891378241352
DS-2,datalog A (live),2026-09-11 13:19:28,1,-1040.886792453006,1219.7369208580928,513.6064825791157
DS-2,datalog A (live),2026-09-11 13:19:28,3,-636.3710691823313,530.7209112003459,222.90132191026612
DS-2,datalog A (live),2026-09-11 13:19:28,5,-512.2301886789501,383.9741618384993,162.39394687788047
DS-2,datalog A (live),2026-09-11 13:19:28,7,-414.18867924490144,317.4077359325673,136.27588200295884
DS-2,datalog A (live),2026-09-11 13:19:28,9,-368.11740041938094,278.3225248354754,120.52016545446604
DS-2,datalog A (live),2026-09-11 13:19:37,1,-1040.886792453006,1219.7369208580928,513.6064825791157
DS-2,datalog A (live),2026-09-11 13:19:37,3,-636.3710691823313,530.5109011942832,222.81724405946207
DS-2,datalog A (live),2026-09-11 13:19:37,5,-512.03018867895,383.974178077894,162.39394687788047
DS-2,datalog A (live),2026-09-11 13:19:37,7,-415.18867924490144,317.4201355397408,136.28087557138528
DS-2,datalog A (live),2026-09-11 13:19:37,9,-368.11740041938094,278.5556046546911,120.61352230814472
DS-2,datalog A (live),2026-09-11 13:19:46,1,-1039.886792453006,1219.5439939477415,513.5292640269566
DS-2,datalog A (live),2026-09-11 13:19:46,3,-635.0377358489981,530.4616558192072,222.7974691277916
DS-2,datalog A (live),2026-09-11 13:19:46,5,-512.2301886789501,384.012568796814,162.40932742881876
DS-2,datalog A (live),2026-09-11 13:19:46,7,-415.18867924490144,317.40766779462626,136.27588200295884
DS-2,datalog A (live),2026-09-11 13:19:46,9,-368.228511530492,278.669102854836,120.65898510580875
DS-2,datalog A (live),2026-09-11 13:19:55,1,-1040.886792453006,1219.2875955604882,513.4268801932907
DS-2,datalog A (live),2026-09-11 13:19:55,3,-635.0377358489981,530.4616558192072,222.7974691277916
DS-2,datalog A (live),2026-09-11 13:19:55,5,-512.63018867895,384.01253631494853,162.40932742881876
DS-2,datalog A (live),2026-09-11 13:19:55,7,-415.0458221020443,317.56840501075914,136.34025640664987
DS-2,datalog A (live),2026-09-11 13:19:55,9,-368.228511530492,278.669102854836,120.65898510580875
DS-2,datalog A (live),2026-09-11 13:20:05,1,-1039.886792453006,1219.5439939477415,513.5292640269566
DS-2,datalog A (live),2026-09-11 13:20:05,3,-635.3710691823313,530.3245593132724,222.74259719370792
DS-2,datalog A (live),2026-09-11 13:20:05,5,-512.8301886789501,383.9402167337777,162.38037264067768
DS-2,datalog A (live),2026-09-11 13:20:05,7,-415.0458221020443,317.6093230782402,136.3566448684063
DS-2,datalog A (live),2026-09-11 13:20:05,9,-368.228511530492,278.688316519285,120.66668086988882
DS-2,datalog A (live),2026-09-11 13:20:14,1,-1040.886792453006,1219.1019033563257,513.3526560998009
DS-2,datalog A (live),2026-09-11 13:20:14,3,-635.7044025156647,530.3245221895062,222.74259719370792
DS-2,datalog A (live),2026-09-11 13:20:14,5,-512.8301886789501,383.79266118896794,162.32128215433312
DS-2,datalog A (live),2026-09-11 13:20:14,7,-415.0458221020443,317.6093230782402,136.3566448684063
DS-2,datalog A (live),2026-09-11 13:20:14,9,-368.228511530492,278.8262619937111,120.72193299682772
DS-2,datalog A (live),2026-09-11 13:20:23,1,-1040.886792453006,1219.9346953787567,513.6855361644714
DS-2,datalog A (live),2026-09-11 13:20:23,3,-635.7044025156647,530.3245221895062,222.74259719370792
DS-2,datalog A (live),2026-09-11 13:20:23,5,-513.03018867895,383.79264495683975,162.32128215433312
DS-2,datalog A (live),2026-09-11 13:20:23,7,-414.90296495918716,317.53016244327983,136.3249356333151
DS-2,datalog A (live),2026-09-11 13:20:23,9,-368.11740041938094,278.8262687004852,120.72193299682772
DS-2,datalog A (live),2026-09-11 13:20:32,1,-1040.886792453006,1219.8003836890616,513.6318496704279
DS-2,datalog A (live),2026-09-11 13:20:32,3,-635.7044025156647,530.4237749092555,222.7823331777488
DS-2,datalog A (live),2026-09-11 13:20:32,5,-513.03018867895,383.79264495683975,162.32128215433312
DS-2,datalog A (live),2026-09-11 13:20:32,7,-414.90296495918716,317.50158624444873,136.31349032425922
DS-2,datalog A (live),2026-09-11 13:20:32,9,-368.0062893082698,278.66125890676324,120.65583795264752
DS-2,datalog A (live),2026-09-11 13:20:41,1,-1040.886792453006,1219.8003836890616,513.6318496704279
DS-2,datalog A (live),2026-09-11 13:20:41,3,-635.3710691823313,530.3131701822643,222.73803753731843
DS-2,datalog A (live),2026-09-11 13:20:41,5,-513.03018867895,383.9208707650577,162.37263180495268
DS-2,datalog A (live),2026-09-11 13:20:41,7,-414.90296495918716,317.46942187819695,136.3006078861675
DS-2,datalog A (live),2026-09-11 13:20:41,9,-368.0062893082698,278.5721393366753,120.62014235914884
DS-2,datalog A (live),2026-09-11 13:20:51,1,-1040.886792453006,1219.413669694849,513.4772740069546
DS-2,datalog A (live),2026-09-11 13:20:51,3,-635.3710691823313,530.4202956898398,222.78092540161185
DS-2,datalog A (live),2026-09-11 13:20:51,5,-512.63018867895,383.9209032395841,162.37263180495268
DS-2,datalog A (live),2026-09-11 13:20:51,7,-414.90296495918716,317.46942187819695,136.3006078861675
DS-2,datalog A (live),2026-09-11 13:20:51,9,-368.11740041938094,278.5721326355563,120.62014235914884
DS-2,datalog A (live),2026-09-11 13:21:00,1,-1040.886792453006,1219.413669694849,513.4772740069546
DS-2,datalog A (live),2026-09-11 13:21:00,3,-635.0377358489981,530.4203328199941,222.78092540161185
DS-2,datalog A (live),2026-09-11 13:21:00,5,-512.2301886789501,383.92093571411044,162.37263180495268
DS-2,datalog A (live),2026-09-11 13:21:00,7,-415.4743935306157,317.5447972424984,136.3308127485611
DS-2,datalog A (live),2026-09-11 13:21:00,9,-368.228511530492,278.6785336138712,120.66276246419989
DS-2,datalog A (live),2026-09-11 13:21:09,1,-1040.886792453006,1219.4299902959658,513.4837976078165
DS-2,datalog A (live),2026-09-11 13:21:09,3,-636.3710691823313,530.4991223895385,222.81252839563948
DS-2,datalog A (live),2026-09-11 13:21:09,5,-512.2301886789501,384.09560585023837,162.4425806643262
DS-2,datalog A (live),2026-09-11 13:21:09,7,-415.4743935306157,317.5447972424984,136.3308127485611
DS-2,datalog A (live),2026-09-11 13:21:09,9,-368.11740041938094,278.678540317358,120.66276246419989
DS-2,datalog A (live),2026-09-11 13:21:18,1,-1040.886792453006,1219.44172918116,513.4884898247894
DS-2,datalog A (live),2026-09-11 13:21:18,3,-635.7044025156647,530.7748052633389,222.92286873771096
DS-2,datalog A (live),2026-09-11 13:21:18,5,-511.8301886789501,384.12110676070813,162.4527798143498
DS-2,datalog A (live),2026-09-11 13:21:18,7,-415.0458221020443,317.3243989749406,136.242527363405
DS-2,datalog A (live),2026-09-11 13:21:18,9,-368.0062893082698,278.5599240782937,120.61524970877764
DS-2,datalog A (live),2026-09-11 13:21:27,1,-1041.886792453006,1219.441472436915,513.4884898247894
DS-2,datalog A (live),2026-09-11 13:21:27,3,-635.7044025156647,531.0853265688717,223.04718643572647
DS-2,datalog A (live),2026-09-11 13:21:27,5,-511.8301886789501,384.2200680473275,162.4924101067409
DS-2,datalog A (live),2026-09-11 13:21:27,7,-415.0458221020443,317.3243989749406,136.242527363405
DS-2,datalog A (live),2026-09-11 13:21:27,9,-367.5618448638254,278.2908615020992,120.50746974255928
DS-2,datalog A (live),2026-09-11 13:21:37,1,-1040.886792453006,1218.9817112510323,513.3046134256334
DS-2,datalog A (live),2026-09-11 13:21:37,3,-635.7044025156647,531.1579819824819,223.07627414599773
DS-2,datalog A (live),2026-09-11 13:21:37,5,-512.63018867895,384.37005204981324,162.55249912616318
DS-2,datalog A (live),2026-09-11 13:21:37,7,-415.0458221020443,317.28776072365423,136.22785304917187
DS-2,datalog A (live),2026-09-11 13:21:37,9,-367.33962264160317,278.290874891818,120.50746974255928
DS-2,datalog A (live),2026-09-11 13:21:46,1,-1040.886792453006,1218.8608820589193,513.2563160978478
DS-2,datalog A (live),2026-09-11 13:21:46,3,-634.7044025156647,531.0965091243175,223.05161874003068
DS-2,datalog A (live),2026-09-11 13:21:46,5,-512.63018867895,384.37005204981324,162.55249912616318
DS-2,datalog A (live),2026-09-11 13:21:46,7,-414.90296495918716,317.22619818137434,136.20319218730913
DS-2,datalog A (live),2026-09-11 13:21:46,9,-367.5618448638254,278.4176318572758,120.55824582528535
DS-2,datalog A (live),2026-09-11 13:21:55,1,-1040.886792453006,1218.8608820589193,513.2563160978478
DS-2,datalog A (live),2026-09-11 13:21:55,3,-632.7044025156647,531.0967321759363,223.05161874003068
DS-2,datalog A (live),2026-09-11 13:21:55,5,-512.63018867895,384.68266626798896,162.67768944330302
DS-2,datalog A (live),2026-09-11 13:21:55,7,-414.6172506734729,317.2262176389732,136.20319218730913
DS-2,datalog A (live),2026-09-11 13:21:55,9,-367.78406708604757,278.4466270047561,120.56986478962882
DS-2,datalog A (live),2026-09-11 13:22:04,1,-1040.886792453006,1219.1203768996204,513.3600402655002
DS-2,datalog A (live),2026-09-11 13:22:04,3,-632.7044025156647,531.0967321759363,223.05161874003068
DS-2,datalog A (live),2026-09-11 13:22:04,5,-512.63018867895,384.68266626798896,162.67768944330302
DS-2,datalog A (live),2026-09-11 13:22:04,7,-414.90296495918716,317.27445828141157,136.22252127174258
DS-2,datalog A (live),2026-09-11 13:22:04,9,-367.78406708604757,278.4466270047561,120.56986478962882
DS-2,datalog A (live),2026-09-11 13:22:13,1,-1040.886792453006,1219.1203768996204,513.3600402655002
DS-2,datalog A (live),2026-09-11 13:22:13,3,-634.7044025156647,530.9983357669438,223.01231488829936
DS-2,datalog A (live),2026-09-11 13:22:13,5,-512.63018867895,384.68266626798896,162.67768944330302
DS-2,datalog A (live),2026-09-11 13:22:13,7,-414.6172506734729,317.5592741404853,136.33658761884632
DS-2,datalog A (live),2026-09-11 13:22:13,9,-367.78406708604757,278.4466270047561,120.56986478962882
DS-2,datalog A (live),2026-09-11 13:22:24,1,-1040.886792453006,1219.3481254635312,513.4510749471989
DS-2,datalog A (live),2026-09-11 13:22:24,3,-635.3710691823313,531.0251575472727,223.0230827910606
DS-2,datalog A (live),2026-09-11 13:22:24,5,-513.03018867895,384.6348033342473,162.65853515392175
DS-2,datalog A (live),2026-09-11 13:22:24,7,-414.76010781633005,317.27446801159164,136.22252127174258
DS-2,datalog A (live),2026-09-11 13:22:24,9,-367.78406708604757,278.4824033847297,120.58419451606598
DS-2,datalog A (live),2026-09-11 13:23:20,1,-1041.886792453006,1218.2786059544358,513.023673716051
DS-2,datalog A (live),2026-09-11 13:23:20,3,-636.3710691823313,530.8520746356022,222.9538334069666
DS-2,datalog A (live),2026-09-11 13:23:20,5,-510.43018867895006,384.59696210112816,162.64329648000563
DS-2,datalog A (live),2026-09-11 13:23:20,7,-414.18867924490144,317.0995409454145,136.15244408899002
DS-2,datalog A (live),2026-09-11 13:23:20,9,-367.78406708604757,278.6783569573865,120.66268096697657
DS-2,datalog A (live),2026-09-11 13:23:28,1,-1042.886792453006,1219.521738571468,513.5206760983053
DS-2,datalog A (live),2026-09-11 13:23:28,3,-636.3710691823313,530.9354163346392,222.98719939303916
DS-2,datalog A (live),2026-09-11 13:23:28,5,-510.43018867895006,384.1761692573466,162.4747847383933
DS-2,datalog A (live),2026-09-11 13:23:28,7,-414.4743935306157,317.09952149506535,136.15244408899002
DS-2,datalog A (live),2026-09-11 13:23:28,9,-367.78406708604757,278.41085031004394,120.55553493712752
DS-2,datalog A (live),2026-09-11 13:23:37,1,-1041.886792453006,1219.521995331806,513.5206760983053
DS-2,datalog A (live),2026-09-11 13:23:37,3,-636.0377358489981,530.9763075830689,223.003555391526
DS-2,datalog A (live),2026-09-11 13:23:37,5,-512.2301886789501,384.1760230300403,162.4747847383933
DS-2,datalog A (live),2026-09-11 13:23:37,7,-415.0458221020443,317.1349148768615,136.16663538985907
DS-2,datalog A (live),2026-09-11 13:23:37,9,-367.78406708604757,278.4964143478785,120.58980641053914
DS-2,datalog A (live),2026-09-11 13:23:47,1,-1042.886792453006,1220.3133018768326,513.8370765230293
DS-2,datalog A (live),2026-09-11 13:23:47,3,-636.0377358489981,530.9354534991725,222.98719939303916
DS-2,datalog A (live),2026-09-11 13:23:47,5,-512.8301886789501,384.2712136500901,162.51292454707118
DS-2,datalog A (live),2026-09-11 13:23:47,7,-415.0458221020443,317.1789190271663,136.1842598862928
DS-2,datalog A (live),2026-09-11 13:23:47,9,-367.78406708604757,278.4964143478785,120.58980641053914
DS-2,datalog A (live),2026-09-11 13:23:56,1,-1042.886792453006,1219.9704529146595,513.7000343477383
DS-2,datalog A (live),2026-09-11 13:23:56,3,-636.0377358489981,530.9333836207464,222.98637071386744
DS-2,datalog A (live),2026-09-11 13:23:56,5,-512.8301886789501,384.39376913673686,162.56200344356057
DS-2,datalog A (live),2026-09-11 13:23:56,7,-415.3315363877586,317.3048631737866,136.2347106996211
DS-2,datalog A (live),2026-09-11 13:23:56,9,-367.6729559749365,278.4964210473122,120.58980641053914
DS-2,datalog A (live),2026-09-11 13:24:05,1,-1042.886792453006,1220.0578702950781,513.7349764630502
DS-2,datalog A (live),2026-09-11 13:24:05,3,-636.3710691823313,530.717432177032,222.8999290775692
DS-2,datalog A (live),2026-09-11 13:24:05,5,-513.03018867895,384.42444848330626,162.57429588686577
DS-2,datalog A (live),2026-09-11 13:24:05,7,-415.0458221020443,317.3981416116395,136.27206268742583
DS-2,datalog A (live),2026-09-11 13:24:05,9,-367.6729559749365,278.50815584233294,120.59450661773802
DS-2,datalog A (live),2026-09-11 13:24:14,1,-1042.886792453006,1220.0578702950781,513.7349764630502
DS-2,datalog A (live),2026-09-11 13:24:14,3,-637.3710691823313,530.7213220016062,222.9015309947223
DS-2,datalog A (live),2026-09-11 13:24:14,5,-512.8301886789501,384.42446474073586,162.57429588686577
DS-2,datalog A (live),2026-09-11 13:24:14,7,-414.0458221020443,317.494858479494,136.3107723290488
DS-2,datalog A (live),2026-09-11 13:24:14,9,-367.6729559749365,278.27960539714303,120.50296394946906
DS-2,datalog A (live),2026-09-11 13:24:23,1,-1041.886792453006,1220.0581271625663,513.7349764630502
DS-2,datalog A (live),2026-09-11 13:24:23,3,-637.3710691823313,530.7213220016062,222.9015309947223
DS-2,datalog A (live),2026-09-11 13:24:23,5,-513.03018867895,384.1551877831496,162.46646702565
DS-2,datalog A (live),2026-09-11 13:24:23,7,-414.0458221020443,317.494858479494,136.3107723290488
DS-2,datalog A (live),2026-09-11 13:24:23,9,-368.0062893082698,278.5081357432485,120.59450661773802
DS-2,datalog A (live),2026-09-11 13:24:33,1,-1041.886792453006,1220.214073234883,513.7973105724251
DS-2,datalog A (live),2026-09-11 13:24:33,3,-636.0377358489981,530.7214706026268,222.9015309947223
DS-2,datalog A (live),2026-09-11 13:24:33,5,-513.03018867895,384.1551877831496,162.46646702565
DS-2,datalog A (live),2026-09-11 13:24:33,7,-414.76010781633005,317.33331963705,136.2460924621071
DS-2,datalog A (live),2026-09-11 13:24:33,9,-368.0062893082698,278.57734450306305,120.62222721551974
DS-2,datalog A (live),2026-09-11 13:24:42,1,-1041.886792453006,1220.1449409590034,513.7696773093234
DS-2,datalog A (live),2026-09-11 13:24:42,3,-635.7044025156647,530.7421606444757,222.9097994126844
DS-2,datalog A (live),2026-09-11 13:24:42,5,-513.03018867895,384.2538742862982,162.50598728703864
DS-2,datalog A (live),2026-09-11 13:24:42,7,-415.0458221020443,317.3174836893759,136.2397576604354
DS-2,datalog A (live),2026-09-11 13:24:42,9,-368.228511530492,278.6210460222143,120.6397366148572
DS-2,datalog A (live),2026-09-11 13:24:51,1,-1041.886792453006,1220.1449409590034,513.7696773093234
DS-2,datalog A (live),2026-09-11 13:24:51,3,-635.7044025156647,530.6843260588128,222.88664524442868
DS-2,datalog A (live),2026-09-11 13:24:51,5,-512.4301886789501,384.2539230380944,162.50598728703864
DS-2,datalog A (live),2026-09-11 13:24:51,7,-415.0458221020443,317.3174836893759,136.2397576604354
DS-2,datalog A (live),2026-09-11 13:24:51,9,-368.33962264160317,278.86254156650506,120.73646695800176
DS-2,datalog A (live),2026-09-11 13:25:00,1,-1042.886792453006,1219.5598909223384,513.5359261988821
DS-2,datalog A (live),2026-09-11 13:25:00,3,-635.3710691823313,530.7421977961089,222.9097994126844
DS-2,datalog A (live),2026-09-11 13:25:00,5,-512.4301886789501,384.12246003462144,162.4533412668611
DS-2,datalog A (live),2026-09-11 13:25:00,7,-415.3315363877586,317.5913740801101,136.3494637558821
DS-2,datalog A (live),2026-09-11 13:25:00,9,-368.33962264160317,278.6210393200067,120.6397366148572
DS-2,datalog A (live),2026-09-11 13:25:09,1,-1042.886792453006,1219.5167398915562,513.5186780465558
DS-2,datalog A (live),2026-09-11 13:25:09,3,-636.3710691823313,530.6842517632643,222.88664524442868
DS-2,datalog A (live),2026-09-11 13:25:09,5,-512.4301886789501,383.9378356906562,162.37940611643182
DS-2,datalog A (live),2026-09-11 13:25:09,7,-415.3315363877586,317.60937808987717,136.35667470352888
DS-2,datalog A (live),2026-09-11 13:25:09,9,-368.45073375271426,278.8625348589236,120.73646695800176
DS-2,datalog A (live),2026-09-11 13:25:19,1,-1042.886792453006,1219.5598909223384,513.5359261988821
DS-2,datalog A (live),2026-09-11 13:25:19,3,-635.0377358489981,530.2281252245829,222.70397479568533
DS-2,datalog A (live),2026-09-11 13:25:19,5,-511.8301886789501,383.93788440447804,162.37940611643182
DS-2,datalog A (live),2026-09-11 13:25:19,7,-415.3315363877586,317.6729910690397,136.38215290912476
DS-2,datalog A (live),2026-09-11 13:25:19,9,-368.33962264160317,278.76185014535133,120.69613641921325
DS-2,datalog A (live),2026-09-11 13:25:28,1,-1042.886792453006,1219.589591949543,513.547798171166
DS-2,datalog A (live),2026-09-11 13:25:28,3,-636.3710691823313,530.2279767552664,222.70397479568533
DS-2,datalog A (live),2026-09-11 13:25:28,5,-511.8301886789501,383.8852297529889,162.35831989872435
DS-2,datalog A (live),2026-09-11 13:25:28,7,-415.76010781633005,317.6093488705897,136.35667470352888
DS-2,datalog A (live),2026-09-11 13:25:28,9,-368.33962264160317,278.76185014535133,120.69613641921325
DS-2,datalog A (live),2026-09-11 13:25:38,1,-1042.886792453006,1219.589591949543,513.547798171166
DS-2,datalog A (live),2026-09-11 13:25:38,3,-636.0377358489981,530.4336514834852,222.78630214540823
DS-2,datalog A (live),2026-09-11 13:25:38,5,-512.03018867895,384.0182504998781,162.41159623450488
DS-2,datalog A (live),2026-09-11 13:25:38,7,-415.76010781633005,317.7540046218842,136.4146120826132
DS-2,datalog A (live),2026-09-11 13:25:38,9,-368.228511530492,278.6201023035328,120.6393586215624
DS-2,datalog A (live),2026-09-11 13:25:46,1,-1042.886792453006,1219.589591949543,513.547798171166
DS-2,datalog A (live),2026-09-11 13:25:46,3,-636.0377358489981,530.4336514834852,222.78630214540823
DS-2,datalog A (live),2026-09-11 13:25:46,5,-512.03018867895,384.0182504998781,162.41159623450488
DS-2,datalog A (live),2026-09-11 13:25:46,7,-415.0458221020443,317.54354057807535,136.3302977299767
DS-2,datalog A (live),2026-09-11 13:25:46,9,-366.8951781971587,278.04734063046646,120.40991480641055
DS-2,datalog A (live),2026-09-11 13:25:56,1,-1042.886792453006,1219.7356530355223,513.6061811069669
DS-2,datalog A (live),2026-09-11 13:25:56,3,-635.0377358489981,530.3370162838721,222.7475694984564
DS-2,datalog A (live),2026-09-11 13:25:56,5,-511.8301886789501,384.01826674103773,162.41159623450488
DS-2,datalog A (live),2026-09-11 13:25:56,7,-414.90296495918716,317.5435503159537,136.3302977299767
DS-2,datalog A (live),2026-09-11 13:25:56,9,-366.8951781971587,278.04734063046646,120.40991480641055
DS-2,datalog A (live),2026-09-11 13:26:05,1,-1042.886792453006,1219.7356530355223,513.6061811069669
DS-2,datalog A (live),2026-09-11 13:26:05,3,-635.0377358489981,530.2043382609123,222.6944516482588
DS-2,datalog A (live),2026-09-11 13:26:05,5,-511.63018867895005,383.8417051871694,162.34088343755622
DS-2,datalog A (live),2026-09-11 13:26:05,7,-415.0458221020443,317.54354057807535,136.3302977299767
DS-2,datalog A (live),2026-09-11 13:26:05,9,-366.8951781971587,278.0242749255356,120.40067616395584
DS-2,datalog A (live),2026-09-11 13:26:14,1,-1042.886792453006,1219.5598028462314,513.5358909934632
DS-2,datalog A (live),2026-09-11 13:26:14,3,-634.7044025156647,530.1450646637902,222.6707065148861
DS-2,datalog A (live),2026-09-11 13:26:14,5,-511.8301886789501,383.5879200266129,162.2392584779456
DS-2,datalog A (live),2026-09-11 13:26:14,7,-415.3315363877586,317.6786755998011,136.3844296715931
DS-2,datalog A (live),2026-09-11 13:26:14,9,-367.11740041938094,278.1413120672712,120.44755909907472
DS-2,datalog A (live),2026-09-11 13:26:23,1,-1042.886792453006,1219.5598028462314,513.5358909934632
DS-2,datalog A (live),2026-09-11 13:26:23,3,-635.3710691823313,530.1149997714559,222.65869970379885
DS-2,datalog A (live),2026-09-11 13:26:23,5,-512.03018867895,383.56577032817665,162.2303948492321
DS-2,datalog A (live),2026-09-11 13:26:23,7,-416.0458221020443,317.6786268910763,136.3844296715931
DS-2,datalog A (live),2026-09-11 13:26:23,9,-368.6729559749365,278.9304388134593,120.76367031122209
DS-2,datalog A (live),2026-09-11 13:26:33,1,-1041.886792453006,1219.0472352986158,513.3309070108504
DS-2,datalog A (live),2026-09-11 13:26:33,3,-635.3710691823313,530.1047231405533,222.6545854385644
DS-2,datalog A (live),2026-09-11 13:26:33,5,-512.03018867895,383.5127044321213,162.20914394261268
DS-2,datalog A (live),2026-09-11 13:26:33,7,-415.3315363877586,317.6481951301501,136.37222166494644
DS-2,datalog A (live),2026-09-11 13:26:33,9,-368.6729559749365,278.9304388134593,120.76367031122209
DS-2,datalog A (live),2026-09-11 13:26:42,1,-1042.886792453006,1219.7715086733856,513.6205131748784
DS-2,datalog A (live),2026-09-11 13:26:42,3,-635.3710691823313,530.1047231405533,222.6545854385644
DS-2,datalog A (live),2026-09-11 13:26:42,5,-511.43018867895006,383.5127530948645,162.20914394261268
DS-2,datalog A (live),2026-09-11 13:26:42,7,-415.3315363877586,317.6481951301501,136.37222166494644
DS-2,datalog A (live),2026-09-11 13:26:42,9,-367.6729559749365,278.186670298187,120.465740101897
DS-2,datalog A (live),2026-09-11 13:26:51,1,-1042.886792453006,1219.7715086733856,513.6205131748784
DS-2,datalog A (live),2026-09-11 13:26:51,3,-630.0377358489981,530.0246951211258,222.62230842347483
DS-2,datalog A (live),2026-09-11 13:26:51,5,-510.63018867895005,383.4298526444858,162.17591943868308
DS-2,datalog A (live),2026-09-11 13:26:51,7,-415.3315363877586,317.8959118550969,136.47143691521177
DS-2,datalog A (live),2026-09-11 13:26:51,9,-367.6729559749365,277.95896567434465,120.3745362154798
DS-2,datalog A (live),2026-09-11 13:27:03,1,-1042.886792453006,1219.7715086733856,513.6205131748784
DS-2,datalog A (live),2026-09-11 13:27:03,3,-629.3710691823313,530.0247693285619,222.62230842347483
DS-2,datalog A (live),2026-09-11 13:27:03,5,-510.63018867895005,382.8444055636798,161.9414698452142
DS-2,datalog A (live),2026-09-11 13:27:03,7,-415.76010781633005,317.8958826112176,136.47143691521177
DS-2,datalog A (live),2026-09-11 13:27:03,9,-368.0062893082698,278.09259268208484,120.42806667443642
DS-2,datalog A (live),2026-09-11 13:27:11,1,-1042.886792453006,1219.5385059650919,513.5273782918358
DS-2,datalog A (live),2026-09-11 13:27:11,3,-630.0377358489981,530.3464916922379,222.75114004584125
DS-2,datalog A (live),2026-09-11 13:27:11,5,-510.63018867895005,382.97060496954435,161.99200797303303
DS-2,datalog A (live),2026-09-11 13:27:11,7,-415.90296495918716,317.8663434873261,136.4596098382991
DS-2,datalog A (live),2026-09-11 13:27:11,9,-368.0062893082698,278.09259268208484,120.42806667443642
DS-2,datalog A (live),2026-09-11 13:27:19,1,-1041.886792453006,1219.1536999504947,513.3734626145678
DS-2,datalog A (live),2026-09-11 13:27:19,3,-634.7044025156647,530.4421980232872,222.7896643036234
DS-2,datalog A (live),2026-09-11 13:27:19,5,-510.63018867895005,382.97060496954435,161.99200797303303
DS-2,datalog A (live),2026-09-11 13:27:19,7,-415.90296495918716,317.59124190069286,136.34942641852615
DS-2,datalog A (live),2026-09-11 13:27:19,9,-368.0062893082698,278.59044184500885,120.6274731720874
DS-2,datalog A (live),2026-09-11 13:27:28,1,-1042.886792453006,1219.2107219139048,513.3963578007259
DS-2,datalog A (live),2026-09-11 13:27:28,3,-637.7044025156647,530.650051457109,222.87301258074697
DS-2,datalog A (live),2026-09-11 13:27:28,5,-510.63018867895005,382.9909799968279,162.00016740711368
DS-2,datalog A (live),2026-09-11 13:27:28,7,-415.90296495918716,317.59124190069286,136.34942641852615
DS-2,datalog A (live),2026-09-11 13:27:28,9,-367.78406708604757,278.5904552480614,120.6274731720874
DS-2,datalog A (live),2026-09-11 13:28:30,1,-1042.886792453006,1219.9110485116887,513.676289464413
DS-2,datalog A (live),2026-09-11 13:28:30,3,-635.0377358489981,530.1689720519519,222.6802927322024
DS-2,datalog A (live),2026-09-11 13:28:30,5,-510.8301886789501,383.19272921179197,162.08096689004483
DS-2,datalog A (live),2026-09-11 13:28:30,7,-416.0458221020443,317.7868459818557,136.4277734777625
DS-2,datalog A (live),2026-09-11 13:28:30,9,-368.6729559749365,279.1241096566851,120.84124246073436
DS-2,datalog A (live),2026-09-11 13:28:32,1,-1042.886792453006,1219.9110485116887,513.676289464413
DS-2,datalog A (live),2026-09-11 13:28:32,3,-630.0377358489981,530.1233871673649,222.66181989616612
DS-2,datalog A (live),2026-09-11 13:28:32,5,-511.43018867895006,383.1926805875019,162.08096689004483
DS-2,datalog A (live),2026-09-11 13:28:32,7,-416.0458221020443,317.7226789873153,136.40207337481576
DS-2,datalog A (live),2026-09-11 13:28:32,9,-368.6729559749365,278.91198479868734,120.7562788135183
DS-2,datalog A (live),2026-09-11 13:28:42,1,-1042.886792453006,1219.1352262955093,513.3661810030356
DS-2,datalog A (live),2026-09-11 13:28:42,3,-630.0377358489981,530.1460243069531,222.67088270068515
DS-2,datalog A (live),2026-09-11 13:28:42,5,-512.03018867895,383.20627534737946,162.08643055511925
DS-2,datalog A (live),2026-09-11 13:28:42,7,-416.0458221020443,317.7226789873153,136.40207337481576
DS-2,datalog A (live),2026-09-11 13:28:42,9,-368.6729559749365,279.0620506374949,120.81638558793398
DS-2,datalog A (live),2026-09-11 13:28:50,1,-1042.886792453006,1219.1352262955093,513.3661810030356
DS-2,datalog A (live),2026-09-11 13:28:50,3,-630.0377358489981,530.1460243069531,222.67088270068515
DS-2,datalog A (live),2026-09-11 13:28:50,5,-512.03018867895,383.3638307510754,162.14952560147134
DS-2,datalog A (live),2026-09-11 13:28:50,7,-416.0458221020443,317.7226789873153,136.40207337481576
DS-2,datalog A (live),2026-09-11 13:28:50,9,-369.0062893082698,279.0620305014306,120.81638558793398
DS-2,datalog A (live),2026-09-11 13:29:03,1,-1042.886792453006,1219.1704036637143,513.3802419557924
DS-2,datalog A (live),2026-09-11 13:29:03,3,-630.0377358489981,530.2832834180717,222.72583454156052
DS-2,datalog A (live),2026-09-11 13:29:03,5,-512.03018867895,383.69785395442136,162.28328940140088
DS-2,datalog A (live),2026-09-11 13:29:03,7,-416.18867924490144,317.99378503141185,136.51066041225204
DS-2,datalog A (live),2026-09-11 13:29:03,9,-368.6729559749365,279.2105950226963,120.87588296537152
DS-2,datalog A (live),2026-09-11 13:29:18,1,-1042.886792453006,1219.1704036637143,513.3802419557924
DS-2,datalog A (live),2026-09-11 13:29:18,3,-630.0377358489981,530.2832834180717,222.72583454156052
DS-2,datalog A (live),2026-09-11 13:29:18,5,-511.8301886789501,383.6978701827503,162.28328940140088
DS-2,datalog A (live),2026-09-11 13:29:18,7,-416.18867924490144,317.8424472141087,136.4500467334667
DS-2,datalog A (live),2026-09-11 13:29:18,9,-369.0062893082698,279.21057487671584,120.87588296537152
DS-2,datalog A (live),2026-09-11 13:29:18,1,-1042.886792453006,1219.1704036637143,513.3802419557924
DS-2,datalog A (live),2026-09-11 13:29:18,3,-637.0377358489981,530.175144880727,222.68285318510203
DS-2,datalog A (live),2026-09-11 13:29:18,5,-511.63018867895005,383.69788641107925,162.28328940140088
DS-2,datalog A (live),2026-09-11 13:29:18,7,-416.18867924490144,317.8424472141087,136.4500467334667
DS-2,datalog A (live),2026-09-11 13:29:18,9,-368.6729559749365,279.016665067873,120.7982070323302
DS-2,datalog A (live),2026-09-11 13:29:36,1,-1043.886792453006,1219.702585394674,513.5930660913939
DS-2,datalog A (live),2026-09-11 13:29:36,3,-635.0377358489981,530.2322498799265,222.7056261077849
DS-2,datalog A (live),2026-09-11 13:29:36,5,-511.23018867895007,383.3553252908709,162.14609350939912
DS-2,datalog A (live),2026-09-11 13:29:36,7,-415.90296495918716,317.8250917607047,136.4430877368953
DS-2,datalog A (live),2026-09-11 13:29:36,9,-367.5618448638254,278.2621409053745,120.4959661114998
DS-2,datalog A (live),2026-09-11 13:29:46,1,-1043.886792453006,1219.702585394674,513.5930660913939
DS-2,datalog A (live),2026-09-11 13:29:46,3,-635.0377358489981,530.3034708189741,222.73413952008084
DS-2,datalog A (live),2026-09-11 13:29:46,5,-511.23018867895007,383.3553252908709,162.14609350939912
DS-2,datalog A (live),2026-09-11 13:29:46,7,-416.0458221020443,317.90362449533586,136.47454549568073
DS-2,datalog A (live),2026-09-11 13:29:46,9,-367.5618448638254,278.22917580916624,120.48276240587153
DS-2,datalog A (live),2026-09-11 13:29:55,1,-1043.886792453006,1220.309716920516,513.8357462532077
DS-2,datalog A (live),2026-09-11 13:29:55,3,-635.0377358489981,530.3034708189741,222.73413952008084
DS-2,datalog A (live),2026-09-11 13:29:55,5,-511.63018867895005,383.14101604646214,162.06028366608928
DS-2,datalog A (live),2026-09-11 13:29:55,7,-416.0458221020443,317.90362449533586,136.47454549568073
DS-2,datalog A (live),2026-09-11 13:29:55,9,-367.6729559749365,278.26213421115415,120.4959661114998
DS-2,datalog A (live),2026-09-11 13:30:04,1,-1043.886792453006,1220.4010271557538,513.8722444117114
DS-2,datalog A (live),2026-09-11 13:30:04,3,-636.0377358489981,530.4823007580786,222.8057789610836
DS-2,datalog A (live),2026-09-11 13:30:04,5,-511.23018867895007,383.0283570519007,162.01515497980935
DS-2,datalog A (live),2026-09-11 13:30:04,7,-416.6172506734729,317.9019006142529,136.47387066573955
DS-2,datalog A (live),2026-09-11 13:30:04,9,-368.11740041938094,278.22914234173226,120.48276240587153
DS-2,datalog A (live),2026-09-11 13:30:13,1,-1043.886792453006,1220.4420537363671,513.8886433908422
DS-2,datalog A (live),2026-09-11 13:30:13,3,-636.3710691823313,530.6708067413693,222.8812625078337
DS-2,datalog A (live),2026-09-11 13:30:13,5,-510.23018867895007,383.02843805947816,162.01515497980935
DS-2,datalog A (live),2026-09-11 13:30:13,7,-416.6172506734729,317.8074293153137,136.4360331076075
DS-2,datalog A (live),2026-09-11 13:30:13,9,-369.45073375271426,278.59710981557134,120.6301788295612
DS-2,datalog A (live),2026-09-11 13:30:22,1,-1043.886792453006,1220.4420537363671,513.8886433908422
DS-2,datalog A (live),2026-09-11 13:30:22,3,-636.3710691823313,530.6708067413693,222.8812625078337
DS-2,datalog A (live),2026-09-11 13:30:22,5,-510.23018867895007,383.1942421214111,162.08155328134112
DS-2,datalog A (live),2026-09-11 13:30:22,7,-416.3315363877586,317.8074488061756,136.4360331076075
DS-2,datalog A (live),2026-09-11 13:30:22,9,-368.228511530492,278.1435054020005,120.4484644105584
